cheap_seed,variant,group_id,mode,action_id,action_name,correct,confidence,best_distance,second_best_distance,pred_margin,correct_distance
1,id_block2_h36_seed0,9000,small_full,1,right,1,0.9995617270469666,1.1502058506011963,1.3082209825515747,0.1580151319503784,1.1502058506011963
1,id_block2_h36_seed0,9001,small_full,1,right,1,0.9995939135551452,1.035223126411438,1.2044662237167358,0.1692430973052978,1.035223126411438
1,id_block2_h36_seed0,9002,small_full,1,right,1,0.9998891353607178,0.9145358204841614,1.0982941389083862,0.1837583184242248,0.9145358204841614
1,id_block2_h36_seed0,9003,small_full,4,backward,1,0.9991466999053956,0.8447605967521667,0.9970768094062804,0.1523162126541137,0.8447605967521667
1,id_block2_h36_seed0,9004,small_full,3,forward,1,0.9268919825553894,1.903908371925354,1.9553236961364744,0.0514153242111206,1.903908371925354
1,id_block2_h36_seed0,9005,small_full,4,backward,1,0.9962137341499328,1.5137214660644531,1.6298192739486694,0.1160978078842163,1.5137214660644531
1,id_block2_h36_seed0,9006,small_full,3,forward,1,0.9992558360099792,1.0216004848480225,1.1700502634048462,0.1484497785568237,1.0216004848480225
1,id_block2_h36_seed0,9007,small_full,2,left,1,0.981097936630249,1.279080510139465,1.3599344491958618,0.0808539390563964,1.279080510139465
1,id_block2_h36_seed0,9008,small_full,2,left,1,0.9967324733734132,0.9208204746246338,1.0520650148391724,0.1312445402145385,0.9208204746246338
1,id_block2_h36_seed0,9009,small_full,3,forward,1,0.9990839958190918,0.8603808879852295,1.0067600011825562,0.1463791131973266,0.8603808879852295
1,id_block2_h36_seed0,9010,small_full,3,forward,1,0.9997771382331848,0.8702595829963684,1.044947624206543,0.1746880412101745,0.8702595829963684
1,id_block2_h36_seed0,9011,small_full,2,left,1,0.999525547027588,1.0709155797958374,1.2291260957717896,0.1582105159759521,1.0709155797958374
1,id_block2_h36_seed0,9012,small_full,4,backward,1,0.9995980858802797,0.9734352231025696,1.1301096677780151,0.1566744446754455,0.9734352231025696
1,id_block2_h36_seed0,9015,small_full,4,backward,1,0.9998795986175536,0.9692966341972352,1.1533340215682983,0.1840373873710632,0.9692966341972352
1,id_block2_h36_seed0,9016,small_full,1,right,1,0.9973402619361876,1.7672615051269531,1.8876789808273315,0.1204174757003784,1.7672615051269531
1,id_block2_h36_seed0,9017,small_full,2,left,1,0.9986621141433716,0.9336798787117004,1.068288803100586,0.1346089243888855,0.9336798787117004
1,id_block2_h36_seed0,9018,small_full,2,left,1,0.9997463822364808,0.9662835001945496,1.135576605796814,0.1692931056022644,0.9662835001945496
1,id_block2_h36_seed0,9019,small_full,2,left,1,0.9998052716255188,1.025907039642334,1.2064136266708374,0.1805065870285034,1.025907039642334
1,id_block2_h36_seed0,9020,small_full,2,left,1,0.9875448346138,1.2394174337387085,1.333540439605713,0.0941230058670044,1.2394174337387085
1,id_block2_h36_seed0,9021,small_full,4,backward,1,0.998897671699524,0.9062423706054688,1.0436931848526,0.1374508142471313,0.9062423706054688
1,id_block2_h36_seed0,9024,small_full,1,right,1,0.9999797344207764,1.1566869020462036,1.3828750848770142,0.2261881828308105,1.1566869020462036
1,id_block2_h36_seed0,9026,small_full,2,left,1,0.9139666557312012,1.948571801185608,1.9959324598312376,0.0473606586456298,1.948571801185608
1,id_block2_h36_seed0,9029,small_full,1,right,1,0.9997089505195618,0.9835911393165588,1.1488603353500366,0.1652691960334777,0.9835911393165588
1,id_block2_h36_seed0,9030,small_full,2,left,1,0.9947606921195984,1.3863531351089478,1.5022372007369995,0.1158840656280517,1.3863531351089478
1,id_block2_h36_seed0,9031,small_full,2,left,1,0.995811939239502,1.4079946279525757,1.5239232778549194,0.1159286499023437,1.4079946279525757
1,id_block2_h36_seed0,9032,small_full,3,forward,1,0.9824720621109008,1.8623619079589844,1.943709373474121,0.0813474655151367,1.8623619079589844
1,id_block2_h36_seed0,9036,small_full,1,right,1,0.9992603659629822,1.4621801376342771,1.6072545051574707,0.1450743675231933,1.4621801376342771
1,id_block2_h36_seed0,9037,small_full,2,left,1,0.9999585151672364,0.9130501747131348,1.1188406944274902,0.2057905197143554,0.9130501747131348
1,id_block2_h36_seed0,9038,small_full,4,backward,1,0.9998949766159058,0.8826091289520264,1.0768622159957886,0.1942530870437622,0.8826091289520264
1,id_block2_h36_seed0,9041,small_full,3,forward,1,0.9992157220840454,0.8026533126831055,0.95440274477005,0.1517494320869445,0.8026533126831055
1,id_block2_h36_seed0,9042,small_full,1,right,1,0.9953472018241882,2.1109402179718018,2.219759225845337,0.1088190078735351,2.1109402179718018
1,id_block2_h36_seed0,9043,small_full,4,backward,1,0.9997914433479308,1.010823369026184,1.1907774209976196,0.1799540519714355,1.010823369026184
1,id_block2_h36_seed0,9045,small_full,1,right,1,0.9827576279640198,2.134258985519409,2.223235845565796,0.0889768600463867,2.134258985519409
1,id_block2_h36_seed0,9046,small_full,1,right,1,0.9996827840805054,1.064577579498291,1.2396061420440674,0.1750285625457763,1.064577579498291
1,id_block2_h36_seed0,9048,small_full,2,left,1,0.9996635913848876,2.0557212829589844,2.216760873794556,0.1610395908355713,2.0557212829589844
1,id_block2_h36_seed0,9049,small_full,2,left,1,0.9847068190574646,1.5808733701705933,1.6644366979599,0.0835633277893066,1.5808733701705933
1,id_block2_h36_seed0,9050,small_full,2,left,1,0.999895453453064,1.037273645401001,1.2281666994094849,0.1908930540084839,1.037273645401001
1,id_block2_h36_seed0,9051,small_full,2,left,0,0.3900512754917145,1.6603344678878784,1.6612156629562378,0.0008811950683593,1.6612156629562378
1,id_block2_h36_seed0,9052,small_full,3,forward,1,0.9997429251670836,0.9847030639648438,1.1619106531143188,0.1772075891494751,0.9847030639648438
1,id_block2_h36_seed0,9053,small_full,2,left,1,0.9950881600379944,1.8850212097167969,1.99124813079834,0.1062269210815429,1.8850212097167969
1,id_block2_h36_seed0,9054,small_full,2,left,1,0.9997150301933287,0.9456279277801514,1.1256183385849,0.1799904108047485,0.9456279277801514
1,id_block2_h36_seed0,9055,small_full,3,forward,1,0.9994187355041504,0.6833627820014954,0.835254967212677,0.1518921852111816,0.6833627820014954
1,id_block2_h36_seed0,9056,small_full,4,backward,1,0.9969367980957032,0.8238723874092102,0.9413254261016846,0.1174530386924743,0.8238723874092102
1,id_block2_h36_seed0,9057,small_full,4,backward,1,0.999882698059082,0.9874770641326904,1.1724218130111694,0.184944748878479,0.9874770641326904
1,id_block2_h36_seed0,9060,small_full,3,forward,1,0.9998062252998352,1.7671175003051758,1.9392257928848269,0.1721082925796508,1.7671175003051758
1,id_block2_h36_seed0,9061,small_full,4,backward,1,0.9996923208236694,0.8447605967521667,1.0169025659561155,0.1721419692039489,0.8447605967521667
1,id_block2_h36_seed0,9062,small_full,3,forward,0,0.6270899772644043,1.0261292457580566,1.0562102794647217,0.030081033706665,1.0562102794647217
1,id_block2_h36_seed0,9063,small_full,2,left,1,0.987466037273407,1.794538140296936,1.8819888830184937,0.0874507427215576,1.794538140296936
1,id_block2_h36_seed0,9064,small_full,4,backward,1,0.9999599456787108,0.783153235912323,0.9911727905273438,0.2080195546150207,0.783153235912323
1,id_block2_h36_seed0,9065,small_full,4,backward,1,0.9973909258842468,1.1813126802444458,1.301495909690857,0.1201832294464111,1.1813126802444458
1,id_block2_h36_seed0,9066,small_full,3,forward,1,0.9997321963310242,0.9473695755004884,1.1205416917800903,0.173172116279602,0.9473695755004884
1,id_block2_h36_seed0,9067,small_full,2,left,1,0.9961701035499572,0.9268507361412048,1.0501885414123535,0.1233378052711486,0.9268507361412048
1,id_block2_h36_seed0,9068,small_full,2,left,1,0.9999439716339112,0.9220163226127625,1.1192501783370972,0.1972338557243347,0.9220163226127625
1,id_block2_h36_seed0,9069,small_full,2,left,1,0.9998596906661988,0.9475154876708984,1.1321266889572144,0.1846112012863159,0.9475154876708984
1,id_block2_h36_seed0,9070,small_full,2,left,1,0.999784767627716,1.5659971237182615,1.7401256561279297,0.1741285324096679,1.5659971237182615
1,id_block2_h36_seed0,9071,small_full,1,right,1,0.9998703002929688,0.9544820189476012,1.1356887817382812,0.1812067627906799,0.9544820189476012
1,id_block2_h36_seed0,9072,small_full,2,left,1,0.995932400226593,0.9033846259117126,1.0271798372268677,0.123795211315155,0.9033846259117126
1,id_block2_h36_seed0,9073,small_full,1,right,1,0.9996798038482666,1.1836130619049072,1.3524799346923828,0.1688668727874755,1.1836130619049072
1,id_block2_h36_seed0,9074,small_full,4,backward,1,0.9982362985610962,0.7992839813232422,0.9266130328178406,0.1273290514945984,0.7992839813232422
1,id_block2_h36_seed0,9075,small_full,3,forward,1,0.9998658895492554,0.8920957446098328,1.0728548765182495,0.1807591319084167,0.8920957446098328
1,id_block2_h36_seed0,9077,small_full,2,left,1,0.995508074760437,1.0568681955337524,1.1770920753479004,0.1202238798141479,1.0568681955337524
1,id_block2_h36_seed0,9078,small_full,3,forward,1,0.9779331684112548,1.983730792999268,2.0614030361175537,0.0776722431182861,1.983730792999268
1,id_block2_h36_seed0,9079,small_full,4,backward,1,0.9999136924743652,1.6786803007125854,1.872679710388184,0.1939994096755981,1.6786803007125854
1,id_block2_h36_seed0,9080,small_full,1,right,1,0.9999115467071532,0.978435754776001,1.1758426427841189,0.1974068880081176,0.978435754776001
1,id_block2_h36_seed0,9081,small_full,1,right,1,0.9999442100524902,0.9863206744194032,1.187853455543518,0.201532781124115,0.9863206744194032
1,id_block2_h36_seed0,9082,small_full,4,backward,1,0.991834282875061,1.277498722076416,1.3813074827194214,0.1038087606430053,1.277498722076416
1,id_block2_h36_seed0,9086,small_full,3,forward,1,0.9991888403892516,1.9195786714553835,2.062073230743408,0.1424945592880249,1.9195786714553835
1,id_block2_h36_seed0,9087,small_full,4,backward,1,0.9999932050704956,1.4881631135940552,1.741036057472229,0.2528729438781738,1.4881631135940552
1,id_block2_h36_seed0,9089,small_full,4,backward,1,0.9999148845672609,1.2400450706481934,1.4338754415512085,0.1938303709030151,1.2400450706481934
1,id_block2_h36_seed0,9090,small_full,1,right,1,0.9999797344207764,1.6500431299209597,1.867571234703064,0.2175281047821045,1.6500431299209597
1,id_block2_h36_seed0,9091,small_full,4,backward,1,0.9815754890441896,0.9937689900398254,1.075157642364502,0.0813886523246765,0.9937689900398254
1,id_block2_h36_seed0,9092,small_full,2,left,1,0.9918766021728516,2.090543746948242,2.1889164447784424,0.0983726978302002,2.090543746948242
1,id_block2_h36_seed0,9093,small_full,1,right,1,0.999670386314392,0.9243616461753844,1.0855885744094849,0.1612269282341003,0.9243616461753844
1,id_block2_h36_seed0,9095,small_full,4,backward,1,0.9991254210472108,1.600856900215149,1.741763710975647,0.140906810760498,1.600856900215149
1,id_block2_h36_seed0,9096,small_full,3,forward,1,0.9987371563911438,0.8434543609619141,0.9904184937477112,0.1469641327857971,0.8434543609619141
1,id_block2_h36_seed0,9097,small_full,1,right,1,0.9884892106056212,1.1261093616485596,1.2156126499176023,0.0895032882690429,1.1261093616485596
1,id_block2_h36_seed0,9099,small_full,1,right,1,0.9882299900054932,1.524343490600586,1.633959412574768,0.1096159219741821,1.524343490600586
1,id_block2_h36_seed0,9100,small_full,2,left,1,0.9997681975364684,0.9811320900917052,1.1539486646652222,0.1728165745735168,0.9811320900917052
1,id_block2_h36_seed0,9102,small_full,1,right,1,0.9998213648796082,1.1168251037597656,1.289503812789917,0.1726787090301513,1.1168251037597656
1,id_block2_h36_seed0,9103,small_full,1,right,1,0.996648609638214,2.199502468109131,2.313469409942627,0.1139669418334961,2.199502468109131
1,id_block2_h36_seed0,9104,small_full,3,forward,1,0.9999120235443116,1.0110291242599487,1.2160440683364868,0.205014944076538,1.0110291242599487
1,id_block2_h36_seed0,9105,small_full,4,backward,1,0.9991818070411682,1.374632716178894,1.5317455530166626,0.1571128368377685,1.374632716178894
1,id_block2_h36_seed0,9108,small_full,2,left,1,0.9907357096672058,1.5659971237182615,1.6621270179748535,0.0961298942565918,1.5659971237182615
1,id_block2_h36_seed0,9109,small_full,2,left,1,0.9999908208847046,1.1292872428894043,1.3701590299606323,0.240871787071228,1.1292872428894043
1,id_block2_h36_seed0,9110,small_full,3,forward,1,0.9993252754211426,1.670568585395813,1.819136142730713,0.1485675573348999,1.670568585395813
1,id_block2_h36_seed0,9111,small_full,2,left,1,0.9996285438537598,1.1118805408477783,1.2706841230392456,0.1588035821914672,1.1118805408477783
1,id_block2_h36_seed0,9112,small_full,4,backward,1,0.9999741315841676,0.902081310749054,1.1137268543243408,0.2116455435752868,0.902081310749054
1,id_block2_h36_seed0,9113,small_full,2,left,1,0.9595248699188232,1.2388836145401,1.30853009223938,0.0696464776992797,1.2388836145401
1,id_block2_h36_seed0,9114,small_full,2,left,1,0.9992921352386476,1.8102623224258425,1.9582055807113647,0.1479432582855224,1.8102623224258425
1,id_block2_h36_seed0,9115,small_full,4,backward,1,0.9980847835540771,1.3170018196105957,1.4555984735488892,0.1385966539382934,1.3170018196105957
1,id_block2_h36_seed0,9117,small_full,4,backward,1,0.9969817996025084,1.4834705591201782,1.5997790098190308,0.1163084506988525,1.4834705591201782
1,id_block2_h36_seed0,9118,small_full,3,forward,1,0.9981712102890016,1.6890021562576294,1.81803834438324,0.1290361881256103,1.6890021562576294
1,id_block2_h36_seed0,9119,small_full,3,forward,1,0.9999845027923584,0.817934513092041,1.0521392822265625,0.2342047691345214,0.817934513092041
1,id_block2_h36_seed0,9120,small_full,4,backward,1,0.9753203988075256,1.6527830362319946,1.7264474630355835,0.0736644268035888,1.6527830362319946
1,id_block2_h36_seed0,9122,small_full,3,forward,1,0.9999966621398926,0.6686866283416748,0.9321706891059875,0.2634840607643127,0.6686866283416748
1,id_block2_h36_seed0,9123,small_full,3,forward,1,0.9989175796508788,1.7609974145889282,1.8995932340621948,0.1385958194732666,1.7609974145889282
1,id_block2_h36_seed0,9125,small_full,2,left,1,0.9967184662818908,1.1812615394592283,1.313429832458496,0.1321682929992675,1.1812615394592283
1,id_block2_h36_seed0,9126,small_full,1,right,1,0.9955891370773317,1.0807204246520996,1.18990957736969,0.1091891527175903,1.0807204246520996
1,id_block2_h36_seed0,9127,small_full,1,right,1,0.8628978729248047,2.1259725093841557,2.16281533241272,0.0368428230285644,2.1259725093841557
1,id_block2_h36_seed0,9128,small_full,4,backward,1,0.9999337196350098,0.8680502772331238,1.065283179283142,0.1972329020500183,0.8680502772331238
1,id_block2_h36_seed0,9129,small_full,4,backward,1,0.9998767375946044,1.602031707763672,1.796799659729004,0.194767951965332,1.602031707763672
1,id_block2_h36_seed0,9131,small_full,4,backward,1,0.9986427426338196,1.4360884428024292,1.5786536931991575,0.1425652503967285,1.4360884428024292
1,id_block2_h36_seed0,9133,small_full,1,right,1,0.999756395816803,0.970041275024414,1.1389124393463137,0.1688711643218994,0.970041275024414
1,id_block2_h36_seed0,9134,small_full,3,forward,1,0.9999762773513794,0.8369316458702087,1.0531305074691772,0.2161988615989685,0.8369316458702087
1,id_block2_h36_seed0,9135,small_full,2,left,1,0.9935100674629213,2.0745646953582764,2.1797726154327397,0.1052079200744628,2.0745646953582764
1,id_block2_h36_seed0,9136,small_full,3,forward,1,0.9997316002845764,0.8957445025444031,1.070012450218201,0.1742679476737976,0.8957445025444031
1,id_block2_h36_seed0,9137,small_full,2,left,1,0.9909330606460572,1.912656664848328,2.00793981552124,0.0952831506729126,1.912656664848328
1,id_block2_h36_seed0,9139,small_full,2,left,0,0.9586455821990968,1.3184614181518557,1.383286476135254,0.0648250579833984,1.383286476135254
1,id_block2_h36_seed0,9142,small_full,1,right,1,0.9996567964553832,1.0374213457107544,1.197981357574463,0.1605600118637085,1.0374213457107544
1,id_block2_h36_seed0,9143,small_full,3,forward,1,0.9959853291511536,2.049520492553711,2.1613776683807373,0.1118571758270263,2.049520492553711
1,id_block2_h36_seed0,9144,small_full,4,backward,1,0.9999769926071168,1.3885835409164429,1.6178083419799805,0.2292248010635376,1.3885835409164429
1,id_block2_h36_seed0,9146,small_full,4,backward,1,0.9999606609344482,0.7814173102378845,0.9902985692024232,0.2088812589645385,0.7814173102378845
1,id_block2_h36_seed0,9149,small_full,3,forward,1,0.9994807839393616,1.7812747955322266,1.9337506294250488,0.1524758338928222,1.7812747955322266
1,id_block2_h36_seed0,9150,small_full,3,forward,1,0.9999949932098388,0.9093299508094788,1.164026141166687,0.2546961903572082,0.9093299508094788
1,id_block2_h36_seed0,9151,small_full,1,right,1,0.9938136339187622,2.134258985519409,2.2370824813842773,0.1028234958648681,2.134258985519409
1,id_block2_h36_seed0,9152,small_full,4,backward,1,0.999807059764862,0.8701000213623047,1.0547494888305664,0.1846494674682617,0.8701000213623047
1,id_block2_h36_seed0,9154,small_full,4,backward,1,0.999916672706604,1.558497428894043,1.7465466260910034,0.1880491971969604,1.558497428894043
1,id_block2_h36_seed0,9155,small_full,2,left,1,0.9945991039276124,1.3863531351089478,1.5022372007369995,0.1158840656280517,1.3863531351089478
1,id_block2_h36_seed0,9156,small_full,4,backward,1,0.9992650151252748,1.0598629713058472,1.2042486667633057,0.1443856954574585,1.0598629713058472
1,id_block2_h36_seed0,9157,small_full,3,forward,1,0.99997079372406,0.9316525459289552,1.146615982055664,0.2149634361267089,0.9316525459289552
1,id_block2_h36_seed0,9160,small_full,4,backward,1,0.9997482895851136,0.9428799748420716,1.1088390350341797,0.1659590601921081,0.9428799748420716
1,id_block2_h36_seed0,9161,small_full,2,left,1,0.9928194880485536,1.36460542678833,1.463222861289978,0.0986174345016479,1.36460542678833
1,id_block2_h36_seed0,9162,small_full,4,backward,1,0.999321460723877,1.1165695190429688,1.2662372589111328,0.149667739868164,1.1165695190429688
1,id_block2_h36_seed0,9163,small_full,4,backward,1,0.9942956566810608,1.3546972274780271,1.458595871925354,0.1038986444473266,1.3546972274780271
1,id_block2_h36_seed0,9164,small_full,1,right,1,0.9999734163284302,1.0015075206756592,1.226807951927185,0.2253004312515258,1.0015075206756592
1,id_block2_h36_seed0,9165,small_full,2,left,1,0.9999475479125975,1.344996452331543,1.542304515838623,0.19730806350708,1.344996452331543
1,id_block2_h36_seed0,9166,small_full,2,left,1,0.6545421481132507,1.537008285522461,1.550334334373474,0.0133260488510131,1.537008285522461
1,id_block2_h36_seed0,9167,small_full,3,forward,1,0.9991636276245116,0.9210319519042968,1.075487494468689,0.1544555425643921,0.9210319519042968
1,id_block2_h36_seed0,9169,small_full,2,left,1,0.9999785423278807,0.9130501747131348,1.1308540105819702,0.2178038358688354,0.9130501747131348
1,id_block2_h36_seed0,9170,small_full,3,forward,1,0.999942421913147,1.5168312788009644,1.7151912450790403,0.1983599662780761,1.5168312788009644
1,id_block2_h36_seed0,9171,small_full,2,left,1,0.9999922513961792,0.8764198422431946,1.1259742975234983,0.2495544552803039,0.8764198422431946
1,id_block2_h36_seed0,9173,small_full,2,left,1,0.9768741726875304,2.56839919090271,2.6432738304138184,0.0748746395111084,2.56839919090271
1,id_block2_h36_seed0,9174,small_full,3,forward,1,0.9998223185539246,0.815192699432373,0.9898357391357422,0.1746430397033691,0.815192699432373
1,id_block2_h36_seed0,9175,small_full,2,left,1,0.9911186099052428,1.2388836145401,1.3392008543014526,0.1003172397613525,1.2388836145401
1,id_block2_h36_seed0,9176,small_full,3,forward,1,0.9999529123306274,0.8365419507026672,1.0481363534927368,0.2115944027900695,0.8365419507026672
1,id_block2_h36_seed0,9177,small_full,4,backward,1,0.9760915637016296,1.6423994302749634,1.7166627645492554,0.0742633342742919,1.6423994302749634
1,id_block2_h36_seed0,9178,small_full,4,backward,1,0.9997531771659852,0.8661568760871887,1.034320592880249,0.1681637167930603,0.8661568760871887
1,id_block2_h36_seed0,9179,small_full,4,backward,1,0.9996813535690308,1.2064288854599,1.3704609870910645,0.1640321016311645,1.2064288854599
1,id_block2_h36_seed0,9180,small_full,4,backward,1,0.9987319111824036,1.6497634649276731,1.784309983253479,0.1345465183258056,1.6497634649276731
1,id_block2_h36_seed0,9181,small_full,2,left,1,0.9999961853027344,1.9008277654647827,2.15057635307312,0.2497485876083374,1.9008277654647827
1,id_block2_h36_seed0,9184,small_full,4,backward,1,0.997891366481781,1.5255018472671509,1.6488431692123413,0.1233413219451904,1.5255018472671509
1,id_block2_h36_seed0,9185,small_full,1,right,1,0.986099660396576,2.156043291091919,2.2443342208862305,0.0882909297943115,2.156043291091919
1,id_block2_h36_seed0,9186,small_full,1,right,1,0.9990676045417786,1.1863908767700195,1.3325408697128296,0.14614999294281,1.1863908767700195
1,id_block2_h36_seed0,9187,small_full,4,backward,1,0.9998490810394288,1.4518680572509766,1.628022074699402,0.1761540174484253,1.4518680572509766
1,id_block2_h36_seed0,9188,small_full,3,forward,1,0.99932861328125,1.5347527265548706,1.681784987449646,0.1470322608947754,1.5347527265548706
1,id_block2_h36_seed0,9189,small_full,2,left,1,0.9999189376831056,0.8842141628265381,1.082847237586975,0.198633074760437,0.8842141628265381
1,id_block2_h36_seed0,9191,small_full,1,right,1,0.9975408315658568,1.1077543497085571,1.2424715757369995,0.1347172260284423,1.1077543497085571
1,id_block2_h36_seed0,9192,small_full,2,left,1,0.999970555305481,1.0465550422668457,1.2680692672729492,0.2215142250061035,1.0465550422668457
1,id_block2_h36_seed0,9193,small_full,3,forward,1,0.9747909307479858,1.765682578086853,1.8403282165527344,0.0746456384658813,1.765682578086853
1,id_block2_h36_seed0,9194,small_full,3,forward,1,0.9979875087738036,1.670568585395813,1.8007818460464478,0.1302132606506347,1.670568585395813
1,id_block2_h36_seed0,9195,small_full,1,right,1,0.993492305278778,1.096337914466858,1.2037235498428345,0.1073856353759765,1.096337914466858
1,id_block2_h36_seed0,9196,small_full,4,backward,1,0.999019980430603,1.4505497217178345,1.589328408241272,0.1387786865234375,1.4505497217178345
1,id_block2_h36_seed0,9197,small_full,4,backward,1,0.9999366998672484,0.9323778748512268,1.126352310180664,0.1939744353294372,0.9323778748512268
1,id_block2_h36_seed0,9198,small_full,2,left,1,0.9569435119628906,2.1541688442230225,2.2165234088897705,0.062354564666748,2.1541688442230225
1,id_block2_h36_seed0,9200,small_full,2,left,1,0.6913098692893982,2.2109947204589844,2.227121591567993,0.0161268711090087,2.2109947204589844
1,id_block2_h36_seed0,9201,small_full,2,left,1,0.9873857498168944,1.794538140296936,1.8819888830184937,0.0874507427215576,1.794538140296936
1,id_block2_h36_seed0,9202,small_full,1,right,1,0.9999312162399292,1.2745869159698486,1.4808098077774048,0.2062228918075561,1.2745869159698486
1,id_block2_h36_seed0,9203,small_full,3,forward,1,0.9985768795013428,0.9134490489959716,1.044848918914795,0.1313998699188232,0.9134490489959716
1,id_block2_h36_seed0,9204,small_full,3,forward,1,0.968270778656006,1.981798529624939,2.050651788711548,0.0688532590866088,1.981798529624939
1,id_block2_h36_seed0,9205,small_full,3,forward,1,0.9932530522346495,1.684295654296875,1.7841442823410034,0.0998486280441284,1.684295654296875
1,id_block2_h36_seed0,9207,small_full,3,forward,1,0.9955505132675172,0.762182891368866,0.8806765675544739,0.1184936761856079,0.762182891368866
1,id_block2_h36_seed0,9208,small_full,4,backward,1,0.9999568462371826,1.0960075855255127,1.2976433038711548,0.2016357183456421,1.0960075855255127
1,id_block2_h36_seed0,9209,small_full,4,backward,1,0.996971845626831,0.758582592010498,0.8746070861816406,0.1160244941711425,0.758582592010498
1,id_block2_h36_seed0,9210,small_full,2,left,1,0.9997873902320862,1.0385479927062988,1.215976357460022,0.1774283647537231,1.0385479927062988
1,id_block2_h36_seed0,9211,small_full,3,forward,1,0.9993047714233398,1.5347527265548706,1.681784987449646,0.1470322608947754,1.5347527265548706
1,id_block2_h36_seed0,9212,small_full,2,left,1,0.9999985694885254,1.6232653856277466,1.9093185663223269,0.2860531806945801,1.6232653856277466
1,id_block2_h36_seed0,9214,small_full,3,forward,1,0.9989686012268066,0.7561283111572266,0.9030141234397888,0.1468858122825622,0.7561283111572266
1,id_block2_h36_seed0,9215,small_full,3,forward,1,0.997719705104828,1.720541000366211,1.8429454565048216,0.1224044561386108,1.720541000366211
1,id_block2_h36_seed0,9218,small_full,4,backward,1,0.9976714253425598,1.4508870840072632,1.5741857290267944,0.1232986450195312,1.4508870840072632
1,id_block2_h36_seed0,9219,small_full,1,right,1,0.9990878105163574,1.94818913936615,2.1007304191589355,0.1525412797927856,1.94818913936615
1,id_block2_h36_seed0,9220,small_full,3,forward,1,0.9998499155044556,0.9659991264343262,1.1446139812469482,0.178614854812622,0.9659991264343262
1,id_block2_h36_seed0,9221,small_full,3,forward,1,0.9978811144828796,0.7821764945983887,0.9086682200431824,0.1264917254447937,0.7821764945983887
1,id_block2_h36_seed0,9222,small_full,3,forward,1,0.9999990463256836,1.9171686172485352,2.196239471435547,0.2790708541870117,1.9171686172485352
1,id_block2_h36_seed0,9225,small_full,1,right,1,0.999595820903778,1.3288120031356812,1.4866456985473633,0.1578336954116821,1.3288120031356812
1,id_block2_h36_seed0,9226,small_full,1,right,1,0.9999898672103882,0.9561972618103028,1.19482159614563,0.2386243343353271,0.9561972618103028
1,id_block2_h36_seed0,9227,small_full,3,forward,1,0.9999147653579712,1.879018783569336,2.0672237873077397,0.1882050037384033,1.879018783569336
1,id_block2_h36_seed0,9228,small_full,3,forward,1,0.9975288510322572,0.7697291970252991,0.8945901989936829,0.1248610019683837,0.7697291970252991
1,id_block2_h36_seed0,9230,small_full,2,left,1,0.9999998807907104,1.7140215635299685,2.033500909805298,0.3194793462753296,1.7140215635299685
1,id_block2_h36_seed0,9231,small_full,3,forward,1,0.9999449253082277,0.8048114776611328,1.0097081661224363,0.2048966884613037,0.8048114776611328
1,id_block2_h36_seed0,9232,small_full,1,right,1,0.8641698360443115,1.3116627931594849,1.3547316789627075,0.0430688858032226,1.3116627931594849
1,id_block2_h36_seed0,9233,small_full,4,backward,1,0.9999850988388062,0.9825441241264344,1.2059935331344604,0.2234494090080261,0.9825441241264344
1,id_block2_h36_seed0,9234,small_full,3,forward,1,0.999727427959442,0.862295925617218,1.027572512626648,0.1652765870094299,0.862295925617218
1,id_block2_h36_seed0,9235,small_full,4,backward,1,0.9999078512191772,0.9692966341972352,1.1558829545974731,0.186586320400238,0.9692966341972352
1,id_block2_h36_seed0,9236,small_full,3,forward,1,0.9998137354850768,1.7417417764663696,1.9263056516647337,0.1845638751983642,1.7417417764663696
1,id_block2_h36_seed0,9237,small_full,2,left,1,0.9996917247772216,2.378246068954468,2.541566133499145,0.1633200645446777,2.378246068954468
1,id_block2_h36_seed0,9239,small_full,2,left,1,0.9994686245918274,1.1057209968566897,1.260431170463562,0.1547101736068725,1.1057209968566897
1,id_block2_h36_seed0,9240,small_full,1,right,1,0.999976634979248,0.9773211479187012,1.192728042602539,0.2154068946838379,0.9773211479187012
1,id_block2_h36_seed0,9241,small_full,4,backward,1,0.9962818026542664,1.354662299156189,1.4665883779525757,0.1119260787963867,1.354662299156189
1,id_block2_h36_seed0,9242,small_full,1,right,1,0.9751399159431458,1.13859224319458,1.227078914642334,0.0884866714477539,1.13859224319458
1,id_block2_h36_seed0,9243,small_full,2,left,1,0.9998154044151306,1.3702353239059448,1.5505696535110474,0.1803343296051025,1.3702353239059448
1,id_block2_h36_seed0,9244,small_full,4,backward,1,0.9992853999137878,0.9678473472595216,1.1129521131515503,0.1451047658920288,0.9678473472595216
1,id_block2_h36_seed0,9245,small_full,2,left,1,0.9777642488479614,1.277429223060608,1.3548942804336548,0.0774650573730468,1.277429223060608
1,id_block2_h36_seed0,9247,small_full,4,backward,1,0.9988605976104736,0.9164140820503236,1.0631812810897827,0.1467671990394592,0.9164140820503236
1,id_block2_h36_seed0,9249,small_full,4,backward,1,0.9975864887237548,1.3537977933883667,1.4747027158737185,0.1209049224853515,1.3537977933883667
1,id_block2_h36_seed0,9250,small_full,1,right,1,0.997300922870636,1.9449046850204468,2.077115058898926,0.132210373878479,1.9449046850204468
1,id_block2_h36_seed0,9251,small_full,2,left,1,0.9998977184295654,1.6905622482299805,1.875733971595764,0.1851717233657837,1.6905622482299805
1,id_block2_h36_seed0,9252,small_full,4,backward,1,0.9911177158355712,1.551899790763855,1.6487900018692017,0.0968902111053466,1.551899790763855
1,id_block2_h36_seed0,9254,small_full,3,forward,1,0.9079986214637756,1.7703224420547483,1.8163137435913088,0.04599130153656,1.7703224420547483
1,id_block2_h36_seed0,9256,small_full,3,forward,1,0.9999390840530396,0.7732575535774231,0.9769616723060608,0.2037041187286377,0.7732575535774231
1,id_block2_h36_seed0,9258,small_full,3,forward,1,0.9965773224830629,1.2030091285705566,1.3217958211898804,0.1187866926193237,1.2030091285705566
1,id_block2_h36_seed0,9259,small_full,3,forward,1,0.9999980926513672,1.5401116609573364,1.8132578134536743,0.2731461524963379,1.5401116609573364
1,id_block2_h36_seed0,9260,small_full,1,right,1,0.9958781003952026,1.0530887842178345,1.1785794496536257,0.125490665435791,1.0530887842178345
1,id_block2_h36_seed0,9261,small_full,1,right,1,0.9533968567848206,1.0314205884933472,1.091878890991211,0.0604583024978637,1.0314205884933472
1,id_block2_h36_seed0,9262,small_full,3,forward,1,0.9998766183853148,0.953122615814209,1.1488550901412964,0.1957324743270874,0.953122615814209
1,id_block2_h36_seed0,9263,small_full,1,right,1,0.9999876022338868,1.206154227256775,1.438603401184082,0.2324491739273071,1.206154227256775
1,id_block2_h36_seed0,9266,small_full,4,backward,1,0.9996076226234436,1.0830198526382446,1.2522770166397097,0.1692571640014648,1.0830198526382446
1,id_block2_h36_seed0,9267,small_full,3,forward,1,0.9998631477355956,0.6967036128044128,0.8889179229736328,0.1922143101692199,0.6967036128044128
1,id_block2_h36_seed0,9268,small_full,1,right,1,0.9995061159133912,1.5244654417037964,1.680080771446228,0.1556153297424316,1.5244654417037964
1,id_block2_h36_seed0,9269,small_full,1,right,1,0.999685287475586,0.9251345992088318,1.0870530605316162,0.1619184613227844,0.9251345992088318
1,id_block2_h36_seed0,9270,small_full,4,backward,1,0.999958038330078,1.249721884727478,1.4541010856628418,0.2043792009353637,1.249721884727478
1,id_block2_h36_seed0,9271,small_full,1,right,1,0.9999986886978148,1.6520870923995972,1.937543988227844,0.285456895828247,1.6520870923995972
1,id_block2_h36_seed0,9272,small_full,4,backward,1,0.9984122514724731,1.5055551528930664,1.6362196207046509,0.1306644678115844,1.5055551528930664
1,id_block2_h36_seed0,9273,small_full,3,forward,1,0.9997010827064514,0.7090829014778137,0.8888044357299805,0.1797215342521667,0.7090829014778137
1,id_block2_h36_seed0,9274,small_full,4,backward,1,0.988610029220581,0.9911991953849792,1.0854483842849731,0.0942491888999939,0.9911991953849792
1,id_block2_h36_seed0,9276,small_full,1,right,1,0.9984498023986816,1.9128338098526,2.0423715114593506,0.1295377016067505,1.9128338098526
1,id_block2_h36_seed0,9277,small_full,3,forward,1,0.9999208450317384,0.9473695755004884,1.1382427215576172,0.1908731460571289,0.9473695755004884
1,id_block2_h36_seed0,9278,small_full,2,left,1,0.9771996140480042,1.0755720138549805,1.156659722328186,0.0810877084732055,1.0755720138549805
1,id_block2_h36_seed0,9279,small_full,2,left,1,0.9997722506523132,0.9637419581413268,1.1494256258010864,0.1856836676597595,0.9637419581413268
1,id_block2_h36_seed0,9282,small_full,4,backward,1,0.999868392944336,0.8942286372184753,1.0817060470581057,0.1874774098396301,0.8942286372184753
1,id_block2_h36_seed0,9283,small_full,4,backward,1,0.999805986881256,0.8968195915222168,1.07928204536438,0.182462453842163,0.8968195915222168
1,id_block2_h36_seed0,9284,small_full,2,left,1,0.9827105402946472,0.9757491946220398,1.066839575767517,0.0910903811454773,0.9757491946220398
1,id_block2_h36_seed0,9286,small_full,3,forward,1,0.9999862909317015,0.9746626019477844,1.2025331258773804,0.2278705239295959,0.9746626019477844
1,id_block2_h36_seed0,9288,small_full,1,right,1,0.9998865127563475,0.9906604886054992,1.1808212995529177,0.1901608109474182,0.9906604886054992
1,id_block2_h36_seed0,9290,small_full,2,left,1,0.9998251795768738,0.9003300070762634,1.084182620048523,0.1838526129722595,0.9003300070762634
1,id_block2_h36_seed0,9292,small_full,4,backward,1,0.9999505281448364,1.0999919176101685,1.3051882982254028,0.2051963806152343,1.0999919176101685
1,id_block2_h36_seed0,9293,small_full,2,left,1,0.9983943104743958,0.9507712721824646,1.0797592401504517,0.128987967967987,0.9507712721824646
1,id_block2_h36_seed0,9294,small_full,3,forward,1,0.9997408986091614,1.7728371620178225,1.9380245208740237,0.1651873588562011,1.7728371620178225
1,id_block2_h36_seed0,9295,small_full,4,backward,1,0.991400420665741,1.6620067358016968,1.7583619356155396,0.0963551998138427,1.6620067358016968
1,id_block2_h36_seed0,9296,small_full,4,backward,1,0.737257719039917,1.0400404930114746,1.0678324699401855,0.0277919769287109,1.0400404930114746
1,id_block2_h36_seed0,9297,small_full,3,forward,1,0.998236894607544,0.8486917018890381,0.9857742190361024,0.1370825171470642,0.8486917018890381
1,id_block2_h36_seed0,9298,small_full,1,right,1,0.9993786811828612,1.1528486013412476,1.3026996850967407,0.1498510837554931,1.1528486013412476
1,id_block2_h36_seed0,9299,small_full,3,forward,1,0.999971866607666,0.9265156388282776,1.1410897970199585,0.2145741581916809,0.9265156388282776
1,id_block2_h36_seed0,9300,small_full,4,backward,1,0.9997348189353944,0.780846118927002,0.9526984095573424,0.1718522906303405,0.780846118927002
1,id_block2_h36_seed0,9301,small_full,1,right,1,0.9999231100082396,0.9531876444816588,1.1529688835144043,0.1997812390327453,0.9531876444816588
1,id_block2_h36_seed0,9302,small_full,1,right,1,0.99241042137146,1.1494847536087036,1.2527765035629272,0.1032917499542236,1.1494847536087036
1,id_block2_h36_seed0,9303,small_full,3,forward,1,0.995507001876831,1.7259143590927124,1.8361778259277344,0.1102634668350219,1.7259143590927124
1,id_block2_h36_seed0,9304,small_full,2,left,1,0.9999666213989258,0.958177387714386,1.1706424951553345,0.2124651074409485,0.958177387714386
1,id_block2_h36_seed0,9305,small_full,3,forward,1,0.9997944235801696,1.879018783569336,2.059056282043457,0.1800374984741211,1.879018783569336
1,id_block2_h36_seed0,9306,small_full,2,left,1,0.9999805688858032,1.5902690887451172,1.8147567510604856,0.2244876623153686,1.5902690887451172
1,id_block2_h36_seed0,9307,small_full,3,forward,1,0.9999175071716307,1.879018783569336,2.0672237873077397,0.1882050037384033,1.879018783569336
1,id_block2_h36_seed0,9308,small_full,1,right,1,0.9969798922538756,1.1528486013412476,1.2736893892288208,0.1208407878875732,1.1528486013412476
1,id_block2_h36_seed0,9309,small_full,4,backward,1,0.9999264478683472,1.1313732862472534,1.337320327758789,0.2059470415115356,1.1313732862472534
1,id_block2_h36_seed0,9310,small_full,3,forward,1,0.9999939203262328,1.5581411123275757,1.802851676940918,0.2447105646133422,1.5581411123275757
1,id_block2_h36_seed0,9312,small_full,4,backward,1,0.998809814453125,0.906728744506836,1.0426383018493652,0.1359095573425293,0.906728744506836
1,id_block2_h36_seed0,9313,small_full,1,right,1,0.997931957244873,1.0483404397964478,1.184171199798584,0.1358307600021362,1.0483404397964478
1,id_block2_h36_seed0,9315,small_full,3,forward,1,0.9996774196624756,0.798694908618927,0.972538948059082,0.173844039440155,0.798694908618927
1,id_block2_h36_seed0,9316,small_full,3,forward,1,0.99946528673172,1.6625455617904663,1.81607723236084,0.1535316705703735,1.6625455617904663
1,id_block2_h36_seed0,9317,small_full,1,right,1,0.9998799562454224,1.0420957803726196,1.2319488525390625,0.1898530721664428,1.0420957803726196
1,id_block2_h36_seed0,9318,small_full,1,right,1,0.9962601661682128,1.1422449350357056,1.254956603050232,0.1127116680145263,1.1422449350357056
1,id_block2_h36_seed0,9319,small_full,4,backward,1,0.99998676776886,0.8236913681030273,1.0549569129943848,0.2312655448913574,0.8236913681030273
1,id_block2_h36_seed0,9320,small_full,2,left,1,0.999934196472168,1.0915746688842771,1.284852385520935,0.1932777166366577,1.0915746688842771
1,id_block2_h36_seed0,9321,small_full,2,left,1,0.8712353706359863,1.8744319677352903,1.9206209182739256,0.0461889505386352,1.8744319677352903
1,id_block2_h36_seed0,9322,small_full,2,left,1,0.9998014569282532,2.537830352783203,2.7085962295532227,0.1707658767700195,2.537830352783203
1,id_block2_h36_seed0,9325,small_full,2,left,1,0.999225616455078,1.0228193998336792,1.1803007125854492,0.15748131275177,1.0228193998336792
1,id_block2_h36_seed0,9326,small_full,4,backward,1,0.9998303651809692,0.8264150619506836,1.007577419281006,0.1811623573303222,0.8264150619506836
1,id_block2_h36_seed0,9327,small_full,3,forward,1,0.9904152154922484,1.0784543752670288,1.187442421913147,0.1089880466461181,1.0784543752670288
1,id_block2_h36_seed0,9328,small_full,2,left,1,0.9999569654464722,0.924518883228302,1.1262640953063965,0.2017452120780944,0.924518883228302
1,id_block2_h36_seed0,9329,small_full,1,right,1,0.9951701760292052,1.1050139665603638,1.2154988050460815,0.1104848384857177,1.1050139665603638
1,id_block2_h36_seed0,9330,small_full,4,backward,1,0.99996018409729,0.9622209072113036,1.1692745685577393,0.2070536613464355,0.9622209072113036
1,id_block2_h36_seed0,9331,small_full,2,left,1,0.9991191029548644,1.9935860633850095,2.136460304260254,0.1428742408752441,1.9935860633850095
1,id_block2_h36_seed0,9332,small_full,2,left,1,0.9759953618049622,1.8933378458023071,1.9675239324569704,0.074186086654663,1.8933378458023071
1,id_block2_h36_seed0,9333,small_full,2,left,1,0.9999688863754272,0.94582861661911,1.158387303352356,0.2125586867332458,0.94582861661911
1,id_block2_h36_seed0,9334,small_full,1,right,1,0.9997432827949524,1.6168864965438845,1.7828842401504517,0.1659977436065673,1.6168864965438845
1,id_block2_h36_seed0,9335,small_full,3,forward,1,0.9999984502792358,1.6973886489868164,1.9797407388687132,0.282352089881897,1.6973886489868164
1,id_block2_h36_seed0,9337,small_full,1,right,1,0.999991774559021,0.9734484553337096,1.218715786933899,0.2452673316001892,0.9734484553337096
1,id_block2_h36_seed0,9338,small_full,2,left,1,0.9998866319656372,1.75249183177948,1.9358991384506223,0.1834073066711425,1.75249183177948
1,id_block2_h36_seed0,9339,small_full,4,backward,1,0.999795377254486,1.0647987127304075,1.243960738182068,0.1791620254516601,1.0647987127304075
1,id_block2_h36_seed0,9340,small_full,1,right,1,0.998640239238739,1.1422449350357056,1.2755128145217896,0.1332678794860839,1.1422449350357056
1,id_block2_h36_seed0,9341,small_full,4,backward,1,0.9996339082717896,1.27824866771698,1.4406646490097046,0.1624159812927246,1.27824866771698
1,id_block2_h36_seed0,9342,small_full,4,backward,1,0.9999783039093018,1.011589527130127,1.2303926944732666,0.2188031673431396,1.011589527130127
1,id_block2_h36_seed0,9343,small_full,3,forward,1,0.9999994039535522,1.5401116609573364,1.828356385231018,0.2882447242736816,1.5401116609573364
1,id_block2_h36_seed0,9344,small_full,4,backward,1,0.9997063279151917,1.0148533582687378,1.1835662126541138,0.1687128543853759,1.0148533582687378
1,id_block2_h36_seed0,9346,small_full,3,forward,1,0.9996682405471802,1.610377311706543,1.7747684717178345,0.1643911600112915,1.610377311706543
1,id_block2_h36_seed0,9347,small_full,1,right,1,0.9999094009399414,1.1836130619049072,1.3873662948608398,0.2037532329559326,1.1836130619049072
1,id_block2_h36_seed0,9348,small_full,2,left,1,0.9974259734153748,1.5535125732421875,1.6740814447402954,0.1205688714981079,1.5535125732421875
1,id_block2_h36_seed0,9350,small_full,4,backward,1,0.9903518557548524,1.6527830362319946,1.7458168268203735,0.0930337905883789,1.6527830362319946
1,id_block2_h36_seed0,9351,small_full,4,backward,1,0.9999815225601196,0.939591646194458,1.1644679307937622,0.2248762845993042,0.939591646194458
1,id_block2_h36_seed0,9352,small_full,1,right,1,0.999226212501526,1.631281495094299,1.7758764028549194,0.1445949077606201,1.631281495094299
1,id_block2_h36_seed0,9353,small_full,2,left,1,0.9999788999557496,0.9637419581413268,1.1803086996078491,0.2165667414665222,0.9637419581413268
1,id_block2_h36_seed0,9354,small_full,1,right,1,0.9999282360076904,0.978435754776001,1.1758426427841189,0.1974068880081176,0.978435754776001
1,id_block2_h36_seed0,9355,small_full,4,backward,1,0.999969482421875,0.9786317944526672,1.1971231698989868,0.2184913754463195,0.9786317944526672
1,id_block2_h36_seed0,9357,small_full,4,backward,1,0.9998435974121094,1.3618348836898804,1.537745475769043,0.1759105920791626,1.3618348836898804
1,id_block2_h36_seed0,9359,small_full,1,right,1,0.9989185333251952,0.9988925457000732,1.1506487131118774,0.1517561674118042,0.9988925457000732
1,id_block2_h36_seed0,9360,small_full,4,backward,1,0.999850869178772,0.8264150619506836,1.007577419281006,0.1811623573303222,0.8264150619506836
1,id_block2_h36_seed0,9361,small_full,3,forward,1,0.9999535083770752,1.8231420516967771,2.023646354675293,0.2005043029785156,1.8231420516967771
1,id_block2_h36_seed0,9362,small_full,3,forward,1,0.9999334812164308,0.9847030639648438,1.1836178302764893,0.1989147663116455,0.9847030639648438
1,id_block2_h36_seed0,9363,small_full,1,right,1,0.9999567270278932,1.7838407754898071,1.9933260679244995,0.2094852924346923,1.7838407754898071
1,id_block2_h36_seed0,9364,small_full,4,backward,1,0.9999852180480956,1.5788697004318235,1.8024905920028689,0.2236208915710449,1.5788697004318235
1,id_block2_h36_seed0,9366,small_full,4,backward,1,0.9999961853027344,1.0598629713058472,1.3219517469406128,0.2620887756347656,1.0598629713058472
1,id_block2_h36_seed0,9367,small_full,4,backward,1,0.8285841345787048,1.290855050086975,1.322789192199707,0.0319341421127319,1.290855050086975
1,id_block2_h36_seed0,9369,small_full,4,backward,1,0.9999396800994872,1.0020465850830078,1.2047690153121948,0.202722430229187,1.0020465850830078
1,id_block2_h36_seed0,9370,small_full,2,left,1,0.999330997467041,0.9125564098358154,1.0656867027282717,0.153130292892456,0.9125564098358154
1,id_block2_h36_seed0,9371,small_full,2,left,1,0.9996455907821656,0.918738067150116,1.080968976020813,0.162230908870697,0.918738067150116
1,id_block2_h36_seed0,9372,small_full,1,right,1,0.9956672191619872,1.0807204246520996,1.18990957736969,0.1091891527175903,1.0807204246520996
1,id_block2_h36_seed0,9373,small_full,3,forward,1,0.9658109545707704,1.579919457435608,1.647276520729065,0.067357063293457,1.579919457435608
1,id_block2_h36_seed0,9374,small_full,4,backward,1,0.9995390176773072,1.185030460357666,1.3407039642333984,0.1556735038757324,1.185030460357666
1,id_block2_h36_seed0,9375,small_full,1,right,1,0.9998537302017212,1.0241049528121948,1.2019703388214111,0.1778653860092163,1.0241049528121948
1,id_block2_h36_seed0,9376,small_full,2,left,1,0.9981766939163208,2.134333848953247,2.260462760925293,0.1261289119720459,2.134333848953247
1,id_block2_h36_seed0,9377,small_full,2,left,1,0.999953269958496,0.958177387714386,1.1596001386642456,0.2014227509498596,0.958177387714386
1,id_block2_h36_seed0,9378,small_full,3,forward,1,0.9999605417251588,0.901501715183258,1.1189230680465698,0.2174213528633117,0.901501715183258
1,id_block2_h36_seed0,9380,small_full,3,forward,1,0.9995571970939636,1.0216004848480225,1.1836433410644531,0.1620428562164306,1.0216004848480225
1,id_block2_h36_seed0,9381,small_full,1,right,1,0.9986190795898438,1.0902851819992063,1.2352174520492554,0.1449322700500488,1.0902851819992063
1,id_block2_h36_seed0,9382,small_full,4,backward,1,0.9993078708648682,0.8777728080749512,1.0237467288970947,0.1459739208221435,0.8777728080749512
1,id_block2_h36_seed0,9383,small_full,2,left,1,0.9998838901519777,0.943030834197998,1.128764271736145,0.1857334375381469,0.943030834197998
1,id_block2_h36_seed0,9384,small_full,3,forward,1,0.999997615814209,1.774031639099121,2.033212423324585,0.2591807842254638,1.774031639099121
1,id_block2_h36_seed0,9385,small_full,2,left,1,1.0,1.7911405563354492,2.126636266708374,0.3354957103729248,1.7911405563354492
1,id_block2_h36_seed0,9386,small_full,1,right,1,0.998473823070526,2.048903703689575,2.178661823272705,0.1297581195831298,2.048903703689575
1,id_block2_h36_seed0,9387,small_full,3,forward,1,0.9997960925102234,1.7546473741531372,1.93695867061615,0.1823112964630127,1.7546473741531372
1,id_block2_h36_seed0,9388,small_full,2,left,1,0.9900347590446472,0.9861132502555848,1.09149968624115,0.1053864359855651,0.9861132502555848
1,id_block2_h36_seed0,9389,small_full,2,left,1,0.9999184608459472,0.9871404767036438,1.1793502569198608,0.192209780216217,0.9871404767036438
1,id_block2_h36_seed0,9390,small_full,2,left,1,0.9567877650260924,2.1541688442230225,2.2165234088897705,0.062354564666748,2.1541688442230225
1,id_block2_h36_seed0,9391,small_full,4,backward,1,0.9999614953994752,0.9240762591362,1.143579363822937,0.219503104686737,0.9240762591362
1,id_block2_h36_seed0,9392,small_full,3,forward,1,0.9994673132896424,1.6840285062789917,1.844132781028748,0.1601042747497558,1.6840285062789917
1,id_block2_h36_seed0,9393,small_full,1,right,1,0.9962754249572754,1.0122822523117063,1.1307200193405151,0.1184377670288086,1.0122822523117063
1,id_block2_h36_seed0,9394,small_full,3,forward,1,0.9994239807128906,0.9847030639648438,1.136685848236084,0.1519827842712402,0.9847030639648438
1,id_block2_h36_seed0,9395,small_full,4,backward,1,0.9999430179595948,1.0647987127304075,1.2774320840835571,0.2126333713531494,1.0647987127304075
1,id_block2_h36_seed0,9396,small_full,2,left,1,0.8232397437095642,2.198782205581665,2.2398977279663086,0.0411155223846435,2.198782205581665
1,id_block2_h36_seed0,9397,small_full,2,left,1,0.9999805688858032,2.111863136291504,2.3316519260406494,0.2197887897491455,2.111863136291504
1,id_block2_h36_seed0,9398,small_full,3,forward,1,0.9995701909065248,1.0145801305770874,1.1817938089370728,0.1672136783599853,1.0145801305770874
1,id_block2_h36_seed0,9399,small_full,3,forward,1,0.8535892367362976,1.272544026374817,1.3127516508102417,0.0402076244354248,1.272544026374817
1,id_block2_h36_seed0,9400,small_full,2,left,1,0.9873100519180298,1.9202455282211304,2.008169174194336,0.0879236459732055,1.9202455282211304
1,id_block2_h36_seed0,9401,small_full,1,right,1,0.9591426849365234,1.9324136972427368,2.0029475688934326,0.0705338716506958,1.9324136972427368
1,id_block2_h36_seed0,9402,small_full,1,right,1,0.9993647933006288,1.0374213457107544,1.197981357574463,0.1605600118637085,1.0374213457107544
1,id_block2_h36_seed0,9404,small_full,4,backward,1,0.9978341460227966,0.8595207333564758,0.982618510723114,0.1230977773666381,0.8595207333564758
1,id_block2_h36_seed0,9405,small_full,4,backward,1,0.9776272773742676,1.0738252401351929,1.1511062383651731,0.0772809982299804,1.0738252401351929
1,id_block2_h36_seed0,9406,small_full,3,forward,1,0.9999595880508424,1.6275657415390017,1.8411611318588257,0.2135953903198242,1.6275657415390017
1,id_block2_h36_seed0,9407,small_full,3,forward,1,0.9775213003158568,1.4955836534500122,1.5815677642822266,0.0859841108322143,1.4955836534500122
1,id_block2_h36_seed0,9409,small_full,4,backward,1,0.9999401569366456,1.3100237846374512,1.5049934387207031,0.1949696540832519,1.3100237846374512
1,id_block2_h36_seed0,9410,small_full,2,left,1,0.9999501705169678,1.7795909643173218,1.977795958518982,0.1982049942016601,1.7795909643173218
1,id_block2_h36_seed0,9411,small_full,4,backward,1,0.9955838322639464,0.8819856643676758,0.991847813129425,0.1098621487617492,0.8819856643676758
1,id_block2_h36_seed0,9412,small_full,1,right,1,0.9998239874839784,1.3321341276168823,1.5201939344406128,0.1880598068237304,1.3321341276168823
1,id_block2_h36_seed0,9413,small_full,1,right,1,0.999385952949524,1.0001484155654907,1.1549228429794312,0.1547744274139404,1.0001484155654907
1,id_block2_h36_seed0,9415,small_full,3,forward,1,0.999864935874939,1.82746696472168,2.0089187622070312,0.1814517974853515,1.82746696472168
1,id_block2_h36_seed0,9416,small_full,2,left,1,0.9956940412521362,0.9641499519348145,1.0831881761550903,0.1190382242202758,0.9641499519348145
1,id_block2_h36_seed0,9417,small_full,2,left,1,0.99974125623703,2.2341463565826416,2.399599075317383,0.1654527187347412,2.2341463565826416
1,id_block2_h36_seed0,9419,small_full,4,backward,1,0.9997335076332092,1.1313732862472534,1.298945426940918,0.1675721406936645,1.1313732862472534
1,id_block2_h36_seed0,9421,small_full,3,forward,1,0.8680524230003357,1.7248249053955078,1.7625056505203247,0.0376807451248168,1.7248249053955078
1,id_block2_h36_seed0,9422,small_full,1,right,1,0.995989978313446,1.942408561706543,2.059081792831421,0.1166732311248779,1.942408561706543
1,id_block2_h36_seed0,9424,small_full,2,left,1,0.998513638973236,1.4440345764160156,1.5774202346801758,0.1333856582641601,1.4440345764160156
1,id_block2_h36_seed0,9425,small_full,3,forward,1,0.999992609024048,0.9164397120475768,1.1697098016738892,0.2532700896263122,0.9164397120475768
1,id_block2_h36_seed0,9426,small_full,1,right,1,0.9987358450889589,1.3220586776733398,1.4578485488891602,0.1357898712158203,1.3220586776733398
1,id_block2_h36_seed0,9428,small_full,2,left,1,0.9889875054359436,1.9396272897720337,2.029609441757202,0.0899821519851684,1.9396272897720337
1,id_block2_h36_seed0,9429,small_full,3,forward,1,0.999991536140442,1.920661449432373,2.159271478652954,0.238610029220581,1.920661449432373
1,id_block2_h36_seed0,9430,small_full,1,right,1,0.9363159537315368,1.9637774229049685,2.0177125930786133,0.053935170173645,1.9637774229049685
1,id_block2_h36_seed0,9431,small_full,4,backward,1,0.9988662004470824,1.359955668449402,1.5004234313964844,0.1404677629470825,1.359955668449402
1,id_block2_h36_seed0,9432,small_full,2,left,1,0.9402021765708924,2.164396047592163,2.2195699214935303,0.0551738739013671,2.164396047592163
1,id_block2_h36_seed0,9433,small_full,4,backward,1,0.9996243715286256,0.8062499165534973,0.967909336090088,0.1616594195365905,0.8062499165534973
1,id_block2_h36_seed0,9434,small_full,2,left,1,0.9950696229934692,1.8850212097167969,1.99124813079834,0.1062269210815429,1.8850212097167969
1,id_block2_h36_seed0,9435,small_full,2,left,1,0.577978789806366,1.912559509277344,1.919092059135437,0.0065325498580932,1.912559509277344
1,id_block2_h36_seed0,9436,small_full,2,left,1,0.9917198419570924,2.2100982666015625,2.3058125972747803,0.0957143306732177,2.2100982666015625
1,id_block2_h36_seed0,9437,small_full,4,backward,1,0.99400395154953,1.0133801698684692,1.11758291721344,0.1042027473449707,1.0133801698684692
1,id_block2_h36_seed0,9438,small_full,2,left,1,0.9997542500495912,0.9987336993217468,1.1706823110580444,0.1719486117362976,0.9987336993217468
1,id_block2_h36_seed0,9439,small_full,1,right,1,0.9992758631706238,1.13859224319458,1.300127625465393,0.161535382270813,1.13859224319458
1,id_block2_h36_seed0,9440,small_full,4,backward,1,0.9981990456581116,1.1070170402526855,1.2379149198532104,0.1308978796005249,1.1070170402526855
1,id_block2_h36_seed0,9441,small_full,2,left,1,0.9998406171798706,0.9637419581413268,1.1494256258010864,0.1856836676597595,0.9637419581413268
1,id_block2_h36_seed0,9442,small_full,1,right,1,0.9998762607574464,1.6028980016708374,1.782889723777771,0.1799917221069336,1.6028980016708374
1,id_block2_h36_seed0,9443,small_full,3,forward,1,0.999512791633606,1.8736687898635864,2.0477640628814697,0.1740952730178833,1.8736687898635864
1,id_block2_h36_seed0,9444,small_full,2,left,1,0.9993497729301452,0.9128403663635254,1.0634266138076782,0.1505862474441528,0.9128403663635254
1,id_block2_h36_seed0,9445,small_full,2,left,1,0.9986652135849,0.9941849708557128,1.1377460956573486,0.1435611248016357,0.9941849708557128
1,id_block2_h36_seed0,9446,small_full,2,left,1,0.9993263483047484,1.013823628425598,1.1613744497299194,0.1475508213043213,1.013823628425598
1,id_block2_h36_seed0,9448,small_full,1,right,1,0.5360991954803467,1.4730602502822876,1.480343461036682,0.0072832107543945,1.4730602502822876
1,id_block2_h36_seed0,9449,small_full,3,forward,1,0.9996834993362428,0.7961432933807373,0.9716647267341614,0.175521433353424,0.7961432933807373
1,id_block2_h36_seed0,9450,small_full,4,backward,1,0.9939445853233336,1.457605242729187,1.5606051683425903,0.1029999256134033,1.457605242729187
1,id_block2_h36_seed0,9453,small_full,1,right,1,0.9807729721069336,1.4078301191329956,1.4991031885147097,0.0912730693817138,1.4078301191329956
1,id_block2_h36_seed0,9454,small_full,3,forward,1,0.9995380640029908,0.8013277649879456,0.9645547866821288,0.1632270216941833,0.8013277649879456
1,id_block2_h36_seed0,9455,small_full,1,right,1,0.9935351610183716,1.1234301328659058,1.2299150228500366,0.1064848899841308,1.1234301328659058
1,id_block2_h36_seed0,9457,small_full,3,forward,1,0.9999830722808838,1.2884879112243652,1.5118036270141602,0.2233157157897949,1.2884879112243652
1,id_block2_h36_seed0,9458,small_full,1,right,1,0.999842405319214,1.0548356771469116,1.23408305644989,0.1792473793029785,1.0548356771469116
1,id_block2_h36_seed0,9459,small_full,1,right,1,0.9849454164505004,1.94818913936615,2.033488273620605,0.0852991342544555,1.94818913936615
1,id_block2_h36_seed0,9460,small_full,4,backward,1,0.9921688437461852,1.3533101081848145,1.4518327713012695,0.098522663116455,1.3533101081848145
1,id_block2_h36_seed0,9461,small_full,1,right,1,0.9998494386672974,1.064577579498291,1.2560943365097046,0.1915167570114135,1.064577579498291
1,id_block2_h36_seed0,9462,small_full,1,right,1,0.9994401335716248,1.3288120031356812,1.4866456985473633,0.1578336954116821,1.3288120031356812
1,id_block2_h36_seed0,9463,small_full,3,forward,1,0.9994908571243286,0.8719719052314758,1.0379756689071655,0.1660037636756897,0.8719719052314758
1,id_block2_h36_seed0,9465,small_full,3,forward,1,0.9975735545158386,1.618531346321106,1.7391599416732788,0.1206285953521728,1.618531346321106
1,id_block2_h36_seed0,9466,small_full,4,backward,1,0.9977595806121826,0.8595207333564758,0.982618510723114,0.1230977773666381,0.8595207333564758
1,id_block2_h36_seed0,9467,small_full,1,right,1,0.9935698509216307,1.108540654182434,1.2214940786361694,0.1129534244537353,1.108540654182434
1,id_block2_h36_seed0,9468,small_full,4,backward,1,0.999277889728546,1.6906543970108032,1.835558295249939,0.1449038982391357,1.6906543970108032
1,id_block2_h36_seed0,9469,small_full,2,left,1,0.9660806655883788,2.414836883544922,2.487244844436645,0.0724079608917236,2.414836883544922
1,id_block2_h36_seed0,9470,small_full,1,right,1,0.9975137710571288,1.07611083984375,1.2063742876052856,0.1302634477615356,1.07611083984375
1,id_block2_h36_seed0,9471,small_full,3,forward,1,0.9983720183372498,0.7707816958427429,0.9128080010414124,0.1420263051986694,0.7707816958427429
1,id_block2_h36_seed0,9472,small_full,1,right,1,0.999700665473938,1.054705262184143,1.2355881929397583,0.1808829307556152,1.054705262184143
1,id_block2_h36_seed0,9474,small_full,1,right,1,0.9994469285011292,1.8448477983474727,1.997635006904602,0.1527872085571289,1.8448477983474727
1,id_block2_h36_seed0,9475,small_full,2,left,1,0.9929412603378296,1.3863531351089478,1.5022372007369995,0.1158840656280517,1.3863531351089478
1,id_block2_h36_seed0,9476,small_full,2,left,1,0.9977626800537108,2.2078425884246826,2.330580234527588,0.1227376461029052,2.2078425884246826
1,id_block2_h36_seed0,9477,small_full,3,forward,1,0.9846991896629332,0.8111953735351562,0.906539261341095,0.0953438878059387,0.8111953735351562
1,id_block2_h36_seed0,9478,small_full,2,left,1,0.9995388984680176,1.2103838920593262,1.3644918203353882,0.154107928276062,1.2103838920593262
1,id_block2_h36_seed0,9479,small_full,3,forward,1,0.9983134269714355,0.827233612537384,0.9674274921417236,0.1401938796043396,0.827233612537384
1,id_block2_h36_seed0,9480,small_full,4,backward,1,0.99680757522583,1.5687055587768557,1.6858034133911133,0.1170978546142578,1.5687055587768557
1,id_block2_h36_seed0,9481,small_full,3,forward,1,0.9992984533309937,0.843632161617279,0.9957687258720398,0.1521365642547607,0.843632161617279
1,id_block2_h36_seed0,9482,small_full,3,forward,1,0.998063623905182,0.7305302619934082,0.8630549311637878,0.1325246691703796,0.7305302619934082
1,id_block2_h36_seed0,9483,small_full,2,left,1,0.9998316764831544,0.9821956753730774,1.157910704612732,0.1757150292396545,0.9821956753730774
1,id_block2_h36_seed0,9484,small_full,4,backward,1,0.9999845027923584,0.8525872826576233,1.079679250717163,0.2270919680595398,0.8525872826576233
1,id_block2_h36_seed0,9485,small_full,2,left,1,0.9999680519104004,0.9161658883094788,1.1358327865600586,0.2196668982505798,0.9161658883094788
1,id_block2_h36_seed0,9486,small_full,4,backward,1,0.96634042263031,1.6527830362319946,1.7264474630355835,0.0736644268035888,1.6527830362319946
1,id_block2_h36_seed0,9487,small_full,4,backward,1,0.9999991655349731,1.0794249773025513,1.3733049631118774,0.2938799858093261,1.0794249773025513
1,id_block2_h36_seed0,9488,small_full,1,right,1,0.9997228980064392,1.072300910949707,1.2507134675979614,0.1784125566482544,1.072300910949707
1,id_block2_h36_seed0,9489,small_full,4,backward,1,0.9994922876358032,0.8578413128852844,1.0125116109848022,0.1546702980995178,0.8578413128852844
1,id_block2_h36_seed0,9490,small_full,1,right,1,0.999794900417328,2.087381362915039,2.2621209621429443,0.1747395992279052,2.087381362915039
1,id_block2_h36_seed0,9492,small_full,1,right,1,0.999129831790924,1.0902851819992063,1.2352174520492554,0.1449322700500488,1.0902851819992063
1,id_block2_h36_seed0,9493,small_full,4,backward,1,0.9997246861457824,1.4759575128555298,1.651492714881897,0.1755352020263672,1.4759575128555298
1,id_block2_h36_seed0,9494,small_full,4,backward,1,0.9999831914901732,0.7872174382209778,1.012047290802002,0.2248298525810241,0.7872174382209778
1,id_block2_h36_seed0,9496,small_full,3,forward,1,0.9998643398284912,1.5044819116592407,1.6943340301513672,0.1898521184921264,1.5044819116592407
1,id_block2_h36_seed0,9498,small_full,2,left,1,0.9999359846115112,1.7692384719848633,1.975364327430725,0.2061258554458618,1.7692384719848633
1,id_block2_h36_seed0,9500,small_full,3,forward,1,0.9999516010284424,0.947003185749054,1.1491841077804563,0.2021809220314026,0.947003185749054
1,id_block2_h36_seed0,9501,small_full,4,backward,1,0.9955346584320068,1.6016788482666016,1.70988130569458,0.1082024574279785,1.6016788482666016
1,id_block2_h36_seed0,9502,small_full,1,right,1,0.9672605991363524,1.88910448551178,1.9574228525161743,0.0683183670043945,1.88910448551178
1,id_block2_h36_seed0,9503,small_full,2,left,1,0.9998051524162292,0.9456279277801514,1.1170679330825806,0.1714400053024292,0.9456279277801514
1,id_block2_h36_seed0,9504,small_full,4,backward,1,0.9999699592590332,1.5107240676879885,1.7214456796646118,0.2107216119766235,1.5107240676879885
1,id_block2_h36_seed0,9505,small_full,4,backward,1,0.7531861066818237,1.0400404930114746,1.082760453224182,0.0427199602127075,1.0400404930114746
1,id_block2_h36_seed0,9506,small_full,1,right,1,0.9991037249565125,1.061514973640442,1.2151926755905151,0.1536777019500732,1.061514973640442
1,id_block2_h36_seed0,9508,small_full,1,right,0,0.8065200448036194,1.2437989711761477,1.28867506980896,0.0448760986328125,1.2942739725112915
1,id_block2_h36_seed0,9510,small_full,2,left,1,0.9995869994163512,1.037273645401001,1.1942002773284912,0.1569266319274902,1.037273645401001
1,id_block2_h36_seed0,9511,small_full,2,left,1,0.9997835755348206,1.0709155797958374,1.2454630136489868,0.1745474338531494,1.0709155797958374
1,id_block2_h36_seed0,9512,small_full,2,left,1,0.9988070726394652,1.624600529670715,1.7593473196029663,0.1347467899322509,1.624600529670715
1,id_block2_h36_seed0,9513,small_full,4,backward,1,0.9999791383743286,1.090656280517578,1.3237148523330688,0.2330585718154907,1.090656280517578
1,id_block2_h36_seed0,9514,small_full,2,left,1,0.8646745085716248,1.9714196920394895,2.0086681842803955,0.0372484922409057,1.9714196920394895
1,id_block2_h36_seed0,9515,small_full,2,left,1,0.9999953508377076,1.7795909643173218,2.0326313972473145,0.2530404329299927,1.7795909643173218
1,id_block2_h36_seed0,9516,small_full,4,backward,1,0.9997305274009703,1.1586052179336548,1.3302448987960815,0.1716396808624267,1.1586052179336548
1,id_block2_h36_seed0,9517,small_full,1,right,1,0.9829504489898682,1.7925348281860352,1.8755526542663572,0.0830178260803222,1.7925348281860352
1,id_block2_h36_seed0,9518,small_full,3,forward,1,0.9999903440475464,0.9868239760398864,1.2323516607284546,0.2455276846885681,0.9868239760398864
1,id_block2_h36_seed0,9520,small_full,4,backward,1,0.99912828207016,0.8071880340576172,0.9497823119163512,0.1425942778587341,0.8071880340576172
1,id_block2_h36_seed0,9521,small_full,3,forward,1,0.9972579479217528,1.929810881614685,2.048656702041626,0.1188458204269409,1.929810881614685
1,id_block2_h36_seed0,9522,small_full,3,forward,1,0.9998599290847778,1.5168312788009644,1.697077393531799,0.1802461147308349,1.5168312788009644
1,id_block2_h36_seed0,9523,small_full,4,backward,1,0.9999959468841552,0.95649653673172,1.2051326036453247,0.2486360669136047,0.95649653673172
1,id_block2_h36_seed0,9525,small_full,3,forward,1,0.999963402748108,0.8695583343505859,1.0848088264465332,0.2152504920959472,0.8695583343505859
1,id_block2_h36_seed0,9526,small_full,4,backward,1,0.9999929666519164,0.8873682022094727,1.1261199712753296,0.2387517690658569,0.8873682022094727
1,id_block2_h36_seed0,9527,small_full,3,forward,1,0.9997603297233582,1.0434139966964722,1.219910740852356,0.1764967441558838,1.0434139966964722
1,id_block2_h36_seed0,9529,small_full,1,right,1,0.998130738735199,1.0122822523117063,1.151702642440796,0.1394203901290893,1.0122822523117063
1,id_block2_h36_seed0,9530,small_full,2,left,1,0.993323028087616,1.4953827857971191,1.6029218435287476,0.1075390577316284,1.4953827857971191
1,id_block2_h36_seed0,9531,small_full,2,left,1,0.9999808073043824,1.0038598775863647,1.2311053276062012,0.2272454500198364,1.0038598775863647
1,id_block2_h36_seed0,9532,small_full,3,forward,1,0.999619483947754,1.903908371925354,2.06170392036438,0.1577955484390258,1.903908371925354
1,id_block2_h36_seed0,9533,small_full,2,left,1,0.996117353439331,1.1652140617370603,1.2837073802947998,0.1184933185577392,1.1652140617370603
1,id_block2_h36_seed0,9535,small_full,1,right,1,0.9999306201934814,1.206154227256775,1.409210205078125,0.2030559778213501,1.206154227256775
1,id_block2_h36_seed0,9536,small_full,1,right,1,0.9998784065246582,1.1625477075576782,1.3538070917129517,0.1912593841552734,1.1625477075576782
1,id_block2_h36_seed0,9537,small_full,3,forward,1,0.9995774626731871,1.594742774963379,1.7535409927368164,0.1587982177734375,1.594742774963379
1,id_block2_h36_seed0,9538,small_full,3,forward,1,0.9966442584991456,1.8446388244628904,1.9717477560043333,0.1271089315414428,1.8446388244628904
1,id_block2_h36_seed0,9539,small_full,1,right,1,0.9807868599891664,1.7382389307022097,1.8206292390823364,0.0823903083801269,1.7382389307022097
1,id_block2_h36_seed0,9541,small_full,2,left,1,0.9976215958595276,0.828496515750885,0.9591750502586364,0.1306785345077514,0.828496515750885
1,id_block2_h36_seed0,9542,small_full,4,backward,1,0.9995096921920776,0.8946090340614319,1.0488611459732056,0.1542521119117736,0.8946090340614319
1,id_block2_h36_seed0,9543,small_full,3,forward,1,0.9973978996276855,1.5644069910049438,1.6959657669067385,0.1315587759017944,1.5644069910049438
1,id_block2_h36_seed0,9544,small_full,2,left,1,0.956035017967224,1.861559510231018,1.92689847946167,0.0653389692306518,1.861559510231018
1,id_block2_h36_seed0,9545,small_full,4,backward,1,0.9948095083236694,0.9316570162773132,1.0434068441390991,0.1117498278617858,0.9316570162773132
1,id_block2_h36_seed0,9546,small_full,2,left,1,0.999232053756714,0.8842141628265381,1.0340512990951538,0.1498371362686157,0.8842141628265381
1,id_block2_h36_seed0,9547,small_full,4,backward,1,0.9999966621398926,0.9415490031242372,1.1988483667373655,0.2572993636131286,0.9415490031242372
1,id_block2_h36_seed0,9548,small_full,2,left,1,0.9999489784240724,2.1555938720703125,2.359582901000977,0.203989028930664,2.1555938720703125
1,id_block2_h36_seed0,9549,small_full,1,right,1,0.9995957016944884,1.0302890539169312,1.2053121328353882,0.175023078918457,1.0302890539169312
1,id_block2_h36_seed0,9550,small_full,4,backward,1,0.987271010875702,1.636010766029358,1.7235487699508667,0.0875380039215087,1.636010766029358
1,id_block2_h36_seed0,9551,small_full,3,forward,1,0.9999194145202636,0.8628344535827637,1.0545552968978882,0.1917208433151245,0.8628344535827637
1,id_block2_h36_seed0,9553,small_full,4,backward,1,0.9997366070747375,1.3100237846374512,1.479884147644043,0.1698603630065918,1.3100237846374512
1,id_block2_h36_seed0,9556,small_full,1,right,1,0.9986200332641602,0.9561972618103028,1.0880228281021118,0.131825566291809,0.9561972618103028
1,id_block2_h36_seed0,9558,small_full,3,forward,1,0.999997615814209,1.738121509552002,2.0055415630340576,0.2674200534820556,1.738121509552002
1,id_block2_h36_seed0,9559,small_full,4,backward,1,0.9997881054878236,0.8970919251441956,1.0764187574386597,0.1793268322944641,0.8970919251441956
1,id_block2_h36_seed0,9560,small_full,1,right,1,0.9987794756889344,1.062484860420227,1.207372784614563,0.1448879241943359,1.062484860420227
1,id_block2_h36_seed0,9561,small_full,1,right,1,0.9713993072509766,1.072067379951477,1.15627920627594,0.0842118263244628,1.072067379951477
1,id_block2_h36_seed0,9562,small_full,2,left,1,0.9946812987327576,2.465925455093384,2.571795463562012,0.1058700084686279,2.465925455093384
1,id_block2_h36_seed0,9563,small_full,3,forward,1,0.9973675608634948,1.6024404764175415,1.7322959899902344,0.1298555135726928,1.6024404764175415
1,id_block2_h36_seed0,9564,small_full,2,left,1,0.998506247997284,1.024849772453308,1.1594082117080688,0.1345584392547607,1.024849772453308
1,id_block2_h36_seed0,9565,small_full,3,forward,1,0.9997923970222472,0.7622939944267273,0.9429476857185364,0.180653691291809,0.7622939944267273
1,id_block2_h36_seed0,9566,small_full,4,backward,1,0.9958717226982116,1.2662043571472168,1.3761686086654663,0.1099642515182495,1.2662043571472168
1,id_block2_h36_seed0,9567,small_full,3,forward,1,0.99847012758255,0.9755439162254332,1.1162906885147097,0.1407467722892761,0.9755439162254332
1,id_block2_h36_seed0,9568,small_full,1,right,1,0.9989712238311768,1.1234301328659058,1.2640079259872437,0.1405777931213379,1.1234301328659058
1,id_block2_h36_seed0,9570,small_full,4,backward,1,0.9999774694442748,0.8573113083839417,1.0761301517486572,0.2188188433647155,0.8573113083839417
1,id_block2_h36_seed0,9572,small_full,4,backward,1,0.9935951828956604,1.2960563898086548,1.3969696760177612,0.1009132862091064,1.2960563898086548
1,id_block2_h36_seed0,9573,small_full,4,backward,1,0.9994138479232788,1.4775446653366089,1.6267446279525757,0.1491999626159668,1.4775446653366089
1,id_block2_h36_seed0,9574,small_full,1,right,1,0.9996098875999452,0.993809700012207,1.167972207069397,0.1741625070571899,0.993809700012207
1,id_block2_h36_seed0,9575,small_full,4,backward,1,0.9994474053382874,1.3885835409164429,1.5429624319076538,0.1543788909912109,1.3885835409164429
1,id_block2_h36_seed0,9576,small_full,4,backward,1,0.9995362758636476,1.3848958015441897,1.5457528829574585,0.160857081413269,1.3848958015441897
1,id_block2_h36_seed0,9577,small_full,4,backward,1,0.9996576309204102,1.5321301221847534,1.6919288635253906,0.1597987413406372,1.5321301221847534
1,id_block2_h36_seed0,9578,small_full,2,left,1,0.999256670475006,0.9729027152061462,1.1289851665496826,0.1560824513435363,0.9729027152061462
1,id_block2_h36_seed0,9579,small_full,3,forward,1,0.9991555213928224,0.8123908042907715,0.9675343036651612,0.1551434993743896,0.8123908042907715
1,id_block2_h36_seed0,9580,small_full,4,backward,1,0.9998855590820312,0.8701000213623047,1.0679222345352173,0.1978222131729126,0.8701000213623047
1,id_block2_h36_seed0,9581,small_full,2,left,1,0.999215602874756,1.0689719915390017,1.228553056716919,0.1595810651779174,1.0689719915390017
1,id_block2_h36_seed0,9582,small_full,1,right,1,0.9998506307601928,1.0547670125961304,1.2421293258666992,0.1873623132705688,1.0547670125961304
1,id_block2_h36_seed0,9583,small_full,3,forward,1,0.999749720096588,1.5335975885391235,1.7156299352645874,0.1820323467254638,1.5335975885391235
1,id_block2_h36_seed0,9584,small_full,1,right,1,0.998572587966919,1.8740237951278689,2.006291151046753,0.1322673559188842,1.8740237951278689
1,id_block2_h36_seed0,9585,small_full,4,backward,1,0.9990261793136596,0.9095107913017272,1.058279514312744,0.1487687230110168,0.9095107913017272
1,id_block2_h36_seed0,9587,small_full,2,left,1,0.937696099281311,1.862273097038269,1.9175888299942017,0.0553157329559326,1.862273097038269
1,id_block2_h36_seed0,9588,small_full,2,left,1,0.9998030066490172,0.9033846259117126,1.0821983814239502,0.1788137555122375,0.9033846259117126
1,id_block2_h36_seed0,9589,small_full,1,right,1,0.999118149280548,1.5508884191513062,1.6965328454971311,0.1456444263458252,1.5508884191513062
1,id_block2_h36_seed0,9590,small_full,1,right,1,0.9510056972503662,2.1885194778442383,2.247842788696289,0.0593233108520507,2.1885194778442383
1,id_block2_h36_seed0,9591,small_full,3,forward,1,0.9996851682662964,1.4932161569595337,1.674966812133789,0.1817506551742553,1.4932161569595337
1,id_block2_h36_seed0,9592,small_full,2,left,1,0.9072157740592957,2.1541688442230225,2.213486433029175,0.0593175888061523,2.1541688442230225
1,id_block2_h36_seed0,9593,small_full,2,left,1,0.9984890222549438,0.8443900942802429,0.9843681454658508,0.1399780511856079,0.8443900942802429
1,id_block2_h36_seed0,9594,small_full,3,forward,1,0.9999903440475464,0.8157827258110046,1.048812747001648,0.2330300211906433,0.8157827258110046
1,id_block2_h36_seed0,9595,small_full,1,right,1,0.9992762207984924,1.7925348281860352,1.944097876548767,0.1515630483627319,1.7925348281860352
1,id_block2_h36_seed0,9596,small_full,3,forward,1,0.9993705153465272,1.5997391939163208,1.747918725013733,0.1481795310974121,1.5997391939163208
1,id_block2_h36_seed0,9597,small_full,4,backward,1,0.998739778995514,1.3481115102767944,1.492092490196228,0.1439809799194336,1.3481115102767944
1,id_block2_h36_seed0,9598,small_full,3,forward,1,0.8977086544036865,1.5475163459777832,1.607338786125183,0.0598224401473999,1.5475163459777832
1,id_block2_h36_seed0,9599,small_full,1,right,1,0.9998984336853028,1.0547670125961304,1.2524884939193726,0.1977214813232422,1.0547670125961304
1,id_block2_h36_seed0,9600,small_full,4,backward,1,0.9977554678916932,1.3854894638061523,1.5143924951553345,0.1289030313491821,1.3854894638061523
1,id_block2_h36_seed0,9601,small_full,2,left,1,0.9995951056480408,1.88980233669281,2.054640769958496,0.164838433265686,1.88980233669281
1,id_block2_h36_seed0,9602,small_full,4,backward,1,0.6400126218795776,1.4341230392456057,1.4479756355285645,0.0138525962829589,1.4341230392456057
1,id_block2_h36_seed0,9603,small_full,3,forward,1,0.9996803998947144,0.8789226412773132,1.0472679138183594,0.1683452725410461,0.8789226412773132
1,id_block2_h36_seed0,9604,small_full,2,left,1,0.995261013507843,1.9198404550552368,2.0293896198272705,0.1095491647720336,1.9198404550552368
1,id_block2_h36_seed0,9605,small_full,1,right,1,0.982738196849823,2.134258985519409,2.223235845565796,0.0889768600463867,2.134258985519409
1,id_block2_h36_seed0,9606,small_full,1,right,1,0.9997004270553588,1.998796820640564,2.161193609237671,0.1623967885971069,1.998796820640564
1,id_block2_h36_seed0,9607,small_full,2,left,1,0.9998136162757874,1.1466842889785769,1.3385705947875977,0.191886305809021,1.1466842889785769
1,id_block2_h36_seed0,9608,small_full,3,forward,1,0.999573290348053,0.8850822448730469,1.0419467687606812,0.1568645238876342,0.8850822448730469
1,id_block2_h36_seed0,9609,small_full,1,right,1,0.9998601675033568,0.993323564529419,1.1770421266555786,0.1837185621261596,0.993323564529419
1,id_block2_h36_seed0,9610,small_full,4,backward,1,0.9999986886978148,1.4424285888671875,1.7311891317367554,0.2887605428695678,1.4424285888671875
1,id_block2_h36_seed0,9611,small_full,2,left,1,0.8816195130348206,1.8710031509399412,1.911741852760315,0.0407387018203735,1.8710031509399412
1,id_block2_h36_seed0,9612,small_full,2,left,1,0.983628273010254,1.0755720138549805,1.1713123321533203,0.0957403182983398,1.0755720138549805
1,id_block2_h36_seed0,9613,small_full,3,forward,1,0.9977693557739258,1.7565134763717651,1.8790782690048216,0.1225647926330566,1.7565134763717651
1,id_block2_h36_seed0,9615,small_full,1,right,1,0.978586733341217,1.763129711151123,1.842396140098572,0.0792664289474487,1.763129711151123
1,id_block2_h36_seed0,9617,small_full,3,forward,1,0.9979267120361328,0.9116681218147278,1.0462015867233276,0.1345334649085998,0.9116681218147278
1,id_block2_h36_seed0,9618,small_full,4,backward,1,0.9999951124191284,0.8588088154792786,1.109925389289856,0.2511165738105774,0.8588088154792786
1,id_block2_h36_seed0,9620,small_full,4,backward,1,0.9999792575836182,1.04630708694458,1.2640726566314695,0.2177655696868896,1.04630708694458
1,id_block2_h36_seed0,9621,small_full,4,backward,1,0.999901533126831,0.8807094693183899,1.0690940618515017,0.1883845925331115,0.8807094693183899
1,id_block2_h36_seed0,9622,small_full,1,right,1,0.9059904217720032,1.4446525573730469,1.4945746660232544,0.0499221086502075,1.4446525573730469
1,id_block2_h36_seed0,9623,small_full,2,left,1,0.9999901056289672,0.9239756464958192,1.1585144996643066,0.2345388531684875,0.9239756464958192
1,id_block2_h36_seed0,9624,small_full,1,right,1,0.9671698212623596,1.7998987436294556,1.8686362504959104,0.068737506866455,1.7998987436294556
1,id_block2_h36_seed0,9629,small_full,1,right,1,0.8509908318519592,1.6827930212020874,1.7287920713424685,0.0459990501403808,1.6827930212020874
1,id_block2_h36_seed0,9630,small_full,1,right,1,0.9994854927062988,0.882957935333252,1.0457638502120972,0.1628059148788452,0.882957935333252
1,id_block2_h36_seed0,9631,small_full,3,forward,1,0.9997091889381408,1.0433040857315063,1.2103441953659058,0.1670401096343994,1.0433040857315063
1,id_block2_h36_seed0,9632,small_full,1,right,1,0.9718913435935974,1.7489153146743774,1.825127959251404,0.0762126445770263,1.7489153146743774
1,id_block2_h36_seed0,9634,small_full,4,backward,1,0.9998432397842408,0.8634881377220154,1.056222677230835,0.1927345395088195,0.8634881377220154
1,id_block2_h36_seed0,9635,small_full,1,right,1,0.9997304081916808,1.0340722799301147,1.2112153768539429,0.1771430969238281,1.0340722799301147
1,id_block2_h36_seed0,9637,small_full,4,backward,1,0.9999840259552002,1.167648196220398,1.3902016878128052,0.2225534915924072,1.167648196220398
1,id_block2_h36_seed0,9638,small_full,2,left,1,0.996819257736206,2.216362237930298,2.331575393676758,0.1152131557464599,2.216362237930298
1,id_block2_h36_seed0,9639,small_full,1,right,1,0.9996057152748108,1.0241049528121948,1.1810818910598757,0.1569769382476806,1.0241049528121948
1,id_block2_h36_seed0,9640,small_full,3,forward,1,0.9999258518218994,0.9883561730384828,1.1922646760940552,0.2039085030555725,0.9883561730384828
1,id_block2_h36_seed0,9642,small_full,4,backward,1,0.9992495179176332,1.5019220113754272,1.6459379196166992,0.1440159082412719,1.5019220113754272
1,id_block2_h36_seed0,9644,small_full,3,forward,1,0.9999395608901978,0.8796629309654236,1.0750492811203003,0.1953863501548767,0.8796629309654236
1,id_block2_h36_seed0,9645,small_full,1,right,1,0.9939419627189636,2.134258985519409,2.2370824813842773,0.1028234958648681,2.134258985519409
1,id_block2_h36_seed0,9646,small_full,1,right,1,0.9990637898445128,0.9796552062034608,1.1303917169570925,0.1507365107536316,0.9796552062034608
1,id_block2_h36_seed0,9647,small_full,3,forward,1,0.9759494066238404,1.902948975563049,1.977102279663086,0.0741533041000366,1.902948975563049
1,id_block2_h36_seed0,9648,small_full,4,backward,1,0.9998695850372314,0.8061477541923523,0.9885780215263368,0.1824302673339843,0.8061477541923523
1,id_block2_h36_seed0,9649,small_full,3,forward,1,0.9984306693077089,1.8008989095687866,1.93903911113739,0.1381402015686035,1.8008989095687866
1,id_block2_h36_seed0,9650,small_full,2,left,1,0.9993817806243896,2.164396047592163,2.32129168510437,0.156895637512207,2.164396047592163
1,id_block2_h36_seed0,9651,small_full,3,forward,1,0.9998244643211364,0.8058328032493591,0.9818925261497498,0.1760597229003906,0.8058328032493591
1,id_block2_h36_seed0,9653,small_full,4,backward,1,0.9999918937683104,1.393478512763977,1.6305149793624878,0.2370364665985107,1.393478512763977
1,id_block2_h36_seed0,9655,small_full,1,right,1,0.9701952338218688,1.2540541887283323,1.323722243309021,0.0696680545806884,1.2540541887283323
1,id_block2_h36_seed0,9656,small_full,2,left,1,0.9995667338371276,2.025651216506958,2.183992624282837,0.1583414077758789,2.025651216506958
1,id_block2_h36_seed0,9658,small_full,2,left,1,0.9996421337127686,1.62765634059906,1.7883602380752563,0.1607038974761963,1.62765634059906
1,id_block2_h36_seed0,9659,small_full,3,forward,1,0.999891996383667,1.062266826629639,1.2644861936569214,0.2022193670272827,1.062266826629639
1,id_block2_h36_seed0,9660,small_full,1,right,1,0.8805131316184998,1.9335904121398928,1.973760008811951,0.0401695966720581,1.9335904121398928
1,id_block2_h36_seed0,9661,small_full,3,forward,1,0.9999675750732422,0.8988272547721863,1.1179684400558472,0.2191411852836609,0.8988272547721863
1,id_block2_h36_seed0,9662,small_full,4,backward,1,0.9993283748626708,1.27824866771698,1.4244316816329956,0.1461830139160156,1.27824866771698
1,id_block2_h36_seed0,9664,small_full,1,right,1,0.9999964237213136,1.1711961030960083,1.4340057373046875,0.2628096342086792,1.1711961030960083
1,id_block2_h36_seed0,9666,small_full,2,left,1,0.9956403970718384,1.3863531351089478,1.5022372007369995,0.1158840656280517,1.3863531351089478
1,id_block2_h36_seed0,9668,small_full,1,right,1,0.9998630285263062,1.6028980016708374,1.782889723777771,0.1799917221069336,1.6028980016708374
1,id_block2_h36_seed0,9669,small_full,2,left,1,0.9989939332008362,1.0568681955337524,1.2050790786743164,0.1482108831405639,1.0568681955337524
1,id_block2_h36_seed0,9670,small_full,1,right,1,0.997267723083496,1.1158267259597778,1.238830327987671,0.123003602027893,1.1158267259597778
1,id_block2_h36_seed0,9671,small_full,1,right,1,0.9954832792282104,1.0682324171066284,1.1764590740203855,0.1082266569137573,1.0682324171066284
1,id_block2_h36_seed0,9673,small_full,3,forward,1,0.9963070154190063,0.7869558334350586,0.9014243483543396,0.114468514919281,0.7869558334350586
1,id_block2_h36_seed0,9675,small_full,4,backward,1,0.999030590057373,1.2019480466842651,1.3407068252563477,0.1387587785720825,1.2019480466842651
1,id_block2_h36_seed0,9676,small_full,2,left,1,0.9509620070457458,1.9202455282211304,1.9852901697158811,0.0650446414947509,1.9202455282211304
1,id_block2_h36_seed0,9678,small_full,4,backward,1,0.9872065782546996,1.457605242729187,1.5606051683425903,0.1029999256134033,1.457605242729187
1,id_block2_h36_seed0,9679,small_full,2,left,1,0.980394721031189,1.1572189331054688,1.250331997871399,0.0931130647659301,1.1572189331054688
1,id_block2_h36_seed0,9680,small_full,2,left,1,0.9999330043792723,0.8821597099304199,1.0793150663375854,0.1971553564071655,0.8821597099304199
1,id_block2_h36_seed0,9681,small_full,2,left,1,0.9946474432945251,1.1403427124023438,1.2462882995605469,0.1059455871582031,1.1403427124023438
1,id_block2_h36_seed0,9682,small_full,2,left,1,0.9998284578323364,0.9359068870544434,1.1103862524032593,0.1744793653488159,0.9359068870544434
1,id_block2_h36_seed0,9684,small_full,2,left,1,0.9957226514816284,1.2230374813079834,1.3326069116592407,0.1095694303512573,1.2230374813079834
1,id_block2_h36_seed0,9685,small_full,3,forward,1,0.9997697472572328,1.7779359817504885,1.9469047784805296,0.1689687967300415,1.7779359817504885
1,id_block2_h36_seed0,9686,small_full,2,left,1,0.9993465542793274,1.887279391288757,2.037782669067383,0.1505032777786255,1.887279391288757
1,id_block2_h36_seed0,9687,small_full,4,backward,1,0.9962615370750428,0.9841800332069396,1.1178792715072632,0.1336992383003235,0.9841800332069396
1,id_block2_h36_seed0,9688,small_full,3,forward,1,0.9999970197677612,0.9043739438056946,1.1677675247192385,0.2633935809135437,0.9043739438056946
1,id_block2_h36_seed0,9689,small_full,2,left,1,0.999425172805786,1.5970826148986816,1.7481194734573364,0.1510368585586547,1.5970826148986816
1,id_block2_h36_seed0,9690,small_full,2,left,1,0.9919216632843018,1.0070942640304563,1.1123011112213137,0.1052068471908569,1.0070942640304563
1,id_block2_h36_seed0,9691,small_full,4,backward,1,0.9997161030769348,0.94626122713089,1.1111458539962769,0.1648846268653869,0.94626122713089
1,id_block2_h36_seed0,9693,small_full,2,left,1,0.9939217567443848,1.3331753015518188,1.4476362466812134,0.1144609451293945,1.3331753015518188
1,id_block2_h36_seed0,9697,small_full,2,left,1,0.9997510313987732,0.918738067150116,1.0934196710586548,0.1746816039085388,0.918738067150116
1,id_block2_h36_seed0,9698,small_full,1,right,1,0.9899123311042786,1.5083016157150269,1.6004037857055664,0.0921021699905395,1.5083016157150269
1,id_block2_h36_seed0,9699,small_full,4,backward,1,0.9996355772018432,1.5293704271316528,1.6941763162612915,0.1648058891296386,1.5293704271316528
1,id_block2_h36_seed0,9700,small_full,1,right,1,0.970346450805664,2.0174155235290527,2.0872747898101807,0.0698592662811279,2.0174155235290527
1,id_block2_h36_seed0,9701,small_full,3,forward,1,0.9368451237678528,1.3800147771835327,1.4359031915664673,0.0558884143829345,1.3800147771835327
1,id_block2_h36_seed0,9702,small_full,2,left,1,0.9999350309371948,1.1111078262329102,1.3091208934783936,0.1980130672454834,1.1111078262329102
1,id_block2_h36_seed0,9703,small_full,4,backward,1,0.9801145195961,1.1813126802444458,1.2742213010787964,0.0929086208343505,1.1813126802444458
1,id_block2_h36_seed0,9704,small_full,2,left,1,0.990056037902832,1.8446779251098635,1.9453994035720823,0.1007214784622192,1.8446779251098635
1,id_block2_h36_seed0,9705,small_full,4,backward,1,0.999994158744812,0.9622209072113036,1.2063626050949097,0.2441416978836059,0.9622209072113036
1,id_block2_h36_seed0,9706,small_full,1,right,1,0.9969364404678344,1.6143966913223269,1.732017159461975,0.1176204681396484,1.6143966913223269
1,id_block2_h36_seed0,9707,small_full,1,right,1,0.9999241828918456,1.8246145248413088,2.017129182815552,0.1925146579742431,1.8246145248413088
1,id_block2_h36_seed0,9708,small_full,4,backward,1,0.9995402097702026,1.5107240676879885,1.664603590965271,0.1538795232772827,1.5107240676879885
1,id_block2_h36_seed0,9710,small_full,3,forward,1,0.996720016002655,1.6179620027542114,1.7324517965316772,0.1144897937774658,1.6179620027542114
1,id_block2_h36_seed0,9711,small_full,3,forward,1,0.9999656677246094,1.0502837896347046,1.2728627920150757,0.2225790023803711,1.0502837896347046
1,id_block2_h36_seed0,9712,small_full,1,right,1,0.9984147548675536,1.029720425605774,1.1592847108840942,0.1295642852783203,1.029720425605774
1,id_block2_h36_seed0,9713,small_full,3,forward,1,0.998465657234192,1.6024404764175415,1.7322959899902344,0.1298555135726928,1.6024404764175415
1,id_block2_h36_seed0,9716,small_full,4,backward,1,0.9740627408027648,1.0738252401351929,1.1511062383651731,0.0772809982299804,1.0738252401351929
1,id_block2_h36_seed0,9717,small_full,4,backward,1,0.9991325736045836,0.9468402862548828,1.0963867902755735,0.1495465040206909,0.9468402862548828
1,id_block2_h36_seed0,9718,small_full,3,forward,1,0.9865363240242004,1.4955836534500122,1.5815677642822266,0.0859841108322143,1.4955836534500122
1,id_block2_h36_seed0,9719,small_full,3,forward,1,0.9979711174964904,0.843632161617279,0.9711828231811525,0.1275506615638733,0.843632161617279
1,id_block2_h36_seed0,9720,small_full,4,backward,1,0.9999479055404664,0.9934599995613098,1.1925727128982544,0.1991127133369445,0.9934599995613098
1,id_block2_h36_seed0,9721,small_full,1,right,1,0.9998781681060792,1.775638222694397,1.9577040672302248,0.1820658445358276,1.775638222694397
1,id_block2_h36_seed0,9723,small_full,2,left,1,0.9995823502540588,2.005647897720337,2.1613614559173584,0.1557135581970214,2.005647897720337
1,id_block2_h36_seed0,9724,small_full,1,right,1,0.9486955404281616,2.059861421585083,2.126761674880981,0.0669002532958984,2.059861421585083
1,id_block2_h36_seed0,9725,small_full,3,forward,1,0.9997958540916444,1.062266826629639,1.2380012273788452,0.1757344007492065,1.062266826629639
1,id_block2_h36_seed0,9726,small_full,3,forward,1,0.990908145904541,1.4894620180130005,1.592781662940979,0.1033196449279785,1.4894620180130005
1,id_block2_h36_seed0,9727,small_full,1,right,1,0.999954342842102,1.1648935079574585,1.3785864114761353,0.2136929035186767,1.1648935079574585
1,id_block2_h36_seed0,9728,small_full,1,right,1,0.9942435622215272,1.6558631658554075,1.7710851430892944,0.1152219772338867,1.6558631658554075
1,id_block2_h36_seed0,9729,small_full,2,left,1,0.998890459537506,1.2094351053237915,1.3470454216003418,0.1376103162765503,1.2094351053237915
1,id_block2_h36_seed0,9730,small_full,3,forward,1,0.9999264478683472,0.8173491358757019,1.018412470817566,0.201063334941864,0.8173491358757019
1,id_block2_h36_seed0,9731,small_full,1,right,1,0.9985840320587158,1.0855016708374023,1.2217345237731934,0.136232852935791,1.0855016708374023
1,id_block2_h36_seed0,9732,small_full,3,forward,1,0.9701871871948242,1.2052611112594604,1.277323842048645,0.0720627307891845,1.2052611112594604
1,id_block2_h36_seed0,9733,small_full,2,left,1,0.9877211451530457,1.5232090950012207,1.6194062232971191,0.0961971282958984,1.5232090950012207
1,id_block2_h36_seed0,9734,small_full,1,right,1,0.9966034889221193,2.199502468109131,2.313469409942627,0.1139669418334961,2.199502468109131
1,id_block2_h36_seed0,9735,small_full,1,right,1,0.9998946189880372,1.5767598152160645,1.764756679534912,0.1879968643188476,1.5767598152160645
1,id_block2_h36_seed0,9736,small_full,4,backward,1,0.9998175501823424,0.9535395503044128,1.139083743095398,0.1855441927909851,0.9535395503044128
1,id_block2_h36_seed0,9737,small_full,3,forward,1,0.978587567806244,1.0784543752670288,1.1586607694625854,0.0802063941955566,1.0784543752670288
1,id_block2_h36_seed0,9738,small_full,4,backward,1,0.9995744824409484,0.8074766993522644,0.9758446216583252,0.1683679223060608,0.8074766993522644
1,id_block2_h36_seed0,9739,small_full,3,forward,1,0.9990322589874268,0.8254375457763672,0.969155490398407,0.1437179446220398,0.8254375457763672
1,id_block2_h36_seed0,9740,small_full,1,right,1,0.9999581575393676,0.946441888809204,1.1510238647460938,0.2045819759368896,0.946441888809204
1,id_block2_h36_seed0,9741,small_full,1,right,1,0.9999542236328124,0.9869112968444824,1.1904983520507812,0.2035870552062988,0.9869112968444824
1,id_block2_h36_seed0,9742,small_full,2,left,1,0.9997459053993224,0.918738067150116,1.0934196710586548,0.1746816039085388,0.918738067150116
1,id_block2_h36_seed0,9745,small_full,4,backward,1,0.999925136566162,0.9326232075691224,1.1374990940093994,0.2048758864402771,0.9326232075691224
1,id_block2_h36_seed0,9747,small_full,4,backward,1,0.99983811378479,1.3537977933883667,1.530514359474182,0.1767165660858154,1.3537977933883667
1,id_block2_h36_seed0,9750,small_full,2,left,1,0.9999260902404784,1.0351017713546753,1.2298707962036133,0.194769024848938,1.0351017713546753
1,id_block2_h36_seed0,9751,small_full,4,backward,1,0.9996310472488404,1.2444018125534058,1.4102354049682615,0.1658335924148559,1.2444018125534058
1,id_block2_h36_seed0,9752,small_full,2,left,1,0.998862624168396,0.9501054883003236,1.0893080234527588,0.1392025351524353,0.9501054883003236
1,id_block2_h36_seed0,9753,small_full,3,forward,1,0.9997877478599548,0.7666049003601074,0.9425680041313172,0.1759631037712097,0.7666049003601074
1,id_block2_h36_seed0,9754,small_full,3,forward,1,0.9970351457595824,1.5475163459777832,1.6803680658340454,0.1328517198562622,1.5475163459777832
1,id_block2_h36_seed0,9755,small_full,3,forward,1,0.9998669624328612,0.9697845578193665,1.1530473232269287,0.1832627654075622,0.9697845578193665
1,id_block2_h36_seed0,9757,small_full,1,right,1,0.9845869541168212,1.9053252935409544,1.988574862480164,0.0832495689392089,1.9053252935409544
1,id_block2_h36_seed0,9758,small_full,3,forward,1,0.9999854564666748,1.0434139966964722,1.2713879346847534,0.2279739379882812,1.0434139966964722
1,id_block2_h36_seed0,9759,small_full,3,forward,1,0.9999961853027344,1.1074413061141968,1.3621233701705933,0.2546820640563965,1.1074413061141968
1,id_block2_h36_seed0,9760,small_full,4,backward,1,0.9998140931129456,1.0077587366104126,1.1855593919754028,0.1778006553649902,1.0077587366104126
1,id_block2_h36_seed0,9761,small_full,4,backward,1,0.9872357249259948,1.2053674459457395,1.2923411130905151,0.0869736671447753,1.2053674459457395
1,id_block2_h36_seed0,9762,small_full,3,forward,1,0.9973297119140624,1.592258334159851,1.7155450582504272,0.1232867240905761,1.592258334159851
1,id_block2_h36_seed0,9763,small_full,4,backward,1,0.9999921321868896,0.9323778748512268,1.1693484783172607,0.2369706034660339,0.9323778748512268
1,id_block2_h36_seed0,9764,small_full,4,backward,1,0.9976209998130798,1.6786803007125854,1.799479842185974,0.1207995414733886,1.6786803007125854
1,id_block2_h36_seed0,9765,small_full,2,left,1,0.9871339201927184,0.9757491946220398,1.072745442390442,0.0969962477684021,0.9757491946220398
1,id_block2_h36_seed0,9766,small_full,1,right,1,0.9998953342437744,1.1528486013412476,1.349104404449463,0.1962558031082153,1.1528486013412476
1,id_block2_h36_seed0,9767,small_full,4,backward,1,0.9942195415496826,1.277498722076416,1.3813074827194214,0.1038087606430053,1.277498722076416
1,id_block2_h36_seed0,9768,small_full,4,backward,1,0.9993662238121032,1.4417134523391724,1.5903782844543457,0.1486648321151733,1.4417134523391724
1,id_block2_h36_seed0,9770,small_full,4,backward,1,0.9816980361938475,1.1813126802444458,1.2742213010787964,0.0929086208343505,1.1813126802444458
1,id_block2_h36_seed0,9773,small_full,3,forward,1,0.9999327659606934,0.8048114776611328,1.0097081661224363,0.2048966884613037,0.8048114776611328
1,id_block2_h36_seed0,9774,small_full,4,backward,1,0.9999270439147948,0.9029800295829772,1.100329875946045,0.1973498463630676,0.9029800295829772
1,id_block2_h36_seed0,9775,small_full,1,right,1,0.9587108492851256,0.9744439125061036,1.0416303873062134,0.0671864748001098,0.9744439125061036
1,id_block2_h36_seed0,9776,small_full,4,backward,1,0.9997078776359558,1.5702003240585327,1.7329820394515991,0.1627817153930664,1.5702003240585327
1,id_block2_h36_seed0,9777,small_full,1,right,1,0.9999340772628784,1.2703088521957395,1.4769748449325562,0.2066659927368164,1.2703088521957395
1,id_block2_h36_seed0,9778,small_full,2,left,1,0.9997139573097228,1.3177350759506226,1.481027603149414,0.1632925271987915,1.3177350759506226
1,id_block2_h36_seed0,9779,small_full,2,left,1,0.997444748878479,1.7629575729370115,1.8881984949111936,0.1252409219741821,1.7629575729370115
1,id_block2_h36_seed0,9780,small_full,1,right,1,0.9990369081497192,1.0302890539169312,1.1752715110778809,0.1449824571609497,1.0302890539169312
1,id_block2_h36_seed0,9782,small_full,3,forward,1,0.9948185086250304,1.3565945625305176,1.471571922302246,0.1149773597717285,1.3565945625305176
1,id_block2_h36_seed0,9783,small_full,4,backward,1,0.9990500807762146,1.558497428894043,1.699549674987793,0.14105224609375,1.558497428894043
1,id_block2_h36_seed0,9784,small_full,2,left,1,0.9995352029800416,0.9199743270874025,1.0839190483093262,0.1639447212219238,0.9199743270874025
1,id_block2_h36_seed0,9785,small_full,3,forward,1,0.9999642372131348,0.8493502140045166,1.0570050477981567,0.2076548337936401,0.8493502140045166
1,id_block2_h36_seed0,9786,small_full,4,backward,1,0.9996707439422609,0.9373142123222352,1.1021722555160522,0.1648580431938171,0.9373142123222352
1,id_block2_h36_seed0,9788,small_full,2,left,1,0.9929503202438354,1.9270315170288088,2.0330049991607666,0.105973482131958,1.9270315170288088
1,id_block2_h36_seed0,9789,small_full,4,backward,1,0.996433973312378,1.228762984275818,1.3414607048034668,0.1126977205276489,1.228762984275818
1,id_block2_h36_seed0,9790,small_full,1,right,1,0.999872088432312,0.8845229744911194,1.064876914024353,0.1803539395332336,0.8845229744911194
1,id_block2_h36_seed0,9791,small_full,2,left,1,0.9972741007804872,0.9739010334014891,1.0949041843414309,0.1210031509399414,0.9739010334014891
1,id_block2_h36_seed0,9792,small_full,4,backward,1,0.9999552965164183,1.0960075855255127,1.2976433038711548,0.2016357183456421,1.0960075855255127
1,id_block2_h36_seed0,9793,small_full,1,right,1,0.9999068975448608,1.052674651145935,1.2525416612625122,0.1998670101165771,1.052674651145935
1,id_block2_h36_seed0,9794,small_full,2,left,1,0.9946231842041016,0.8936102986335754,0.9998041987419128,0.1061939001083374,0.8936102986335754
1,id_block2_h36_seed0,9795,small_full,1,right,1,0.9947422742843628,2.0005314350128174,2.1134355068206787,0.1129040718078613,2.0005314350128174
1,id_block2_h36_seed0,9796,small_full,4,backward,1,0.9929878115653992,1.2957549095153809,1.3949931859970093,0.0992382764816284,1.2957549095153809
1,id_block2_h36_seed0,9797,small_full,4,backward,1,0.9999749660491944,0.84259432554245,1.0709654092788696,0.2283710837364196,0.84259432554245
1,id_block2_h36_seed0,9799,small_full,3,forward,1,0.9955251812934875,1.6490730047225952,1.7588386535644531,0.1097656488418579,1.6490730047225952
1,id_block2_h36_seed0,9800,small_full,4,backward,1,0.9998948574066162,1.064231514930725,1.2669533491134644,0.2027218341827392,1.064231514930725
1,id_block2_h36_seed0,9801,small_full,4,backward,1,0.9989938139915466,1.0650246143341064,1.2030963897705078,0.1380717754364013,1.0650246143341064
1,id_block2_h36_seed0,9802,small_full,3,forward,1,0.999573528766632,0.9912152886390686,1.1583901643753052,0.1671748757362365,0.9912152886390686
1,id_block2_h36_seed0,9803,small_full,2,left,1,0.9982069730758668,0.9964556694030762,1.1314301490783691,0.1349744796752929,0.9964556694030762
1,id_block2_h36_seed0,9805,small_full,3,forward,1,0.9841216802597046,1.647293210029602,1.7299509048461914,0.0826576948165893,1.647293210029602
1,id_block2_h36_seed0,9806,small_full,4,backward,1,0.991613507270813,1.6497634649276731,1.7455319166183472,0.0957684516906738,1.6497634649276731
1,id_block2_h36_seed0,9807,small_full,4,backward,1,0.9998400211334229,0.8071880340576172,0.9836124777793884,0.1764244437217712,0.8071880340576172
1,id_block2_h36_seed0,9809,small_full,3,forward,1,0.999936819076538,0.9504716992378236,1.1555880308151243,0.205116331577301,0.9504716992378236
1,id_block2_h36_seed0,9810,small_full,4,backward,1,0.9999983310699464,0.9734511971473694,1.2508856058120728,0.2774344086647033,0.9734511971473694
1,id_block2_h36_seed0,9811,small_full,4,backward,1,0.995676577091217,1.5559860467910769,1.6653847694396973,0.1093987226486206,1.5559860467910769
1,id_block2_h36_seed0,9812,small_full,1,right,1,0.9947518706321716,0.9727818965911864,1.0800646543502808,0.1072827577590942,0.9727818965911864
1,id_block2_h36_seed0,9813,small_full,4,backward,1,0.9999746084213256,0.8951467871665955,1.1177717447280884,0.2226249575614929,0.8951467871665955
1,id_block2_h36_seed0,9814,small_full,2,left,1,0.999749720096588,2.086442708969116,2.2664995193481445,0.1800568103790283,2.086442708969116
1,id_block2_h36_seed0,9815,small_full,3,forward,1,0.9987409710884094,1.9082622528076167,2.041818618774414,0.1335563659667968,1.9082622528076167
1,id_block2_h36_seed0,9816,small_full,1,right,1,0.999981164932251,1.0649333000183103,1.296945571899414,0.2320122718811035,1.0649333000183103
1,id_block2_h36_seed0,9817,small_full,1,right,1,0.9061598181724548,1.0807377099990845,1.1331313848495483,0.0523936748504638,1.0807377099990845
1,id_block2_h36_seed0,9818,small_full,1,right,1,0.9975724816322328,1.062484860420227,1.1949341297149658,0.1324492692947387,1.062484860420227
1,id_block2_h36_seed0,9819,small_full,3,forward,1,0.8162903785705566,1.7749537229537964,1.8057290315628047,0.0307753086090087,1.7749537229537964
1,id_block2_h36_seed0,9820,small_full,3,forward,1,0.9926953315734864,2.0824532508850098,2.18115782737732,0.0987045764923095,2.0824532508850098
1,id_block2_h36_seed0,9821,small_full,4,backward,1,0.9999353885650636,1.366370677947998,1.5738931894302368,0.2075225114822387,1.366370677947998
1,id_block2_h36_seed0,9822,small_full,2,left,1,0.9999866485595704,1.0185593366622925,1.2443636655807495,0.225804328918457,1.0185593366622925
1,id_block2_h36_seed0,9823,small_full,1,right,1,0.9998594522476196,1.064577579498291,1.2560943365097046,0.1915167570114135,1.064577579498291
1,id_block2_h36_seed0,9824,small_full,4,backward,1,0.999990701675415,1.0093064308166504,1.2459392547607422,0.2366328239440918,1.0093064308166504
1,id_block2_h36_seed0,9826,small_full,3,forward,1,0.9999970197677612,1.633356690406799,1.8984454870224,0.2650887966156006,1.633356690406799
1,id_block2_h36_seed0,9827,small_full,3,forward,1,0.9999617338180542,0.7501080632209778,0.9585890769958496,0.2084810137748718,0.7501080632209778
1,id_block2_h36_seed0,9828,small_full,1,right,1,0.9983285069465636,1.984096646308899,2.12045693397522,0.1363602876663208,1.984096646308899
1,id_block2_h36_seed0,9829,small_full,3,forward,1,0.9518657326698304,1.8760191202163696,1.9431419372558596,0.0671228170394897,1.8760191202163696
1,id_block2_h36_seed0,9831,small_full,1,right,1,0.999543070793152,1.0001484155654907,1.1564596891403198,0.1563112735748291,1.0001484155654907
1,id_block2_h36_seed0,9832,small_full,2,left,1,0.9998937845230104,0.9638140797615052,1.1494582891464231,0.1856442093849182,0.9638140797615052
1,id_block2_h36_seed0,9834,small_full,3,forward,1,0.99935644865036,1.8750343322753904,2.036448240280152,0.1614139080047607,1.8750343322753904
1,id_block2_h36_seed0,9835,small_full,1,right,1,0.9999330043792723,1.0382205247879028,1.245974063873291,0.2077535390853881,1.0382205247879028
1,id_block2_h36_seed0,9836,small_full,1,right,1,0.9999407529830932,1.0548356771469116,1.2598419189453125,0.2050062417984008,1.0548356771469116
1,id_block2_h36_seed0,9837,small_full,3,forward,1,0.9990742206573486,0.7869558334350586,0.9403424263000488,0.1533865928649902,0.7869558334350586
1,id_block2_h36_seed0,9838,small_full,4,backward,1,0.9996744394302368,1.4281808137893677,1.5891014337539673,0.1609206199645996,1.4281808137893677
1,id_block2_h36_seed0,9839,small_full,4,backward,1,0.9998723268508912,1.3784502744674685,1.5579935312271118,0.1795432567596435,1.3784502744674685
1,id_block2_h36_seed0,9840,small_full,4,backward,1,0.9999823570251464,0.9062440991401672,1.1267480850219729,0.2205039858818054,0.9062440991401672
1,id_block2_h36_seed0,9841,small_full,3,forward,1,0.9997372031211852,1.0504536628723145,1.2293542623519895,0.1789005994796753,1.0504536628723145
1,id_block2_h36_seed0,9842,small_full,2,left,1,0.9997486472129822,1.027133822441101,1.1962707042694092,0.1691368818283081,1.027133822441101
1,id_block2_h36_seed0,9843,small_full,2,left,1,0.9999669790267944,0.832415759563446,1.0548282861709597,0.2224125266075134,0.832415759563446
1,id_block2_h36_seed0,9844,small_full,1,right,1,0.9993963241577148,1.0098227262496948,1.1590467691421509,0.149224042892456,1.0098227262496948
1,id_block2_h36_seed0,9846,small_full,4,backward,1,0.9897604584693908,0.7872989773750305,0.8802598118782043,0.0929608345031738,0.7872989773750305
1,id_block2_h36_seed0,9847,small_full,2,left,1,0.9999582767486572,2.1411521434783936,2.344439744949341,0.2032876014709472,2.1411521434783936
1,id_block2_h36_seed0,9848,small_full,4,backward,1,0.9998799562454224,0.8061477541923523,0.9885780215263368,0.1824302673339843,0.8061477541923523
1,id_block2_h36_seed0,9849,small_full,1,right,1,0.9179908633232116,1.796890139579773,1.8452030420303345,0.0483129024505615,1.796890139579773
1,id_block2_h36_seed0,9851,small_full,3,forward,1,0.9998300075531006,0.9172040820121764,1.105440974235535,0.1882368922233581,0.9172040820121764
1,id_block2_h36_seed0,9852,small_full,4,backward,1,0.9979010820388794,1.5255018472671509,1.6488431692123413,0.1233413219451904,1.5255018472671509
1,id_block2_h36_seed0,9853,small_full,1,right,1,0.9963948130607604,1.659723877906799,1.7742449045181274,0.1145210266113281,1.659723877906799
1,id_block2_h36_seed0,9854,small_full,2,left,1,0.9998703002929688,0.8443482518196106,1.033139944076538,0.1887916922569275,0.8443482518196106
1,id_block2_h36_seed0,9855,small_full,2,left,1,0.9946146607398988,1.7109127044677734,1.8266998529434204,0.1157871484756469,1.7109127044677734
1,id_block2_h36_seed0,9856,small_full,2,left,1,0.9984246492385864,0.9295336604118348,1.0679028034210205,0.1383691430091858,0.9295336604118348
1,id_block2_h36_seed0,9857,small_full,2,left,1,0.9987806677818298,1.4810727834701538,1.6210036277770996,0.1399308443069458,1.4810727834701538
1,id_block2_h36_seed0,9858,small_full,4,backward,1,0.9992659687995912,1.206811785697937,1.3522672653198242,0.1454554796218872,1.206811785697937
1,id_block2_h36_seed0,9859,small_full,4,backward,1,0.9999954700469972,0.8276510238647461,1.0753282308578491,0.247677206993103,0.8276510238647461
1,id_block2_h36_seed0,9861,small_full,1,right,1,0.9394847750663756,1.865728497505188,1.921113133430481,0.0553846359252929,1.865728497505188
1,id_block2_h36_seed0,9862,small_full,4,backward,1,0.9989101886749268,1.2322529554367063,1.3715893030166626,0.139336347579956,1.2322529554367063
1,id_block2_h36_seed0,9864,small_full,4,backward,1,0.9983518123626708,1.452494978904724,1.5818754434585571,0.129380464553833,1.452494978904724
1,id_block2_h36_seed0,9865,small_full,3,forward,1,0.9999914169311525,1.7195802927017212,1.9605131149291992,0.240932822227478,1.7195802927017212
1,id_block2_h36_seed0,9866,small_full,2,left,1,0.9998067021369934,0.9363753199577332,1.1169737577438354,0.1805984377861023,0.9363753199577332
1,id_block2_h36_seed0,9868,small_full,4,backward,1,0.9995694756507874,0.7586254477500916,0.9235650897026062,0.1649396419525146,0.7586254477500916
1,id_block2_h36_seed0,9869,small_full,3,forward,1,0.9999498128890992,0.9868239760398864,1.198802828788757,0.2119788527488708,0.9868239760398864
1,id_block2_h36_seed0,9870,small_full,2,left,1,0.9803904294967652,1.0495142936706543,1.140836238861084,0.0913219451904296,1.0495142936706543
1,id_block2_h36_seed0,9871,small_full,4,backward,1,0.9999310970306396,0.8050379753112793,1.0012482404708862,0.1962102651596069,0.8050379753112793
1,id_block2_h36_seed0,9872,small_full,4,backward,1,0.999195635318756,0.7872989773750305,0.9308708310127258,0.1435718536376953,0.7872989773750305
1,id_block2_h36_seed0,9874,small_full,1,right,1,0.9983400106430054,1.072300910949707,1.202433466911316,0.1301325559616089,1.072300910949707
1,id_block2_h36_seed0,9875,small_full,4,backward,1,0.9999958276748656,1.0352967977523804,1.299877405166626,0.2645806074142456,1.0352967977523804
1,id_block2_h36_seed0,9876,small_full,1,right,1,0.9999614953994752,0.9098278880119324,1.117346167564392,0.2075182795524597,0.9098278880119324
1,id_block2_h36_seed0,9877,small_full,2,left,1,0.9763945937156676,1.7648305892944336,1.8400799036026,0.0752493143081665,1.7648305892944336
1,id_block2_h36_seed0,9878,small_full,2,left,1,0.992434859275818,1.3576048612594604,1.4685732126235962,0.1109683513641357,1.3576048612594604
1,id_block2_h36_seed0,9879,small_full,4,backward,1,0.9989922642707824,1.7730579376220703,1.911070466041565,0.1380125284194946,1.7730579376220703
1,id_block2_h36_seed0,9880,small_full,2,left,1,0.9996310472488404,0.9689428210258484,1.1277800798416138,0.1588372588157653,0.9689428210258484
1,id_block2_h36_seed0,9881,small_full,3,forward,1,0.990134060382843,1.699162483215332,1.8040677309036253,0.1049052476882934,1.699162483215332
1,id_block2_h36_seed0,9882,small_full,4,backward,1,0.9998693466186525,1.1456571817398071,1.328365921974182,0.182708740234375,1.1456571817398071
1,id_block2_h36_seed0,9883,small_full,2,left,1,0.9968210458755492,2.216362237930298,2.331575393676758,0.1152131557464599,2.216362237930298
1,id_block2_h36_seed0,9884,small_full,4,backward,1,0.9982428550720216,0.7992839813232422,0.9266130328178406,0.1273290514945984,0.7992839813232422
1,id_block2_h36_seed0,9885,small_full,3,forward,1,0.9966849684715272,1.83539617061615,1.950918793678284,0.1155226230621337,1.83539617061615
1,id_block2_h36_seed0,9886,small_full,4,backward,1,0.9996931552886964,1.7261343002319336,1.8879221677780151,0.1617878675460815,1.7261343002319336
1,id_block2_h36_seed0,9887,small_full,2,left,1,0.9999030828475952,0.9220163226127625,1.1192501783370972,0.1972338557243347,0.9220163226127625
1,id_block2_h36_seed0,9888,small_full,4,backward,1,0.9951100945472716,1.5398740768432615,1.6467384099960327,0.106864333152771,1.5398740768432615
1,id_block2_h36_seed0,9889,small_full,2,left,1,0.999953269958496,1.19383704662323,1.394358515739441,0.2005214691162109,1.19383704662323
1,id_block2_h36_seed0,9890,small_full,1,right,1,0.9997124075889589,0.9439446330070496,1.1319056749343872,0.1879610419273376,0.9439446330070496
1,id_block2_h36_seed0,9891,small_full,2,left,1,0.9923495054244996,1.2371981143951416,1.3348894119262695,0.0976912975311279,1.2371981143951416
1,id_block2_h36_seed0,9892,small_full,2,left,1,0.9919291734695436,0.972829043865204,1.0716243982315063,0.0987953543663024,0.972829043865204
1,id_block2_h36_seed0,9894,small_full,3,forward,1,0.9964093565940856,0.8372153639793396,0.9540849328041076,0.116869568824768,0.8372153639793396
1,id_block2_h36_seed0,9895,small_full,1,right,1,0.999761998653412,1.5579665899276731,1.725782036781311,0.1678154468536377,1.5579665899276731
1,id_block2_h36_seed0,9896,small_full,1,right,1,0.9994993209838868,2.002436637878418,2.158575773239136,0.1561391353607177,2.002436637878418
1,id_block2_h36_seed0,9897,small_full,3,forward,1,0.9988800883293152,1.7619527578353882,1.905060887336731,0.1431081295013427,1.7619527578353882
1,id_block2_h36_seed0,9898,small_full,1,right,1,0.997694194316864,1.579501032829285,1.7041015625,0.1246005296707153,1.579501032829285
1,id_block2_h36_seed0,9899,small_full,3,forward,1,0.9962869882583618,1.73212468624115,1.849777579307556,0.1176528930664062,1.73212468624115
1,id_block2_h36_seed0,9901,small_full,4,backward,1,0.999992847442627,0.867365837097168,1.1132997274398804,0.2459338903427124,0.867365837097168
1,id_block2_h36_seed0,9902,small_full,3,forward,1,0.9999654293060304,1.104056715965271,1.3291045427322388,0.2250478267669677,1.104056715965271
1,id_block2_h36_seed0,9903,small_full,3,forward,1,0.9998362064361572,0.6407870650291443,0.8321704864501953,0.191383421421051,0.6407870650291443
1,id_block2_h36_seed0,9904,small_full,2,left,1,0.9907147884368896,1.0495142936706543,1.1457228660583496,0.0962085723876953,1.0495142936706543
1,id_block2_h36_seed0,9905,small_full,3,forward,1,0.9956989288330078,1.5044819116592407,1.614069581031799,0.1095876693725586,1.5044819116592407
1,id_block2_h36_seed0,9906,small_full,1,right,1,0.9854228496551514,1.2460285425186155,1.3383299112319946,0.0923013687133789,1.2460285425186155
1,id_block2_h36_seed0,9908,small_full,4,backward,1,0.9999290704727172,0.8573113083839417,1.0496035814285278,0.1922922730445861,0.8573113083839417
1,id_block2_h36_seed0,9909,small_full,1,right,1,0.9997411370277404,1.0001484155654907,1.1805216073989868,0.1803731918334961,1.0001484155654907
1,id_block2_h36_seed0,9910,small_full,4,backward,1,0.99954754114151,0.911466121673584,1.0789963006973269,0.1675301790237426,0.911466121673584
1,id_block2_h36_seed0,9912,small_full,4,backward,1,0.9998112320899964,1.128217101097107,1.3093836307525637,0.1811665296554565,1.128217101097107
1,id_block2_h36_seed0,9913,small_full,3,forward,1,0.9800490140914916,1.8370362520217896,1.915729522705078,0.0786932706832885,1.8370362520217896
1,id_block2_h36_seed0,9914,small_full,3,forward,1,0.8322180509567261,1.1539008617401123,1.186623454093933,0.0327225923538208,1.1539008617401123
1,id_block2_h36_seed0,9915,small_full,4,backward,1,0.999991774559021,0.95649653673172,1.2051326036453247,0.2486360669136047,0.95649653673172
1,id_block2_h36_seed0,9916,small_full,2,left,1,0.9997441172599792,1.5970826148986816,1.7666441202163696,0.169561505317688,1.5970826148986816
1,id_block2_h36_seed0,9917,small_full,1,right,1,0.9886444807052612,1.865728497505188,1.955193400382996,0.0894649028778076,1.865728497505188
1,id_block2_h36_seed0,9918,small_full,2,left,1,0.999557077884674,0.9507712721824646,1.1062110662460327,0.1554397940635681,0.9507712721824646
1,id_block2_h36_seed0,9919,small_full,2,left,1,0.9999063014984132,0.9638140797615052,1.1514880657196045,0.1876739859580993,0.9638140797615052
1,id_block2_h36_seed0,9920,small_full,3,forward,1,0.9895066618919371,2.023608684539795,2.1145594120025635,0.0909507274627685,2.023608684539795
1,id_block2_h36_seed0,9921,small_full,2,left,1,0.9990283250808716,0.8778631687164307,1.0254846811294556,0.1476215124130249,0.8778631687164307
1,id_block2_h36_seed0,9922,small_full,1,right,1,0.999763548374176,1.5508884191513062,1.727766990661621,0.1768785715103149,1.5508884191513062
1,id_block2_h36_seed0,9923,small_full,1,right,1,0.9996457099914552,0.8892132639884949,1.0554097890853882,0.1661965250968933,0.8892132639884949
1,id_block2_h36_seed0,9924,small_full,4,backward,1,0.9995635151863098,1.602031707763672,1.7729355096817017,0.1709038019180297,1.602031707763672
1,id_block2_h36_seed0,9926,small_full,4,backward,1,0.9994856119155884,1.4334959983825684,1.5849415063858032,0.1514455080032348,1.4334959983825684
1,id_block2_h36_seed0,9927,small_full,2,left,1,0.9999603033065796,0.9130501747131348,1.1188406944274902,0.2057905197143554,0.9130501747131348
1,id_block2_h36_seed0,9928,small_full,3,forward,1,0.9999291896820068,1.7570050954818726,1.960837960243225,0.2038328647613525,1.7570050954818726
1,id_block2_h36_seed0,9929,small_full,2,left,1,0.999916672706604,1.0682568550109863,1.2568825483322144,0.188625693321228,1.0682568550109863
1,id_block2_h36_seed0,9930,small_full,1,right,1,0.9998821020126344,1.120751976966858,1.3047990798950195,0.1840471029281616,1.120751976966858
1,id_block2_h36_seed0,9931,small_full,3,forward,1,0.9991450309753418,1.2484194040298462,1.391354203224182,0.1429347991943359,1.2484194040298462
1,id_block2_h36_seed0,9932,small_full,3,forward,1,0.9855530858039856,1.3800147771835327,1.4818087816238403,0.1017940044403076,1.3800147771835327
1,id_block2_h36_seed0,9933,small_full,3,forward,1,0.9999896287918092,1.6802736520767212,1.9235109090805051,0.2432372570037841,1.6802736520767212
1,id_block2_h36_seed0,9934,small_full,4,backward,1,0.9997323155403136,1.465300440788269,1.631009578704834,0.1657091379165649,1.465300440788269
1,id_block2_h36_seed0,9935,small_full,1,right,1,0.9999678134918212,1.2703088521957395,1.480574607849121,0.2102657556533813,1.2703088521957395
1,id_block2_h36_seed0,9936,small_full,4,backward,1,0.9999862909317015,0.8831167221069336,1.126168966293335,0.2430522441864013,0.8831167221069336
1,id_block2_h36_seed0,9938,small_full,2,left,1,0.9999678134918212,1.0796037912368774,1.2941431999206543,0.2145394086837768,1.0796037912368774
1,id_block2_h36_seed0,9939,small_full,4,backward,1,0.9999499320983888,1.2628357410430908,1.4661191701889038,0.203283429145813,1.2628357410430908
1,id_block2_h36_seed0,9940,small_full,2,left,1,0.9988226294517516,1.068289279937744,1.2115987539291382,0.143309473991394,1.068289279937744
1,id_block2_h36_seed0,9942,small_full,4,backward,1,0.9982120990753174,1.569437861442566,1.7041248083114624,0.1346869468688964,1.569437861442566
1,id_block2_h36_seed0,9943,small_full,4,backward,1,0.9611522555351256,1.5398740768432615,1.60666024684906,0.0667861700057983,1.5398740768432615
1,id_block2_h36_seed0,9945,small_full,2,left,1,0.9997658133506776,0.9316018223762512,1.1016902923583984,0.1700884699821472,0.9316018223762512
1,id_block2_h36_seed0,9948,small_full,3,forward,1,0.9998179078102112,1.8428226709365845,2.027171850204468,0.1843491792678833,1.8428226709365845
1,id_block2_h36_seed0,9950,small_full,4,backward,1,0.9995077848434448,1.5107240676879885,1.664603590965271,0.1538795232772827,1.5107240676879885
1,id_block2_h36_seed0,9951,small_full,2,left,1,0.9998277425765992,0.9821956753730774,1.157910704612732,0.1757150292396545,0.9821956753730774
1,id_block2_h36_seed0,9952,small_full,1,right,1,0.9997962117195128,1.0213826894760132,1.2001829147338867,0.1788002252578735,1.0213826894760132
1,id_block2_h36_seed0,9953,small_full,3,forward,1,0.9999037981033324,0.8277688026428223,1.0276108980178833,0.199842095375061,0.8277688026428223
1,id_block2_h36_seed0,9954,small_full,1,right,1,0.9998251795768738,0.978435754776001,1.1656980514526367,0.1872622966766357,0.978435754776001
1,id_block2_h36_seed0,9955,small_full,1,right,1,0.9997240900993348,0.9561972618103028,1.1212161779403689,0.1650189161300659,0.9561972618103028
1,id_block2_h36_seed0,9956,small_full,1,right,1,0.9999451637268066,0.8656737208366394,1.07511568069458,0.2094419598579406,0.8656737208366394
1,id_block2_h36_seed0,9957,small_full,3,forward,1,0.9996802806854248,1.9171686172485352,2.079472541809082,0.1623039245605468,1.9171686172485352
1,id_block2_h36_seed0,9958,small_full,4,backward,1,0.999948501586914,1.064231514930725,1.2666778564453125,0.2024463415145874,1.064231514930725
1,id_block2_h36_seed0,9959,small_full,4,backward,1,0.9997591376304626,0.8826091289520264,1.056471824645996,0.1738626956939697,0.8826091289520264
1,id_block2_h36_seed0,9961,small_full,3,forward,1,0.9999632835388184,1.0188335180282593,1.2291589975357056,0.2103254795074463,1.0188335180282593
1,id_block2_h36_seed0,9962,small_full,4,backward,1,0.9999821186065674,0.9104740023612976,1.147753357887268,0.2372793555259704,0.9104740023612976
1,id_block2_h36_seed0,9963,small_full,1,right,1,0.999395489692688,0.910630702972412,1.0589505434036257,0.1483198404312133,0.910630702972412
1,id_block2_h36_seed0,9965,small_full,1,right,1,0.9999268054962158,1.921429991722107,2.131300926208496,0.2098709344863891,1.921429991722107
1,id_block2_h36_seed0,9966,small_full,4,backward,1,0.9999109506607056,0.8823451995849609,1.0700761079788208,0.1877309083938598,0.8823451995849609
1,id_block2_h36_seed0,9967,small_full,2,left,1,0.9938538074493408,1.3863531351089478,1.5022372007369995,0.1158840656280517,1.3863531351089478
1,id_block2_h36_seed0,9968,small_full,2,left,1,0.999951958656311,0.9363753199577332,1.139703392982483,0.2033280730247497,0.9363753199577332
1,id_block2_h36_seed0,9971,small_full,3,forward,1,0.9994367957115172,1.0059841871261597,1.1681458950042725,0.1621617078781128,1.0059841871261597
1,id_block2_h36_seed0,9972,small_full,4,backward,1,0.9991870522499084,1.5321301221847534,1.6852049827575684,0.1530748605728149,1.5321301221847534
1,id_block2_h36_seed0,9973,small_full,3,forward,1,0.9998422861099244,0.8583102226257324,1.0466896295547483,0.1883794069290161,0.8583102226257324
1,id_block2_h36_seed0,9975,small_full,1,right,1,0.9975957274436952,1.579501032829285,1.712959885597229,0.1334588527679443,1.579501032829285
1,id_block2_h36_seed0,9976,small_full,3,forward,1,0.9998840093612672,1.0188335180282593,1.2049330472946167,0.1860995292663574,1.0188335180282593
1,id_block2_h36_seed0,9977,small_full,3,forward,1,0.9997871518135072,0.8281397819519043,1.0071648359298706,0.1790250539779663,0.8281397819519043
1,id_block2_h36_seed0,9978,small_full,3,forward,1,0.995439887046814,1.7219380140304563,1.8297189474105835,0.1077809333801269,1.7219380140304563
1,id_block2_h36_seed0,9979,small_full,1,right,1,0.9982386827468872,1.881828784942627,2.0088493824005127,0.1270205974578857,1.881828784942627
1,id_block2_h36_seed0,9980,small_full,2,left,1,0.9996767044067384,2.797222137451172,2.9623019695281982,0.1650798320770263,2.797222137451172
1,id_block2_h36_seed0,9981,small_full,2,left,1,0.994692862033844,2.1293232440948486,2.2355077266693115,0.1061844825744628,2.1293232440948486
1,id_block2_h36_seed0,9982,small_full,1,right,1,0.9486396312713624,1.4730602502822876,1.5502104759216309,0.0771502256393432,1.4730602502822876
1,id_block2_h36_seed0,9984,small_full,3,forward,1,0.9999825954437256,0.8046693205833435,1.0366253852844238,0.2319560647010803,0.8046693205833435
1,id_block2_h36_seed0,9985,small_full,1,right,1,0.999984622001648,0.9098278880119324,1.1437982320785522,0.2339703440666198,0.9098278880119324
1,id_block2_h36_seed0,9986,small_full,3,forward,1,0.9999758005142212,0.8087670207023621,1.0226236581802368,0.2138566374778747,0.8087670207023621
1,id_block2_h36_seed0,9987,small_full,4,backward,1,0.9957347512245178,0.7622688412666321,0.8716780543327332,0.109409213066101,0.7622688412666321
1,id_block2_h36_seed0,9988,small_full,1,right,1,0.999800980091095,1.0399914979934692,1.2179213762283323,0.1779298782348632,1.0399914979934692
1,id_block2_h36_seed0,9989,small_full,2,left,1,0.996618390083313,1.6905622482299805,1.8075422048568728,0.116979956626892,1.6905622482299805
1,id_block2_h36_seed0,9990,small_full,2,left,1,0.8839982748031616,1.3333438634872437,1.3859901428222656,0.0526462793350219,1.3333438634872437
1,id_block2_h36_seed0,9992,small_full,3,forward,1,0.999987244606018,0.748866617679596,0.9868533611297609,0.2379867434501648,0.748866617679596
1,id_block2_h36_seed0,9993,small_full,1,right,1,0.9999587535858154,1.7688924074172974,1.9713338613510127,0.2024414539337158,1.7688924074172974
1,id_block2_h36_seed0,9994,small_full,1,right,1,0.9982975125312804,1.057207703590393,1.187396764755249,0.1301890611648559,1.057207703590393
1,id_block2_h36_seed0,9995,small_full,1,right,1,0.9999572038650512,1.1406902074813845,1.353476881980896,0.2127866744995117,1.1406902074813845
1,id_block2_h36_seed0,9996,small_full,4,backward,1,0.9998356103897096,0.970344066619873,1.158192753791809,0.187848687171936,0.970344066619873
1,id_block2_h36_seed0,9997,small_full,4,backward,1,0.999646544456482,1.3303860425949097,1.4893735647201538,0.1589875221252441,1.3303860425949097
1,id_block2_h36_seed0,9998,small_full,4,backward,1,0.8881682753562927,1.7021002769470217,1.744127631187439,0.0420273542404174,1.7021002769470217
1,id_block2_h36_seed0,9999,small_full,1,right,1,0.9998924732208252,1.029720425605774,1.2160881757736206,0.1863677501678466,1.029720425605774
1,id_block2_h36_seed0,9000,full,1,right,1,0.9995593428611756,0.7934797406196594,0.9619736075401306,0.1684938669204712,0.7934797406196594
1,id_block2_h36_seed0,9001,full,1,right,1,0.9998401403427124,0.550370454788208,0.7367423176765442,0.1863718628883361,0.550370454788208
1,id_block2_h36_seed0,9002,full,1,right,1,0.9997891783714294,0.432896226644516,0.604972779750824,0.1720765531063079,0.432896226644516
1,id_block2_h36_seed0,9003,full,4,backward,1,0.999891996383667,0.3116133213043213,0.5122166275978088,0.2006033062934875,0.3116133213043213
1,id_block2_h36_seed0,9004,full,3,forward,1,0.95699942111969,1.107401967048645,1.1723700761795044,0.0649681091308593,1.107401967048645
1,id_block2_h36_seed0,9005,full,4,backward,1,0.9882038831710817,0.9765665531158448,1.0671766996383667,0.0906101465225219,0.9765665531158448
1,id_block2_h36_seed0,9006,full,3,forward,1,0.9994854927062988,0.4725652635097503,0.6246841549873352,0.1521188914775848,0.4725652635097503
1,id_block2_h36_seed0,9007,full,2,left,1,0.9921795129776,0.8983446955680847,0.9960153698921204,0.0976706743240356,0.8983446955680847
1,id_block2_h36_seed0,9008,full,2,left,1,0.9988574981689452,0.4087671041488647,0.5549350380897522,0.1461679339408874,0.4087671041488647
1,id_block2_h36_seed0,9009,full,3,forward,1,0.9998639822006226,0.4666841030120849,0.6594882011413574,0.1928040981292724,0.4666841030120849
1,id_block2_h36_seed0,9010,full,3,forward,1,0.9998390674591064,0.4430385828018188,0.627177894115448,0.1841393113136291,0.4430385828018188
1,id_block2_h36_seed0,9011,full,2,left,1,0.9999054670333862,0.3847392797470093,0.5825238227844238,0.1977845430374145,0.3847392797470093
1,id_block2_h36_seed0,9012,full,4,backward,1,0.9999673366546632,0.6558943390846252,0.8628494143486023,0.206955075263977,0.6558943390846252
1,id_block2_h36_seed0,9015,full,4,backward,1,0.9998331069946288,0.4999050199985504,0.6770968437194824,0.177191823720932,0.4999050199985504
1,id_block2_h36_seed0,9016,full,1,right,1,0.9986385703086852,1.284593939781189,1.417591214179993,0.1329972743988037,1.284593939781189
1,id_block2_h36_seed0,9017,full,2,left,1,0.9998480081558228,0.4705102741718292,0.650567352771759,0.1800570785999298,0.4705102741718292
1,id_block2_h36_seed0,9018,full,2,left,1,0.999843955039978,0.3929074704647064,0.580132007598877,0.1872245371341705,0.3929074704647064
1,id_block2_h36_seed0,9019,full,2,left,1,0.9987758994102478,0.6009114384651184,0.7398830056190491,0.1389715671539306,0.6009114384651184
1,id_block2_h36_seed0,9020,full,2,left,1,0.9999065399169922,1.232024908065796,1.4183244705200195,0.1862995624542236,1.232024908065796
1,id_block2_h36_seed0,9021,full,4,backward,1,0.9999239444732666,0.547204315662384,0.7413894534111023,0.1941851377487182,0.547204315662384
1,id_block2_h36_seed0,9024,full,1,right,1,0.9999948740005492,0.3864292204380035,0.638974666595459,0.2525454461574554,0.3864292204380035
1,id_block2_h36_seed0,9026,full,2,left,1,0.9920118451118468,1.1825190782546997,1.279433250427246,0.0969141721725463,1.1825190782546997
1,id_block2_h36_seed0,9029,full,1,right,1,0.9999715089797974,0.4161849915981293,0.6336240172386169,0.2174390256404876,0.4161849915981293
1,id_block2_h36_seed0,9030,full,2,left,1,0.9990994930267334,0.9117889404296876,1.0610491037368774,0.1492601633071899,0.9117889404296876
1,id_block2_h36_seed0,9031,full,2,left,1,0.9801454544067384,1.3955522775650024,1.4772783517837524,0.08172607421875,1.3955522775650024
1,id_block2_h36_seed0,9032,full,3,forward,1,0.9961650371551514,1.2627387046813965,1.3821245431900024,0.1193858385086059,1.2627387046813965
1,id_block2_h36_seed0,9036,full,1,right,1,0.999462068080902,1.048823356628418,1.1994434595108032,0.1506201028823852,1.048823356628418
1,id_block2_h36_seed0,9037,full,2,left,1,0.99974924325943,0.3901387751102447,0.5599124431610107,0.169773668050766,0.3901387751102447
1,id_block2_h36_seed0,9038,full,4,backward,1,0.9999561309814452,0.499097466468811,0.7083609700202942,0.2092635035514831,0.499097466468811
1,id_block2_h36_seed0,9041,full,3,forward,1,0.9997422099113464,0.5812618136405945,0.7564682960510254,0.1752064824104309,0.5812618136405945
1,id_block2_h36_seed0,9042,full,1,right,1,0.9947295784950256,1.662721037864685,1.7694350481033323,0.1067140102386474,1.662721037864685
1,id_block2_h36_seed0,9043,full,4,backward,1,0.9999511241912842,0.5623671412467957,0.7695261836051941,0.2071590423583984,0.5623671412467957
1,id_block2_h36_seed0,9045,full,1,right,1,0.995944082736969,2.3896703720092773,2.503739595413208,0.1140692234039306,2.3896703720092773
1,id_block2_h36_seed0,9046,full,1,right,1,0.9993578791618348,0.469015508890152,0.6279770731925964,0.1589615643024444,0.469015508890152
1,id_block2_h36_seed0,9048,full,2,left,1,0.9998202919960022,0.9696558117866516,1.1488033533096311,0.1791475415229797,0.9696558117866516
1,id_block2_h36_seed0,9049,full,2,left,1,0.999806821346283,1.505566120147705,1.6776498556137085,0.1720837354660034,1.505566120147705
1,id_block2_h36_seed0,9050,full,2,left,1,0.9998700618743896,0.4977396428585052,0.6916060447692871,0.1938664019107818,0.4977396428585052
1,id_block2_h36_seed0,9051,full,2,left,1,0.9246858954429626,1.6743841171264648,1.7267392873764038,0.0523551702499389,1.6743841171264648
1,id_block2_h36_seed0,9052,full,3,forward,1,0.9999288320541382,0.4109185636043548,0.6137521862983704,0.2028336226940155,0.4109185636043548
1,id_block2_h36_seed0,9053,full,2,left,1,0.9969925880432128,1.2088899612426758,1.3249726295471191,0.1160826683044433,1.2088899612426758
1,id_block2_h36_seed0,9054,full,2,left,1,0.9996786117553712,0.3205702006816864,0.4893761575222015,0.1688059568405151,0.3205702006816864
1,id_block2_h36_seed0,9055,full,3,forward,1,0.998741090297699,0.4433414041996002,0.584077775478363,0.1407363712787628,0.4433414041996002
1,id_block2_h36_seed0,9056,full,4,backward,1,0.99375182390213,0.3659229278564453,0.4699159562587738,0.1039930284023284,0.3659229278564453
1,id_block2_h36_seed0,9057,full,4,backward,1,0.9997866749763488,0.4631555378437042,0.6401830315589905,0.1770274937152862,0.4631555378437042
1,id_block2_h36_seed0,9060,full,3,forward,1,0.9927440881729126,0.8468644022941589,0.95669823884964,0.1098338365554809,0.8468644022941589
1,id_block2_h36_seed0,9061,full,4,backward,1,0.9999574422836304,0.3116133213043213,0.5207158923149109,0.2091025710105896,0.3116133213043213
1,id_block2_h36_seed0,9062,full,3,forward,1,0.9543046355247498,0.6240439414978027,0.7015438079833984,0.0774998664855957,0.6240439414978027
1,id_block2_h36_seed0,9063,full,2,left,1,0.9990492463111876,2.1859302520751958,2.325606107711792,0.1396758556365966,2.1859302520751958
1,id_block2_h36_seed0,9064,full,4,backward,1,0.999986171722412,0.4201596677303314,0.6474661231040955,0.227306455373764,0.4201596677303314
1,id_block2_h36_seed0,9065,full,4,backward,1,0.9987284541130066,1.0441700220108032,1.178653120994568,0.1344830989837646,1.0441700220108032
1,id_block2_h36_seed0,9066,full,3,forward,1,0.9993007183074952,0.3802342712879181,0.5315527319908142,0.1513184607028961,0.3802342712879181
1,id_block2_h36_seed0,9067,full,2,left,1,0.9985998272895812,0.4372595250606537,0.5733595490455627,0.136100023984909,0.4372595250606537
1,id_block2_h36_seed0,9068,full,2,left,1,0.9998517036437988,0.4426409304141998,0.621173083782196,0.1785321533679962,0.4426409304141998
1,id_block2_h36_seed0,9069,full,2,left,1,0.9996929168701172,0.6356735825538635,0.7987566590309143,0.1630830764770507,0.6356735825538635
1,id_block2_h36_seed0,9070,full,2,left,1,0.9993220567703248,0.965369999408722,1.1188782453536987,0.1535082459449768,0.965369999408722
1,id_block2_h36_seed0,9071,full,1,right,1,0.9998243451118468,0.523737370967865,0.7005116939544678,0.1767743229866027,0.523737370967865
1,id_block2_h36_seed0,9072,full,2,left,1,0.99755859375,0.4555884897708893,0.5919963717460632,0.1364078819751739,0.4555884897708893
1,id_block2_h36_seed0,9073,full,1,right,1,0.9994484782218932,0.4657866954803467,0.6313977837562561,0.1656110882759094,0.4657866954803467
1,id_block2_h36_seed0,9074,full,4,backward,1,0.9999535083770752,0.5086026191711426,0.7110753059387207,0.2024726867675781,0.5086026191711426
1,id_block2_h36_seed0,9075,full,3,forward,1,0.999881386756897,0.4096721708774566,0.5960944890975952,0.1864223182201385,0.4096721708774566
1,id_block2_h36_seed0,9077,full,2,left,1,0.9997228980064392,0.7560043334960938,0.9279451370239258,0.171940803527832,0.7560043334960938
1,id_block2_h36_seed0,9078,full,3,forward,1,0.9865421056747437,1.1221479177474976,1.2186121940612793,0.0964642763137817,1.1221479177474976
1,id_block2_h36_seed0,9079,full,4,backward,1,0.999661922454834,1.1161197423934937,1.276247501373291,0.1601277589797973,1.1161197423934937
1,id_block2_h36_seed0,9080,full,1,right,1,0.9999593496322632,0.385358065366745,0.5908918380737305,0.2055337727069854,0.385358065366745
1,id_block2_h36_seed0,9081,full,1,right,1,0.9999533891677856,0.3941468298435211,0.5980697274208069,0.2039228975772857,0.3941468298435211
1,id_block2_h36_seed0,9082,full,4,backward,1,0.9849171042442322,0.986894190311432,1.0723553895950315,0.0854611992835998,0.986894190311432
1,id_block2_h36_seed0,9086,full,3,forward,1,0.9992757439613342,1.151227355003357,1.2962857484817505,0.1450583934783935,1.151227355003357
1,id_block2_h36_seed0,9087,full,4,backward,1,0.9999951124191284,0.9898260235786438,1.243184208869934,0.2533581852912903,0.9898260235786438
1,id_block2_h36_seed0,9089,full,4,backward,1,0.999629020690918,0.7623137831687927,0.9234461188316344,0.1611323356628418,0.7623137831687927
1,id_block2_h36_seed0,9090,full,1,right,1,0.9999797344207764,1.0355314016342163,1.2579995393753052,0.2224681377410888,1.0355314016342163
1,id_block2_h36_seed0,9091,full,4,backward,1,0.9929094314575196,0.7108970284461975,0.8126751780509949,0.1017781496047973,0.7108970284461975
1,id_block2_h36_seed0,9092,full,2,left,1,0.9983139038085938,1.73092782497406,1.859379768371582,0.1284519433975219,1.73092782497406
1,id_block2_h36_seed0,9093,full,1,right,1,0.9999200105667114,0.621028482913971,0.8126413226127625,0.1916128396987915,0.621028482913971
1,id_block2_h36_seed0,9095,full,4,backward,1,0.9974017143249512,0.9446857571601868,1.0639630556106567,0.1192772984504699,0.9446857571601868
1,id_block2_h36_seed0,9096,full,3,forward,1,0.9985910058021544,0.5757059454917908,0.712242603302002,0.1365366578102111,0.5757059454917908
1,id_block2_h36_seed0,9097,full,1,right,1,0.9942387342453004,1.0647530555725098,1.1683837175369265,0.1036306619644165,1.0647530555725098
1,id_block2_h36_seed0,9099,full,1,right,1,0.9870909452438354,1.553951859474182,1.646349549293518,0.0923976898193359,1.553951859474182
1,id_block2_h36_seed0,9100,full,2,left,1,0.9999451637268066,0.5320876240730286,0.7374782562255859,0.2053906321525573,0.5320876240730286
1,id_block2_h36_seed0,9102,full,1,right,1,0.9999598264694214,0.503387987613678,0.7107844352722168,0.2073964476585388,0.503387987613678
1,id_block2_h36_seed0,9103,full,1,right,1,0.9792925119400024,1.6302059888839722,1.707471251487732,0.0772652626037597,1.6302059888839722
1,id_block2_h36_seed0,9104,full,3,forward,1,0.9998674392700196,0.5829563140869141,0.7753755450248718,0.1924192309379577,0.5829563140869141
1,id_block2_h36_seed0,9105,full,4,backward,1,0.999419331550598,1.032811999320984,1.1829429864883425,0.1501309871673584,1.032811999320984
1,id_block2_h36_seed0,9108,full,2,left,1,0.9967387318611144,0.965369999408722,1.0814350843429563,0.1160650849342346,0.965369999408722
1,id_block2_h36_seed0,9109,full,2,left,1,0.9998791217803956,0.4912378787994385,0.680334746837616,0.1890968680381775,0.4912378787994385
1,id_block2_h36_seed0,9110,full,3,forward,1,0.9998812675476074,1.2776755094528198,1.4589109420776367,0.1812354326248169,1.2776755094528198
1,id_block2_h36_seed0,9111,full,2,left,1,0.9969285130500792,0.3521091639995575,0.4683040678501129,0.1161949038505554,0.3521091639995575
1,id_block2_h36_seed0,9112,full,4,backward,1,0.9996484518051147,0.3705235421657562,0.5299968123435974,0.1594732701778412,0.3705235421657562
1,id_block2_h36_seed0,9113,full,2,left,1,0.9442314505577089,0.4034308493137359,0.465092271566391,0.061661422252655,0.4034308493137359
1,id_block2_h36_seed0,9114,full,2,left,1,0.999055564403534,1.3347225189208984,1.4742188453674316,0.1394963264465332,1.3347225189208984
1,id_block2_h36_seed0,9115,full,4,backward,1,0.9983312487602234,0.9347297549247742,1.073936104774475,0.1392063498497009,0.9347297549247742
1,id_block2_h36_seed0,9117,full,4,backward,1,0.997895359992981,1.162338376045227,1.2856850624084473,0.1233466863632202,1.162338376045227
1,id_block2_h36_seed0,9118,full,3,forward,1,0.999910831451416,1.0233737230300903,1.21994948387146,0.1965757608413696,1.0233737230300903
1,id_block2_h36_seed0,9119,full,3,forward,1,0.9999569654464722,0.4446187913417816,0.6578588485717773,0.2132400572299957,0.4446187913417816
1,id_block2_h36_seed0,9120,full,4,backward,1,0.8984825611114502,1.0961360931396484,1.1397877931594849,0.0436517000198364,1.0961360931396484
1,id_block2_h36_seed0,9122,full,3,forward,1,0.999998927116394,0.406693696975708,0.6870303153991699,0.2803366184234619,0.406693696975708
1,id_block2_h36_seed0,9123,full,3,forward,1,0.9996185302734376,0.9612032771110536,1.1208645105361938,0.1596612334251403,0.9612032771110536
1,id_block2_h36_seed0,9125,full,2,left,1,0.997735857963562,0.4240967929363251,0.5616132616996765,0.1375164687633514,0.4240967929363251
1,id_block2_h36_seed0,9126,full,1,right,1,0.9963276982307434,0.6085739731788635,0.7333579063415527,0.1247839331626892,0.6085739731788635
1,id_block2_h36_seed0,9127,full,1,right,1,0.8469606041908264,1.524112343788147,1.558638572692871,0.0345262289047241,1.524112343788147
1,id_block2_h36_seed0,9128,full,4,backward,1,0.9999748468399048,0.3693409264087677,0.5931271314620972,0.2237862050533294,0.3693409264087677
1,id_block2_h36_seed0,9129,full,4,backward,1,0.9998775720596312,1.0755184888839722,1.2611948251724243,0.1856763362884521,1.0755184888839722
1,id_block2_h36_seed0,9131,full,4,backward,1,0.9986773133277892,0.8228815197944641,0.9634422659873962,0.1405607461929321,0.8228815197944641
1,id_block2_h36_seed0,9133,full,1,right,1,0.9999445676803588,0.6790967583656311,0.88419508934021,0.2050983309745788,0.6790967583656311
1,id_block2_h36_seed0,9134,full,3,forward,1,0.9999574422836304,0.390658974647522,0.594896137714386,0.204237163066864,0.390658974647522
1,id_block2_h36_seed0,9135,full,2,left,1,0.9985488057136536,2.336184501647949,2.475421190261841,0.1392366886138916,2.336184501647949
1,id_block2_h36_seed0,9136,full,3,forward,1,0.9998619556427002,0.3727914094924927,0.555184543132782,0.1823931336402893,0.3727914094924927
1,id_block2_h36_seed0,9137,full,2,left,1,0.99948251247406,1.206218123435974,1.3647676706314087,0.1585495471954345,1.206218123435974
1,id_block2_h36_seed0,9139,full,2,left,1,0.9943904280662536,0.6681852340698242,0.7792585492134094,0.1110733151435852,0.6681852340698242
1,id_block2_h36_seed0,9142,full,1,right,1,0.9995937943458556,0.390187531709671,0.5483121275901794,0.1581245958805084,0.390187531709671
1,id_block2_h36_seed0,9143,full,3,forward,1,0.9969707727432252,1.299887776374817,1.4162803888320925,0.1163926124572753,1.299887776374817
1,id_block2_h36_seed0,9144,full,4,backward,1,0.9999481439590454,1.1845744848251345,1.3894500732421875,0.2048755884170532,1.1845744848251345
1,id_block2_h36_seed0,9146,full,4,backward,1,0.99999737739563,0.3791171014308929,0.6474444270133972,0.2683273255825043,0.3791171014308929
1,id_block2_h36_seed0,9149,full,3,forward,1,0.9992115497589112,1.406720757484436,1.5527796745300293,0.1460589170455932,1.406720757484436
1,id_block2_h36_seed0,9150,full,3,forward,1,0.9999587535858154,0.4161765575408935,0.6193990111351013,0.2032224535942077,0.4161765575408935
1,id_block2_h36_seed0,9151,full,1,right,1,0.9992333650588988,2.3896703720092773,2.533900499343872,0.1442301273345947,2.3896703720092773
1,id_block2_h36_seed0,9152,full,4,backward,1,0.9998660087585448,0.5210466980934143,0.7069622874259949,0.1859155893325805,0.5210466980934143
1,id_block2_h36_seed0,9154,full,4,backward,1,0.9999958276748656,1.1012617349624634,1.3503093719482422,0.2490476369857788,1.1012617349624634
1,id_block2_h36_seed0,9155,full,2,left,1,0.99838125705719,0.9117889404296876,1.053936004638672,0.1421470642089843,0.9117889404296876
1,id_block2_h36_seed0,9156,full,4,backward,1,0.9999569654464722,0.3306868076324463,0.5330017805099487,0.2023149728775024,0.3306868076324463
1,id_block2_h36_seed0,9157,full,3,forward,1,0.9998681545257568,0.4677895009517669,0.648398756980896,0.180609256029129,0.4677895009517669
1,id_block2_h36_seed0,9160,full,4,backward,1,0.9998589754104614,0.6816009879112244,0.8592348098754883,0.1776338219642639,0.6816009879112244
1,id_block2_h36_seed0,9161,full,2,left,1,0.9972497820854188,1.424250245094299,1.5422507524490356,0.1180005073547363,1.424250245094299
1,id_block2_h36_seed0,9162,full,4,backward,1,0.999836802482605,0.7310001254081726,0.9159676432609558,0.1849675178527832,0.7310001254081726
1,id_block2_h36_seed0,9163,full,4,backward,1,0.9784157872200012,1.1640161275863647,1.2403857707977295,0.0763696432113647,1.1640161275863647
1,id_block2_h36_seed0,9164,full,1,right,1,0.9999836683273317,0.3491898775100708,0.5869314074516296,0.2377415299415588,0.3491898775100708
1,id_block2_h36_seed0,9165,full,2,left,1,0.999701201915741,0.3325656950473785,0.4956591129302978,0.1630934178829193,0.3325656950473785
1,id_block2_h36_seed0,9166,full,2,left,1,0.9206717014312744,1.7318391799926758,1.7822750806808472,0.0504359006881713,1.7318391799926758
1,id_block2_h36_seed0,9167,full,3,forward,1,0.9999693632125854,0.5204198956489563,0.7322370409965515,0.2118171453475952,0.5204198956489563
1,id_block2_h36_seed0,9169,full,2,left,1,0.9999383687973022,0.3901387751102447,0.5916326642036438,0.201493889093399,0.3901387751102447
1,id_block2_h36_seed0,9170,full,3,forward,1,0.9999796152114868,0.8268526196479797,1.0638083219528198,0.2369557023048401,0.8268526196479797
1,id_block2_h36_seed0,9171,full,2,left,1,0.9999819993972778,0.3989474773406982,0.6240665316581726,0.2251190543174743,0.3989474773406982
1,id_block2_h36_seed0,9173,full,2,left,1,0.8746194243431091,1.7391411066055298,1.7780107259750366,0.0388696193695068,1.7391411066055298
1,id_block2_h36_seed0,9174,full,3,forward,1,0.9999216794967652,0.4634307324886322,0.660075843334198,0.1966451108455658,0.4634307324886322
1,id_block2_h36_seed0,9175,full,2,left,1,0.9940544962882996,0.4034308493137359,0.5160000920295715,0.1125692427158355,0.4034308493137359
1,id_block2_h36_seed0,9176,full,3,forward,1,0.9998183846473694,0.4941078722476959,0.6697600483894348,0.1756521761417389,0.4941078722476959
1,id_block2_h36_seed0,9177,full,4,backward,1,0.9828566908836364,1.0727845430374146,1.153826117515564,0.0810415744781494,1.0727845430374146
1,id_block2_h36_seed0,9178,full,4,backward,1,0.9977887868881226,0.4823151528835296,0.6053838133811951,0.1230686604976654,0.4823151528835296
1,id_block2_h36_seed0,9179,full,4,backward,1,0.9998807907104492,0.7504267692565918,0.9324133992195128,0.1819866299629211,0.7504267692565918
1,id_block2_h36_seed0,9180,full,4,backward,1,0.9989390969276428,1.0498725175857544,1.1887229681015017,0.138850450515747,1.0498725175857544
1,id_block2_h36_seed0,9181,full,2,left,1,0.9999992847442628,0.8691944479942322,1.1542870998382568,0.2850926518440246,0.8691944479942322
1,id_block2_h36_seed0,9184,full,4,backward,1,0.9955207109451294,1.0453730821609497,1.1535634994506836,0.1081904172897338,1.0453730821609497
1,id_block2_h36_seed0,9185,full,1,right,1,0.9962700605392456,1.85891854763031,1.9744058847427368,0.1154873371124267,1.85891854763031
1,id_block2_h36_seed0,9186,full,1,right,1,0.998780071735382,0.4069093465805053,0.546215832233429,0.1393064856529235,0.4069093465805053
1,id_block2_h36_seed0,9187,full,4,backward,1,0.9990122318267822,0.8990959525108337,1.0376664400100708,0.138570487499237,0.8990959525108337
1,id_block2_h36_seed0,9188,full,3,forward,1,0.9997188448905944,0.9492118954658508,1.112972378730774,0.1637604832649231,0.9492118954658508
1,id_block2_h36_seed0,9189,full,2,left,1,0.999967098236084,0.3644906282424927,0.5815773010253906,0.2170866727828979,0.3644906282424927
1,id_block2_h36_seed0,9191,full,1,right,1,0.9996964931488036,0.6270580887794495,0.7955708503723145,0.168512761592865,0.6270580887794495
1,id_block2_h36_seed0,9192,full,2,left,1,0.9999208450317384,0.3077679574489593,0.5015133619308472,0.1937454044818878,0.3077679574489593
1,id_block2_h36_seed0,9193,full,3,forward,1,0.9951223731040956,1.1237086057662964,1.2386969327926636,0.1149883270263671,1.1237086057662964
1,id_block2_h36_seed0,9194,full,3,forward,1,0.9985669255256652,1.2776755094528198,1.4153432846069336,0.1376677751541137,1.2776755094528198
1,id_block2_h36_seed0,9195,full,1,right,1,0.99695885181427,0.3670922815799713,0.4871335327625274,0.1200412511825561,0.3670922815799713
1,id_block2_h36_seed0,9196,full,4,backward,1,0.9992458820343018,0.8734654784202576,1.0177723169326782,0.1443068385124206,0.8734654784202576
1,id_block2_h36_seed0,9197,full,4,backward,1,0.9999833106994628,0.2774232923984527,0.5100021958351135,0.2325789034366607,0.2774232923984527
1,id_block2_h36_seed0,9198,full,2,left,1,0.9959486722946168,1.9658406972885127,2.0760087966918945,0.1101680994033813,1.9658406972885127
1,id_block2_h36_seed0,9200,full,2,left,1,0.7198019623756409,1.4769372940063477,1.495807647705078,0.0188703536987304,1.4769372940063477
1,id_block2_h36_seed0,9201,full,2,left,1,0.9987393021583556,2.1859302520751958,2.325606107711792,0.1396758556365966,2.1859302520751958
1,id_block2_h36_seed0,9202,full,1,right,1,0.9999637603759766,0.6617741584777832,0.8764287829399109,0.2146546244621276,0.6617741584777832
1,id_block2_h36_seed0,9203,full,3,forward,1,0.999674916267395,0.532254159450531,0.6933698654174805,0.1611157059669494,0.532254159450531
1,id_block2_h36_seed0,9204,full,3,forward,1,0.985183596611023,1.4114681482315063,1.49742591381073,0.0859577655792236,1.4114681482315063
1,id_block2_h36_seed0,9205,full,3,forward,1,0.9903464913368224,1.216713786125183,1.3093419075012207,0.0926281213760376,1.216713786125183
1,id_block2_h36_seed0,9207,full,3,forward,1,0.9995937943458556,0.5069125890731812,0.6796002388000488,0.1726876497268676,0.5069125890731812
1,id_block2_h36_seed0,9208,full,4,backward,1,0.9998914003372192,0.4163693189620971,0.604269802570343,0.1879004836082458,0.4163693189620971
1,id_block2_h36_seed0,9209,full,4,backward,1,0.9999955892562866,0.4494194984436035,0.7085995674133301,0.2591800689697265,0.4494194984436035
1,id_block2_h36_seed0,9210,full,2,left,1,0.9989780187606812,0.4996908605098724,0.6530346274375916,0.1533437669277191,0.4996908605098724
1,id_block2_h36_seed0,9211,full,3,forward,1,0.9997124075889589,0.9492118954658508,1.112972378730774,0.1637604832649231,0.9492118954658508
1,id_block2_h36_seed0,9212,full,2,left,1,0.9999799728393556,1.021316409111023,1.2480382919311523,0.2267218828201294,1.021316409111023
1,id_block2_h36_seed0,9214,full,3,forward,1,0.999954342842102,0.4208836257457733,0.6330099701881409,0.2121263444423675,0.4208836257457733
1,id_block2_h36_seed0,9215,full,3,forward,1,0.997489333152771,1.316311597824097,1.4361495971679688,0.119837999343872,1.316311597824097
1,id_block2_h36_seed0,9218,full,4,backward,1,0.9982191920280457,1.096361756324768,1.228118062019348,0.13175630569458,1.096361756324768
1,id_block2_h36_seed0,9219,full,1,right,1,0.9993647933006288,1.1816667318344116,1.3330785036087036,0.151411771774292,1.1816667318344116
1,id_block2_h36_seed0,9220,full,3,forward,1,0.9996719360351562,0.477629691362381,0.6418704390525818,0.1642407476902008,0.477629691362381
1,id_block2_h36_seed0,9221,full,3,forward,1,0.9965135455131532,0.4053386151790619,0.5217408537864685,0.1164022386074066,0.4053386151790619
1,id_block2_h36_seed0,9222,full,3,forward,1,0.9999972581863404,1.134050726890564,1.4018120765686035,0.2677613496780395,1.134050726890564
1,id_block2_h36_seed0,9225,full,1,right,1,0.9999387264251708,0.461608737707138,0.6590450406074524,0.1974363029003143,0.461608737707138
1,id_block2_h36_seed0,9226,full,1,right,1,0.999990701675415,0.4256645143032074,0.6653332114219666,0.2396686971187591,0.4256645143032074
1,id_block2_h36_seed0,9227,full,3,forward,1,0.9997089505195618,1.0058597326278689,1.169376254081726,0.1635165214538574,1.0058597326278689
1,id_block2_h36_seed0,9228,full,3,forward,1,0.999679446220398,0.4234936237335205,0.5910515785217285,0.167557954788208,0.4234936237335205
1,id_block2_h36_seed0,9230,full,2,left,1,0.9999961853027344,0.9318422675132751,1.1814767122268677,0.2496344447135925,0.9318422675132751
1,id_block2_h36_seed0,9231,full,3,forward,1,0.9999409914016724,0.568474292755127,0.7808132171630859,0.2123389244079589,0.568474292755127
1,id_block2_h36_seed0,9232,full,1,right,1,0.9948089122772216,1.1280179023742676,1.2384910583496094,0.1104731559753418,1.1280179023742676
1,id_block2_h36_seed0,9233,full,4,backward,1,0.999963641166687,0.4772241115570068,0.6831400990486145,0.2059159874916076,0.4772241115570068
1,id_block2_h36_seed0,9234,full,3,forward,1,0.9990816116333008,0.342835932970047,0.4909718930721283,0.1481359601020813,0.342835932970047
1,id_block2_h36_seed0,9235,full,4,backward,1,0.9999645948410034,0.4999050199985504,0.7089369893074036,0.2090319693088531,0.4999050199985504
1,id_block2_h36_seed0,9236,full,3,forward,1,0.9981984496116638,0.990358293056488,1.119513988494873,0.129155695438385,0.990358293056488
1,id_block2_h36_seed0,9237,full,2,left,1,0.9998942613601683,2.040738821029663,2.225324869155884,0.1845860481262207,2.040738821029663
1,id_block2_h36_seed0,9239,full,2,left,1,0.9990053772926332,0.3952485024929046,0.5388737320899963,0.1436252295970916,0.3952485024929046
1,id_block2_h36_seed0,9240,full,1,right,1,0.9999794960021972,0.6564239859580994,0.8848156929016113,0.2283917069435119,0.6564239859580994
1,id_block2_h36_seed0,9241,full,4,backward,1,0.9978942275047302,0.8334769606590271,0.9572908282279968,0.1238138675689697,0.8334769606590271
1,id_block2_h36_seed0,9242,full,1,right,1,0.9917804598808287,1.267045497894287,1.3767632246017456,0.1097177267074585,1.267045497894287
1,id_block2_h36_seed0,9243,full,2,left,1,0.9997599720954896,0.4067219197750091,0.5809661149978638,0.1742441952228546,0.4067219197750091
1,id_block2_h36_seed0,9244,full,4,backward,1,0.996758997440338,0.7925872802734375,0.9075329899787904,0.1149457097053527,0.7925872802734375
1,id_block2_h36_seed0,9245,full,2,left,1,0.9999228715896606,1.2810397148132324,1.4738019704818726,0.1927622556686401,1.2810397148132324
1,id_block2_h36_seed0,9247,full,4,backward,1,0.9997231364250184,0.452999860048294,0.6207776069641113,0.1677777469158172,0.452999860048294
1,id_block2_h36_seed0,9249,full,4,backward,1,0.9980748891830444,0.9385401606559752,1.0637961626052856,0.1252560019493103,0.9385401606559752
1,id_block2_h36_seed0,9250,full,1,right,1,0.987371563911438,1.1925160884857178,1.2868492603302002,0.0943331718444824,1.1925160884857178
1,id_block2_h36_seed0,9251,full,2,left,1,0.9999157190322876,0.8470067977905273,1.0377148389816284,0.190708041191101,0.8470067977905273
1,id_block2_h36_seed0,9252,full,4,backward,1,0.9964829683303832,1.0604006052017212,1.1807103157043457,0.1203097105026245,1.0604006052017212
1,id_block2_h36_seed0,9254,full,3,forward,1,0.983972430229187,1.217821717262268,1.300490379333496,0.082668662071228,1.217821717262268
1,id_block2_h36_seed0,9256,full,3,forward,1,0.999966025352478,0.3891514241695404,0.610058605670929,0.2209071815013885,0.3891514241695404
1,id_block2_h36_seed0,9258,full,3,forward,1,0.9979977011680604,1.1554585695266724,1.2905205488204956,0.1350619792938232,1.1554585695266724
1,id_block2_h36_seed0,9259,full,3,forward,1,0.9999592304229736,1.0761069059371948,1.288034439086914,0.2119275331497192,1.0761069059371948
1,id_block2_h36_seed0,9260,full,1,right,1,0.9993002414703368,0.6301243901252747,0.7861924767494202,0.1560680866241455,0.6301243901252747
1,id_block2_h36_seed0,9261,full,1,right,1,0.7902624011039734,0.489225298166275,0.5159914493560791,0.026766151189804,0.489225298166275
1,id_block2_h36_seed0,9262,full,3,forward,1,0.9998723268508912,0.6357101798057556,0.8281866908073425,0.1924765110015869,0.6357101798057556
1,id_block2_h36_seed0,9263,full,1,right,1,0.9999850988388062,0.4286341667175293,0.6653111577033997,0.2366769909858703,0.4286341667175293
1,id_block2_h36_seed0,9266,full,4,backward,1,0.999816596508026,0.5958398580551147,0.7808728814125061,0.1850330233573913,0.5958398580551147
1,id_block2_h36_seed0,9267,full,3,forward,1,0.9998756647109984,0.3959045112133026,0.5881063342094421,0.1922018229961395,0.3959045112133026
1,id_block2_h36_seed0,9268,full,1,right,1,0.9991052746772766,0.9968932271003724,1.1373101472854614,0.1404169201850891,0.9968932271003724
1,id_block2_h36_seed0,9269,full,1,right,1,0.9995971322059632,0.528871476650238,0.6897807717323303,0.1609092950820922,0.528871476650238
1,id_block2_h36_seed0,9270,full,4,backward,1,0.999869465827942,0.8268583416938782,1.0104440450668335,0.1835857033729553,0.8268583416938782
1,id_block2_h36_seed0,9271,full,1,right,1,0.9999827146530152,0.9749132990837096,1.197916865348816,0.2230035662651062,0.9749132990837096
1,id_block2_h36_seed0,9272,full,4,backward,1,0.9999200105667114,1.2840771675109863,1.4732990264892578,0.1892218589782714,1.2840771675109863
1,id_block2_h36_seed0,9273,full,3,forward,1,0.999200999736786,0.3490473926067352,0.5062259435653687,0.1571785509586334,0.3490473926067352
1,id_block2_h36_seed0,9274,full,4,backward,1,0.99955552816391,0.5167774558067322,0.6759708523750305,0.1591933965682983,0.5167774558067322
1,id_block2_h36_seed0,9276,full,1,right,1,0.9992120265960692,1.5129340887069702,1.6569217443466189,0.1439876556396484,1.5129340887069702
1,id_block2_h36_seed0,9277,full,3,forward,1,0.9994688630104064,0.3802342712879181,0.5315527319908142,0.1513184607028961,0.3802342712879181
1,id_block2_h36_seed0,9278,full,2,left,1,0.979955792427063,0.4628247022628784,0.5505523681640625,0.087727665901184,0.4628247022628784
1,id_block2_h36_seed0,9279,full,2,left,1,0.9999843835830688,0.4065669476985931,0.635827898979187,0.2292609512805938,0.4065669476985931
1,id_block2_h36_seed0,9282,full,4,backward,1,0.999681830406189,0.4525333940982818,0.6221210956573486,0.1695877015590667,0.4525333940982818
1,id_block2_h36_seed0,9283,full,4,backward,1,0.999545395374298,0.7932634353637695,0.9665470123291016,0.173283576965332,0.7932634353637695
1,id_block2_h36_seed0,9284,full,2,left,1,0.9985836744308472,0.5779969096183777,0.7188388705253601,0.1408419609069824,0.5779969096183777
1,id_block2_h36_seed0,9286,full,3,forward,1,0.9998218417167664,0.5384790897369385,0.7187890410423279,0.1803099513053894,0.5384790897369385
1,id_block2_h36_seed0,9288,full,1,right,1,0.999951720237732,0.4919310808181762,0.6989577412605286,0.2070266604423523,0.4919310808181762
1,id_block2_h36_seed0,9290,full,2,left,1,0.9999594688415528,0.4140879809856415,0.6199946403503418,0.2059066593647003,0.4140879809856415
1,id_block2_h36_seed0,9292,full,4,backward,1,0.9995028972625732,0.4923514127731323,0.653992235660553,0.1616408228874206,0.4923514127731323
1,id_block2_h36_seed0,9293,full,2,left,1,0.998817503452301,0.4997765123844147,0.6386519074440002,0.1388753950595855,0.4997765123844147
1,id_block2_h36_seed0,9294,full,3,forward,1,0.9999676942825316,1.2182382345199585,1.4262586832046509,0.2080204486846923,1.2182382345199585
1,id_block2_h36_seed0,9295,full,4,backward,1,0.9856491684913636,1.1200650930404663,1.210224986076355,0.0901598930358886,1.1200650930404663
1,id_block2_h36_seed0,9296,full,4,backward,1,0.9938251972198486,1.015468955039978,1.1194119453430176,0.1039429903030395,1.015468955039978
1,id_block2_h36_seed0,9297,full,3,forward,1,0.9998612403869628,0.6930490136146545,0.8752077221870422,0.1821587085723877,0.6930490136146545
1,id_block2_h36_seed0,9298,full,1,right,1,0.9997935891151428,0.5481879115104675,0.72707200050354,0.1788840889930725,0.5481879115104675
1,id_block2_h36_seed0,9299,full,3,forward,1,0.9999738931655884,0.4091211259365082,0.6286712288856506,0.2195501029491424,0.4091211259365082
1,id_block2_h36_seed0,9300,full,4,backward,1,0.9997994303703308,0.3849119842052459,0.5620002150535583,0.1770882308483123,0.3849119842052459
1,id_block2_h36_seed0,9301,full,1,right,1,0.9999229907989502,0.3486185073852539,0.5619035363197327,0.2132850289344787,0.3486185073852539
1,id_block2_h36_seed0,9302,full,1,right,1,0.9923072457313538,0.5122480392456055,0.6124934554100037,0.1002454161643982,0.5122480392456055
1,id_block2_h36_seed0,9303,full,3,forward,1,0.9995579123497008,1.2427319288253784,1.408394455909729,0.1656625270843505,1.2427319288253784
1,id_block2_h36_seed0,9304,full,2,left,1,0.9997372031211852,0.3031171858310699,0.4764549732208252,0.1733377873897552,0.3031171858310699
1,id_block2_h36_seed0,9305,full,3,forward,1,0.999373972415924,1.0058597326278689,1.165601372718811,0.1597416400909423,1.0058597326278689
1,id_block2_h36_seed0,9306,full,2,left,1,0.9999539852142334,0.951569139957428,1.154802322387695,0.2032331824302673,0.951569139957428
1,id_block2_h36_seed0,9307,full,3,forward,1,0.9997143149375916,1.0058597326278689,1.169376254081726,0.1635165214538574,1.0058597326278689
1,id_block2_h36_seed0,9308,full,1,right,1,0.9988757967948914,0.5481879115104675,0.6937706470489502,0.1455827355384826,0.5481879115104675
1,id_block2_h36_seed0,9309,full,4,backward,1,0.9999887943267822,1.0099433660507202,1.2399441003799438,0.2300007343292236,1.0099433660507202
1,id_block2_h36_seed0,9310,full,3,forward,1,0.9999908208847046,0.7951138019561768,1.036336064338684,0.2412222623825073,0.7951138019561768
1,id_block2_h36_seed0,9312,full,4,backward,1,0.99950110912323,0.5064597129821777,0.665009081363678,0.1585493683815002,0.5064597129821777
1,id_block2_h36_seed0,9313,full,1,right,1,0.9996289014816284,0.7020745277404785,0.8626225590705872,0.1605480313301086,0.7020745277404785
1,id_block2_h36_seed0,9315,full,3,forward,1,0.9999392032623292,0.5774382948875427,0.7909256815910339,0.2134873867034912,0.5774382948875427
1,id_block2_h36_seed0,9316,full,3,forward,1,0.9997592568397522,1.0927685499191284,1.2594925165176392,0.1667239665985107,1.0927685499191284
1,id_block2_h36_seed0,9317,full,1,right,1,0.9994900226593018,0.7889037132263184,0.9539758563041688,0.1650721430778503,0.7889037132263184
1,id_block2_h36_seed0,9318,full,1,right,1,0.9994775652885436,0.5897342562675476,0.7433211207389832,0.1535868644714355,0.5897342562675476
1,id_block2_h36_seed0,9319,full,4,backward,1,0.999963641166687,0.5113346576690674,0.7296841740608215,0.2183495163917541,0.5113346576690674
1,id_block2_h36_seed0,9320,full,2,left,1,0.9999202489852904,0.32924684882164,0.5208637118339539,0.1916168630123138,0.32924684882164
1,id_block2_h36_seed0,9321,full,2,left,1,0.951483190059662,1.9073930978775024,1.9786227941513064,0.0712296962738037,1.9073930978775024
1,id_block2_h36_seed0,9322,full,2,left,1,0.9998137354850768,2.0132007598876958,2.1879472732543945,0.1747465133666992,2.0132007598876958
1,id_block2_h36_seed0,9325,full,2,left,1,0.997387707233429,0.4024078845977783,0.5404476523399353,0.1380397677421569,0.4024078845977783
1,id_block2_h36_seed0,9326,full,4,backward,1,0.9998149275779724,0.5082112550735474,0.6857717633247375,0.1775605082511901,0.5082112550735474
1,id_block2_h36_seed0,9327,full,3,forward,1,0.998984158039093,0.6887149214744568,0.8349840044975281,0.1462690830230713,0.6887149214744568
1,id_block2_h36_seed0,9328,full,2,left,1,0.9999669790267944,0.3908757865428924,0.6126938462257385,0.221818059682846,0.3908757865428924
1,id_block2_h36_seed0,9329,full,1,right,1,0.9984201192855836,0.5317832827568054,0.6702377796173096,0.1384544968605041,0.5317832827568054
1,id_block2_h36_seed0,9330,full,4,backward,1,0.9996013045310974,0.4351965487003326,0.5951518416404724,0.1599552929401397,0.4351965487003326
1,id_block2_h36_seed0,9331,full,2,left,1,0.9995203018188475,1.5061925649642944,1.6625862121582031,0.1563936471939087,1.5061925649642944
1,id_block2_h36_seed0,9332,full,2,left,1,0.9942623376846312,1.951087951660156,2.055070638656616,0.1039826869964599,1.951087951660156
1,id_block2_h36_seed0,9333,full,2,left,1,0.9999916553497314,0.4008179605007171,0.646205723285675,0.2453877627849578,0.4008179605007171
1,id_block2_h36_seed0,9334,full,1,right,1,0.9998677968978882,1.4123516082763672,1.5912386178970337,0.1788870096206665,1.4123516082763672
1,id_block2_h36_seed0,9335,full,3,forward,1,0.9998179078102112,1.2778270244598389,1.450234055519104,0.1724070310592651,1.2778270244598389
1,id_block2_h36_seed0,9337,full,1,right,1,0.9999523162841796,0.3240512907505035,0.5293588042259216,0.2053075134754181,0.3240512907505035
1,id_block2_h36_seed0,9338,full,2,left,1,0.9999865293502808,0.9134264588356018,1.1383882761001587,0.2249618172645568,0.9134264588356018
1,id_block2_h36_seed0,9339,full,4,backward,1,0.99996817111969,0.4300552606582641,0.6509761810302734,0.2209209203720092,0.4300552606582641
1,id_block2_h36_seed0,9340,full,1,right,1,0.9999074935913086,0.5897342562675476,0.7881008982658386,0.198366641998291,0.5897342562675476
1,id_block2_h36_seed0,9341,full,4,backward,1,0.9995991587638856,0.6642366647720337,0.8341166377067566,0.1698799729347229,0.6642366647720337
1,id_block2_h36_seed0,9342,full,4,backward,1,0.999980092048645,0.5064961910247803,0.7256023287773132,0.2191061377525329,0.5064961910247803
1,id_block2_h36_seed0,9343,full,3,forward,1,0.999975562095642,1.0761069059371948,1.297827959060669,0.2217210531234741,1.0761069059371948
1,id_block2_h36_seed0,9344,full,4,backward,1,0.9997140765190125,0.8086898922920227,0.976778209209442,0.1680883169174194,0.8086898922920227
1,id_block2_h36_seed0,9346,full,3,forward,1,0.9999226331710817,0.9158250689506532,1.1153180599212646,0.1994929909706115,0.9158250689506532
1,id_block2_h36_seed0,9347,full,1,right,1,0.9990076422691344,0.4657866954803467,0.6110580563545227,0.145271360874176,0.4657866954803467
1,id_block2_h36_seed0,9348,full,2,left,1,0.9995747208595276,0.749805212020874,0.9166209697723388,0.1668157577514648,0.749805212020874
1,id_block2_h36_seed0,9350,full,4,backward,1,0.990898847579956,1.0961360931396484,1.1901841163635254,0.0940480232238769,1.0961360931396484
1,id_block2_h36_seed0,9351,full,4,backward,1,0.999923586845398,0.4454318583011627,0.6370747685432434,0.1916429102420807,0.4454318583011627
1,id_block2_h36_seed0,9352,full,1,right,1,0.9999501705169678,1.160023808479309,1.3753976821899414,0.2153738737106323,1.160023808479309
1,id_block2_h36_seed0,9353,full,2,left,1,0.9999958276748656,0.4065669476985931,0.6593868732452393,0.2528199255466461,0.4065669476985931
1,id_block2_h36_seed0,9354,full,1,right,1,0.9999815225601196,0.385358065366745,0.6159283518791199,0.2305702865123748,0.385358065366745
1,id_block2_h36_seed0,9355,full,4,backward,1,0.9998703002929688,0.3832772672176361,0.5690403580665588,0.1857630908489227,0.3832772672176361
1,id_block2_h36_seed0,9357,full,4,backward,1,0.999793827533722,0.9819682240486144,1.1523969173431396,0.1704286932945251,0.9819682240486144
1,id_block2_h36_seed0,9359,full,1,right,1,0.9947803020477296,0.5578194260597229,0.6673312783241272,0.1095118522644043,0.5578194260597229
1,id_block2_h36_seed0,9360,full,4,backward,1,0.99982750415802,0.5082112550735474,0.6857717633247375,0.1775605082511901,0.5082112550735474
1,id_block2_h36_seed0,9361,full,3,forward,1,0.9998842477798462,1.0308626890182495,1.212988018989563,0.1821253299713134,1.0308626890182495
1,id_block2_h36_seed0,9362,full,3,forward,1,0.9999656677246094,0.4109185636043548,0.6241092085838318,0.2131906449794769,0.4109185636043548
1,id_block2_h36_seed0,9363,full,1,right,1,0.9999592304229736,1.4509299993515017,1.653398871421814,0.2024688720703125,1.4509299993515017
1,id_block2_h36_seed0,9364,full,4,backward,1,0.9998003840446472,1.0786651372909546,1.2516974210739136,0.1730322837829589,1.0786651372909546
1,id_block2_h36_seed0,9366,full,4,backward,1,0.999996304512024,0.3306868076324463,0.5970519185066223,0.266365110874176,0.3306868076324463
1,id_block2_h36_seed0,9367,full,4,backward,1,0.9981378316879272,0.8522782325744629,0.9808761477470398,0.1285979151725769,0.8522782325744629
1,id_block2_h36_seed0,9369,full,4,backward,1,0.999942183494568,0.530409574508667,0.7337208390235901,0.2033112645149231,0.530409574508667
1,id_block2_h36_seed0,9370,full,2,left,1,0.9996558427810668,0.4624544680118561,0.6291810870170593,0.1667266190052032,0.4624544680118561
1,id_block2_h36_seed0,9371,full,2,left,1,0.9992578625679016,0.4519400596618652,0.5983470678329468,0.1464070081710815,0.4519400596618652
1,id_block2_h36_seed0,9372,full,1,right,1,0.9977549910545348,0.6085739731788635,0.7333579063415527,0.1247839331626892,0.6085739731788635
1,id_block2_h36_seed0,9373,full,3,forward,1,0.971286118030548,1.0081586837768557,1.0795683860778809,0.0714097023010253,1.0081586837768557
1,id_block2_h36_seed0,9374,full,4,backward,1,0.9956331849098206,0.9280338287353516,1.0425136089324951,0.1144797801971435,0.9280338287353516
1,id_block2_h36_seed0,9375,full,1,right,1,0.9996956586837769,0.5372278094291687,0.7020289897918701,0.1648011803627014,0.5372278094291687
1,id_block2_h36_seed0,9376,full,2,left,1,0.9943952560424804,1.0685145854949951,1.1722346544265747,0.1037200689315795,1.0685145854949951
1,id_block2_h36_seed0,9377,full,2,left,1,0.9994720816612244,0.3031171858310699,0.4571367502212524,0.1540195643901825,0.3031171858310699
1,id_block2_h36_seed0,9378,full,3,forward,1,0.9998227953910828,0.4465927183628082,0.6243073344230652,0.1777146160602569,0.4465927183628082
1,id_block2_h36_seed0,9380,full,3,forward,1,0.9999470710754396,0.4725652635097503,0.6794431805610657,0.2068779170513153,0.4725652635097503
1,id_block2_h36_seed0,9381,full,1,right,1,0.9996944665908812,0.4771291315555572,0.6415239572525024,0.1643948256969452,0.4771291315555572
1,id_block2_h36_seed0,9382,full,4,backward,1,0.999943733215332,0.7052000164985657,0.9013091921806335,0.1961091756820678,0.7052000164985657
1,id_block2_h36_seed0,9383,full,2,left,1,0.9998574256896972,0.4779779016971588,0.6643128991127014,0.1863349974155426,0.4779779016971588
1,id_block2_h36_seed0,9384,full,3,forward,1,0.9998732805252076,1.043246865272522,1.2231872081756592,0.1799403429031372,1.043246865272522
1,id_block2_h36_seed0,9385,full,2,left,1,0.9999946355819702,1.0052069425582886,1.268513321876526,0.2633063793182373,1.0052069425582886
1,id_block2_h36_seed0,9386,full,1,right,1,0.9984890222549438,1.5361677408218384,1.6672550439834597,0.1310873031616211,1.5361677408218384
1,id_block2_h36_seed0,9387,full,3,forward,1,0.999823033809662,1.019519329071045,1.2048420906066897,0.1853227615356445,1.019519329071045
1,id_block2_h36_seed0,9388,full,2,left,1,0.9995872378349304,0.3689238131046295,0.5378870368003845,0.168963223695755,0.3689238131046295
1,id_block2_h36_seed0,9389,full,2,left,1,0.9999723434448242,0.3436806201934814,0.5593574643135071,0.2156768441200256,0.3436806201934814
1,id_block2_h36_seed0,9390,full,2,left,1,0.9959457516670228,1.9658406972885127,2.0760087966918945,0.1101680994033813,1.9658406972885127
1,id_block2_h36_seed0,9391,full,4,backward,1,0.9998879432678224,0.4072619974613189,0.5971738696098328,0.1899118721485138,0.4072619974613189
1,id_block2_h36_seed0,9392,full,3,forward,1,0.984074592590332,1.0947043895721436,1.1839101314544678,0.0892057418823242,1.0947043895721436
1,id_block2_h36_seed0,9393,full,1,right,1,0.9996883869171144,0.4783168733119964,0.6530918478965759,0.1747749745845794,0.4783168733119964
1,id_block2_h36_seed0,9394,full,3,forward,1,0.999872088432312,0.4109185636043548,0.5951704382896423,0.1842518746852874,0.4109185636043548
1,id_block2_h36_seed0,9395,full,4,backward,1,0.999974250793457,0.4300552606582641,0.6519895792007446,0.2219343185424804,0.4300552606582641
1,id_block2_h36_seed0,9396,full,2,left,1,0.9959484934806824,1.7695003747940063,1.8923605680465696,0.1228601932525634,1.7695003747940063
1,id_block2_h36_seed0,9397,full,2,left,1,0.9997349381446838,1.0698858499526978,1.2388981580734253,0.1690123081207275,1.0698858499526978
1,id_block2_h36_seed0,9398,full,3,forward,1,0.9996966123580932,0.6026341915130615,0.786124050617218,0.1834898591041565,0.6026341915130615
1,id_block2_h36_seed0,9399,full,3,forward,1,0.9336658716201782,1.0217338800430298,1.0749114751815796,0.0531775951385498,1.0217338800430298
1,id_block2_h36_seed0,9400,full,2,left,1,0.9848095774650574,1.11884868144989,1.2029024362564087,0.0840537548065185,1.11884868144989
1,id_block2_h36_seed0,9401,full,1,right,1,0.9660872220993042,1.6532284021377563,1.7270941734313965,0.0738657712936401,1.6532284021377563
1,id_block2_h36_seed0,9402,full,1,right,1,0.9992607235908508,0.390187531709671,0.5483121275901794,0.1581245958805084,0.390187531709671
1,id_block2_h36_seed0,9404,full,4,backward,1,0.9998083710670472,0.4072678387165069,0.5874949097633362,0.1802270710468292,0.4072678387165069
1,id_block2_h36_seed0,9405,full,4,backward,1,0.9948291182518004,0.9214338660240172,1.0271085500717163,0.1056746840476989,0.9214338660240172
1,id_block2_h36_seed0,9406,full,3,forward,1,0.9999616146087646,1.6911693811416626,1.8955990076065063,0.2044296264648437,1.6911693811416626
1,id_block2_h36_seed0,9407,full,3,forward,1,0.9909350275993348,1.1662994623184204,1.265299677848816,0.0990002155303955,1.1662994623184204
1,id_block2_h36_seed0,9409,full,4,backward,1,0.9998425245285034,0.7799845337867737,0.9555360674858092,0.1755515336990356,0.7799845337867737
1,id_block2_h36_seed0,9410,full,2,left,1,0.9999161958694458,1.257081151008606,1.4448442459106443,0.1877630949020385,1.257081151008606
1,id_block2_h36_seed0,9411,full,4,backward,1,0.9856561422348022,0.5474316477775574,0.63421231508255,0.0867806673049926,0.5474316477775574
1,id_block2_h36_seed0,9412,full,1,right,1,0.9999449253082277,0.9854329228401184,1.1978055238723757,0.212372601032257,0.9854329228401184
1,id_block2_h36_seed0,9413,full,1,right,1,0.999932050704956,0.6109941005706787,0.8054038882255554,0.1944097876548767,0.6109941005706787
1,id_block2_h36_seed0,9415,full,3,forward,1,0.9990023970603944,1.1908445358276367,1.3300236463546753,0.1391791105270385,1.1908445358276367
1,id_block2_h36_seed0,9416,full,2,left,1,0.9988002777099608,0.613665759563446,0.7566657066345215,0.1429999470710754,0.613665759563446
1,id_block2_h36_seed0,9417,full,2,left,1,0.9993294477462769,1.0230482816696167,1.1719369888305664,0.1488887071609497,1.0230482816696167
1,id_block2_h36_seed0,9419,full,4,backward,1,0.999853491783142,1.0099433660507202,1.1879714727401731,0.1780281066894531,1.0099433660507202
1,id_block2_h36_seed0,9421,full,3,forward,1,0.9669350385665894,1.2817124128341677,1.3492517471313477,0.0675393342971801,1.2817124128341677
1,id_block2_h36_seed0,9422,full,1,right,1,0.993752658367157,1.7938156127929688,1.8969312906265257,0.1031156778335571,1.7938156127929688
1,id_block2_h36_seed0,9424,full,2,left,1,0.9998078942298888,1.0056027173995972,1.1858241558074951,0.1802214384078979,1.0056027173995972
1,id_block2_h36_seed0,9425,full,3,forward,1,0.9999960660934448,0.5550386905670166,0.8140568733215332,0.2590181827545166,0.5550386905670166
1,id_block2_h36_seed0,9426,full,1,right,1,0.999700665473938,1.1213032007217407,1.288319110870361,0.1670159101486206,1.1213032007217407
1,id_block2_h36_seed0,9428,full,2,left,1,0.9940779209136964,1.297252535820007,1.3997184038162231,0.1024658679962158,1.297252535820007
1,id_block2_h36_seed0,9429,full,3,forward,1,0.9999690055847168,0.8888519406318665,1.113402009010315,0.2245500683784485,0.8888519406318665
1,id_block2_h36_seed0,9430,full,1,right,1,0.963683784008026,1.3756779432296753,1.4413875341415403,0.0657095909118652,1.3756779432296753
1,id_block2_h36_seed0,9431,full,4,backward,1,0.9998774528503418,1.141282081604004,1.3232944011688232,0.1820123195648193,1.141282081604004
1,id_block2_h36_seed0,9432,full,2,left,1,0.9931657910346984,2.1170616149902344,2.2174789905548096,0.1004173755645752,2.1170616149902344
1,id_block2_h36_seed0,9433,full,4,backward,1,0.9999326467514038,0.4298538267612457,0.6281948089599609,0.1983409821987152,0.4298538267612457
1,id_block2_h36_seed0,9434,full,2,left,1,0.9969751834869384,1.2088899612426758,1.3249726295471191,0.1160826683044433,1.2088899612426758
1,id_block2_h36_seed0,9435,full,2,left,0,0.5891360640525818,1.4248924255371094,1.4323889017105105,0.0074964761734008,1.4323889017105105
1,id_block2_h36_seed0,9436,full,2,left,1,0.9946216344833374,1.354670524597168,1.459073543548584,0.104403018951416,1.354670524597168
1,id_block2_h36_seed0,9437,full,4,backward,1,0.999819815158844,0.3714420795440674,0.5502437353134155,0.1788016557693481,0.3714420795440674
1,id_block2_h36_seed0,9438,full,2,left,1,0.999969482421875,0.4294949471950531,0.6498554348945618,0.2203604876995086,0.4294949471950531
1,id_block2_h36_seed0,9439,full,1,right,1,0.9994526505470276,1.267045497894287,1.437375545501709,0.1703300476074218,1.267045497894287
1,id_block2_h36_seed0,9440,full,4,backward,1,0.9991737008094788,0.8789810538291931,1.0259791612625122,0.1469981074333191,0.8789810538291931
1,id_block2_h36_seed0,9441,full,2,left,1,0.9999854564666748,0.4065669476985931,0.635827898979187,0.2292609512805938,0.4065669476985931
1,id_block2_h36_seed0,9442,full,1,right,1,0.99964702129364,0.9926210045814514,1.1516259908676147,0.1590049862861633,0.9926210045814514
1,id_block2_h36_seed0,9443,full,3,forward,1,0.9930722117424012,1.2168450355529783,1.328413486480713,0.1115684509277343,1.2168450355529783
1,id_block2_h36_seed0,9444,full,2,left,1,0.9970717430114746,0.5322336554527283,0.649141252040863,0.1169075965881347,0.5322336554527283
1,id_block2_h36_seed0,9445,full,2,left,1,0.9999864101409912,0.7407270073890686,0.9778023362159728,0.2370753288269043,0.7407270073890686
1,id_block2_h36_seed0,9446,full,2,left,1,0.9999537467956544,0.3232116401195526,0.5383962392807007,0.215184599161148,0.3232116401195526
1,id_block2_h36_seed0,9448,full,1,right,1,0.6607534885406494,2.030184507369995,2.0471785068511963,0.0169939994812011,2.030184507369995
1,id_block2_h36_seed0,9449,full,3,forward,1,0.9989669322967528,0.4872669279575348,0.6307889819145203,0.1435220539569854,0.4872669279575348
1,id_block2_h36_seed0,9450,full,4,backward,1,0.9974976181983948,1.2314106225967407,1.3520275354385376,0.1206169128417968,1.2314106225967407
1,id_block2_h36_seed0,9453,full,1,right,1,0.9866256713867188,1.4051847457885742,1.4919809103012085,0.0867961645126342,1.4051847457885742
1,id_block2_h36_seed0,9454,full,3,forward,1,0.9993280172348022,0.3735459148883819,0.5269050002098083,0.1533590853214264,0.3735459148883819
1,id_block2_h36_seed0,9455,full,1,right,1,0.9998772144317628,1.1078405380249023,1.294273018836975,0.1864324808120727,1.1078405380249023
1,id_block2_h36_seed0,9457,full,3,forward,1,0.9999603033065796,0.4532719850540161,0.6578230261802673,0.2045510411262512,0.4532719850540161
1,id_block2_h36_seed0,9458,full,1,right,1,0.9986300468444824,0.4242280423641205,0.5581762194633484,0.1339481770992279,0.4242280423641205
1,id_block2_h36_seed0,9459,full,1,right,1,0.998915672302246,1.1816667318344116,1.3209211826324463,0.1392544507980346,1.1816667318344116
1,id_block2_h36_seed0,9460,full,4,backward,1,0.997901439666748,1.1867095232009888,1.3105303049087524,0.1238207817077636,1.1867095232009888
1,id_block2_h36_seed0,9461,full,1,right,1,0.9997665286064148,0.469015508890152,0.653920590877533,0.1849050819873809,0.469015508890152
1,id_block2_h36_seed0,9462,full,1,right,1,0.9997345805168152,0.461608737707138,0.6430050730705261,0.181396335363388,0.461608737707138
1,id_block2_h36_seed0,9463,full,3,forward,1,0.9984367489814758,0.5043941140174866,0.6440343260765076,0.139640212059021,0.5043941140174866
1,id_block2_h36_seed0,9465,full,3,forward,1,0.9998596906661988,1.0296043157577517,1.22067129611969,0.1910669803619384,1.0296043157577517
1,id_block2_h36_seed0,9466,full,4,backward,1,0.99965500831604,0.4072678387165069,0.5774208903312683,0.1701530516147613,0.4072678387165069
1,id_block2_h36_seed0,9467,full,1,right,1,0.9980304837226868,0.3451721668243408,0.4830667078495025,0.1378945410251617,0.3451721668243408
1,id_block2_h36_seed0,9468,full,4,backward,1,0.9997633099555968,1.064124345779419,1.231555461883545,0.1674311161041259,1.064124345779419
1,id_block2_h36_seed0,9469,full,2,left,1,0.9235246181488036,1.4999316930770874,1.5521570444107056,0.0522253513336181,1.4999316930770874
1,id_block2_h36_seed0,9470,full,1,right,1,0.9996947050094604,0.5596395134925842,0.7343153953552246,0.1746758818626403,0.5596395134925842
1,id_block2_h36_seed0,9471,full,3,forward,1,0.9986271858215332,0.4289510250091553,0.575148344039917,0.1461973190307617,0.4289510250091553
1,id_block2_h36_seed0,9472,full,1,right,1,0.9998520612716676,0.4712148904800415,0.6575698852539062,0.1863549947738647,0.4712148904800415
1,id_block2_h36_seed0,9474,full,1,right,1,0.9994378685951232,1.1486679315567017,1.3011847734451294,0.1525168418884277,1.1486679315567017
1,id_block2_h36_seed0,9475,full,2,left,1,0.9989778995513916,0.9117889404296876,1.0610491037368774,0.1492601633071899,0.9117889404296876
1,id_block2_h36_seed0,9476,full,2,left,1,0.9973723888397216,1.82639753818512,1.94572913646698,0.1193315982818603,1.82639753818512
1,id_block2_h36_seed0,9477,full,3,forward,1,0.9995532631874084,0.5241033434867859,0.6849614977836609,0.160858154296875,0.5241033434867859
1,id_block2_h36_seed0,9478,full,2,left,1,0.999969482421875,0.4837618768215179,0.6948814988136292,0.2111196219921112,0.4837618768215179
1,id_block2_h36_seed0,9479,full,3,forward,1,0.9999006986618042,0.4576926529407501,0.6523754596710205,0.1946828067302703,0.4576926529407501
1,id_block2_h36_seed0,9480,full,4,backward,1,0.9944091439247132,1.080705642700195,1.187633991241455,0.1069283485412597,1.080705642700195
1,id_block2_h36_seed0,9481,full,3,forward,1,0.9999791383743286,0.4610077440738678,0.6811919808387756,0.2201842367649078,0.4610077440738678
1,id_block2_h36_seed0,9482,full,3,forward,1,0.996310532093048,0.4652067124843597,0.5914145708084106,0.1262078583240509,0.4652067124843597
1,id_block2_h36_seed0,9483,full,2,left,1,0.9996682405471802,0.3787287473678589,0.5415546298027039,0.1628258824348449,0.3787287473678589
1,id_block2_h36_seed0,9484,full,4,backward,1,0.999861478805542,0.3684602677822113,0.5508500933647156,0.1823898255825042,0.3684602677822113
1,id_block2_h36_seed0,9485,full,2,left,1,0.9998643398284912,0.5191928744316101,0.7146296501159668,0.1954367756843567,0.5191928744316101
1,id_block2_h36_seed0,9486,full,4,backward,1,0.8912110924720764,1.0961360931396484,1.1397877931594849,0.0436517000198364,1.0961360931396484
1,id_block2_h36_seed0,9487,full,4,backward,1,0.9999953508377076,0.6638364791870117,0.9242628216743468,0.2604263424873352,0.6638364791870117
1,id_block2_h36_seed0,9488,full,1,right,1,0.9999525547027588,0.5053760409355164,0.7069494724273682,0.2015734314918518,0.5053760409355164
1,id_block2_h36_seed0,9489,full,4,backward,1,0.9996243715286256,0.2862944900989532,0.448767751455307,0.1624732613563537,0.2862944900989532
1,id_block2_h36_seed0,9490,full,1,right,1,0.999829649925232,1.306581974029541,1.4869184494018557,0.1803364753723144,1.306581974029541
1,id_block2_h36_seed0,9492,full,1,right,1,0.999618411064148,0.4771291315555572,0.6415239572525024,0.1643948256969452,0.4771291315555572
1,id_block2_h36_seed0,9493,full,4,backward,1,0.999427318572998,0.9826550483703612,1.144660472869873,0.1620054244995117,0.9826550483703612
1,id_block2_h36_seed0,9494,full,4,backward,1,0.9999040365219116,0.3547839820384979,0.5504133701324463,0.1956293880939483,0.3547839820384979
1,id_block2_h36_seed0,9496,full,3,forward,1,0.9984921216964722,1.028572916984558,1.178685426712036,0.150112509727478,1.028572916984558
1,id_block2_h36_seed0,9498,full,2,left,1,0.9992761015892028,0.9777705073356628,1.1296757459640503,0.1519052386283874,0.9777705073356628
1,id_block2_h36_seed0,9500,full,3,forward,1,0.9999674558639526,0.3468201160430908,0.5631130337715149,0.216292917728424,0.3468201160430908
1,id_block2_h36_seed0,9501,full,4,backward,1,0.9925464987754822,0.9843409657478333,1.0824501514434814,0.0981091856956482,0.9843409657478333
1,id_block2_h36_seed0,9502,full,1,right,1,0.9951826930046082,1.3987069129943848,1.5086294412612915,0.1099225282669067,1.3987069129943848
1,id_block2_h36_seed0,9503,full,2,left,1,0.999817430973053,0.3205702006816864,0.4931360185146332,0.1725658178329467,0.3205702006816864
1,id_block2_h36_seed0,9504,full,4,backward,1,0.9999793767929076,1.0273478031158447,1.2473927736282349,0.2200449705123901,1.0273478031158447
1,id_block2_h36_seed0,9505,full,4,backward,1,0.987496018409729,1.015468955039978,1.1172069311141968,0.1017379760742187,1.015468955039978
1,id_block2_h36_seed0,9506,full,1,right,1,0.9999130964279176,0.5175389051437378,0.7069076895713806,0.1893687844276428,0.5175389051437378
1,id_block2_h36_seed0,9508,full,1,right,1,0.9147214889526368,1.1742582321166992,1.2374762296676636,0.0632179975509643,1.1742582321166992
1,id_block2_h36_seed0,9510,full,2,left,1,0.999272644519806,0.4977396428585052,0.6526173949241638,0.1548777520656585,0.4977396428585052
1,id_block2_h36_seed0,9511,full,2,left,1,0.999804437160492,0.3847392797470093,0.5582462549209595,0.1735069751739502,0.3847392797470093
1,id_block2_h36_seed0,9512,full,2,left,1,0.9993222951889038,1.15896475315094,1.305205464363098,0.1462407112121582,1.15896475315094
1,id_block2_h36_seed0,9513,full,4,backward,1,0.9999494552612304,0.3966591358184814,0.6019397377967834,0.205280601978302,0.3966591358184814
1,id_block2_h36_seed0,9514,full,2,left,1,0.8711198568344116,2.262803077697754,2.3018453121185303,0.0390422344207763,2.262803077697754
1,id_block2_h36_seed0,9515,full,2,left,1,0.999990463256836,1.257081151008606,1.4934762716293335,0.2363951206207275,1.257081151008606
1,id_block2_h36_seed0,9516,full,4,backward,1,0.9990342855453492,0.8880688548088074,1.027804613113403,0.1397357583045959,0.8880688548088074
1,id_block2_h36_seed0,9517,full,1,right,1,0.9861089587211608,1.2610419988632202,1.3471704721450806,0.0861284732818603,1.2610419988632202
1,id_block2_h36_seed0,9518,full,3,forward,1,0.999991774559021,0.5227862000465393,0.7656821608543396,0.2428959608078003,0.5227862000465393
1,id_block2_h36_seed0,9520,full,4,backward,1,0.9999032020568848,0.4264065325260162,0.6206639409065247,0.1942574083805084,0.4264065325260162
1,id_block2_h36_seed0,9521,full,3,forward,1,0.9996329545974731,1.142974853515625,1.3039449453353882,0.1609700918197631,1.142974853515625
1,id_block2_h36_seed0,9522,full,3,forward,1,0.9998946189880372,0.8268526196479797,1.0206633806228638,0.193810760974884,0.8268526196479797
1,id_block2_h36_seed0,9523,full,4,backward,1,0.9999982118606568,0.5008479952812195,0.7671738266944885,0.266325831413269,0.5008479952812195
1,id_block2_h36_seed0,9525,full,3,forward,1,0.9998438358306884,0.4296731650829315,0.6129631400108337,0.1832899749279022,0.4296731650829315
1,id_block2_h36_seed0,9526,full,4,backward,1,0.9999063014984132,0.3078309595584869,0.4942753314971924,0.1864443719387054,0.3078309595584869
1,id_block2_h36_seed0,9527,full,3,forward,1,0.9996887445449828,0.5328018665313721,0.6954370141029358,0.1626351475715637,0.5328018665313721
1,id_block2_h36_seed0,9529,full,1,right,1,0.9997647404670716,0.4783168733119964,0.654453694820404,0.1761368215084076,0.4783168733119964
1,id_block2_h36_seed0,9530,full,2,left,1,0.9990737438201904,1.366754174232483,1.5135170221328735,0.1467628479003906,1.366754174232483
1,id_block2_h36_seed0,9531,full,2,left,1,0.9999494552612304,0.353636234998703,0.5685096383094788,0.2148734033107757,0.353636234998703
1,id_block2_h36_seed0,9532,full,3,forward,1,0.9994170665740968,1.107401967048645,1.2579385042190552,0.1505365371704101,1.107401967048645
1,id_block2_h36_seed0,9533,full,2,left,1,0.9794532656669616,0.4432957470417022,0.5258392691612244,0.0825435221195221,0.4432957470417022
1,id_block2_h36_seed0,9535,full,1,right,1,0.9999508857727052,0.4286341667175293,0.6428987979888916,0.2142646312713623,0.4286341667175293
1,id_block2_h36_seed0,9536,full,1,right,1,0.9997143149375916,0.4697507321834564,0.6446192860603333,0.1748685538768768,0.4697507321834564
1,id_block2_h36_seed0,9537,full,3,forward,1,0.9999773502349854,1.5471514463424685,1.763219714164734,0.2160682678222656,1.5471514463424685
1,id_block2_h36_seed0,9538,full,3,forward,1,0.9793835282325744,1.0848370790481567,1.1659564971923828,0.081119418144226,1.0848370790481567
1,id_block2_h36_seed0,9539,full,1,right,1,0.9991980195045472,1.6063896417617798,1.760295271873474,0.1539056301116943,1.6063896417617798
1,id_block2_h36_seed0,9541,full,2,left,1,0.999657154083252,0.565723180770874,0.7326438426971436,0.1669206619262695,0.565723180770874
1,id_block2_h36_seed0,9542,full,4,backward,1,0.9995797276496888,0.5402777791023254,0.7011215686798096,0.1608437895774841,0.5402777791023254
1,id_block2_h36_seed0,9543,full,3,forward,1,0.988552451133728,0.9677541851997375,1.0779434442520142,0.1101892590522766,0.9677541851997375
1,id_block2_h36_seed0,9544,full,2,left,1,0.9930552840232848,1.2012653350830078,1.3172402381896973,0.1159749031066894,1.2012653350830078
1,id_block2_h36_seed0,9545,full,4,backward,1,0.9995755553245544,0.4248531758785248,0.585432767868042,0.1605795919895172,0.4248531758785248
1,id_block2_h36_seed0,9546,full,2,left,1,0.9999657869338988,0.3644906282424927,0.5769930481910706,0.2125024199485778,0.3644906282424927
1,id_block2_h36_seed0,9547,full,4,backward,1,0.999976396560669,0.4449651539325714,0.6597998142242432,0.2148346602916717,0.4449651539325714
1,id_block2_h36_seed0,9548,full,2,left,1,0.9993777275085448,0.9795053601264954,1.1324036121368408,0.1528982520103454,0.9795053601264954
1,id_block2_h36_seed0,9549,full,1,right,1,0.9966520667076112,0.5612277984619141,0.6862275004386902,0.1249997019767761,0.5612277984619141
1,id_block2_h36_seed0,9550,full,4,backward,1,0.9958516359329224,1.106016755104065,1.2161107063293457,0.1100939512252807,1.106016755104065
1,id_block2_h36_seed0,9551,full,3,forward,1,0.9999381303787231,0.6342126131057739,0.8300752639770508,0.1958626508712768,0.6342126131057739
1,id_block2_h36_seed0,9553,full,4,backward,1,0.9997435212135316,0.7799845337867737,0.9555360674858092,0.1755515336990356,0.7799845337867737
1,id_block2_h36_seed0,9556,full,1,right,1,0.9999344348907472,0.4256645143032074,0.6213245987892151,0.1956600844860077,0.4256645143032074
1,id_block2_h36_seed0,9558,full,3,forward,1,0.9999990463256836,1.4593453407287598,1.7385950088500977,0.2792496681213379,1.4593453407287598
1,id_block2_h36_seed0,9559,full,4,backward,1,0.999761164188385,0.4282654523849487,0.6093679070472717,0.181102454662323,0.4282654523849487
1,id_block2_h36_seed0,9560,full,1,right,1,0.9993293285369872,0.4560804367065429,0.6178619861602783,0.1617815494537353,0.4560804367065429
1,id_block2_h36_seed0,9561,full,1,right,1,0.9989783763885498,0.4263828694820404,0.5783048868179321,0.1519220173358917,0.4263828694820404
1,id_block2_h36_seed0,9562,full,2,left,1,0.9964112639427184,1.9613078832626345,2.07454514503479,0.1132372617721557,1.9613078832626345
1,id_block2_h36_seed0,9563,full,3,forward,1,0.9986955523490906,1.3023937940597534,1.4370098114013672,0.1346160173416137,1.3023937940597534
1,id_block2_h36_seed0,9564,full,2,left,1,0.9972731471061708,0.41826131939888,0.5376948714256287,0.1194335520267486,0.41826131939888
1,id_block2_h36_seed0,9565,full,3,forward,1,0.9999266862869264,0.4367340505123138,0.6386999487876892,0.2019658982753753,0.4367340505123138
1,id_block2_h36_seed0,9566,full,4,backward,1,0.9966254234313964,1.1224489212036133,1.236258864402771,0.1138099431991577,1.1224489212036133
1,id_block2_h36_seed0,9567,full,3,forward,1,0.9999679327011108,0.599480926990509,0.817876398563385,0.2183954715728759,0.599480926990509
1,id_block2_h36_seed0,9568,full,1,right,1,0.9998308420181274,1.1078405380249023,1.294273018836975,0.1864324808120727,1.1078405380249023
1,id_block2_h36_seed0,9570,full,4,backward,1,0.999971866607666,0.3970004618167877,0.6268211007118225,0.2298206388950348,0.3970004618167877
1,id_block2_h36_seed0,9572,full,4,backward,1,0.9870314002037048,1.2089420557022097,1.2956169843673706,0.0866749286651611,1.2089420557022097
1,id_block2_h36_seed0,9573,full,4,backward,1,0.9970881342887878,0.9505597949028016,1.0678116083145142,0.1172518134117126,0.9505597949028016
1,id_block2_h36_seed0,9574,full,1,right,1,0.998055338859558,0.4458603858947754,0.5843090415000916,0.1384486556053161,0.4458603858947754
1,id_block2_h36_seed0,9575,full,4,backward,1,0.9993823766708374,1.1845744848251345,1.3334203958511353,0.1488459110260009,1.1845744848251345
1,id_block2_h36_seed0,9576,full,4,backward,1,0.999077320098877,1.030482292175293,1.171051859855652,0.1405695676803589,1.030482292175293
1,id_block2_h36_seed0,9577,full,4,backward,1,0.9999878406524658,1.0483291149139404,1.2749985456466677,0.226669430732727,1.0483291149139404
1,id_block2_h36_seed0,9578,full,2,left,1,0.9994850158691406,0.3954255580902099,0.5555914044380188,0.1601658463478088,0.3954255580902099
1,id_block2_h36_seed0,9579,full,3,forward,1,0.9997149109840392,0.4502572119235992,0.6315568089485168,0.1812995970249176,0.4502572119235992
1,id_block2_h36_seed0,9580,full,4,backward,1,0.9998818635940552,0.5210466980934143,0.7069622874259949,0.1859155893325805,0.5210466980934143
1,id_block2_h36_seed0,9581,full,2,left,1,0.9997060894966124,0.3824769258499145,0.565464437007904,0.1829875111579895,0.3824769258499145
1,id_block2_h36_seed0,9582,full,1,right,1,0.9998072981834412,0.3863592147827148,0.569313108921051,0.1829538941383361,0.3863592147827148
1,id_block2_h36_seed0,9583,full,3,forward,1,0.9996256828308104,1.1477103233337402,1.3206740617752075,0.1729637384414672,1.1477103233337402
1,id_block2_h36_seed0,9584,full,1,right,1,0.995753288269043,1.201565146446228,1.313628077507019,0.112062931060791,1.201565146446228
1,id_block2_h36_seed0,9585,full,4,backward,1,0.9995768666267396,0.5962392687797546,0.7547672390937805,0.1585279703140258,0.5962392687797546
1,id_block2_h36_seed0,9587,full,2,left,1,0.9982271790504456,2.10786509513855,2.2356836795806885,0.1278185844421386,2.10786509513855
1,id_block2_h36_seed0,9588,full,2,left,1,0.9998620748519896,0.4555884897708893,0.6469877362251282,0.1913992464542389,0.4555884897708893
1,id_block2_h36_seed0,9589,full,1,right,1,0.9992478489875792,0.9167178273200988,1.0607837438583374,0.1440659165382385,0.9167178273200988
1,id_block2_h36_seed0,9590,full,1,right,1,0.9777268767356871,2.037217378616333,2.1132009029388428,0.0759835243225097,2.037217378616333
1,id_block2_h36_seed0,9591,full,3,forward,1,0.9995591044425964,0.714710533618927,0.8866736888885498,0.1719631552696228,0.714710533618927
1,id_block2_h36_seed0,9592,full,2,left,1,0.9711450338363647,1.9658406972885127,2.0398504734039307,0.0740097761154174,1.9658406972885127
1,id_block2_h36_seed0,9593,full,2,left,1,0.9991135001182556,0.412921667098999,0.55885910987854,0.145937442779541,0.412921667098999
1,id_block2_h36_seed0,9594,full,3,forward,1,0.9997746348381042,0.375326544046402,0.5516766905784607,0.1763501465320587,0.375326544046402
1,id_block2_h36_seed0,9595,full,1,right,1,0.9996814727783204,1.2610419988632202,1.430953025817871,0.1699110269546508,1.2610419988632202
1,id_block2_h36_seed0,9596,full,3,forward,1,0.9991311430931092,1.2138594388961792,1.355554223060608,0.1416947841644287,1.2138594388961792
1,id_block2_h36_seed0,9597,full,4,backward,1,0.9995133876800536,1.10395085811615,1.2570090293884275,0.1530581712722778,1.10395085811615
1,id_block2_h36_seed0,9598,full,3,forward,1,0.9696794748306274,1.1143118143081665,1.18732488155365,0.0730130672454834,1.1143118143081665
1,id_block2_h36_seed0,9599,full,1,right,1,0.9998270869255066,0.3863592147827148,0.569313108921051,0.1829538941383361,0.3863592147827148
1,id_block2_h36_seed0,9600,full,4,backward,1,0.9974619150161744,1.1559497117996216,1.2774804830551147,0.1215307712554931,1.1559497117996216
1,id_block2_h36_seed0,9601,full,2,left,1,0.9996658563613892,0.9965330958366394,1.1585153341293335,0.1619822382926941,0.9965330958366394
1,id_block2_h36_seed0,9602,full,4,backward,1,0.8396775722503662,1.2197532653808594,1.253869891166687,0.0341166257858276,1.2197532653808594
1,id_block2_h36_seed0,9603,full,3,forward,1,0.9997783303260804,0.5047874450683594,0.6800177693367004,0.175230324268341,0.5047874450683594
1,id_block2_h36_seed0,9604,full,2,left,1,0.9945639371871948,1.027342677116394,1.1337809562683103,0.1064382791519165,1.027342677116394
1,id_block2_h36_seed0,9605,full,1,right,1,0.995932638645172,2.3896703720092773,2.503739595413208,0.1140692234039306,2.3896703720092773
1,id_block2_h36_seed0,9606,full,1,right,1,0.9992979764938354,1.6442865133285522,1.7896400690078735,0.1453535556793213,1.6442865133285522
1,id_block2_h36_seed0,9607,full,2,left,1,0.99988853931427,0.4499226808547973,0.637740969657898,0.1878182888031005,0.4499226808547973
1,id_block2_h36_seed0,9608,full,3,forward,1,0.9997301697731018,0.464061826467514,0.6287931799888611,0.164731353521347,0.464061826467514
1,id_block2_h36_seed0,9609,full,1,right,1,0.9997864365577698,0.5098026394844055,0.6803881525993347,0.1705855131149292,0.5098026394844055
1,id_block2_h36_seed0,9610,full,4,backward,1,0.9999934434890748,0.8428137302398682,1.0988738536834717,0.2560601234436035,0.8428137302398682
1,id_block2_h36_seed0,9611,full,2,left,1,0.8087769746780396,1.8180898427963257,1.8470925092697144,0.0290026664733886,1.8180898427963257
1,id_block2_h36_seed0,9612,full,2,left,1,0.9789568781852722,0.4628247022628784,0.5542014241218567,0.0913767218589782,0.4628247022628784
1,id_block2_h36_seed0,9613,full,3,forward,1,0.9986349940299988,1.3694545030593872,1.5019382238388062,0.1324837207794189,1.3694545030593872
1,id_block2_h36_seed0,9615,full,1,right,1,0.9635002613067628,1.4562228918075562,1.534670352935791,0.0784474611282348,1.4562228918075562
1,id_block2_h36_seed0,9617,full,3,forward,1,0.9997383952140808,0.5444405674934387,0.7206793427467346,0.1762387752532959,0.5444405674934387
1,id_block2_h36_seed0,9618,full,4,backward,1,0.9999735355377196,0.3050463497638702,0.5295078754425049,0.2244615256786346,0.3050463497638702
1,id_block2_h36_seed0,9620,full,4,backward,1,0.9999622106552124,0.397026389837265,0.6049831509590149,0.2079567611217498,0.397026389837265
1,id_block2_h36_seed0,9621,full,4,backward,1,0.9999525547027588,0.4910058677196502,0.6920037865638733,0.200997918844223,0.4910058677196502
1,id_block2_h36_seed0,9622,full,1,right,1,0.9999610185623168,0.4709543287754059,0.6895944476127625,0.2186401188373565,0.4709543287754059
1,id_block2_h36_seed0,9623,full,2,left,1,0.9999567270278932,0.5302743315696716,0.739016592502594,0.2087422609329223,0.5302743315696716
1,id_block2_h36_seed0,9624,full,1,right,1,0.9881724715232848,1.6020174026489258,1.7034125328063965,0.1013951301574707,1.6020174026489258
1,id_block2_h36_seed0,9629,full,1,right,1,0.9522466063499452,1.1789392232894895,1.2496508359909058,0.070711612701416,1.1789392232894895
1,id_block2_h36_seed0,9630,full,1,right,1,0.9988264441490172,0.4349147379398346,0.5823063254356384,0.1473915874958038,0.4349147379398346
1,id_block2_h36_seed0,9631,full,3,forward,1,0.9998132586479188,0.5210166573524475,0.6981474757194519,0.1771308183670044,0.5210166573524475
1,id_block2_h36_seed0,9632,full,1,right,1,0.975564181804657,1.236596703529358,1.3150614500045776,0.0784647464752197,1.236596703529358
1,id_block2_h36_seed0,9634,full,4,backward,1,0.999929904937744,0.4398163557052612,0.6449436545372009,0.2051272988319397,0.4398163557052612
1,id_block2_h36_seed0,9635,full,1,right,1,0.9999215602874756,0.5332787036895752,0.7323305606842041,0.1990518569946289,0.5332787036895752
1,id_block2_h36_seed0,9637,full,4,backward,1,0.9998884201049804,0.4005022048950195,0.583463191986084,0.1829609870910644,0.4005022048950195
1,id_block2_h36_seed0,9638,full,2,left,1,0.9957256317138672,1.1691625118255615,1.2784258127212524,0.1092633008956909,1.1691625118255615
1,id_block2_h36_seed0,9639,full,1,right,1,0.999537229537964,0.5372278094291687,0.6920948624610901,0.1548670530319214,0.5372278094291687
1,id_block2_h36_seed0,9640,full,3,forward,1,0.9999556541442872,0.5698073506355286,0.7875828742980957,0.2177755236625671,0.5698073506355286
1,id_block2_h36_seed0,9642,full,4,backward,1,0.9998784065246582,1.125803828239441,1.3063846826553345,0.1805808544158935,1.125803828239441
1,id_block2_h36_seed0,9644,full,3,forward,1,0.9999725818634032,0.4732962846755981,0.6904322504997253,0.2171359658241272,0.4732962846755981
1,id_block2_h36_seed0,9645,full,1,right,1,0.9991003274917604,2.3896703720092773,2.533900499343872,0.1442301273345947,2.3896703720092773
1,id_block2_h36_seed0,9646,full,1,right,1,0.9998923540115356,0.4475548267364502,0.6443962454795837,0.1968414187431335,0.4475548267364502
1,id_block2_h36_seed0,9647,full,3,forward,1,0.9886554479599,1.4871915578842163,1.5765818357467651,0.0893902778625488,1.4871915578842163
1,id_block2_h36_seed0,9648,full,4,backward,1,0.9996123909950256,0.5061704516410828,0.6650903820991516,0.1589199304580688,0.5061704516410828
1,id_block2_h36_seed0,9649,full,3,forward,1,0.998472273349762,1.155185341835022,1.2923593521118164,0.1371740102767944,1.155185341835022
1,id_block2_h36_seed0,9650,full,2,left,1,0.9996939897537231,2.1170616149902344,2.28122353553772,0.1641619205474853,2.1170616149902344
1,id_block2_h36_seed0,9651,full,3,forward,1,0.999841809272766,0.3393518030643463,0.5271854400634766,0.1878336369991302,0.3393518030643463
1,id_block2_h36_seed0,9653,full,4,backward,1,0.9999922513961792,0.7159221768379211,0.9516024589538574,0.2356802821159362,0.7159221768379211
1,id_block2_h36_seed0,9655,full,1,right,1,0.998727023601532,1.2789489030838013,1.412661910057068,0.1337130069732666,1.2789489030838013
1,id_block2_h36_seed0,9656,full,2,left,1,0.9991323351860046,0.8578475117683411,1.011128067970276,0.1532805562019348,0.8578475117683411
1,id_block2_h36_seed0,9658,full,2,left,1,0.9991453886032104,1.0294570922851562,1.180033564567566,0.1505764722824096,1.0294570922851562
1,id_block2_h36_seed0,9659,full,3,forward,1,0.9999027252197266,0.4478665888309479,0.6471470594406128,0.1992804706096649,0.4478665888309479
1,id_block2_h36_seed0,9660,full,1,right,1,0.9455556869506836,1.6811275482177734,1.7383546829223633,0.0572271347045898,1.6811275482177734
1,id_block2_h36_seed0,9661,full,3,forward,1,0.9999403953552246,0.4767671823501587,0.6841089129447937,0.207341730594635,0.4767671823501587
1,id_block2_h36_seed0,9662,full,4,backward,1,0.9998787641525269,0.6642366647720337,0.8455514907836914,0.1813148260116577,0.6642366647720337
1,id_block2_h36_seed0,9664,full,1,right,1,0.9999910593032836,0.3584340512752533,0.5993401408195496,0.2409060895442962,0.3584340512752533
1,id_block2_h36_seed0,9666,full,2,left,1,0.9990863800048828,0.9117889404296876,1.067999005317688,0.1562100648880005,0.9117889404296876
1,id_block2_h36_seed0,9668,full,1,right,1,0.9996318817138672,0.9926210045814514,1.1516259908676147,0.1590049862861633,0.9926210045814514
1,id_block2_h36_seed0,9669,full,2,left,1,0.9996556043624878,0.7560043334960938,0.9222910404205322,0.1662867069244384,0.7560043334960938
1,id_block2_h36_seed0,9670,full,1,right,1,0.9964908957481384,0.6998577117919922,0.8134675025939941,0.1136097908020019,0.6998577117919922
1,id_block2_h36_seed0,9671,full,1,right,1,0.9965050220489502,0.5160446763038635,0.6299264430999756,0.113881766796112,0.5160446763038635
1,id_block2_h36_seed0,9673,full,3,forward,1,0.998969793319702,0.4082016050815582,0.5517473220825195,0.1435457170009613,0.4082016050815582
1,id_block2_h36_seed0,9675,full,4,backward,1,0.9949178695678712,0.9111990332603456,1.0167380571365356,0.1055390238761901,0.9111990332603456
1,id_block2_h36_seed0,9676,full,2,left,1,0.9780076146125792,1.11884868144989,1.2029024362564087,0.0840537548065185,1.11884868144989
1,id_block2_h36_seed0,9678,full,4,backward,1,0.9965437054634094,1.2314106225967407,1.3520275354385376,0.1206169128417968,1.2314106225967407
1,id_block2_h36_seed0,9679,full,2,left,1,0.9997568726539612,0.3721280992031097,0.5537108778953552,0.1815827786922454,0.3721280992031097
1,id_block2_h36_seed0,9680,full,2,left,1,0.9998181462287904,0.4063690900802612,0.5889524817466736,0.1825833916664123,0.4063690900802612
1,id_block2_h36_seed0,9681,full,2,left,1,0.9970184564590454,0.4871560633182525,0.6043352484703064,0.1171791851520538,0.4871560633182525
1,id_block2_h36_seed0,9682,full,2,left,1,0.9998169541358948,0.4775878489017486,0.6503552794456482,0.1727674305438995,0.4775878489017486
1,id_block2_h36_seed0,9684,full,2,left,1,0.9970876574516296,1.0955394506454468,1.2123476266860962,0.1168081760406494,1.0955394506454468
1,id_block2_h36_seed0,9685,full,3,forward,1,0.9995285272598268,1.1869525909423828,1.3413575887680054,0.1544049978256225,1.1869525909423828
1,id_block2_h36_seed0,9686,full,2,left,1,0.9979252815246582,1.261900782585144,1.395107388496399,0.1332066059112548,1.261900782585144
1,id_block2_h36_seed0,9687,full,4,backward,1,0.9867764115333556,0.5398544669151306,0.6351739764213562,0.0953195095062255,0.5398544669151306
1,id_block2_h36_seed0,9688,full,3,forward,1,0.9999955892562866,0.5979912281036377,0.8662469983100891,0.2682557702064514,0.5979912281036377
1,id_block2_h36_seed0,9689,full,2,left,1,0.9985320568084716,1.2297688722610474,1.360831618309021,0.1310627460479736,1.2297688722610474
1,id_block2_h36_seed0,9690,full,2,left,1,0.9538176655769348,0.4519111216068268,0.5252893567085266,0.0733782351016998,0.4519111216068268
1,id_block2_h36_seed0,9691,full,4,backward,1,0.9925881028175354,0.5521364808082581,0.6503510475158691,0.098214566707611,0.5521364808082581
1,id_block2_h36_seed0,9693,full,2,left,1,0.9909090399742126,0.9455409049987792,1.0494481325149536,0.1039072275161743,0.9455409049987792
1,id_block2_h36_seed0,9697,full,2,left,1,0.9995458722114564,0.4519400596618652,0.6191479563713074,0.1672078967094421,0.4519400596618652
1,id_block2_h36_seed0,9698,full,1,right,1,0.9997245669364928,1.1074364185333252,1.274412989616394,0.1669765710830688,1.1074364185333252
1,id_block2_h36_seed0,9699,full,4,backward,1,0.9979481101036072,1.2371636629104614,1.3614856004714966,0.1243219375610351,1.2371636629104614
1,id_block2_h36_seed0,9700,full,1,right,1,0.9552481174468994,1.6170037984848022,1.6782809495925903,0.061277151107788,1.6170037984848022
1,id_block2_h36_seed0,9701,full,3,forward,1,0.9987887740135192,0.7648360729217529,0.9051012992858888,0.1402652263641357,0.7648360729217529
1,id_block2_h36_seed0,9702,full,2,left,1,0.999974012374878,0.3490340709686279,0.5611240863800049,0.2120900154113769,0.3490340709686279
1,id_block2_h36_seed0,9703,full,4,backward,1,0.9821333289146424,1.0441700220108032,1.1259782314300537,0.0818082094192504,1.0441700220108032
1,id_block2_h36_seed0,9704,full,2,left,1,0.9673489332199096,1.4089279174804688,1.4978084564208984,0.0888805389404296,1.4089279174804688
1,id_block2_h36_seed0,9705,full,4,backward,1,0.9999088048934937,0.4351965487003326,0.6234763264656067,0.188279777765274,0.4351965487003326
1,id_block2_h36_seed0,9706,full,1,right,1,0.9925662279129028,1.024991512298584,1.1283360719680786,0.1033445596694946,1.024991512298584
1,id_block2_h36_seed0,9707,full,1,right,1,0.9999498128890992,1.437878966331482,1.6386533975601196,0.2007744312286377,1.437878966331482
1,id_block2_h36_seed0,9708,full,4,backward,1,0.9991094470024108,1.0273478031158447,1.167857050895691,0.1405092477798462,1.0273478031158447
1,id_block2_h36_seed0,9710,full,3,forward,1,0.9985567927360536,1.1471061706542969,1.280343532562256,0.1332373619079589,1.1471061706542969
1,id_block2_h36_seed0,9711,full,3,forward,1,0.999904990196228,0.5588504672050476,0.756035327911377,0.1971848607063293,0.5588504672050476
1,id_block2_h36_seed0,9712,full,1,right,1,0.9991552829742432,0.5676270127296448,0.714417040348053,0.1467900276184082,0.5676270127296448
1,id_block2_h36_seed0,9713,full,3,forward,1,0.9998937845230104,1.3023937940597534,1.486727595329285,0.1843338012695312,1.3023937940597534
1,id_block2_h36_seed0,9716,full,4,backward,1,0.9930851459503174,0.9214338660240172,1.0271085500717163,0.1056746840476989,0.9214338660240172
1,id_block2_h36_seed0,9717,full,4,backward,1,0.9996128678321838,0.3899239003658294,0.5508182644844055,0.160894364118576,0.3899239003658294
1,id_block2_h36_seed0,9718,full,3,forward,1,0.997980773448944,1.1662994623184204,1.2955385446548462,0.1292390823364257,1.1662994623184204
1,id_block2_h36_seed0,9719,full,3,forward,1,0.999980926513672,0.4610077440738678,0.6878207325935364,0.2268129885196685,0.4610077440738678
1,id_block2_h36_seed0,9720,full,4,backward,1,0.9998791217803956,0.6048246026039124,0.7874390482902527,0.1826144456863403,0.6048246026039124
1,id_block2_h36_seed0,9721,full,1,right,1,0.9998537302017212,1.1882425546646118,1.3786945343017578,0.190451979637146,1.1882425546646118
1,id_block2_h36_seed0,9723,full,2,left,1,0.9984402060508728,1.0651997327804563,1.1960018873214722,0.1308021545410156,1.0651997327804563
1,id_block2_h36_seed0,9724,full,1,right,1,0.8819088935852051,1.903945803642273,1.9446401596069336,0.0406943559646606,1.903945803642273
1,id_block2_h36_seed0,9725,full,3,forward,1,0.9998993873596193,0.4478665888309479,0.6465427279472351,0.1986761391162872,0.4478665888309479
1,id_block2_h36_seed0,9726,full,3,forward,1,0.9964069724082948,0.973055899143219,1.0955771207809448,0.1225212216377258,0.973055899143219
1,id_block2_h36_seed0,9727,full,1,right,1,0.9999300241470336,0.3359226882457733,0.5378612875938416,0.2019385993480682,0.3359226882457733
1,id_block2_h36_seed0,9728,full,1,right,1,0.9794298410415648,1.31598961353302,1.3985484838485718,0.0825588703155517,1.31598961353302
1,id_block2_h36_seed0,9729,full,2,left,1,0.999537229537964,1.0419871807098389,1.1963050365447998,0.1543178558349609,1.0419871807098389
1,id_block2_h36_seed0,9730,full,3,forward,1,0.9998410940170288,0.4755850732326507,0.6599591374397278,0.184374064207077,0.4755850732326507
1,id_block2_h36_seed0,9731,full,1,right,1,0.995776355266571,0.4925335347652435,0.6078459620475769,0.1153124272823333,0.4925335347652435
1,id_block2_h36_seed0,9732,full,3,forward,1,0.8323980569839478,0.6192027926445007,0.6527231931686401,0.0335204005241394,0.6192027926445007
1,id_block2_h36_seed0,9733,full,2,left,1,0.9962467551231384,1.0404601097106934,1.154060125350952,0.1136000156402587,1.0404601097106934
1,id_block2_h36_seed0,9734,full,1,right,1,0.9791656136512756,1.6302059888839722,1.707471251487732,0.0772652626037597,1.6302059888839722
1,id_block2_h36_seed0,9735,full,1,right,1,0.9998183846473694,1.5819425582885742,1.7636886835098269,0.1817461252212524,1.5819425582885742
1,id_block2_h36_seed0,9736,full,4,backward,1,0.9996330738067628,0.4542555510997772,0.6145734190940857,0.1603178679943084,0.4542555510997772
1,id_block2_h36_seed0,9737,full,3,forward,1,0.9989863038063048,0.6887149214744568,0.8408617973327637,0.1521468758583068,0.6887149214744568
1,id_block2_h36_seed0,9738,full,4,backward,1,0.9991267323493958,0.3909832537174225,0.5356605648994446,0.1446773111820221,0.3909832537174225
1,id_block2_h36_seed0,9739,full,3,forward,1,0.9998725652694702,0.5007734894752502,0.6930277347564697,0.1922542452812194,0.5007734894752502
1,id_block2_h36_seed0,9740,full,1,right,1,0.9999815225601196,0.5247659087181091,0.7491855621337891,0.2244196534156799,0.5247659087181091
1,id_block2_h36_seed0,9741,full,1,right,1,0.9999842643737792,0.5406112670898438,0.767035722732544,0.2264244556427002,0.5406112670898438
1,id_block2_h36_seed0,9742,full,2,left,1,0.9993467926979064,0.4519400596618652,0.6120492815971375,0.1601092219352722,0.4519400596618652
1,id_block2_h36_seed0,9745,full,4,backward,1,0.99993634223938,0.5245888233184814,0.7265329957008362,0.2019441723823547,0.5245888233184814
1,id_block2_h36_seed0,9747,full,4,backward,1,0.9998006224632264,0.9385401606559752,1.1104499101638794,0.171909749507904,0.9385401606559752
1,id_block2_h36_seed0,9750,full,2,left,1,0.9992146492004396,0.383251816034317,0.5340195298194885,0.1507677137851715,0.383251816034317
1,id_block2_h36_seed0,9751,full,4,backward,1,0.9999146461486816,0.9962453842163086,1.1836849451065063,0.1874395608901977,0.9962453842163086
1,id_block2_h36_seed0,9752,full,2,left,1,0.998683750629425,0.4405249059200287,0.5791341066360474,0.1386092007160186,0.4405249059200287
1,id_block2_h36_seed0,9753,full,3,forward,1,0.9998537302017212,0.4256463050842285,0.602851152420044,0.1772048473358154,0.4256463050842285
1,id_block2_h36_seed0,9754,full,3,forward,1,0.9977040886878968,1.1143118143081665,1.23855721950531,0.1242454051971435,1.1143118143081665
1,id_block2_h36_seed0,9755,full,3,forward,1,0.9998151659965516,0.5527036190032959,0.7386441230773926,0.1859405040740966,0.5527036190032959
1,id_block2_h36_seed0,9757,full,1,right,1,0.9970972537994384,1.537515640258789,1.6549495458602903,0.1174339056015014,1.537515640258789
1,id_block2_h36_seed0,9758,full,3,forward,1,0.9999920129776,0.5328018665313721,0.7707982063293457,0.2379963397979736,0.5328018665313721
1,id_block2_h36_seed0,9759,full,3,forward,1,0.9999337196350098,0.57065349817276,0.7792385220527649,0.2085850238800048,0.57065349817276
1,id_block2_h36_seed0,9760,full,4,backward,1,0.9997132420539856,0.4931493699550628,0.6677053570747375,0.1745559871196746,0.4931493699550628
1,id_block2_h36_seed0,9761,full,4,backward,1,0.9837844371795654,1.1805648803710938,1.2626742124557495,0.0821093320846557,1.1805648803710938
1,id_block2_h36_seed0,9762,full,3,forward,1,0.9995170831680298,1.378621220588684,1.5399872064590454,0.1613659858703613,1.378621220588684
1,id_block2_h36_seed0,9763,full,4,backward,1,0.9999942779541016,0.2774232923984527,0.5214517116546631,0.2440284192562103,0.2774232923984527
1,id_block2_h36_seed0,9764,full,4,backward,1,0.9968687891960144,1.1161197423934937,1.2314151525497437,0.11529541015625,1.1161197423934937
1,id_block2_h36_seed0,9765,full,2,left,1,0.9924880266189576,0.5779969096183777,0.6846286654472351,0.1066317558288574,0.5779969096183777
1,id_block2_h36_seed0,9766,full,1,right,1,0.9999171495437622,0.5481879115104675,0.7396791577339172,0.1914912462234497,0.5481879115104675
1,id_block2_h36_seed0,9767,full,4,backward,1,0.9862370491027832,0.986894190311432,1.0723553895950315,0.0854611992835998,0.986894190311432
1,id_block2_h36_seed0,9768,full,4,backward,1,0.9996274709701538,1.165548324584961,1.328414797782898,0.162866473197937,1.165548324584961
1,id_block2_h36_seed0,9770,full,4,backward,1,0.9832292199134828,1.0441700220108032,1.1259782314300537,0.0818082094192504,1.0441700220108032
1,id_block2_h36_seed0,9773,full,3,forward,1,0.9999408721923828,0.568474292755127,0.7745348811149597,0.2060605883598327,0.568474292755127
1,id_block2_h36_seed0,9774,full,4,backward,1,0.999828577041626,0.384812593460083,0.5734454989433289,0.1886329054832458,0.384812593460083
1,id_block2_h36_seed0,9775,full,1,right,1,0.9988129138946532,0.9026618003845216,1.0427982807159424,0.1401364803314209,0.9026618003845216
1,id_block2_h36_seed0,9776,full,4,backward,1,0.9962397813796996,0.8972398638725281,1.0088447332382202,0.1116048693656921,0.8972398638725281
1,id_block2_h36_seed0,9777,full,1,right,1,0.9999418258666992,0.5111075639724731,0.7216865420341492,0.210578978061676,0.5111075639724731
1,id_block2_h36_seed0,9778,full,2,left,1,0.999998927116394,1.6106590032577517,1.8921293020248413,0.2814702987670898,1.6106590032577517
1,id_block2_h36_seed0,9779,full,2,left,1,0.999030590057373,1.1963096857070925,1.3446317911148071,0.1483221054077148,1.1963096857070925
1,id_block2_h36_seed0,9780,full,1,right,1,0.9952732920646667,0.5612277984619141,0.6713600158691406,0.1101322174072265,0.5612277984619141
1,id_block2_h36_seed0,9782,full,3,forward,1,0.9909812808036804,0.9662297368049622,1.0643590688705444,0.0981293320655822,0.9662297368049622
1,id_block2_h36_seed0,9783,full,4,backward,1,0.9986209869384766,1.1012617349624634,1.233024001121521,0.1317622661590576,1.1012617349624634
1,id_block2_h36_seed0,9784,full,2,left,1,0.9994394183158876,0.497438907623291,0.6517593264579773,0.1543204188346862,0.497438907623291
1,id_block2_h36_seed0,9785,full,3,forward,1,0.999891996383667,0.5073911547660828,0.6949065327644348,0.187515377998352,0.5073911547660828
1,id_block2_h36_seed0,9786,full,4,backward,1,0.9999477863311768,0.4579922258853912,0.6627843976020813,0.20479217171669,0.4579922258853912
1,id_block2_h36_seed0,9788,full,2,left,1,0.9955050945281982,2.115004539489746,2.2289841175079346,0.1139795780181884,2.115004539489746
1,id_block2_h36_seed0,9789,full,4,backward,1,0.998885452747345,0.7090864181518555,0.8456386923789978,0.1365522742271423,0.7090864181518555
1,id_block2_h36_seed0,9790,full,1,right,1,0.9998278617858888,0.3889872133731842,0.5690376162528992,0.1800504028797149,0.3889872133731842
1,id_block2_h36_seed0,9791,full,2,left,1,0.9974984526634216,0.4997335970401764,0.6227546334266663,0.1230210363864898,0.4997335970401764
1,id_block2_h36_seed0,9792,full,4,backward,1,0.9998914003372192,0.4163693189620971,0.604269802570343,0.1879004836082458,0.4163693189620971
1,id_block2_h36_seed0,9793,full,1,right,1,0.9999626874923706,0.492476612329483,0.7156707644462585,0.2231941521167755,0.492476612329483
1,id_block2_h36_seed0,9794,full,2,left,1,0.9986855387687684,0.7229893207550049,0.8581693768501282,0.1351800560951233,0.7229893207550049
1,id_block2_h36_seed0,9795,full,1,right,1,0.9964802861213684,1.9574960470199585,2.082718849182129,0.1252228021621704,1.9574960470199585
1,id_block2_h36_seed0,9796,full,4,backward,1,0.993401825428009,1.0749386548995972,1.1756845712661743,0.1007459163665771,1.0749386548995972
1,id_block2_h36_seed0,9797,full,4,backward,1,0.9999513626098632,0.3750981092453003,0.5873985886573792,0.2123004794120788,0.3750981092453003
1,id_block2_h36_seed0,9799,full,3,forward,1,0.9995465874671936,1.0817619562149048,1.2394503355026243,0.1576883792877197,1.0817619562149048
1,id_block2_h36_seed0,9800,full,4,backward,1,0.9998434782028198,0.4099463522434234,0.5931395292282104,0.183193176984787,0.4099463522434234
1,id_block2_h36_seed0,9801,full,4,backward,1,0.9997069239616394,0.8129698634147644,0.9756638407707214,0.162693977355957,0.8129698634147644
1,id_block2_h36_seed0,9802,full,3,forward,1,0.9999186992645264,0.5526507496833801,0.7590973973274231,0.2064466476440429,0.5526507496833801
1,id_block2_h36_seed0,9803,full,2,left,1,0.9999783039093018,0.328950822353363,0.5585114359855652,0.2295606136322021,0.328950822353363
1,id_block2_h36_seed0,9805,full,3,forward,1,0.99847012758255,1.1708524227142334,1.3020895719528198,0.1312371492385864,1.1708524227142334
1,id_block2_h36_seed0,9806,full,4,backward,1,0.993187665939331,1.0498725175857544,1.1497621536254885,0.0998896360397338,1.0498725175857544
1,id_block2_h36_seed0,9807,full,4,backward,1,0.9997804760932922,0.4264065325260162,0.5956717729568481,0.1692652404308319,0.4264065325260162
1,id_block2_h36_seed0,9809,full,3,forward,1,0.9999504089355468,0.5775485634803772,0.7907223105430603,0.2131737470626831,0.5775485634803772
1,id_block2_h36_seed0,9810,full,4,backward,1,0.9999958276748656,0.3221327364444732,0.5840210318565369,0.2618882954120636,0.3221327364444732
1,id_block2_h36_seed0,9811,full,4,backward,1,0.9793972373008728,1.205716252326965,1.2842097282409668,0.0784934759140014,1.205716252326965
1,id_block2_h36_seed0,9812,full,1,right,1,0.99838125705719,0.5362758636474609,0.6744220852851868,0.1381462216377258,0.5362758636474609
1,id_block2_h36_seed0,9813,full,4,backward,1,0.9999237060546876,0.3768492043018341,0.5689727067947388,0.1921235024929046,0.3768492043018341
1,id_block2_h36_seed0,9814,full,2,left,1,0.9996275901794434,1.0366066694259644,1.1961920261383057,0.1595853567123413,1.0366066694259644
1,id_block2_h36_seed0,9815,full,3,forward,1,0.9981750249862672,1.180293321609497,1.3067456483840942,0.1264523267745971,1.180293321609497
1,id_block2_h36_seed0,9816,full,1,right,1,0.9999704360961914,0.5562218427658081,0.7740774154663086,0.2178555727005005,0.5562218427658081
1,id_block2_h36_seed0,9817,full,1,right,1,0.945753574371338,1.4303840398788452,1.498607516288757,0.0682234764099121,1.4303840398788452
1,id_block2_h36_seed0,9818,full,1,right,1,0.9979158043861388,0.4560804367065429,0.5949590802192688,0.1388786435127258,0.4560804367065429
1,id_block2_h36_seed0,9819,full,3,forward,1,0.9892248511314392,1.493709921836853,1.5844545364379885,0.0907446146011352,1.493709921836853
1,id_block2_h36_seed0,9820,full,3,forward,1,0.9987258315086364,1.5666948556900024,1.7041268348693848,0.1374319791793823,1.5666948556900024
1,id_block2_h36_seed0,9821,full,4,backward,1,0.9992905855178832,0.7027368545532227,0.8611235618591309,0.1583867073059082,0.7027368545532227
1,id_block2_h36_seed0,9822,full,2,left,1,0.9999045133590698,0.3291088342666626,0.5155524611473083,0.1864436268806457,0.3291088342666626
1,id_block2_h36_seed0,9823,full,1,right,1,0.9997815489768982,0.469015508890152,0.653920590877533,0.1849050819873809,0.469015508890152
1,id_block2_h36_seed0,9824,full,4,backward,1,0.999940037727356,0.4989287555217743,0.6978719830513,0.1989432275295257,0.4989287555217743
1,id_block2_h36_seed0,9826,full,3,forward,1,0.9996441602706908,1.160645842552185,1.321949481964111,0.1613036394119262,1.160645842552185
1,id_block2_h36_seed0,9827,full,3,forward,1,0.9999829530715942,0.4085740745067596,0.6327242255210876,0.224150151014328,0.4085740745067596
1,id_block2_h36_seed0,9828,full,1,right,1,0.9990044236183168,1.4169979095458984,1.568458914756775,0.1514610052108764,1.4169979095458984
1,id_block2_h36_seed0,9829,full,3,forward,1,0.9905551075935364,1.4434213638305664,1.540390968322754,0.0969696044921875,1.4434213638305664
1,id_block2_h36_seed0,9831,full,1,right,1,0.9999881982803344,0.6109941005706787,0.8482184410095215,0.2372243404388427,0.6109941005706787
1,id_block2_h36_seed0,9832,full,2,left,1,0.9994008541107178,0.4964331686496734,0.6466569900512695,0.150223821401596,0.4964331686496734
1,id_block2_h36_seed0,9834,full,3,forward,1,0.9912021160125732,1.084689021110535,1.181747555732727,0.0970585346221923,1.084689021110535
1,id_block2_h36_seed0,9835,full,1,right,1,0.9999417066574096,0.4575063288211822,0.6575857996940613,0.200079470872879,0.4575063288211822
1,id_block2_h36_seed0,9836,full,1,right,1,0.999626874923706,0.4242280423641205,0.5851076245307922,0.1608795821666717,0.4242280423641205
1,id_block2_h36_seed0,9837,full,3,forward,1,0.9995018243789672,0.4082016050815582,0.5739054083824158,0.1657038033008575,0.4082016050815582
1,id_block2_h36_seed0,9838,full,4,backward,1,0.9999059438705444,0.927325427532196,1.1144014596939087,0.1870760321617126,0.927325427532196
1,id_block2_h36_seed0,9839,full,4,backward,1,0.9998952150344848,0.9011957049369812,1.084657073020935,0.1834613680839538,0.9011957049369812
1,id_block2_h36_seed0,9840,full,4,backward,1,0.9998270869255066,0.5007899403572083,0.6776226162910461,0.1768326759338379,0.5007899403572083
1,id_block2_h36_seed0,9841,full,3,forward,1,0.999377429485321,0.6953890323638916,0.860920250415802,0.1655312180519104,0.6953890323638916
1,id_block2_h36_seed0,9842,full,2,left,1,0.9955299496650696,0.6516024470329285,0.773020327091217,0.1214178800582885,0.6516024470329285
1,id_block2_h36_seed0,9843,full,2,left,1,0.999778926372528,0.4641644954681396,0.6335921883583069,0.1694276928901672,0.4641644954681396
1,id_block2_h36_seed0,9844,full,1,right,1,0.994293212890625,0.440788060426712,0.5447618365287781,0.103973776102066,0.440788060426712
1,id_block2_h36_seed0,9846,full,4,backward,1,0.9914119243621826,0.4560379683971405,0.5588176250457764,0.1027796566486358,0.4560379683971405
1,id_block2_h36_seed0,9847,full,2,left,1,0.9999862909317015,1.6584967374801636,1.8861767053604128,0.227679967880249,1.6584967374801636
1,id_block2_h36_seed0,9848,full,4,backward,1,0.9996050000190736,0.5061704516410828,0.6650903820991516,0.1589199304580688,0.5061704516410828
1,id_block2_h36_seed0,9849,full,1,right,1,0.9559757709503174,1.4193496704101562,1.4809108972549438,0.0615612268447876,1.4193496704101562
1,id_block2_h36_seed0,9851,full,3,forward,1,0.9997857213020324,0.4868135154247284,0.6633814573287964,0.176567941904068,0.4868135154247284
1,id_block2_h36_seed0,9852,full,4,backward,1,0.9955341815948486,1.0453730821609497,1.1535634994506836,0.1081904172897338,1.0453730821609497
1,id_block2_h36_seed0,9853,full,1,right,1,0.9986300468444824,1.4188785552978516,1.552371382713318,0.1334928274154663,1.4188785552978516
1,id_block2_h36_seed0,9854,full,2,left,1,0.999942660331726,0.4814691841602325,0.6853039264678955,0.2038347423076629,0.4814691841602325
1,id_block2_h36_seed0,9855,full,2,left,1,0.99456787109375,1.1602473258972168,1.2740280628204346,0.1137807369232177,1.1602473258972168
1,id_block2_h36_seed0,9856,full,2,left,1,0.9992456436157228,0.3891717493534088,0.5343936085700989,0.14522185921669,0.3891717493534088
1,id_block2_h36_seed0,9857,full,2,left,1,0.9984563589096068,0.8485417366027832,0.983607053756714,0.1350653171539306,0.8485417366027832
1,id_block2_h36_seed0,9858,full,4,backward,1,0.999110996723175,0.8891215920448303,1.0304261445999146,0.1413045525550842,0.8891215920448303
1,id_block2_h36_seed0,9859,full,4,backward,1,0.99995756149292,0.3292528688907623,0.5381817817687988,0.2089289128780365,0.3292528688907623
1,id_block2_h36_seed0,9861,full,1,right,1,0.9831463694572448,1.4464696645736694,1.5477876663208008,0.1013180017471313,1.4464696645736694
1,id_block2_h36_seed0,9862,full,4,backward,1,0.9989940524101256,1.1822062730789185,1.321203589439392,0.1389973163604736,1.1822062730789185
1,id_block2_h36_seed0,9864,full,4,backward,1,0.9962202906608582,1.0716298818588257,1.1843256950378418,0.1126958131790161,1.0716298818588257
1,id_block2_h36_seed0,9865,full,3,forward,1,0.9999992847442628,1.4465614557266235,1.7425212860107422,0.2959598302841186,1.4465614557266235
1,id_block2_h36_seed0,9866,full,2,left,1,0.999929666519165,0.3392291069030761,0.5445870757102966,0.2053579688072204,0.3392291069030761
1,id_block2_h36_seed0,9868,full,4,backward,1,0.9998852014541626,0.4223798215389251,0.6123109459877014,0.1899311244487762,0.4223798215389251
1,id_block2_h36_seed0,9869,full,3,forward,1,0.999987006187439,0.5227862000465393,0.759197473526001,0.2364112734794616,0.5227862000465393
1,id_block2_h36_seed0,9870,full,2,left,1,0.9873837828636168,0.5450651049613953,0.6437525153160095,0.0986874103546142,0.5450651049613953
1,id_block2_h36_seed0,9871,full,4,backward,1,0.9996030926704408,0.3886999785900116,0.5503689050674438,0.1616689264774322,0.3886999785900116
1,id_block2_h36_seed0,9872,full,4,backward,1,0.9971442818641664,0.4560379683971405,0.5736698508262634,0.1176318824291229,0.4560379683971405
1,id_block2_h36_seed0,9874,full,1,right,1,0.9997467398643494,0.5053760409355164,0.6726722717285156,0.1672962307929992,0.5053760409355164
1,id_block2_h36_seed0,9875,full,4,backward,1,0.999947428703308,0.494244247674942,0.7094112038612366,0.2151669561862945,0.494244247674942
1,id_block2_h36_seed0,9876,full,1,right,1,0.9995703101158142,0.6949235796928406,0.8529910445213318,0.1580674648284912,0.6949235796928406
1,id_block2_h36_seed0,9877,full,2,left,1,0.9928337335586548,1.9639854431152344,2.06388258934021,0.0998971462249755,1.9639854431152344
1,id_block2_h36_seed0,9878,full,2,left,1,0.997222661972046,1.0053590536117554,1.1252926588058472,0.1199336051940918,1.0053590536117554
1,id_block2_h36_seed0,9879,full,4,backward,1,0.9993311166763306,1.2694458961486816,1.4156616926193235,0.1462157964706421,1.2694458961486816
1,id_block2_h36_seed0,9880,full,2,left,1,0.9996302127838136,0.3711706697940826,0.5317361950874329,0.1605655252933502,0.3711706697940826
1,id_block2_h36_seed0,9881,full,3,forward,1,0.9929152727127076,1.4750480651855469,1.5786762237548828,0.1036281585693359,1.4750480651855469
1,id_block2_h36_seed0,9882,full,4,backward,1,0.9996594190597534,0.6070793271064758,0.7719491124153137,0.1648697853088379,0.6070793271064758
1,id_block2_h36_seed0,9883,full,2,left,1,0.9957322478294371,1.1691625118255615,1.2784258127212524,0.1092633008956909,1.1691625118255615
1,id_block2_h36_seed0,9884,full,4,backward,1,0.9999394416809082,0.5086026191711426,0.7110753059387207,0.2024726867675781,0.5086026191711426
1,id_block2_h36_seed0,9885,full,3,forward,1,0.9953742623329164,1.194451928138733,1.3113754987716677,0.1169235706329345,1.194451928138733
1,id_block2_h36_seed0,9886,full,4,backward,1,0.99986732006073,1.0453615188598633,1.224054932594299,0.178693413734436,1.0453615188598633
1,id_block2_h36_seed0,9887,full,2,left,1,0.9998179078102112,0.4426409304141998,0.621173083782196,0.1785321533679962,0.4426409304141998
1,id_block2_h36_seed0,9888,full,4,backward,1,0.9967507123947144,1.051160454750061,1.1658371686935425,0.1146767139434814,1.051160454750061
1,id_block2_h36_seed0,9889,full,2,left,1,0.9988020658493042,0.376840740442276,0.5121663212776184,0.1353255808353424,0.376840740442276
1,id_block2_h36_seed0,9890,full,1,right,1,0.9997971653938292,0.4049931466579437,0.5892407298088074,0.1842475831508636,0.4049931466579437
1,id_block2_h36_seed0,9891,full,2,left,1,0.9843837022781372,0.6892938017845154,0.7739896774291992,0.0846958756446838,0.6892938017845154
1,id_block2_h36_seed0,9892,full,2,left,1,0.9989928603172302,0.5543748736381531,0.6936790347099304,0.1393041610717773,0.5543748736381531
1,id_block2_h36_seed0,9894,full,3,forward,1,0.9996649026870728,0.5510666966438293,0.7161975502967834,0.1651308536529541,0.5510666966438293
1,id_block2_h36_seed0,9895,full,1,right,1,0.9999282360076904,1.2915791273117063,1.4906460046768188,0.1990668773651123,1.2915791273117063
1,id_block2_h36_seed0,9896,full,1,right,1,0.9955471754074096,1.584343433380127,1.6941713094711304,0.1098278760910034,1.584343433380127
1,id_block2_h36_seed0,9897,full,3,forward,1,0.999338686466217,1.2495684623718262,1.405245304107666,0.1556768417358398,1.2495684623718262
1,id_block2_h36_seed0,9898,full,1,right,1,0.9955151677131652,1.240607500076294,1.3487640619277954,0.1081565618515014,1.240607500076294
1,id_block2_h36_seed0,9899,full,3,forward,1,0.9729315638542176,0.9516255259513856,1.025461196899414,0.0738356709480285,0.9516255259513856
1,id_block2_h36_seed0,9901,full,4,backward,1,0.9999303817749025,0.5012315511703491,0.6958010792732239,0.1945695281028747,0.5012315511703491
1,id_block2_h36_seed0,9902,full,3,forward,1,0.9998949766159058,0.5367183089256287,0.7295343279838562,0.1928160190582275,0.5367183089256287
1,id_block2_h36_seed0,9903,full,3,forward,1,0.9999920129776,0.6231873035430908,0.8691604137420654,0.2459731101989746,0.6231873035430908
1,id_block2_h36_seed0,9904,full,2,left,1,0.9921506643295288,0.5450651049613953,0.6437525153160095,0.0986874103546142,0.5450651049613953
1,id_block2_h36_seed0,9905,full,3,forward,1,0.9941856265068054,1.028572916984558,1.1393556594848633,0.1107827425003051,1.028572916984558
1,id_block2_h36_seed0,9906,full,1,right,1,0.9991042017936708,2.3371734619140625,2.4837119579315186,0.146538496017456,2.3371734619140625
1,id_block2_h36_seed0,9908,full,4,backward,1,0.9997045397758484,0.3970004618167877,0.5606939196586609,0.1636934578418731,0.3970004618167877
1,id_block2_h36_seed0,9909,full,1,right,1,0.9999513626098632,0.6109941005706787,0.8175007700920105,0.2065066695213318,0.6109941005706787
1,id_block2_h36_seed0,9910,full,4,backward,1,0.9997320771217346,0.5015292763710022,0.685258150100708,0.1837288737297058,0.5015292763710022
1,id_block2_h36_seed0,9912,full,4,backward,1,0.9999022483825684,0.6567842960357666,0.8509209752082825,0.1941366791725158,0.6567842960357666
1,id_block2_h36_seed0,9913,full,3,forward,1,0.9744778275489808,1.2775808572769165,1.3511810302734375,0.073600172996521,1.2775808572769165
1,id_block2_h36_seed0,9914,full,3,forward,1,0.9996976852416992,0.8814172744750977,1.0624569654464722,0.1810396909713745,0.8814172744750977
1,id_block2_h36_seed0,9915,full,4,backward,1,0.9999796152114868,0.5008479952812195,0.7251167297363281,0.2242687344551086,0.5008479952812195
1,id_block2_h36_seed0,9916,full,2,left,1,0.9992384910583496,1.2297688722610474,1.3742852210998535,0.1445163488388061,1.2297688722610474
1,id_block2_h36_seed0,9917,full,1,right,1,0.9931355714797974,1.4464696645736694,1.5460273027420044,0.0995576381683349,1.4464696645736694
1,id_block2_h36_seed0,9918,full,2,left,1,0.9997684359550476,0.4997765123844147,0.6804637312889099,0.1806872189044952,0.4997765123844147
1,id_block2_h36_seed0,9919,full,2,left,1,0.999739706516266,0.4964331686496734,0.6629531383514404,0.1665199697017669,0.4964331686496734
1,id_block2_h36_seed0,9920,full,3,forward,1,0.9982016086578368,1.0897839069366455,1.2173177003860474,0.1275337934494018,1.0897839069366455
1,id_block2_h36_seed0,9921,full,2,left,1,0.9991849064826964,0.4935349524021148,0.6429435610771179,0.149408608675003,0.4935349524021148
1,id_block2_h36_seed0,9922,full,1,right,1,0.9999653100967408,0.9167178273200988,1.1284323930740356,0.2117145657539367,0.9167178273200988
1,id_block2_h36_seed0,9923,full,1,right,1,0.9999533891677856,0.506569504737854,0.7136977314949036,0.2071282267570495,0.506569504737854
1,id_block2_h36_seed0,9924,full,4,backward,1,0.9993689656257628,1.0755184888839722,1.2278622388839722,0.15234375,1.0755184888839722
1,id_block2_h36_seed0,9926,full,4,backward,1,0.99942147731781,1.0327030420303345,1.1817973852157593,0.1490943431854248,1.0327030420303345
1,id_block2_h36_seed0,9927,full,2,left,1,0.9997459053993224,0.3901387751102447,0.5599124431610107,0.169773668050766,0.3901387751102447
1,id_block2_h36_seed0,9928,full,3,forward,1,0.9999600648880004,1.3849130868911743,1.5999269485473633,0.2150138616561889,1.3849130868911743
1,id_block2_h36_seed0,9929,full,2,left,1,0.9996761083602904,0.445271223783493,0.6068611145019531,0.16158989071846,0.445271223783493
1,id_block2_h36_seed0,9930,full,1,right,1,0.9988763928413392,0.4817051589488983,0.6211290955543518,0.1394239366054535,0.4817051589488983
1,id_block2_h36_seed0,9931,full,3,forward,1,0.9997559189796448,0.7495494484901428,0.9271450042724608,0.1775955557823181,0.7495494484901428
1,id_block2_h36_seed0,9932,full,3,forward,1,0.9969503283500672,0.7648360729217529,0.8957847952842712,0.1309487223625183,0.7648360729217529
1,id_block2_h36_seed0,9933,full,3,forward,1,0.9999599456787108,0.8829875588417053,1.0914080142974854,0.20842045545578,0.8829875588417053
1,id_block2_h36_seed0,9934,full,4,backward,1,0.99977046251297,1.145889163017273,1.3136457204818726,0.1677565574645996,1.145889163017273
1,id_block2_h36_seed0,9935,full,1,right,1,0.9999077320098876,0.5111075639724731,0.7129520773887634,0.2018445134162902,0.5111075639724731
1,id_block2_h36_seed0,9936,full,4,backward,1,0.9999438524246216,0.286672979593277,0.4887162148952484,0.2020432353019714,0.286672979593277
1,id_block2_h36_seed0,9938,full,2,left,1,0.99993097782135,0.5637645721435547,0.7617238163948059,0.1979592442512512,0.5637645721435547
1,id_block2_h36_seed0,9939,full,4,backward,1,0.9999881982803344,1.1502221822738647,1.3873883485794067,0.237166166305542,1.1502221822738647
1,id_block2_h36_seed0,9940,full,2,left,1,0.99961119890213,0.4736577570438385,0.6426939964294434,0.1690362393856048,0.4736577570438385
1,id_block2_h36_seed0,9942,full,4,backward,1,0.9955997467041016,1.30311119556427,1.4143905639648438,0.1112793684005737,1.30311119556427
1,id_block2_h36_seed0,9943,full,4,backward,1,0.9374167919158936,1.051160454750061,1.1063467264175415,0.0551862716674804,1.051160454750061
1,id_block2_h36_seed0,9945,full,2,left,1,0.999149203300476,0.5407794117927551,0.6838082671165466,0.1430288553237915,0.5407794117927551
1,id_block2_h36_seed0,9948,full,3,forward,1,0.9998290538787842,1.6023478507995603,1.7783175706863403,0.1759697198867797,1.6023478507995603
1,id_block2_h36_seed0,9950,full,4,backward,1,0.9990788698196412,1.0273476839065552,1.167857050895691,0.1405093669891357,1.0273476839065552
1,id_block2_h36_seed0,9951,full,2,left,1,0.9996618032455444,0.3787287175655365,0.5415546894073486,0.1628259718418121,0.3787287175655365
1,id_block2_h36_seed0,9952,full,1,right,1,0.9984954595565796,0.5150641798973083,0.6504800915718079,0.1354159116744995,0.5150641798973083
1,id_block2_h36_seed0,9953,full,3,forward,1,0.999699592590332,0.5280516743659973,0.702623188495636,0.1745715141296386,0.5280516743659973
1,id_block2_h36_seed0,9954,full,1,right,1,0.9999388456344604,0.3853580951690674,0.59089195728302,0.2055338621139526,0.3853580951690674
1,id_block2_h36_seed0,9955,full,1,right,1,0.9997166991233826,0.4256645143032074,0.5900671482086182,0.1644026339054107,0.4256645143032074
1,id_block2_h36_seed0,9956,full,1,right,1,0.9998169541358948,0.6610183119773865,0.843028724193573,0.1820104122161865,0.6610183119773865
1,id_block2_h36_seed0,9957,full,3,forward,1,0.9976686835289,1.134050726890564,1.2567744255065918,0.1227236986160278,1.134050726890564
1,id_block2_h36_seed0,9958,full,4,backward,1,0.9999120235443116,0.4099464118480682,0.5995797514915466,0.1896333396434784,0.4099464118480682
1,id_block2_h36_seed0,9959,full,4,backward,1,0.9999508857727052,0.4990975558757782,0.7083610892295837,0.2092635333538055,0.4990975558757782
1,id_block2_h36_seed0,9961,full,3,forward,1,0.9998335838317872,0.4923098981380462,0.6671121120452881,0.1748022139072418,0.4923098981380462
1,id_block2_h36_seed0,9962,full,4,backward,1,0.999907612800598,0.4353527128696441,0.6380314230918884,0.2026787102222442,0.4353527128696441
1,id_block2_h36_seed0,9963,full,1,right,1,0.9999122619628906,0.3729677200317383,0.5691686272621155,0.1962009072303772,0.3729677200317383
1,id_block2_h36_seed0,9965,full,1,right,1,0.9993876218795776,1.566838264465332,1.7268511056900024,0.1600128412246704,1.566838264465332
1,id_block2_h36_seed0,9966,full,4,backward,1,0.9999819993972778,0.6493630409240723,0.8704367280006409,0.2210736870765686,0.6493630409240723
1,id_block2_h36_seed0,9967,full,2,left,1,0.991493046283722,0.9117890000343324,1.0075002908706665,0.0957112908363342,0.9117890000343324
1,id_block2_h36_seed0,9968,full,2,left,1,0.999970316886902,0.3392290771007538,0.5522974133491516,0.2130683362483978,0.3392290771007538
1,id_block2_h36_seed0,9971,full,3,forward,1,0.999911904335022,0.5261741876602173,0.7165209650993347,0.1903467774391174,0.5261741876602173
1,id_block2_h36_seed0,9972,full,4,backward,1,0.9999505281448364,1.0483291149139404,1.2521530389785769,0.2038239240646362,1.0483291149139404
1,id_block2_h36_seed0,9973,full,3,forward,1,0.999642848968506,0.4891318082809448,0.6605207920074463,0.1713889837265014,0.4891318082809448
1,id_block2_h36_seed0,9975,full,1,right,1,0.99981290102005,1.2406076192855835,1.4220117330551147,0.1814041137695312,1.2406076192855835
1,id_block2_h36_seed0,9976,full,3,forward,1,0.9990171194076538,0.4923098981380462,0.6316242218017578,0.1393143236637115,0.4923098981380462
1,id_block2_h36_seed0,9977,full,3,forward,1,0.9999128580093384,0.5130331516265869,0.7211890816688538,0.2081559300422668,0.5130331516265869
1,id_block2_h36_seed0,9978,full,3,forward,1,0.996951937675476,1.1390690803527832,1.2551442384719849,0.1160751581192016,1.1390690803527832
1,id_block2_h36_seed0,9979,full,1,right,1,0.9965859651565552,1.446951389312744,1.5606266260147097,0.1136752367019653,1.446951389312744
1,id_block2_h36_seed0,9980,full,2,left,1,0.9992367029190063,1.709280014038086,1.8575191497802732,0.1482391357421875,1.709280014038086
1,id_block2_h36_seed0,9981,full,2,left,1,0.9934045672416688,2.007009267807007,2.1077280044555664,0.1007187366485595,2.007009267807007
1,id_block2_h36_seed0,9982,full,1,right,1,0.9730786085128784,2.030184507369995,2.105069875717163,0.0748853683471679,2.030184507369995
1,id_block2_h36_seed0,9984,full,3,forward,1,0.9999512434005736,0.4810709655284881,0.6886155009269714,0.2075445353984832,0.4810709655284881
1,id_block2_h36_seed0,9985,full,1,right,1,0.9998306035995485,0.6949235796928406,0.8709036707878113,0.1759800910949707,0.6949235796928406
1,id_block2_h36_seed0,9986,full,3,forward,1,0.9999769926071168,0.3595495223999023,0.5831798911094666,0.2236303687095642,0.3595495223999023
1,id_block2_h36_seed0,9987,full,4,backward,1,0.9998956918716432,0.3390110433101654,0.5277345776557922,0.1887235343456268,0.3390110433101654
1,id_block2_h36_seed0,9988,full,1,right,1,0.9998624324798584,0.4725193083286285,0.6540725827217102,0.1815532743930816,0.4725193083286285
1,id_block2_h36_seed0,9989,full,2,left,1,0.9966714382171632,0.8470067977905273,0.9631574153900146,0.1161506175994873,0.8470067977905273
1,id_block2_h36_seed0,9990,full,2,left,1,0.9996522665023804,1.2810999155044556,1.4598363637924194,0.1787364482879638,1.2810999155044556
1,id_block2_h36_seed0,9992,full,3,forward,1,0.9998612403869628,0.4001144468784332,0.591060221195221,0.1909457743167877,0.4001144468784332
1,id_block2_h36_seed0,9993,full,1,right,1,0.999794065952301,1.098660945892334,1.2699404954910278,0.1712795495986938,1.098660945892334
1,id_block2_h36_seed0,9994,full,1,right,1,0.9999393224716188,0.5766960978507996,0.7843464016914368,0.2076503038406372,0.5766960978507996
1,id_block2_h36_seed0,9995,full,1,right,1,0.9997005462646484,0.4167846739292145,0.5929845571517944,0.1761998832225799,0.4167846739292145
1,id_block2_h36_seed0,9996,full,4,backward,1,0.9999885559082032,0.6026590466499329,0.8373818397521973,0.2347227931022644,0.6026590466499329
1,id_block2_h36_seed0,9997,full,4,backward,1,0.999778926372528,0.7440807223320007,0.9127650260925292,0.1686843037605285,0.7440807223320007
1,id_block2_h36_seed0,9998,full,4,backward,1,0.8666720390319824,1.118099331855774,1.15850031375885,0.0404009819030761,1.118099331855774
1,id_block2_h36_seed0,9999,full,1,right,1,0.9995229244232178,0.5676270127296448,0.7392989993095398,0.171671986579895,0.5676270127296448
1,block2_h72_seed11,3500,small_full,1,right,1,0.9457223415374756,1.2514243125915527,1.316046953201294,0.0646226406097412,1.2514243125915527
1,block2_h72_seed11,3501,small_full,4,backward,1,0.9998525381088256,0.8983922004699707,1.0751581192016602,0.1767659187316894,0.8983922004699707
1,block2_h72_seed11,3502,small_full,1,right,1,0.9990525841712952,1.172268629074097,1.3180146217346191,0.1457459926605224,1.172268629074097
1,block2_h72_seed11,3503,small_full,2,left,1,0.9999055862426758,0.9401490092277528,1.140248417854309,0.2000994086265564,0.9401490092277528
1,block2_h72_seed11,3504,small_full,3,forward,1,0.9794923067092896,1.8915907144546509,1.9725656509399412,0.0809749364852905,1.8915907144546509
1,block2_h72_seed11,3505,small_full,2,left,1,0.9997724890708924,1.753367900848389,1.9287919998168943,0.1754240989685058,1.753367900848389
1,block2_h72_seed11,3506,small_full,3,forward,1,0.93769633769989,0.7932494282722473,0.8543472290039062,0.0610978007316589,0.7932494282722473
1,block2_h72_seed11,3507,small_full,1,right,1,0.999769389629364,1.1449686288833618,1.322774052619934,0.1778054237365722,1.1449686288833618
1,block2_h72_seed11,3509,small_full,4,backward,1,0.9982022047042848,1.3956953287124634,1.522089958190918,0.1263946294784546,1.3956953287124634
1,block2_h72_seed11,3510,small_full,4,backward,1,0.9995324611663818,1.409366011619568,1.563023567199707,0.1536575555801391,1.409366011619568
1,block2_h72_seed11,3511,small_full,3,forward,1,0.9997627139091492,0.9700762629508972,1.1404571533203125,0.1703808903694152,0.9700762629508972
1,block2_h72_seed11,3512,small_full,1,right,1,0.997465968132019,1.709680199623108,1.8392728567123413,0.1295926570892334,1.709680199623108
1,block2_h72_seed11,3513,small_full,4,backward,1,0.9567505717277528,1.2037250995635986,1.274295210838318,0.0705701112747192,1.2037250995635986
1,block2_h72_seed11,3515,small_full,4,backward,1,0.9999094009399414,1.0818415880203247,1.2870278358459473,0.2051862478256225,1.0818415880203247
1,block2_h72_seed11,3516,small_full,1,right,1,0.995030164718628,1.9548273086547847,2.063072681427002,0.1082453727722168,1.9548273086547847
1,block2_h72_seed11,3517,small_full,3,forward,1,0.9345473051071168,0.7932494282722473,0.8543472290039062,0.0610978007316589,0.7932494282722473
1,block2_h72_seed11,3518,small_full,3,forward,1,0.9998297691345216,0.8511276245117188,1.0419745445251465,0.1908469200134277,0.8511276245117188
1,block2_h72_seed11,3519,small_full,2,left,1,0.9992361068725586,1.0706915855407717,1.2264702320098877,0.1557786464691162,1.0706915855407717
1,block2_h72_seed11,3520,small_full,2,left,1,0.99770587682724,1.9337414503097532,2.0562543869018555,0.122512936592102,1.9337414503097532
1,block2_h72_seed11,3521,small_full,3,forward,1,0.9997366070747375,0.8640593886375427,1.032197117805481,0.1681377291679382,0.8640593886375427
1,block2_h72_seed11,3522,small_full,2,left,1,0.8368139266967773,2.431476831436157,2.466596841812134,0.0351200103759765,2.431476831436157
1,block2_h72_seed11,3523,small_full,3,forward,1,0.9999982118606568,0.9360650181770324,1.2048150300979614,0.2687500119209289,0.9360650181770324
1,block2_h72_seed11,3524,small_full,2,left,1,0.9697466492652892,1.596580982208252,1.6660113334655762,0.0694303512573242,1.596580982208252
1,block2_h72_seed11,3526,small_full,1,right,1,0.9912063479423524,1.5177758932113647,1.6141525506973269,0.0963766574859619,1.5177758932113647
1,block2_h72_seed11,3527,small_full,1,right,1,0.9991432428359984,1.0304969549179075,1.1728147268295288,0.1423177719116211,1.0304969549179075
1,block2_h72_seed11,3528,small_full,1,right,0,0.9309003949165344,1.3128453493118286,1.3808733224868774,0.0680279731750488,1.382848620414734
1,block2_h72_seed11,3530,small_full,1,right,1,0.9968488812446594,1.035666823387146,1.1609022617340088,0.1252354383468628,1.035666823387146
1,block2_h72_seed11,3531,small_full,1,right,1,0.9990147352218628,1.0393067598342896,1.1924337148666382,0.1531269550323486,1.0393067598342896
1,block2_h72_seed11,3532,small_full,3,forward,1,0.9999524354934692,0.6744265556335449,0.8776561617851257,0.2032296061515808,0.6744265556335449
1,block2_h72_seed11,3533,small_full,4,backward,1,0.9135221242904664,1.3494850397109983,1.4026870727539062,0.0532020330429077,1.3494850397109983
1,block2_h72_seed11,3534,small_full,1,right,1,0.9764766097068788,1.0702805519104004,1.149634838104248,0.0793542861938476,1.0702805519104004
1,block2_h72_seed11,3536,small_full,3,forward,1,0.9999567270278932,1.0083481073379517,1.2141257524490356,0.2057776451110839,1.0083481073379517
1,block2_h72_seed11,3537,small_full,4,backward,1,0.970998764038086,1.31059730052948,1.3830236196517944,0.0724263191223144,1.31059730052948
1,block2_h72_seed11,3538,small_full,1,right,1,0.989245593547821,1.2355142831802368,1.326723575592041,0.0912092924118042,1.2355142831802368
1,block2_h72_seed11,3540,small_full,1,right,1,0.9950079917907716,1.4618849754333496,1.5712428092956543,0.1093578338623046,1.4618849754333496
1,block2_h72_seed11,3541,small_full,4,backward,1,0.9955783486366272,1.6735793352127075,1.7839196920394895,0.1103403568267822,1.6735793352127075
1,block2_h72_seed11,3542,small_full,2,left,1,0.7811959385871887,1.1321430206298828,1.172008037567139,0.0398650169372558,1.1321430206298828
1,block2_h72_seed11,3543,small_full,3,forward,1,0.9999992847442628,0.928839147090912,1.220814228057861,0.2919750809669494,0.928839147090912
1,block2_h72_seed11,3544,small_full,3,forward,1,0.9966880679130554,1.8706932067871092,1.9861478805541992,0.1154546737670898,1.8706932067871092
1,block2_h72_seed11,3545,small_full,3,forward,1,0.9984921216964722,1.9443546533584597,2.0779173374176025,0.133562684059143,1.9443546533584597
1,block2_h72_seed11,3546,small_full,4,backward,1,0.9916709661483764,1.59771728515625,1.6963887214660645,0.0986714363098144,1.59771728515625
1,block2_h72_seed11,3547,small_full,2,left,1,0.9878556132316588,1.0106415748596191,1.115165948867798,0.1045243740081787,1.0106415748596191
1,block2_h72_seed11,3548,small_full,4,backward,1,0.9972211122512816,1.1112929582595823,1.238916039466858,0.1276230812072754,1.1112929582595823
1,block2_h72_seed11,3549,small_full,2,left,1,0.9997878670692444,1.753367900848389,1.9287919998168943,0.1754240989685058,1.753367900848389
1,block2_h72_seed11,3550,small_full,4,backward,1,0.9922305941581726,0.9720529913902284,1.08111310005188,0.1090601086616516,0.9720529913902284
1,block2_h72_seed11,3551,small_full,1,right,1,0.9990231990814208,0.9713053703308104,1.1159961223602295,0.1446907520294189,0.9713053703308104
1,block2_h72_seed11,3553,small_full,1,right,1,0.9990725517272948,1.7642754316329956,1.9080890417099,0.1438136100769043,1.7642754316329956
1,block2_h72_seed11,3554,small_full,3,forward,1,0.958171010017395,1.5317420959472656,1.602595329284668,0.0708532333374023,1.5317420959472656
1,block2_h72_seed11,3555,small_full,3,forward,1,0.970118761062622,0.7759497761726379,0.8458230495452881,0.0698732733726501,0.7759497761726379
1,block2_h72_seed11,3556,small_full,1,right,1,0.8876963257789612,2.069498300552368,2.111954927444458,0.0424566268920898,2.069498300552368
1,block2_h72_seed11,3558,small_full,1,right,1,0.999941349029541,1.2398053407669067,1.4397116899490356,0.1999063491821289,1.2398053407669067
1,block2_h72_seed11,3559,small_full,3,forward,1,0.999955415725708,1.737951397895813,1.9385071992874143,0.2005558013916015,1.737951397895813
1,block2_h72_seed11,3560,small_full,1,right,1,0.9893267154693604,1.890651106834412,1.992155194282532,0.1015040874481201,1.890651106834412
1,block2_h72_seed11,3561,small_full,1,right,1,0.8958135843276978,1.2161781787872314,1.2610427141189575,0.044864535331726,1.2161781787872314
1,block2_h72_seed11,3562,small_full,2,left,1,0.9999589920043944,1.074701905250549,1.2843738794326782,0.2096719741821289,1.074701905250549
1,block2_h72_seed11,3563,small_full,2,left,1,0.9967188239097596,1.080777287483215,1.2025655508041382,0.1217882633209228,1.080777287483215
1,block2_h72_seed11,3564,small_full,2,left,1,0.9370664954185486,1.332630276679993,1.3898820877075195,0.0572518110275268,1.332630276679993
1,block2_h72_seed11,3565,small_full,1,right,1,0.9998326301574708,1.3964296579360962,1.5786819458007812,0.182252287864685,1.3964296579360962
1,block2_h72_seed11,3566,small_full,3,forward,1,0.966167688369751,1.869439721107483,1.9367860555648804,0.0673463344573974,1.869439721107483
1,block2_h72_seed11,3567,small_full,3,forward,1,0.9876158833503724,1.829720497131348,1.9176530838012693,0.0879325866699218,1.829720497131348
1,block2_h72_seed11,3568,small_full,4,backward,1,0.9123960137367249,0.9505240321159364,1.0049041509628296,0.0543801188468933,0.9505240321159364
1,block2_h72_seed11,3570,small_full,3,forward,1,0.9985139966011048,1.659283995628357,1.7906440496444702,0.1313600540161132,1.659283995628357
1,block2_h72_seed11,3571,small_full,4,backward,1,0.9999103546142578,1.0818415880203247,1.2696599960327148,0.1878184080123901,1.0818415880203247
1,block2_h72_seed11,3572,small_full,4,backward,1,0.9987549781799316,0.8684630393981934,1.006968379020691,0.1385053396224975,0.8684630393981934
1,block2_h72_seed11,3573,small_full,4,backward,1,0.999530553817749,1.6735793352127075,1.826848030090332,0.1532686948776245,1.6735793352127075
1,block2_h72_seed11,3574,small_full,4,backward,1,0.9999792575836182,0.8723711371421814,1.091785550117493,0.2194144129753112,0.8723711371421814
1,block2_h72_seed11,3575,small_full,2,left,1,0.9911920428276062,0.9877564907073976,1.094813585281372,0.1070570945739746,0.9877564907073976
1,block2_h72_seed11,3576,small_full,3,forward,1,0.9915757775306702,0.940305471420288,1.0444427728652954,0.1041373014450073,0.940305471420288
1,block2_h72_seed11,3577,small_full,1,right,1,0.979500412940979,1.4762157201766968,1.5620547533035278,0.085839033126831,1.4762157201766968
1,block2_h72_seed11,3578,small_full,4,backward,1,0.9996228218078612,0.927098035812378,1.0923224687576294,0.1652244329452514,0.927098035812378
1,block2_h72_seed11,3579,small_full,4,backward,1,0.9981497526168824,1.3821417093276978,1.513442039489746,0.1313003301620483,1.3821417093276978
1,block2_h72_seed11,3580,small_full,2,left,1,0.9955644607543944,1.0511618852615356,1.1755419969558716,0.1243801116943359,1.0511618852615356
1,block2_h72_seed11,3581,small_full,3,forward,1,0.9997321963310242,0.9418411254882812,1.1097416877746582,0.1679005622863769,0.9418411254882812
1,block2_h72_seed11,3582,small_full,2,left,0,0.7942347526550293,1.1489609479904177,1.1921353340148926,0.0431743860244751,1.2626525163650513
1,block2_h72_seed11,3583,small_full,4,backward,1,0.9999759197235109,1.3870748281478882,1.5999059677124023,0.2128311395645141,1.3870748281478882
1,block2_h72_seed11,3584,small_full,2,left,1,0.99988055229187,0.893426239490509,1.083065629005432,0.1896393895149231,0.893426239490509
1,block2_h72_seed11,3585,small_full,1,right,1,0.9992954730987548,0.8862695097923279,1.036507487297058,0.1502379775047302,0.8862695097923279
1,block2_h72_seed11,3586,small_full,1,right,1,0.9865082502365112,1.2614198923110962,1.3551279306411743,0.0937080383300781,1.2614198923110962
1,block2_h72_seed11,3587,small_full,3,forward,1,0.9990886449813844,1.5572692155838013,1.699065089225769,0.1417958736419677,1.5572692155838013
1,block2_h72_seed11,3588,small_full,4,backward,1,0.9999476671218872,0.8889569640159607,1.0867069959640503,0.1977500319480896,0.8889569640159607
1,block2_h72_seed11,3589,small_full,3,forward,1,0.9977145195007324,1.6612764596939087,1.7839069366455078,0.1226304769515991,1.6612764596939087
1,block2_h72_seed11,3590,small_full,4,backward,1,0.9999102354049684,0.9523105621337892,1.1411051750183103,0.1887946128845214,0.9523105621337892
1,block2_h72_seed11,3594,small_full,2,left,1,0.9612458348274232,1.895599365234375,1.9598435163497925,0.0642441511154174,1.895599365234375
1,block2_h72_seed11,3595,small_full,2,left,1,0.9879583120346068,1.6564245223999023,1.751712441444397,0.0952879190444946,1.6564245223999023
1,block2_h72_seed11,3596,small_full,2,left,1,0.998611330986023,1.6829460859298706,1.8162317276000977,0.133285641670227,1.6829460859298706
1,block2_h72_seed11,3597,small_full,2,left,1,0.8488756418228149,1.7621675729751587,1.7987712621688845,0.0366036891937255,1.7621675729751587
1,block2_h72_seed11,3598,small_full,4,backward,1,0.9965180158615112,1.5237711668014526,1.6399670839309692,0.1161959171295166,1.5237711668014526
1,block2_h72_seed11,3599,small_full,2,left,0,0.3745200634002685,1.082502007484436,1.0889700651168823,0.0064680576324462,1.0994876623153689
1,block2_h72_seed11,3600,small_full,4,backward,1,0.9831762313842772,0.9441564679145812,1.041629433631897,0.0974729657173156,0.9441564679145812
1,block2_h72_seed11,3601,small_full,3,forward,1,0.9999772310256958,0.8021245002746582,1.0259376764297483,0.2238131761550903,0.8021245002746582
1,block2_h72_seed11,3602,small_full,2,left,1,0.6500263214111328,1.7621675729751587,1.7749428749084473,0.0127753019332885,1.7621675729751587
1,block2_h72_seed11,3603,small_full,4,backward,1,0.970179319381714,1.2108491659164429,1.2811405658721924,0.0702913999557495,1.2108491659164429
1,block2_h72_seed11,3604,small_full,4,backward,1,0.9888492822647096,0.8562811017036438,0.9644915461540222,0.1082104444503784,0.8562811017036438
1,block2_h72_seed11,3605,small_full,3,forward,1,0.9964436888694764,1.7379518747329712,1.8512672185897827,0.1133153438568115,1.7379518747329712
1,block2_h72_seed11,3606,small_full,3,forward,1,0.9997616410255432,0.8374085426330566,1.015505313873291,0.1780967712402343,0.8374085426330566
1,block2_h72_seed11,3607,small_full,1,right,1,0.9987775683403016,1.654169678688049,1.7991129159927368,0.1449432373046875,1.654169678688049
1,block2_h72_seed11,3608,small_full,4,backward,1,0.9976447224617004,1.4597396850585938,1.5822725296020508,0.122532844543457,1.4597396850585938
1,block2_h72_seed11,3609,small_full,1,right,1,0.9657346606254578,1.6137828826904297,1.6807650327682495,0.0669821500778198,1.6137828826904297
1,block2_h72_seed11,3610,small_full,1,right,1,0.9999645948410034,0.9181882739067078,1.136511206626892,0.2183229327201843,0.9181882739067078
1,block2_h72_seed11,3611,small_full,3,forward,0,0.6536388993263245,0.9303174018859864,0.9433743953704834,0.013056993484497,1.0242758989334106
1,block2_h72_seed11,3612,small_full,3,forward,1,0.9910877346992492,1.6380656957626345,1.7411197423934937,0.1030540466308593,1.6380656957626345
1,block2_h72_seed11,3613,small_full,1,right,1,0.99977844953537,1.0455859899520874,1.2196816205978394,0.1740956306457519,1.0455859899520874
1,block2_h72_seed11,3614,small_full,2,left,1,0.9991082549095154,1.7514657974243164,1.894163727760315,0.1426979303359985,1.7514657974243164
1,block2_h72_seed11,3615,small_full,4,backward,1,0.8792181611061096,1.468343734741211,1.5105444192886353,0.0422006845474243,1.468343734741211
1,block2_h72_seed11,3616,small_full,4,backward,1,0.9981566071510316,0.9222800135612488,1.0516811609268188,0.12940114736557,0.9222800135612488
1,block2_h72_seed11,3618,small_full,2,left,1,0.9323662519454956,1.885309219360352,1.940454125404358,0.0551449060440063,1.885309219360352
1,block2_h72_seed11,3619,small_full,2,left,1,0.9999895095825196,1.0772463083267212,1.3244768381118774,0.2472305297851562,1.0772463083267212
1,block2_h72_seed11,3620,small_full,3,forward,1,0.99758780002594,0.9179010391235352,1.0547518730163574,0.1368508338928222,0.9179010391235352
1,block2_h72_seed11,3621,small_full,3,forward,1,0.9989483952522278,0.9383902549743652,1.0888735055923462,0.1504832506179809,0.9383902549743652
1,block2_h72_seed11,3623,small_full,2,left,1,0.9107962250709534,1.3276900053024292,1.3793407678604126,0.0516507625579834,1.3276900053024292
1,block2_h72_seed11,3624,small_full,1,right,1,0.9989049434661864,1.172268629074097,1.3180146217346191,0.1457459926605224,1.172268629074097
1,block2_h72_seed11,3625,small_full,2,left,0,0.9084470272064208,1.0502694845199585,1.1138949394226074,0.0636254549026489,1.1163709163665771
1,block2_h72_seed11,3626,small_full,3,forward,1,0.9999674558639526,0.8699369430541992,1.09165358543396,0.2217166423797607,0.8699369430541992
1,block2_h72_seed11,3627,small_full,3,forward,1,0.8435896039009094,1.401117920875549,1.4349355697631836,0.0338176488876342,1.401117920875549
1,block2_h72_seed11,3628,small_full,4,backward,1,0.9999979734420776,0.9305834770202636,1.19267737865448,0.2620939016342163,0.9305834770202636
1,block2_h72_seed11,3630,small_full,3,forward,1,0.9997565150260924,0.9352850317955016,1.103616714477539,0.1683316826820373,0.9352850317955016
1,block2_h72_seed11,3631,small_full,1,right,0,0.6090179085731506,1.2443374395370483,1.2673202753067017,0.0229828357696533,1.2826557159423828
1,block2_h72_seed11,3632,small_full,4,backward,1,0.989926815032959,1.3687773942947388,1.4631481170654297,0.0943707227706909,1.3687773942947388
1,block2_h72_seed11,3633,small_full,1,right,1,0.999840259552002,1.6552300453186035,1.839976906776428,0.1847468614578247,1.6552300453186035
1,block2_h72_seed11,3635,small_full,1,right,1,0.6366236209869385,1.887454867362976,1.8988803625106807,0.011425495147705,1.887454867362976
1,block2_h72_seed11,3636,small_full,4,backward,1,0.9995381832122804,1.409366011619568,1.563023567199707,0.1536575555801391,1.409366011619568
1,block2_h72_seed11,3638,small_full,2,left,1,0.9954366087913512,1.0047245025634766,1.112956166267395,0.1082316637039184,1.0047245025634766
1,block2_h72_seed11,3639,small_full,4,backward,1,0.9985435009002686,1.230366587638855,1.363669991493225,0.1333034038543701,1.230366587638855
1,block2_h72_seed11,3640,small_full,1,right,1,0.922762930393219,1.1397356986999512,1.2023752927780151,0.0626395940780639,1.1397356986999512
1,block2_h72_seed11,3641,small_full,3,forward,1,0.9901109337806702,1.750874400138855,1.8476191759109497,0.0967447757720947,1.750874400138855
1,block2_h72_seed11,3642,small_full,3,forward,1,0.9991497993469238,1.4683021306991575,1.61591374874115,0.1476116180419922,1.4683021306991575
1,block2_h72_seed11,3644,small_full,1,right,1,0.9949806332588196,1.769795298576355,1.891048073768616,0.1212527751922607,1.769795298576355
1,block2_h72_seed11,3645,small_full,1,right,1,0.9789284467697144,1.4967989921569824,1.577869534492493,0.0810705423355102,1.4967989921569824
1,block2_h72_seed11,3646,small_full,3,forward,1,0.9998960494995116,0.6744265556335449,0.8696785569190979,0.1952520012855529,0.6744265556335449
1,block2_h72_seed11,3647,small_full,2,left,1,0.995444655418396,1.040403962135315,1.1554654836654663,0.1150615215301513,1.040403962135315
1,block2_h72_seed11,3648,small_full,4,backward,1,0.9907241463661194,1.419567584991455,1.5150800943374634,0.0955125093460083,1.419567584991455
1,block2_h72_seed11,3649,small_full,2,left,1,0.7196073532104492,1.6561356782913208,1.6774598360061646,0.0213241577148437,1.6561356782913208
1,block2_h72_seed11,3650,small_full,3,forward,1,0.9999688863754272,1.6079483032226562,1.81610643863678,0.2081581354141235,1.6079483032226562
1,block2_h72_seed11,3651,small_full,1,right,1,0.9766138195991516,1.0916951894760132,1.168049454689026,0.0763542652130127,1.0916951894760132
1,block2_h72_seed11,3652,small_full,3,forward,1,0.9631435871124268,1.7909669876098633,1.8587846755981443,0.0678176879882812,1.7909669876098633
1,block2_h72_seed11,3653,small_full,3,forward,1,0.9850773215293884,1.671291708946228,1.7557090520858765,0.0844173431396484,1.671291708946228
1,block2_h72_seed11,3654,small_full,4,backward,1,0.9821836948394777,1.2440377473831177,1.3247315883636477,0.0806938409805297,1.2440377473831177
1,block2_h72_seed11,3655,small_full,3,forward,1,0.9999977350234984,1.6423578262329102,1.902503609657288,0.2601457834243774,1.6423578262329102
1,block2_h72_seed11,3656,small_full,3,forward,1,0.999992609024048,0.7374455332756042,0.9857547283172609,0.2483091950416565,0.7374455332756042
1,block2_h72_seed11,3657,small_full,1,right,1,0.4555286169052124,1.9385675191879272,1.9409388303756716,0.0023713111877441,1.9385675191879272
1,block2_h72_seed11,3658,small_full,2,left,1,0.9999849796295166,1.001547932624817,1.2297857999801636,0.2282378673553466,1.001547932624817
1,block2_h72_seed11,3660,small_full,3,forward,1,0.9999573230743408,0.9708780646324158,1.1811554431915283,0.2102773785591125,0.9708780646324158
1,block2_h72_seed11,3661,small_full,1,right,1,0.999649167060852,1.1996568441390991,1.3683809041976929,0.1687240600585937,1.1996568441390991
1,block2_h72_seed11,3662,small_full,1,right,1,0.9861552119255066,1.8485502004623413,1.9430822134017944,0.0945320129394531,1.8485502004623413
1,block2_h72_seed11,3664,small_full,1,right,1,0.9799777865409852,1.035666823387146,1.1154614686965942,0.0797946453094482,1.035666823387146
1,block2_h72_seed11,3665,small_full,4,backward,1,0.9999668598175048,0.9523105621337892,1.1659404039382937,0.2136298418045044,0.9523105621337892
1,block2_h72_seed11,3666,small_full,3,forward,1,0.9998401403427124,1.6916230916976929,1.8739627599716189,0.1823396682739257,1.6916230916976929
1,block2_h72_seed11,3667,small_full,2,left,1,0.9971230626106262,0.9019856452941896,1.030373215675354,0.1283875703811645,0.9019856452941896
1,block2_h72_seed11,3668,small_full,3,forward,1,0.9794944524765016,1.8915907144546509,1.9725656509399412,0.0809749364852905,1.8915907144546509
1,block2_h72_seed11,3669,small_full,2,left,1,0.9996188879013062,1.3723411560058594,1.5386728048324585,0.1663316488265991,1.3723411560058594
1,block2_h72_seed11,3670,small_full,4,backward,1,0.9883368611335754,0.8702521324157715,0.973355233669281,0.1031031012535095,0.8702521324157715
1,block2_h72_seed11,3672,small_full,2,left,1,0.9989344477653505,0.9019856452941896,1.044203281402588,0.1422176361083984,0.9019856452941896
1,block2_h72_seed11,3673,small_full,4,backward,1,0.9998447895050048,1.148304104804993,1.3321603536605835,0.1838562488555908,1.148304104804993
1,block2_h72_seed11,3674,small_full,2,left,1,0.8123137354850769,2.6112868785858154,2.6420137882232666,0.0307269096374511,2.6112868785858154
1,block2_h72_seed11,3676,small_full,1,right,1,0.995598316192627,1.5245734453201294,1.6458438634872437,0.1212704181671142,1.5245734453201294
1,block2_h72_seed11,3677,small_full,3,forward,1,0.9985809326171876,1.9574588537216189,2.0887651443481445,0.1313062906265258,1.9574588537216189
1,block2_h72_seed11,3678,small_full,3,forward,1,0.9999877214431764,1.9598480463027956,2.18918251991272,0.2293344736099243,1.9598480463027956
1,block2_h72_seed11,3680,small_full,1,right,1,0.9945622086524964,1.2355142831802368,1.3412679433822632,0.1057536602020263,1.2355142831802368
1,block2_h72_seed11,3681,small_full,1,right,1,0.9999889135360718,1.2032259702682495,1.452252984046936,0.2490270137786865,1.2032259702682495
1,block2_h72_seed11,3682,small_full,4,backward,1,0.9999986886978148,1.042094588279724,1.3154560327529907,0.2733614444732666,1.042094588279724
1,block2_h72_seed11,3683,small_full,3,forward,1,0.9991735816001892,0.7708067893981934,0.9271606802940368,0.1563538908958435,0.7708067893981934
1,block2_h72_seed11,3685,small_full,4,backward,1,0.999818742275238,1.1425923109054563,1.3195992708206177,0.1770069599151611,1.1425923109054563
1,block2_h72_seed11,3687,small_full,2,left,1,0.8496556878089905,0.9396583437919616,0.9754869937896729,0.0358286499977111,0.9396583437919616
1,block2_h72_seed11,3688,small_full,4,backward,1,0.998814344406128,1.1780619621276855,1.3162745237350464,0.1382125616073608,1.1780619621276855
1,block2_h72_seed11,3689,small_full,4,backward,1,0.999987244606018,0.8329542279243469,1.0736916065216064,0.2407373785972595,0.8329542279243469
1,block2_h72_seed11,3690,small_full,4,backward,1,0.9999752044677734,0.8889569640159607,1.114101529121399,0.2251445651054382,0.8889569640159607
1,block2_h72_seed11,3691,small_full,1,right,1,0.9995359182357788,1.0410858392715454,1.2064000368118286,0.1653141975402832,1.0410858392715454
1,block2_h72_seed11,3693,small_full,4,backward,1,0.9996856451034546,0.9222800135612488,1.099055290222168,0.1767752766609192,0.9222800135612488
1,block2_h72_seed11,3694,small_full,3,forward,1,0.9999829530715942,0.8151838183403015,1.040320634841919,0.2251368165016174,0.8151838183403015
1,block2_h72_seed11,3695,small_full,1,right,1,0.9999935626983644,1.000040054321289,1.2400585412979126,0.2400184869766235,1.000040054321289
1,block2_h72_seed11,3696,small_full,3,forward,1,0.9963783621788024,1.8915907144546509,2.005400896072388,0.1138101816177368,1.8915907144546509
1,block2_h72_seed11,3697,small_full,2,left,1,0.999969720840454,1.868032455444336,2.082486391067505,0.2144539356231689,1.868032455444336
1,block2_h72_seed11,3698,small_full,3,forward,1,0.9999902248382568,0.9111294746398926,1.1492527723312378,0.2381232976913452,0.9111294746398926
1,block2_h72_seed11,3699,small_full,1,right,1,0.9995688796043396,1.4589242935180664,1.6272916793823242,0.1683673858642578,1.4589242935180664
1,block2_h72_seed11,3700,small_full,2,left,1,0.999832034111023,1.815550208091736,1.9939810037612915,0.1784307956695556,1.815550208091736
1,block2_h72_seed11,3702,small_full,1,right,1,0.9948866963386536,1.6310402154922483,1.7378263473510742,0.1067861318588256,1.6310402154922483
1,block2_h72_seed11,3704,small_full,4,backward,1,0.9999998807907104,0.8992262482643127,1.212680459022522,0.3134542107582092,0.8992262482643127
1,block2_h72_seed11,3705,small_full,1,right,1,0.9998685121536256,1.1156201362609863,1.3009194135665894,0.185299277305603,1.1156201362609863
1,block2_h72_seed11,3706,small_full,1,right,1,0.9349839687347412,1.1143802404403689,1.1750096082687378,0.0606293678283691,1.1143802404403689
1,block2_h72_seed11,3707,small_full,4,backward,1,0.9999994039535522,0.8580787777900696,1.1530319452285769,0.2949531674385071,0.8580787777900696
1,block2_h72_seed11,3709,small_full,1,right,1,0.9086365699768066,1.1244878768920898,1.1710511445999146,0.0465632677078247,1.1244878768920898
1,block2_h72_seed11,3710,small_full,3,forward,1,0.9992318153381348,1.4683021306991575,1.61591374874115,0.1476116180419922,1.4683021306991575
1,block2_h72_seed11,3711,small_full,4,backward,1,0.998927652835846,1.0554872751235962,1.204376220703125,0.1488889455795288,1.0554872751235962
1,block2_h72_seed11,3712,small_full,3,forward,1,0.9996160268783568,1.3513551950454712,1.5097850561141968,0.1584298610687255,1.3513551950454712
1,block2_h72_seed11,3714,small_full,1,right,1,0.9940415024757384,1.6976189613342283,1.8025115728378296,0.104892611503601,1.6976189613342283
1,block2_h72_seed11,3716,small_full,3,forward,1,0.9998949766159058,0.6744265556335449,0.8696785569190979,0.1952520012855529,0.6744265556335449
1,block2_h72_seed11,3717,small_full,4,backward,1,0.9999666213989258,0.9097066521644592,1.128624677658081,0.2189180254936218,0.9097066521644592
1,block2_h72_seed11,3718,small_full,1,right,1,0.9998995065689088,1.114952802658081,1.3071236610412598,0.1921708583831787,1.114952802658081
1,block2_h72_seed11,3719,small_full,3,forward,1,0.9994233846664428,1.0241457223892212,1.1832044124603271,0.1590586900711059,1.0241457223892212
1,block2_h72_seed11,3720,small_full,3,forward,1,0.9999929666519164,0.8305227160453796,1.0829055309295654,0.2523828148841858,0.8305227160453796
1,block2_h72_seed11,3721,small_full,1,right,1,0.9984427094459534,0.9514970779418944,1.0882498025894165,0.1367527246475219,0.9514970779418944
1,block2_h72_seed11,3722,small_full,2,left,1,0.9967926144599916,2.2414000034332275,2.356399774551392,0.114999771118164,2.2414000034332275
1,block2_h72_seed11,3723,small_full,4,backward,1,0.9997158646583556,0.956390380859375,1.1253790855407717,0.1689887046813964,0.956390380859375
1,block2_h72_seed11,3724,small_full,3,forward,1,0.9974862337112428,1.7227907180786133,1.8436626195907595,0.120871901512146,1.7227907180786133
1,block2_h72_seed11,3725,small_full,1,right,1,0.9948000907897948,1.0801353454589844,1.1880711317062378,0.1079357862472534,1.0801353454589844
1,block2_h72_seed11,3726,small_full,3,forward,1,0.965820610523224,1.869439721107483,1.9367860555648804,0.0673463344573974,1.869439721107483
1,block2_h72_seed11,3727,small_full,4,backward,1,0.9983505010604858,1.419567584991455,1.5615803003311155,0.1420127153396606,1.419567584991455
1,block2_h72_seed11,3728,small_full,3,forward,1,0.9918213486671448,1.0927919149398804,1.1979321241378784,0.105140209197998,1.0927919149398804
1,block2_h72_seed11,3729,small_full,4,backward,1,0.9713398218154908,1.387703537940979,1.4706296920776367,0.0829261541366577,1.387703537940979
1,block2_h72_seed11,3730,small_full,3,forward,1,0.9999935626983644,0.8180570602416992,1.0668407678604126,0.2487837076187133,0.8180570602416992
1,block2_h72_seed11,3732,small_full,3,forward,1,0.9884070754051208,0.940305471420288,1.043816089630127,0.1035106182098388,0.940305471420288
1,block2_h72_seed11,3734,small_full,3,forward,1,0.9998192191123962,0.9855318665504456,1.1649430990219116,0.179411232471466,0.9855318665504456
1,block2_h72_seed11,3735,small_full,4,backward,1,0.9985052347183228,0.8012983202934265,0.9316752552986144,0.130376935005188,0.8012983202934265
1,block2_h72_seed11,3736,small_full,1,right,1,0.9951605200767516,1.8654550313949585,1.992443919181824,0.1269888877868652,1.8654550313949585
1,block2_h72_seed11,3737,small_full,3,forward,1,0.9998829364776612,1.0136629343032837,1.2082644701004028,0.1946015357971191,1.0136629343032837
1,block2_h72_seed11,3738,small_full,4,backward,1,0.9983660578727722,1.5875147581100464,1.7163394689559937,0.1288247108459472,1.5875147581100464
1,block2_h72_seed11,3739,small_full,2,left,1,0.9757000207901,1.7579201459884644,1.8323092460632324,0.074389100074768,1.7579201459884644
1,block2_h72_seed11,3740,small_full,2,left,1,0.9999996423721312,1.895599365234375,2.209028959274292,0.313429594039917,1.895599365234375
1,block2_h72_seed11,3741,small_full,4,backward,1,0.998290479183197,0.9631999135017396,1.104169249534607,0.1409693360328674,0.9631999135017396
1,block2_h72_seed11,3742,small_full,1,right,1,0.9935781955718994,1.3012949228286743,1.4066730737686155,0.1053781509399414,1.3012949228286743
1,block2_h72_seed11,3743,small_full,2,left,1,0.9993205070495604,1.4701036214828491,1.6168190240859983,0.1467154026031494,1.4701036214828491
1,block2_h72_seed11,3744,small_full,4,backward,1,1.0,0.8500455021858215,1.222720503807068,0.3726750016212463,0.8500455021858215
1,block2_h72_seed11,3745,small_full,2,left,1,0.9996458292007446,0.9314420223236084,1.0905319452285769,0.1590899229049682,0.9314420223236084
1,block2_h72_seed11,3746,small_full,1,right,1,0.999494194984436,1.103140354156494,1.2616037130355835,0.1584633588790893,1.103140354156494
1,block2_h72_seed11,3747,small_full,2,left,1,0.9888702630996704,2.277214765548706,2.3696811199188232,0.0924663543701171,2.277214765548706
1,block2_h72_seed11,3748,small_full,4,backward,1,0.9926242232322692,1.6597789525985718,1.757886290550232,0.0981073379516601,1.6597789525985718
1,block2_h72_seed11,3749,small_full,2,left,1,0.9997376799583436,1.6584324836730957,1.8240188360214236,0.1655863523483276,1.6584324836730957
1,block2_h72_seed11,3750,small_full,2,left,1,0.999052107334137,1.4658607244491575,1.6140966415405271,0.1482359170913696,1.4658607244491575
1,block2_h72_seed11,3751,small_full,1,right,1,0.99943608045578,1.3964296579360962,1.5586236715316772,0.162194013595581,1.3964296579360962
1,block2_h72_seed11,3752,small_full,1,right,1,0.999679684638977,0.973929226398468,1.1369110345840454,0.1629818081855774,0.973929226398468
1,block2_h72_seed11,3753,small_full,4,backward,1,0.9999743700027466,0.8487825393676758,1.073278307914734,0.2244957685470581,0.8487825393676758
1,block2_h72_seed11,3755,small_full,3,forward,1,0.9999829530715942,1.008806824684143,1.2421475648880005,0.2333407402038574,1.008806824684143
1,block2_h72_seed11,3756,small_full,2,left,1,0.8718267679214478,2.4333813190460205,2.4895598888397217,0.0561785697937011,2.4333813190460205
1,block2_h72_seed11,3757,small_full,4,backward,1,0.9909899234771729,0.9199833273887634,1.0347000360488892,0.1147167086601257,0.9199833273887634
1,block2_h72_seed11,3758,small_full,2,left,1,0.9986417889595032,1.6564245223999023,1.7887024879455566,0.1322779655456543,1.6564245223999023
1,block2_h72_seed11,3759,small_full,3,forward,1,0.999874711036682,0.8591563105583191,1.0422991514205933,0.1831428408622741,0.8591563105583191
1,block2_h72_seed11,3760,small_full,2,left,1,0.9999831914901732,1.0630756616592407,1.29797101020813,0.2348953485488891,1.0630756616592407
1,block2_h72_seed11,3762,small_full,1,right,1,0.999951720237732,1.018799901008606,1.226812720298767,0.2080128192901611,1.018799901008606
1,block2_h72_seed11,3763,small_full,1,right,1,0.9876917004585266,1.7840009927749634,1.874241828918457,0.0902408361434936,1.7840009927749634
1,block2_h72_seed11,3764,small_full,1,right,1,0.9968805313110352,1.333682656288147,1.4592739343643188,0.1255912780761718,1.333682656288147
1,block2_h72_seed11,3766,small_full,1,right,1,0.9923912882804872,1.9415801763534544,2.052480936050415,0.1109007596969604,1.9415801763534544
1,block2_h72_seed11,3767,small_full,3,forward,1,0.9999979734420776,0.7896355986595154,1.0595070123672483,0.2698714137077331,0.7896355986595154
1,block2_h72_seed11,3768,small_full,2,left,1,0.9998794794082642,2.085205316543579,2.267315149307251,0.1821098327636718,2.085205316543579
1,block2_h72_seed11,3769,small_full,2,left,1,0.999472439289093,1.7355037927627563,1.8903932571411133,0.1548894643783569,1.7355037927627563
1,block2_h72_seed11,3770,small_full,2,left,1,0.9997387528419496,1.6584324836730957,1.8240188360214236,0.1655863523483276,1.6584324836730957
1,block2_h72_seed11,3771,small_full,3,forward,1,0.9947579503059388,1.8073137998580933,1.913652420043945,0.106338620185852,1.8073137998580933
1,block2_h72_seed11,3773,small_full,3,forward,1,0.999402642250061,1.6979814767837524,1.846882700920105,0.1489012241363525,1.6979814767837524
1,block2_h72_seed11,3774,small_full,2,left,1,0.7218394875526428,1.6881564855575562,1.713387370109558,0.0252308845520019,1.6881564855575562
1,block2_h72_seed11,3775,small_full,4,backward,1,0.9901788234710692,1.419567584991455,1.5150800943374634,0.0955125093460083,1.419567584991455
1,block2_h72_seed11,3776,small_full,1,right,1,0.7218753695487976,1.7669442892074585,1.787441372871399,0.0204970836639404,1.7669442892074585
1,block2_h72_seed11,3777,small_full,4,backward,1,0.9845949411392212,1.2404180765151978,1.3276923894882202,0.0872743129730224,1.2404180765151978
1,block2_h72_seed11,3778,small_full,1,right,1,0.9998490810394288,1.0304969549179075,1.2154277563095093,0.1849308013916015,1.0304969549179075
1,block2_h72_seed11,3779,small_full,4,backward,1,0.9999923706054688,1.0988354682922363,1.3512948751449585,0.2524594068527221,1.0988354682922363
1,block2_h72_seed11,3780,small_full,2,left,1,0.9992196559906006,1.565697193145752,1.71612548828125,0.150428295135498,1.565697193145752
1,block2_h72_seed11,3781,small_full,4,backward,1,0.9999977350234984,0.9305834770202636,1.19267737865448,0.2620939016342163,0.9305834770202636
1,block2_h72_seed11,3782,small_full,2,left,1,0.9960687160491944,1.8083492517471316,1.936869025230408,0.1285197734832763,1.8083492517471316
1,block2_h72_seed11,3783,small_full,3,forward,1,0.9998936653137208,1.565185546875,1.7482365369796753,0.1830509901046753,1.565185546875
1,block2_h72_seed11,3784,small_full,3,forward,1,0.9973432421684264,1.7272310256958008,1.8458493947982788,0.118618369102478,1.7272310256958008
1,block2_h72_seed11,3785,small_full,2,left,1,0.997307062149048,1.7514657974243164,1.8779420852661133,0.1264762878417968,1.7514657974243164
1,block2_h72_seed11,3786,small_full,4,backward,1,0.9996080994606018,1.4336472749710083,1.5953680276870728,0.1617207527160644,1.4336472749710083
1,block2_h72_seed11,3787,small_full,1,right,1,0.9450755715370178,1.4581794738769531,1.5164928436279297,0.0583133697509765,1.4581794738769531
1,block2_h72_seed11,3788,small_full,4,backward,1,0.9865961670875548,1.2404180765151978,1.3276923894882202,0.0872743129730224,1.2404180765151978
1,block2_h72_seed11,3791,small_full,2,left,1,0.7869881987571716,2.19870400428772,2.2273709774017334,0.0286669731140136,2.19870400428772
1,block2_h72_seed11,3792,small_full,2,left,1,0.9934549927711488,1.6788724660873413,1.7877799272537231,0.1089074611663818,1.6788724660873413
1,block2_h72_seed11,3793,small_full,2,left,1,0.970928966999054,1.101974606513977,1.1750731468200684,0.0730985403060913,1.101974606513977
1,block2_h72_seed11,3794,small_full,2,left,1,0.9992449283599854,0.9555519223213196,1.1079754829406738,0.1524235606193542,0.9555519223213196
1,block2_h72_seed11,3795,small_full,3,forward,1,0.9926382303237916,1.0729068517684937,1.1912611722946167,0.118354320526123,1.0729068517684937
1,block2_h72_seed11,3796,small_full,4,backward,1,0.9970628619194032,1.0172473192214966,1.1427491903305054,0.1255018711090088,1.0172473192214966
1,block2_h72_seed11,3797,small_full,3,forward,1,0.9996402263641356,1.576335906982422,1.7385131120681765,0.1621772050857544,1.576335906982422
1,block2_h72_seed11,3798,small_full,3,forward,1,0.9999995231628418,0.8617777824401855,1.1595587730407717,0.2977809906005859,0.8617777824401855
1,block2_h72_seed11,3799,small_full,3,forward,1,0.9985835552215576,1.9574588537216189,2.0887651443481445,0.1313062906265258,1.9574588537216189
1,block2_h72_seed11,3800,small_full,1,right,1,0.9963145852088928,1.118764042854309,1.2476927042007446,0.1289286613464355,1.118764042854309
1,block2_h72_seed11,3801,small_full,4,backward,1,0.989926815032959,0.9720529913902284,1.08111310005188,0.1090601086616516,0.9720529913902284
1,block2_h72_seed11,3802,small_full,3,forward,1,0.9996472597122192,0.8640593886375427,1.032197117805481,0.1681377291679382,0.8640593886375427
1,block2_h72_seed11,3803,small_full,2,left,1,0.9999933242797852,2.085205316543579,2.3359687328338623,0.2507634162902832,2.085205316543579
1,block2_h72_seed11,3804,small_full,1,right,1,0.9987275004386902,1.7051891088485718,1.8509706258773804,0.1457815170288086,1.7051891088485718
1,block2_h72_seed11,3805,small_full,3,forward,1,0.9987088441848756,1.1180543899536133,1.2663131952285769,0.1482588052749633,1.1180543899536133
1,block2_h72_seed11,3806,small_full,3,forward,1,0.8576598167419434,1.869439721107483,1.9100300073623655,0.0405902862548828,1.869439721107483
1,block2_h72_seed11,3807,small_full,2,left,1,0.999985694885254,0.8913789391517639,1.1241854429244995,0.2328065037727356,0.8913789391517639
1,block2_h72_seed11,3809,small_full,2,left,1,0.9629796147346495,0.9877564907073976,1.055006980895996,0.0672504901885986,0.9877564907073976
1,block2_h72_seed11,3810,small_full,2,left,1,0.9974754452705384,1.2971645593643188,1.4295014142990112,0.1323368549346923,1.2971645593643188
1,block2_h72_seed11,3812,small_full,4,backward,1,0.966563880443573,1.2590351104736328,1.32676899433136,0.067733883857727,1.2590351104736328
1,block2_h72_seed11,3813,small_full,4,backward,1,0.9987950325012208,1.1112929582595823,1.2645756006240845,0.1532826423645019,1.1112929582595823
1,block2_h72_seed11,3814,small_full,3,forward,1,0.8577137589454651,1.869439721107483,1.9100300073623655,0.0405902862548828,1.869439721107483
1,block2_h72_seed11,3815,small_full,3,forward,1,0.9973104000091552,1.7272310256958008,1.8458493947982788,0.118618369102478,1.7272310256958008
1,block2_h72_seed11,3816,small_full,2,left,1,0.999986171722412,1.9285646677017207,2.1544220447540283,0.2258573770523071,1.9285646677017207
1,block2_h72_seed11,3817,small_full,4,backward,1,0.999995231628418,0.9678929448127748,1.2132912874221802,0.2453983426094055,0.9678929448127748
1,block2_h72_seed11,3818,small_full,3,forward,1,0.996155083179474,1.6241084337234497,1.7435115575790403,0.1194031238555908,1.6241084337234497
1,block2_h72_seed11,3819,small_full,2,left,1,0.983934223651886,0.8948163986206055,0.9933615326881408,0.0985451340675354,0.8948163986206055
1,block2_h72_seed11,3820,small_full,3,forward,1,0.9923049807548524,1.5106844902038574,1.6196390390396118,0.1089545488357544,1.5106844902038574
1,block2_h72_seed11,3821,small_full,2,left,0,0.465436041355133,1.1459882259368896,1.155804991722107,0.0098167657852172,1.218189716339111
1,block2_h72_seed11,3822,small_full,1,right,1,0.9996786117553712,1.1647571325302124,1.3272112607955933,0.1624541282653808,1.1647571325302124
1,block2_h72_seed11,3823,small_full,2,left,1,0.8743273615837097,2.6112868785858154,2.650337219238281,0.0390503406524658,2.6112868785858154
1,block2_h72_seed11,3825,small_full,2,left,0,0.5225379467010498,2.206964492797852,2.2100775241851807,0.0031130313873291,2.266512155532837
1,block2_h72_seed11,3826,small_full,4,backward,1,0.975816547870636,1.343126893043518,1.4269973039627075,0.0838704109191894,1.343126893043518
1,block2_h72_seed11,3828,small_full,1,right,1,0.9916018843650818,1.1513234376907349,1.247316598892212,0.095993161201477,1.1513234376907349
1,block2_h72_seed11,3829,small_full,1,right,1,0.7692968249320984,1.1819345951080322,1.2081514596939087,0.0262168645858764,1.1819345951080322
1,block2_h72_seed11,3830,small_full,2,left,1,0.6723297834396362,1.345842957496643,1.3606224060058594,0.0147794485092163,1.345842957496643
1,block2_h72_seed11,3831,small_full,3,forward,1,0.9999943971633912,0.8305227160453796,1.077900767326355,0.2473780512809753,0.8305227160453796
1,block2_h72_seed11,3832,small_full,2,left,1,0.9998140931129456,1.1113542318344116,1.287028193473816,0.1756739616394043,1.1113542318344116
1,block2_h72_seed11,3834,small_full,2,left,1,0.8373354077339172,1.2818995714187622,1.3303815126419067,0.0484819412231445,1.2818995714187622
1,block2_h72_seed11,3835,small_full,2,left,1,0.8117502331733704,1.0843837261199951,1.1179662942886353,0.0335825681686401,1.0843837261199951
1,block2_h72_seed11,3836,small_full,2,left,1,0.9817638993263244,1.129966139793396,1.2138361930847168,0.0838700532913208,1.129966139793396
1,block2_h72_seed11,3837,small_full,3,forward,1,0.9999804496765136,0.8021245002746582,1.0259376764297483,0.2238131761550903,0.8021245002746582
1,block2_h72_seed11,3841,small_full,1,right,1,0.6522701382637024,1.9385675191879272,1.9626699686050413,0.0241024494171142,1.9385675191879272
1,block2_h72_seed11,3845,small_full,4,backward,1,0.998984396457672,1.021143913269043,1.177634596824646,0.156490683555603,1.021143913269043
1,block2_h72_seed11,3846,small_full,4,backward,1,0.9949846267700196,1.222025990486145,1.333478331565857,0.1114523410797119,1.222025990486145
1,block2_h72_seed11,3847,small_full,3,forward,1,0.8831800222396851,1.869439721107483,1.9100300073623655,0.0405902862548828,1.869439721107483
1,block2_h72_seed11,3848,small_full,1,right,1,0.9989049434661864,1.172268629074097,1.3180146217346191,0.1457459926605224,1.172268629074097
1,block2_h72_seed11,3849,small_full,2,left,1,0.999365508556366,2.003862142562866,2.1621205806732178,0.1582584381103515,2.003862142562866
1,block2_h72_seed11,3851,small_full,3,forward,1,0.9999911785125732,0.8305227160453796,1.077900767326355,0.2473780512809753,0.8305227160453796
1,block2_h72_seed11,3852,small_full,4,backward,1,0.9987053871154784,0.8214483261108398,0.9568106532096864,0.1353623270988464,0.8214483261108398
1,block2_h72_seed11,3853,small_full,3,forward,1,0.9999911785125732,1.0007728338241575,1.238740086555481,0.2379672527313232,1.0007728338241575
1,block2_h72_seed11,3854,small_full,4,backward,1,1.0,0.8992262482643127,1.2371770143508911,0.3379507660865783,0.8992262482643127
1,block2_h72_seed11,3855,small_full,1,right,1,0.9974550604820251,1.1580088138580322,1.2912951707839966,0.1332863569259643,1.1580088138580322
1,block2_h72_seed11,3857,small_full,4,backward,1,0.9999711513519288,1.0290459394454956,1.246623396873474,0.2175774574279785,1.0290459394454956
1,block2_h72_seed11,3858,small_full,4,backward,1,0.9996283054351808,1.501581072807312,1.6695376634597778,0.1679565906524658,1.501581072807312
1,block2_h72_seed11,3859,small_full,1,right,1,0.9982220530509948,1.5989093780517578,1.7334076166152954,0.1344982385635376,1.5989093780517578
1,block2_h72_seed11,3860,small_full,2,left,1,0.5832023024559021,1.5778254270553589,1.5847400426864624,0.0069146156311035,1.5778254270553589
1,block2_h72_seed11,3861,small_full,2,left,1,0.5503798127174377,1.8097394704818728,1.8193122148513796,0.0095727443695068,1.8097394704818728
1,block2_h72_seed11,3863,small_full,4,backward,1,0.5495381951332092,1.400276780128479,1.4089094400405884,0.0086326599121093,1.400276780128479
1,block2_h72_seed11,3864,small_full,1,right,1,0.90283864736557,1.4581794738769531,1.5164928436279297,0.0583133697509765,1.4581794738769531
1,block2_h72_seed11,3865,small_full,4,backward,1,0.9984537363052368,1.6516857147216797,1.7938343286514282,0.1421486139297485,1.6516857147216797
1,block2_h72_seed11,3866,small_full,3,forward,1,0.9950966238975524,1.432031273841858,1.54069983959198,0.108668565750122,1.432031273841858
1,block2_h72_seed11,3867,small_full,3,forward,1,0.9999518394470216,1.72250497341156,1.9257954359054563,0.2032904624938964,1.72250497341156
1,block2_h72_seed11,3868,small_full,4,backward,1,0.9904120564460754,0.8789122700691223,0.9861971735954284,0.1072849035263061,0.8789122700691223
1,block2_h72_seed11,3870,small_full,1,right,1,0.9978961944580078,1.168046236038208,1.2990330457687378,0.1309868097305297,1.168046236038208
1,block2_h72_seed11,3871,small_full,1,right,1,0.9909955859184264,1.1330305337905884,1.229058861732483,0.0960283279418945,1.1330305337905884
1,block2_h72_seed11,3872,small_full,3,forward,1,0.9999514818191528,0.9708780646324158,1.1751309633255005,0.2042528986930847,0.9708780646324158
1,block2_h72_seed11,3873,small_full,2,left,1,0.9607520699501038,1.3161810636520386,1.3825445175170898,0.0663634538650512,1.3161810636520386
1,block2_h72_seed11,3874,small_full,2,left,1,0.999954104423523,1.741339087486267,1.9540857076644895,0.2127466201782226,1.741339087486267
1,block2_h72_seed11,3875,small_full,4,backward,1,0.9981155395507812,1.502605438232422,1.6409707069396973,0.1383652687072754,1.502605438232422
1,block2_h72_seed11,3876,small_full,1,right,1,0.9825420379638672,1.8654550313949585,1.949917435646057,0.0844624042510986,1.8654550313949585
1,block2_h72_seed11,3877,small_full,4,backward,1,0.9999161958694458,1.3870748281478882,1.5757323503494265,0.188657522201538,1.3870748281478882
1,block2_h72_seed11,3878,small_full,3,forward,1,0.9601380228996276,0.996669054031372,1.0726820230484009,0.0760129690170288,0.996669054031372
1,block2_h72_seed11,3880,small_full,2,left,1,0.9639631509780884,1.5244132280349731,1.5945855379104614,0.0701723098754882,1.5244132280349731
1,block2_h72_seed11,3882,small_full,2,left,1,0.999794900417328,0.9616233706474304,1.1317588090896606,0.1701354384422302,0.9616233706474304
1,block2_h72_seed11,3883,small_full,1,right,1,0.971453845500946,1.0916951894760132,1.168049454689026,0.0763542652130127,1.0916951894760132
1,block2_h72_seed11,3885,small_full,3,forward,1,0.9991156458854676,1.3691940307617188,1.5143113136291504,0.1451172828674316,1.3691940307617188
1,block2_h72_seed11,3887,small_full,4,backward,1,0.4995664656162262,0.7974412441253662,0.7974412441253662,0.0,0.7974412441253662
1,block2_h72_seed11,3888,small_full,4,backward,1,0.9934682846069336,0.7903823256492615,0.8911078572273254,0.1007255315780639,0.7903823256492615
1,block2_h72_seed11,3889,small_full,3,forward,1,0.9919722080230712,1.4246388673782349,1.5309877395629885,0.1063488721847534,1.4246388673782349
1,block2_h72_seed11,3890,small_full,3,forward,1,0.9999901056289672,0.7197216153144836,0.9597352147102356,0.2400135993957519,0.7197216153144836
1,block2_h72_seed11,3891,small_full,4,backward,1,0.9949842691421508,1.222025990486145,1.333478331565857,0.1114523410797119,1.222025990486145
1,block2_h72_seed11,3892,small_full,2,left,1,0.9998914003372192,0.893426239490509,1.0848791599273682,0.1914529204368591,0.893426239490509
1,block2_h72_seed11,3894,small_full,4,backward,1,0.9993535876274108,0.9873502850532532,1.1420685052871704,0.1547182202339172,0.9873502850532532
1,block2_h72_seed11,3895,small_full,3,forward,1,0.9945289492607116,2.015685558319092,2.1213552951812744,0.1056697368621826,2.015685558319092
1,block2_h72_seed11,3896,small_full,3,forward,1,0.9626930952072144,1.8323394060134888,1.910850524902344,0.0785111188888549,1.8323394060134888
1,block2_h72_seed11,3897,small_full,1,right,1,0.9994885921478271,1.0753730535507202,1.2378010749816897,0.1624280214309692,1.0753730535507202
1,block2_h72_seed11,3898,small_full,1,right,1,0.998344659805298,1.103140354156494,1.2318722009658811,0.1287318468093872,1.103140354156494
1,block2_h72_seed11,3899,small_full,2,left,1,0.999815046787262,2.2414000034332275,2.420295000076294,0.1788949966430664,2.2414000034332275
1,block2_h72_seed11,3900,small_full,3,forward,1,0.9750540256500244,1.8871625661849976,1.971806526184082,0.0846439599990844,1.8871625661849976
1,block2_h72_seed11,3901,small_full,4,backward,1,0.9907850027084352,0.8789122700691223,0.9861971735954284,0.1072849035263061,0.8789122700691223
1,block2_h72_seed11,3902,small_full,1,right,1,0.9998699426651,1.2034716606140137,1.39077627658844,0.1873046159744262,1.2034716606140137
1,block2_h72_seed11,3904,small_full,2,left,1,0.9996552467346193,1.4658607244491575,1.6323490142822266,0.1664882898330688,1.4658607244491575
1,block2_h72_seed11,3905,small_full,3,forward,1,0.996853530406952,0.9512138962745668,1.0774283409118652,0.1262144446372985,0.9512138962745668
1,block2_h72_seed11,3908,small_full,1,right,1,0.9982989430427552,1.453744411468506,1.590858817100525,0.137114405632019,1.453744411468506
1,block2_h72_seed11,3909,small_full,3,forward,1,0.9999868869781494,1.008806824684143,1.2396087646484375,0.2308019399642944,1.008806824684143
1,block2_h72_seed11,3910,small_full,4,backward,1,0.998969554901123,1.0554872751235962,1.204376220703125,0.1488889455795288,1.0554872751235962
1,block2_h72_seed11,3912,small_full,1,right,1,0.860517680644989,1.2425388097763062,1.2897460460662842,0.047207236289978,1.2425388097763062
1,block2_h72_seed11,3913,small_full,3,forward,1,0.9117743968963624,1.994965672492981,2.0455591678619385,0.0505934953689575,1.994965672492981
1,block2_h72_seed11,3914,small_full,4,backward,1,0.9999423027038574,0.8889569640159607,1.0867069959640503,0.1977500319480896,0.8889569640159607
1,block2_h72_seed11,3915,small_full,3,forward,1,0.9136713147163392,1.9467233419418333,1.9941415786743164,0.0474182367324829,1.9467233419418333
1,block2_h72_seed11,3916,small_full,2,left,1,0.9807822704315186,1.048039436340332,1.130568504333496,0.082529067993164,1.048039436340332
1,block2_h72_seed11,3918,small_full,2,left,1,0.7670104503631592,1.7489105463027954,1.7733678817749023,0.0244573354721069,1.7489105463027954
1,block2_h72_seed11,3920,small_full,3,forward,1,0.99968421459198,1.5139131546020508,1.68505859375,0.1711454391479492,1.5139131546020508
1,block2_h72_seed11,3921,small_full,1,right,1,0.9937254786491394,1.7632675170898438,1.867711424827576,0.1044439077377319,1.7632675170898438
1,block2_h72_seed11,3922,small_full,3,forward,1,0.5687836408615112,1.5250450372695925,1.5442991256713867,0.0192540884017944,1.5250450372695925
1,block2_h72_seed11,3923,small_full,4,backward,1,0.999958634376526,0.8633617758750916,1.068074345588684,0.2047125697135925,0.8633617758750916
1,block2_h72_seed11,3924,small_full,4,backward,1,0.9992916584014891,1.1983951330184937,1.3479076623916626,0.1495125293731689,1.1983951330184937
1,block2_h72_seed11,3925,small_full,3,forward,1,0.9991536140441896,1.4590715169906616,1.6095086336135864,0.1504371166229248,1.4590715169906616
1,block2_h72_seed11,3926,small_full,3,forward,1,0.999621033668518,1.7466282844543457,1.9132966995239256,0.16666841506958,1.7466282844543457
1,block2_h72_seed11,3927,small_full,2,left,1,0.9989226460456848,0.9343380928039552,1.082747459411621,0.148409366607666,0.9343380928039552
1,block2_h72_seed11,3931,small_full,1,right,1,0.999744713306427,1.1449686288833618,1.322774052619934,0.1778054237365722,1.1449686288833618
1,block2_h72_seed11,3932,small_full,2,left,1,0.8808907270431519,2.4301388263702397,2.473278284072876,0.0431394577026367,2.4301388263702397
1,block2_h72_seed11,3933,small_full,2,left,1,0.9961103796958924,2.2608535289764404,2.371821641921997,0.1109681129455566,2.2608535289764404
1,block2_h72_seed11,3934,small_full,1,right,1,0.999415636062622,1.8479286432266235,1.9991761445999143,0.151247501373291,1.8479286432266235
1,block2_h72_seed11,3935,small_full,3,forward,1,0.9993630051612854,0.7920382022857666,0.94667786359787,0.1546396613121032,0.7920382022857666
1,block2_h72_seed11,3936,small_full,1,right,1,0.9833715558052064,1.1781831979751587,1.2720732688903809,0.0938900709152221,1.1781831979751587
1,block2_h72_seed11,3937,small_full,2,left,1,0.9990252256393432,1.106526255607605,1.25674307346344,0.1502168178558349,1.106526255607605
1,block2_h72_seed11,3939,small_full,4,backward,1,0.9549152851104736,0.9059856534004213,0.9689788222312928,0.0629931688308715,0.9059856534004213
1,block2_h72_seed11,3940,small_full,1,right,1,0.9953723549842834,1.292284369468689,1.4054231643676758,0.1131387948989868,1.292284369468689
1,block2_h72_seed11,3941,small_full,2,left,1,0.9967342615127563,0.9840381741523744,1.1102486848831177,0.1262105107307434,0.9840381741523744
1,block2_h72_seed11,3943,small_full,2,left,0,0.3297316431999206,1.0889700651168823,1.0994876623153689,0.0105175971984863,1.0994876623153689
1,block2_h72_seed11,3945,small_full,4,backward,1,0.9999966621398926,0.8654785752296448,1.1203466653823853,0.2548680901527405,0.8654785752296448
1,block2_h72_seed11,3946,small_full,2,left,1,0.9979779124259948,0.9272436499595642,1.0518971681594849,0.1246535181999206,0.9272436499595642
1,block2_h72_seed11,3947,small_full,4,backward,1,0.9997215867042542,1.538573145866394,1.7113724946975708,0.1727993488311767,1.538573145866394
1,block2_h72_seed11,3948,small_full,3,forward,1,0.9998095631599426,0.9427115321159364,1.1205230951309204,0.1778115630149841,0.9427115321159364
1,block2_h72_seed11,3949,small_full,2,left,1,0.5490766763687134,2.19870400428772,2.2104809284210205,0.0117769241333007,2.19870400428772
1,block2_h72_seed11,3950,small_full,4,backward,1,0.998449206352234,0.8925698399543762,1.0317102670669556,0.1391404271125793,0.8925698399543762
1,block2_h72_seed11,3951,small_full,3,forward,1,0.9999442100524902,1.72250497341156,1.9257954359054563,0.2032904624938964,1.72250497341156
1,block2_h72_seed11,3954,small_full,1,right,1,0.9976574182510376,1.709680199623108,1.8392728567123413,0.1295926570892334,1.709680199623108
1,block2_h72_seed11,3955,small_full,1,right,1,0.999968409538269,0.9181882739067078,1.136511206626892,0.2183229327201843,0.9181882739067078
1,block2_h72_seed11,3957,small_full,2,left,1,0.9995481371879578,1.080777287483215,1.2508888244628906,0.1701115369796753,1.080777287483215
1,block2_h72_seed11,3960,small_full,1,right,1,0.9998536109924316,1.6093634366989136,1.7863842248916626,0.177020788192749,1.6093634366989136
1,block2_h72_seed11,3962,small_full,2,left,1,0.9991878867149352,1.029570698738098,1.185468673706055,0.1558979749679565,1.029570698738098
1,block2_h72_seed11,3963,small_full,4,backward,1,0.9999833106994628,0.8329541087150574,1.067968249320984,0.2350141406059265,0.8329541087150574
1,block2_h72_seed11,3964,small_full,3,forward,1,0.999822199344635,1.737951397895813,1.9165598154067995,0.1786084175109863,1.737951397895813
1,block2_h72_seed11,3965,small_full,4,backward,1,0.9904769659042358,0.8789121508598328,0.9861971735954284,0.1072850227355957,0.8789121508598328
1,block2_h72_seed11,3967,small_full,4,backward,1,0.9999992847442628,1.4328445196151731,1.719882607460022,0.2870380878448486,1.4328445196151731
1,block2_h72_seed11,3968,small_full,1,right,1,0.8523902893066406,1.4650225639343262,1.5083013772964478,0.0432788133621215,1.4650225639343262
1,block2_h72_seed11,3970,small_full,3,forward,1,0.9990352392196656,1.401117920875549,1.5567318201065063,0.155613899230957,1.401117920875549
1,block2_h72_seed11,3971,small_full,3,forward,1,0.9984170198440552,0.9427114129066468,1.073118805885315,0.1304073929786682,0.9427114129066468
1,block2_h72_seed11,3972,small_full,4,backward,1,0.7547268867492676,1.3494852781295776,1.3771642446517944,0.0276789665222167,1.3494852781295776
1,block2_h72_seed11,3973,small_full,3,forward,1,0.9998867511749268,0.8812841773033142,1.0646493434906006,0.1833651661872863,0.8812841773033142
1,block2_h72_seed11,3974,small_full,3,forward,1,0.9739267230033876,1.87772274017334,1.9503488540649412,0.0726261138916015,1.87772274017334
1,block2_h72_seed11,3976,small_full,1,right,1,0.9339553713798524,1.2514244318008425,1.3058620691299438,0.0544376373291015,1.2514244318008425
1,block2_h72_seed11,3977,small_full,2,left,0,0.6220560073852539,2.5327694416046143,2.5434958934783936,0.0107264518737792,2.5434958934783936
1,block2_h72_seed11,3980,small_full,4,backward,1,0.9995689988136292,0.9097065925598145,1.067806601524353,0.1581000089645385,0.9097065925598145
1,block2_h72_seed11,3981,small_full,4,backward,1,0.9999792575836182,1.6008120775222778,1.823554515838623,0.2227424383163452,1.6008120775222778
1,block2_h72_seed11,3984,small_full,2,left,1,0.9999837875366212,1.001547932624817,1.2297857999801636,0.2282378673553466,1.001547932624817
1,block2_h72_seed11,3985,small_full,4,backward,1,0.999219298362732,1.4711408615112305,1.623613715171814,0.1524728536605835,1.4711408615112305
1,block2_h72_seed11,3986,small_full,4,backward,1,0.9941154718399048,1.4346694946289062,1.5482679605484009,0.1135984659194946,1.4346694946289062
1,block2_h72_seed11,3987,small_full,1,right,1,0.9998039603233336,1.05229651927948,1.2363308668136597,0.1840343475341797,1.05229651927948
1,block2_h72_seed11,3988,small_full,4,backward,1,1.0,1.3015475273132324,1.6636470556259155,0.3620995283126831,1.3015475273132324
1,block2_h72_seed11,3989,small_full,1,right,1,0.985734224319458,1.035666823387146,1.1204496622085571,0.0847828388214111,1.035666823387146
1,block2_h72_seed11,3990,small_full,4,backward,1,0.9999910593032836,0.8306362628936768,1.073040008544922,0.2424037456512451,0.8306362628936768
1,block2_h72_seed11,3991,small_full,1,right,1,0.9999344348907472,0.984917163848877,1.1913586854934692,0.2064415216445922,0.984917163848877
1,block2_h72_seed11,3992,small_full,3,forward,1,0.9898452758789062,0.945712149143219,1.041860580444336,0.0961484313011169,0.945712149143219
1,block2_h72_seed11,3993,small_full,2,left,1,0.9967564940452576,1.0807771682739258,1.202565312385559,0.1217881441116333,1.0807771682739258
1,block2_h72_seed11,3994,small_full,2,left,1,0.9921119213104248,2.067507028579712,2.1699817180633545,0.1024746894836425,2.067507028579712
1,block2_h72_seed11,3995,small_full,3,forward,1,0.9670847058296204,1.8601306676864624,1.9282792806625368,0.0681486129760742,1.8601306676864624
1,block2_h72_seed11,3996,small_full,4,backward,1,0.9996953010559082,0.973551332950592,1.1414670944213867,0.1679157614707946,0.973551332950592
1,block2_h72_seed11,3997,small_full,3,forward,1,0.9980599284172058,1.671291708946228,1.8015419244766235,0.1302502155303955,1.671291708946228
1,block2_h72_seed11,3998,small_full,4,backward,1,0.9999911785125732,1.3015475273132324,1.5341953039169312,0.2326477766036987,1.3015475273132324
1,block2_h72_seed11,3999,small_full,3,forward,1,0.9999980926513672,0.8180570602416992,1.0858367681503296,0.2677797079086303,0.8180570602416992
1,block2_h72_seed11,3500,full,1,right,1,0.9950866103172302,0.6715526580810547,0.7966429591178894,0.1250903010368347,0.6715526580810547
1,block2_h72_seed11,3501,full,4,backward,1,0.9999227523803712,0.5061439871788025,0.6983024477958679,0.1921584606170654,0.5061439871788025
1,block2_h72_seed11,3502,full,1,right,1,0.9987228512763976,0.5319278240203857,0.6796689033508301,0.1477410793304443,0.5319278240203857
1,block2_h72_seed11,3503,full,2,left,1,0.9974198341369628,0.4480815827846527,0.5815073251724243,0.1334257423877716,0.4480815827846527
1,block2_h72_seed11,3504,full,3,forward,1,0.9877364039421082,1.353154540061951,1.4454339742660522,0.0922794342041015,1.353154540061951
1,block2_h72_seed11,3505,full,2,left,1,0.9995705485343932,0.9705953001976012,1.1330780982971191,0.1624827980995178,0.9705953001976012
1,block2_h72_seed11,3506,full,3,forward,1,0.9889405369758606,0.4723757207393646,0.5739428997039795,0.1015671789646148,0.4723757207393646
1,block2_h72_seed11,3507,full,1,right,1,0.998626708984375,0.447936862707138,0.5933251976966858,0.1453883349895477,0.447936862707138
1,block2_h72_seed11,3509,full,4,backward,1,0.9986894726753236,1.11578631401062,1.2485151290893557,0.1327288150787353,1.11578631401062
1,block2_h72_seed11,3510,full,4,backward,1,0.9999871253967284,0.9024909138679504,1.1339794397354126,0.2314885258674621,0.9024909138679504
1,block2_h72_seed11,3511,full,3,forward,1,0.9855480790138244,0.4565677642822265,0.5520880818367004,0.0955203175544738,0.4565677642822265
1,block2_h72_seed11,3512,full,1,right,1,0.9952665567398072,1.1269763708114624,1.2479218244552612,0.1209454536437988,1.1269763708114624
1,block2_h72_seed11,3513,full,4,backward,1,0.9454891085624696,0.4859521389007568,0.5483870506286621,0.0624349117279052,0.4859521389007568
1,block2_h72_seed11,3515,full,4,backward,1,0.9997122883796692,0.401763767004013,0.568250834941864,0.1664870679378509,0.401763767004013
1,block2_h72_seed11,3516,full,1,right,1,0.9921871423721312,1.2386356592178345,1.3491626977920532,0.1105270385742187,1.2386356592178345
1,block2_h72_seed11,3517,full,3,forward,1,0.9882439374923706,0.4723757207393646,0.5739428997039795,0.1015671789646148,0.4723757207393646
1,block2_h72_seed11,3518,full,3,forward,1,0.9984056353569032,0.463830828666687,0.6025782227516174,0.1387473940849304,0.463830828666687
1,block2_h72_seed11,3519,full,2,left,1,0.9998394250869752,0.6384692788124084,0.8239976763725281,0.1855283975601196,0.6384692788124084
1,block2_h72_seed11,3520,full,2,left,1,0.9990022778511048,1.6070537567138672,1.745572209358215,0.1385184526443481,1.6070537567138672
1,block2_h72_seed11,3521,full,3,forward,1,0.9998677968978882,0.5500478148460388,0.7469070553779602,0.1968592405319214,0.5500478148460388
1,block2_h72_seed11,3522,full,2,left,1,0.9478159546852112,1.825504183769226,1.8942195177078247,0.0687153339385986,1.825504183769226
1,block2_h72_seed11,3523,full,3,forward,1,0.999992847442627,0.515109121799469,0.7670917510986328,0.2519826292991638,0.515109121799469
1,block2_h72_seed11,3524,full,2,left,1,0.9943259358406068,1.293465495109558,1.397161602973938,0.1036961078643798,1.293465495109558
1,block2_h72_seed11,3526,full,1,right,1,0.9935699701309204,1.1234210729599,1.2301363945007324,0.1067153215408325,1.1234210729599
1,block2_h72_seed11,3527,full,1,right,1,0.9966367483139038,0.6580601334571838,0.7728140354156494,0.1147539019584655,0.6580601334571838
1,block2_h72_seed11,3528,full,1,right,0,0.9020470976829528,0.9854106903076172,1.0414537191390991,0.0560430288314819,1.0414537191390991
1,block2_h72_seed11,3530,full,1,right,1,0.9335147142410278,0.5103299021720886,0.5681668519973755,0.0578369498252868,0.5103299021720886
1,block2_h72_seed11,3531,full,1,right,1,0.9999446868896484,0.7566657066345215,0.9628165364265442,0.2061508297920227,0.7566657066345215
1,block2_h72_seed11,3532,full,3,forward,1,0.9999610185623168,0.4343484342098236,0.6425052285194397,0.2081567943096161,0.4343484342098236
1,block2_h72_seed11,3533,full,4,backward,1,0.9775561690330504,1.001644492149353,1.08407723903656,0.082432746887207,1.001644492149353
1,block2_h72_seed11,3534,full,1,right,1,0.9741089940071106,0.5026482939720154,0.5859522223472595,0.0833039283752441,0.5026482939720154
1,block2_h72_seed11,3536,full,3,forward,1,0.9999727010726928,0.6503085494041443,0.8672410845756531,0.2169325351715088,0.6503085494041443
1,block2_h72_seed11,3537,full,4,backward,1,0.9049885869026184,1.0474148988723757,1.092719316482544,0.0453044176101684,1.0474148988723757
1,block2_h72_seed11,3538,full,1,right,1,0.9830591678619384,0.5398561358451843,0.6258288621902466,0.0859727263450622,0.5398561358451843
1,block2_h72_seed11,3540,full,1,right,1,0.9995718598365784,1.18792986869812,1.3438105583190918,0.1558806896209716,1.18792986869812
1,block2_h72_seed11,3541,full,4,backward,1,0.9982654452323914,1.2188462018966677,1.347415804862976,0.1285696029663086,1.2188462018966677
1,block2_h72_seed11,3542,full,2,left,1,0.8742525577545166,0.5553317070007324,0.6079824566841125,0.0526507496833801,0.5553317070007324
1,block2_h72_seed11,3543,full,3,forward,1,0.9999934434890748,0.4652615785598755,0.7133514881134033,0.2480899095535278,0.4652615785598755
1,block2_h72_seed11,3544,full,3,forward,1,0.9994176626205444,1.0506585836410522,1.207353949546814,0.1566953659057617,1.0506585836410522
1,block2_h72_seed11,3545,full,3,forward,1,0.9984055161476136,1.0784283876419067,1.215929388999939,0.1375010013580322,1.0784283876419067
1,block2_h72_seed11,3546,full,4,backward,1,0.997545063495636,1.058433175086975,1.1848472356796265,0.1264140605926513,1.058433175086975
1,block2_h72_seed11,3547,full,2,left,1,0.9800847172737122,0.6612138152122498,0.7480306625366211,0.0868168473243713,0.6612138152122498
1,block2_h72_seed11,3548,full,4,backward,1,0.9997424483299256,1.0347095727920532,1.2017093896865845,0.1669998168945312,1.0347095727920532
1,block2_h72_seed11,3549,full,2,left,1,0.9995939135551452,0.9705953001976012,1.1330780982971191,0.1624827980995178,0.9705953001976012
1,block2_h72_seed11,3550,full,4,backward,1,0.9698744416236876,0.5984486937522888,0.6713073253631592,0.0728586316108703,0.5984486937522888
1,block2_h72_seed11,3551,full,1,right,1,0.998504638671875,0.4038061201572418,0.5430464148521423,0.1392402946949005,0.4038061201572418
1,block2_h72_seed11,3553,full,1,right,1,0.9996269941329956,1.3020635843276978,1.4654706716537476,0.1634070873260498,1.3020635843276978
1,block2_h72_seed11,3554,full,3,forward,1,0.9656339287757874,1.1575676202774048,1.232356309890747,0.0747886896133422,1.1575676202774048
1,block2_h72_seed11,3555,full,3,forward,1,0.9974944591522216,0.4663098156452179,0.5881262421607971,0.1218164265155792,0.4663098156452179
1,block2_h72_seed11,3556,full,1,right,1,0.9790220856666564,1.7651290893554688,1.848624348640442,0.0834952592849731,1.7651290893554688
1,block2_h72_seed11,3558,full,1,right,1,0.9999704360961914,0.5737433433532715,0.8007714748382568,0.2270281314849853,0.5737433433532715
1,block2_h72_seed11,3559,full,3,forward,1,0.9999929666519164,0.9253907203674316,1.164871096611023,0.2394803762435913,0.9253907203674316
1,block2_h72_seed11,3560,full,1,right,1,0.9753422737121582,1.2748733758926392,1.3529592752456665,0.0780858993530273,1.2748733758926392
1,block2_h72_seed11,3561,full,1,right,0,0.484620988368988,1.745783805847168,1.745963454246521,0.000179648399353,1.745963454246521
1,block2_h72_seed11,3562,full,2,left,1,0.9993557333946228,0.380116730928421,0.5343219637870789,0.1542052328586578,0.380116730928421
1,block2_h72_seed11,3563,full,2,left,0,0.483420580625534,0.5862661004066467,0.5948471426963806,0.0085810422897338,0.5948471426963806
1,block2_h72_seed11,3564,full,2,left,1,0.9911180138587952,1.2535961866378784,1.3516582250595093,0.0980620384216308,1.2535961866378784
1,block2_h72_seed11,3565,full,1,right,1,0.9999629259109496,0.4839792549610138,0.7069472670555115,0.2229680120944976,0.4839792549610138
1,block2_h72_seed11,3566,full,3,forward,1,0.9746322631835938,1.2488847970962524,1.3229738473892212,0.0740890502929687,1.2488847970962524
1,block2_h72_seed11,3567,full,3,forward,1,0.9975752234458924,1.450547695159912,1.571102738380432,0.12055504322052,1.450547695159912
1,block2_h72_seed11,3568,full,4,backward,1,0.975227415561676,0.3476254045963287,0.4252189695835113,0.0775935649871826,0.3476254045963287
1,block2_h72_seed11,3570,full,3,forward,1,0.9993417859077454,1.1243878602981567,1.2716668844223022,0.1472790241241455,1.1243878602981567
1,block2_h72_seed11,3571,full,4,backward,1,0.9999337196350098,0.401763767004013,0.611344575881958,0.2095808088779449,0.401763767004013
1,block2_h72_seed11,3572,full,4,backward,1,0.9859035611152648,0.5026499629020691,0.5912497639656067,0.0885998010635376,0.5026499629020691
1,block2_h72_seed11,3573,full,4,backward,1,0.9997795224189758,1.2188462018966677,1.3872371912002563,0.1683909893035888,1.2188462018966677
1,block2_h72_seed11,3574,full,4,backward,1,0.9999152421951294,0.3949158191680908,0.5851935744285583,0.1902777552604675,0.3949158191680908
1,block2_h72_seed11,3575,full,2,left,1,0.9851201176643372,0.6422574520111084,0.7319921851158142,0.0897347331047058,0.6422574520111084
1,block2_h72_seed11,3576,full,3,forward,1,0.9967889785766602,0.440547376871109,0.561476469039917,0.1209290921688079,0.440547376871109
1,block2_h72_seed11,3577,full,1,right,1,0.9968883395195008,1.0284719467163086,1.146425724029541,0.1179537773132324,1.0284719467163086
1,block2_h72_seed11,3578,full,4,backward,1,0.9999146461486816,0.5569654107093811,0.7526224255561829,0.1956570148468017,0.5569654107093811
1,block2_h72_seed11,3579,full,4,backward,1,0.9803488850593568,1.255199670791626,1.3348188400268557,0.0796191692352294,1.255199670791626
1,block2_h72_seed11,3580,full,2,left,1,0.9745548963546752,0.5329023003578186,0.6106778979301453,0.0777755975723266,0.5329023003578186
1,block2_h72_seed11,3581,full,3,forward,1,0.9999828338623048,0.3523559868335724,0.5867384076118469,0.2343824207782745,0.3523559868335724
1,block2_h72_seed11,3582,full,2,left,0,0.5592435002326965,0.6693475842475891,0.6906169056892395,0.0212693214416503,0.7846176624298096
1,block2_h72_seed11,3583,full,4,backward,1,0.9999734163284302,0.9515466690063475,1.171226143836975,0.2196794748306274,0.9515466690063475
1,block2_h72_seed11,3584,full,2,left,1,0.9905937910079956,0.5517321228981018,0.6461500525474548,0.094417929649353,0.5517321228981018
1,block2_h72_seed11,3585,full,1,right,1,0.9734228849411012,0.4630842506885528,0.5364181995391846,0.0733339488506317,0.4630842506885528
1,block2_h72_seed11,3586,full,1,right,1,0.9993852376937866,1.987679123878479,2.13568377494812,0.1480046510696411,1.987679123878479
1,block2_h72_seed11,3587,full,3,forward,1,0.9963514804840088,1.1456632614135742,1.2582045793533323,0.1125413179397583,1.1456632614135742
1,block2_h72_seed11,3588,full,4,backward,1,0.9999182224273682,0.4369947910308838,0.629021942615509,0.1920271515846252,0.4369947910308838
1,block2_h72_seed11,3589,full,3,forward,1,0.9988420605659484,0.8652849793434143,1.001540184020996,0.1362552046775818,0.8652849793434143
1,block2_h72_seed11,3590,full,4,backward,1,0.99987530708313,0.482671171426773,0.6761424541473389,0.1934712827205658,0.482671171426773
1,block2_h72_seed11,3594,full,2,left,1,0.9758853316307068,1.4843803644180298,1.5584068298339844,0.0740264654159545,1.4843803644180298
1,block2_h72_seed11,3595,full,2,left,1,0.9998195767402648,1.102933406829834,1.292078137397766,0.1891447305679321,1.102933406829834
1,block2_h72_seed11,3596,full,2,left,1,0.9994184970855712,1.000341296195984,1.15019690990448,0.1498556137084961,1.000341296195984
1,block2_h72_seed11,3597,full,2,left,1,0.9956093430519104,1.5996190309524536,1.7143090963363647,0.1146900653839111,1.5996190309524536
1,block2_h72_seed11,3598,full,4,backward,1,0.9972798824310304,1.0566482543945312,1.1760674715042114,0.1194192171096801,1.0566482543945312
1,block2_h72_seed11,3599,full,2,left,0,0.7567214369773865,0.9150800704956056,0.9452350735664368,0.0301550030708313,0.985013484954834
1,block2_h72_seed11,3600,full,4,backward,1,0.9988693594932556,1.0009284019470217,1.1411466598510742,0.1402182579040527,1.0009284019470217
1,block2_h72_seed11,3601,full,3,forward,1,0.9999589920043944,0.403237372636795,0.6256670355796814,0.2224296629428863,0.403237372636795
1,block2_h72_seed11,3602,full,2,left,1,0.9887806177139282,1.5996190309524536,1.693536639213562,0.0939176082611084,1.5996190309524536
1,block2_h72_seed11,3603,full,4,backward,1,0.989943504333496,0.7114400863647461,0.8037714958190918,0.0923314094543457,0.7114400863647461
1,block2_h72_seed11,3604,full,4,backward,1,0.9912336468696594,0.4820445477962494,0.5825281739234924,0.100483626127243,0.4820445477962494
1,block2_h72_seed11,3605,full,3,forward,1,0.9989823698997498,1.4666649103164673,1.61027729511261,0.1436123847961425,1.4666649103164673
1,block2_h72_seed11,3606,full,3,forward,1,0.9947938323020936,0.5934314727783203,0.7019070982933044,0.1084756255149841,0.5934314727783203
1,block2_h72_seed11,3607,full,1,right,1,0.9995905756950378,1.0246418714523315,1.1926623582839966,0.168020486831665,1.0246418714523315
1,block2_h72_seed11,3608,full,4,backward,1,0.9986048340797424,0.9786777496337892,1.1117931604385376,0.1331154108047485,0.9786777496337892
1,block2_h72_seed11,3609,full,1,right,1,0.9907907247543336,0.9521846771240234,1.046181559562683,0.0939968824386596,0.9521846771240234
1,block2_h72_seed11,3610,full,1,right,1,0.9998778104782104,0.5342073440551758,0.7234282493591309,0.189220905303955,0.5342073440551758
1,block2_h72_seed11,3611,full,3,forward,0,0.5876556038856506,1.0498414039611816,1.059462547302246,0.0096211433410644,1.059462547302246
1,block2_h72_seed11,3612,full,3,forward,1,0.9973796606063844,1.4040356874465942,1.534149169921875,0.1301134824752807,1.4040356874465942
1,block2_h72_seed11,3613,full,1,right,1,0.9999270439147948,0.5455101132392883,0.7521045804023743,0.2065944671630859,0.5455101132392883
1,block2_h72_seed11,3614,full,2,left,1,0.9998623132705688,1.2524069547653198,1.4334067106246948,0.180999755859375,1.2524069547653198
1,block2_h72_seed11,3615,full,4,backward,1,0.9503139853477478,0.8154827952384949,0.8762259483337402,0.0607431530952453,0.8154827952384949
1,block2_h72_seed11,3616,full,4,backward,1,0.9939828515052797,0.5001839995384216,0.6127399206161499,0.1125559210777282,0.5001839995384216
1,block2_h72_seed11,3618,full,2,left,1,0.9867178201675416,1.0830992460250854,1.1828986406326294,0.0997993946075439,1.0830992460250854
1,block2_h72_seed11,3619,full,2,left,1,0.99905127286911,0.6557673811912537,0.8025021553039551,0.1467347741127014,0.6557673811912537
1,block2_h72_seed11,3620,full,3,forward,1,0.9985815286636353,0.488477498292923,0.6219958066940308,0.1335183084011078,0.488477498292923
1,block2_h72_seed11,3621,full,3,forward,1,0.9932160973548888,0.4981921017169952,0.6061171889305115,0.1079250872135162,0.4981921017169952
1,block2_h72_seed11,3623,full,2,left,1,0.9884146451950072,0.9628567695617676,1.052128553390503,0.0892717838287353,0.9628567695617676
1,block2_h72_seed11,3624,full,1,right,1,0.998589813709259,0.5319278240203857,0.6796689033508301,0.1477410793304443,0.5319278240203857
1,block2_h72_seed11,3625,full,2,left,1,0.3931261599063873,0.6288953423500061,0.6350326538085938,0.0061373114585876,0.6288953423500061
1,block2_h72_seed11,3626,full,3,forward,1,0.9999895095825196,0.381728321313858,0.6192435622215271,0.237515240907669,0.381728321313858
1,block2_h72_seed11,3627,full,3,forward,1,0.9979992508888244,0.9996790885925292,1.125645637512207,0.1259665489196777,0.9996790885925292
1,block2_h72_seed11,3628,full,4,backward,1,0.9999901056289672,0.2867438197135925,0.5182256102561951,0.2314817905426025,0.2867438197135925
1,block2_h72_seed11,3630,full,3,forward,1,0.9997357726097108,0.513446569442749,0.6818633079528809,0.1684167385101318,0.513446569442749
1,block2_h72_seed11,3631,full,1,right,1,0.380099356174469,0.8428926467895508,0.8559007048606873,0.0130080580711364,0.8428926467895508
1,block2_h72_seed11,3632,full,4,backward,1,0.989627242088318,0.8895732760429382,0.9847970008850098,0.0952237248420715,0.8895732760429382
1,block2_h72_seed11,3633,full,1,right,1,0.999637246131897,1.2417274713516235,1.4026998281478882,0.1609723567962646,1.2417274713516235
1,block2_h72_seed11,3635,full,1,right,1,0.9410605430603028,1.1060171127319336,1.1696432828903198,0.0636261701583862,1.1060171127319336
1,block2_h72_seed11,3636,full,4,backward,1,0.9999901056289672,0.9024909138679504,1.1339794397354126,0.2314885258674621,0.9024909138679504
1,block2_h72_seed11,3638,full,2,left,1,0.9914445281028748,0.582770586013794,0.6779505610466003,0.0951799750328064,0.582770586013794
1,block2_h72_seed11,3639,full,4,backward,1,0.9987642765045166,1.0174362659454346,1.1538885831832886,0.136452317237854,1.0174362659454346
1,block2_h72_seed11,3640,full,1,right,1,0.995145618915558,1.7769500017166138,1.8836240768432615,0.1066740751266479,1.7769500017166138
1,block2_h72_seed11,3641,full,3,forward,1,0.984310507774353,1.17365825176239,1.2627218961715698,0.0890636444091796,1.17365825176239
1,block2_h72_seed11,3642,full,3,forward,1,0.9989025592803956,0.863196611404419,1.0045897960662842,0.1413931846618652,0.863196611404419
1,block2_h72_seed11,3644,full,1,right,1,0.9876344799995422,1.2143062353134155,1.3230584859848022,0.1087522506713867,1.2143062353134155
1,block2_h72_seed11,3645,full,1,right,1,0.9892120361328124,1.5115889310836792,1.6023229360580444,0.0907340049743652,1.5115889310836792
1,block2_h72_seed11,3646,full,3,forward,1,0.9999332427978516,0.4343484342098236,0.6425052285194397,0.2081567943096161,0.4343484342098236
1,block2_h72_seed11,3647,full,2,left,1,0.9838624596595764,0.5627999305725098,0.6581559777259827,0.0953560471534729,0.5627999305725098
1,block2_h72_seed11,3648,full,4,backward,1,0.9994990825653076,1.2713462114334106,1.427380919456482,0.1560347080230713,1.2713462114334106
1,block2_h72_seed11,3649,full,2,left,1,0.9908814430236816,1.4719864130020142,1.5700817108154297,0.0980952978134155,1.4719864130020142
1,block2_h72_seed11,3650,full,3,forward,1,0.9996724128723145,1.154729247093201,1.3154746294021606,0.1607453823089599,1.154729247093201
1,block2_h72_seed11,3651,full,1,right,1,0.9949495792388916,0.4970099925994873,0.6196547746658325,0.1226447820663452,0.4970099925994873
1,block2_h72_seed11,3652,full,3,forward,1,0.9654924869537354,0.9895405769348145,1.06271231174469,0.0731717348098754,0.9895405769348145
1,block2_h72_seed11,3653,full,3,forward,1,0.998078227043152,1.531769871711731,1.6569944620132446,0.1252245903015136,1.531769871711731
1,block2_h72_seed11,3654,full,4,backward,1,0.9923094511032104,1.0886934995651243,1.1867676973342896,0.098074197769165,1.0886934995651243
1,block2_h72_seed11,3655,full,3,forward,1,0.999996304512024,0.8755388259887695,1.1253947019577026,0.2498558759689331,0.8755388259887695
1,block2_h72_seed11,3656,full,3,forward,1,0.9999500513076782,0.3792889416217804,0.5807590484619141,0.2014701068401336,0.3792889416217804
1,block2_h72_seed11,3657,full,1,right,1,0.9689003229141236,1.2675656080245972,1.3457435369491575,0.0781779289245605,1.2675656080245972
1,block2_h72_seed11,3658,full,2,left,1,0.999808132648468,0.4090811014175415,0.5921164155006409,0.1830353140830993,0.4090811014175415
1,block2_h72_seed11,3660,full,3,forward,1,0.9997636675834656,0.6050888895988464,0.7746738791465759,0.1695849895477295,0.6050888895988464
1,block2_h72_seed11,3661,full,1,right,1,0.9996591806411744,0.4705203771591186,0.6441333889961243,0.1736130118370056,0.4705203771591186
1,block2_h72_seed11,3662,full,1,right,1,0.9211993217468262,1.6327368021011353,1.6863088607788086,0.0535720586776733,1.6327368021011353
1,block2_h72_seed11,3664,full,1,right,1,0.8842101693153381,0.5103299021720886,0.5627331137657166,0.0524032115936279,0.5103299021720886
1,block2_h72_seed11,3665,full,4,backward,1,0.999787986278534,0.482671171426773,0.6530905365943909,0.1704193651676178,0.482671171426773
1,block2_h72_seed11,3666,full,3,forward,1,0.9998034834861756,1.0161627531051636,1.1928926706314087,0.1767299175262451,1.0161627531051636
1,block2_h72_seed11,3667,full,2,left,1,0.997706174850464,0.622787594795227,0.7638227939605713,0.1410351991653442,0.622787594795227
1,block2_h72_seed11,3668,full,3,forward,1,0.979289412498474,1.353154540061951,1.4454339742660522,0.0922794342041015,1.353154540061951
1,block2_h72_seed11,3669,full,2,left,1,0.999658226966858,1.176881194114685,1.3389936685562134,0.1621124744415283,1.176881194114685
1,block2_h72_seed11,3670,full,4,backward,1,0.9583467245101928,0.6620556116104126,0.7293677926063538,0.0673121809959411,0.6620556116104126
1,block2_h72_seed11,3672,full,2,left,1,0.9990822076797484,0.622787594795227,0.7802708745002747,0.1574832797050476,0.622787594795227
1,block2_h72_seed11,3673,full,4,backward,1,0.9999985694885254,0.9665252566337584,1.2495797872543335,0.2830545306205749,0.9665252566337584
1,block2_h72_seed11,3674,full,2,left,1,0.9776588082313538,1.8149293661117556,1.90033757686615,0.0854082107543945,1.8149293661117556
1,block2_h72_seed11,3676,full,1,right,1,0.9991982579231262,1.213460922241211,1.3629261255264282,0.1494652032852172,1.213460922241211
1,block2_h72_seed11,3677,full,3,forward,1,0.9967275857925416,1.2132800817489624,1.327824354171753,0.1145442724227905,1.2132800817489624
1,block2_h72_seed11,3678,full,3,forward,1,0.9997710585594176,0.9998049736022948,1.1691007614135742,0.1692957878112793,0.9998049736022948
1,block2_h72_seed11,3680,full,1,right,1,0.9454803466796876,0.5398561358451843,0.602729320526123,0.0628731846809387,0.5398561358451843
1,block2_h72_seed11,3681,full,1,right,1,0.999677300453186,0.6242497563362122,0.7910633087158203,0.1668135523796081,0.6242497563362122
1,block2_h72_seed11,3682,full,4,backward,1,0.999998927116394,0.4059821665287018,0.6882254481315613,0.2822432816028595,0.4059821665287018
1,block2_h72_seed11,3683,full,3,forward,1,0.998058021068573,0.6368767619132996,0.7646017074584961,0.1277249455451965,0.6368767619132996
1,block2_h72_seed11,3685,full,4,backward,1,0.9982506632804872,0.7826979756355286,0.9112792015075684,0.1285812258720398,0.7826979756355286
1,block2_h72_seed11,3687,full,2,left,1,0.9752900004386902,0.6414138674736023,0.7183020710945129,0.0768882036209106,0.6414138674736023
1,block2_h72_seed11,3688,full,4,backward,1,0.9999558925628662,0.8108830451965332,1.0127580165863037,0.2018749713897705,0.8108830451965332
1,block2_h72_seed11,3689,full,4,backward,1,0.9999704360961914,0.4164505898952484,0.6394572854042053,0.2230066955089569,0.4164505898952484
1,block2_h72_seed11,3690,full,4,backward,1,0.9997736811637878,0.4369947910308838,0.6155046820640564,0.1785098910331726,0.4369947910308838
1,block2_h72_seed11,3691,full,1,right,1,0.9634126424789428,0.5933051705360413,0.6655026078224182,0.0721974372863769,0.5933051705360413
1,block2_h72_seed11,3693,full,4,backward,1,0.997196078300476,0.5001839995384216,0.6360489726066589,0.1358649730682373,0.5001839995384216
1,block2_h72_seed11,3694,full,3,forward,1,0.999992847442627,0.4419574737548828,0.6900460124015808,0.248088538646698,0.4419574737548828
1,block2_h72_seed11,3695,full,1,right,1,0.999924898147583,0.3604121506214142,0.551572859287262,0.1911607086658477,0.3604121506214142
1,block2_h72_seed11,3696,full,3,forward,1,0.98812997341156,1.353154540061951,1.4471489191055298,0.0939943790435791,1.353154540061951
1,block2_h72_seed11,3697,full,2,left,1,0.9999771118164062,0.9215649962425232,1.1486786603927612,0.227113664150238,0.9215649962425232
1,block2_h72_seed11,3698,full,3,forward,1,0.9999347925186156,0.558302104473114,0.7667657732963562,0.2084636688232422,0.558302104473114
1,block2_h72_seed11,3699,full,1,right,1,0.9997301697731018,0.9599562287330629,1.1244598627090454,0.1645036339759826,0.9599562287330629
1,block2_h72_seed11,3700,full,2,left,1,0.999947190284729,1.325433373451233,1.533204436302185,0.2077710628509521,1.325433373451233
1,block2_h72_seed11,3702,full,1,right,1,0.9984667897224426,2.296118259429932,2.431560754776001,0.1354424953460693,2.296118259429932
1,block2_h72_seed11,3704,full,4,backward,1,0.9999960660934448,0.3304065465927124,0.5853046178817749,0.2548980712890625,0.3304065465927124
1,block2_h72_seed11,3705,full,1,right,1,0.9994736313819884,0.5247561931610107,0.6831660270690918,0.158409833908081,0.5247561931610107
1,block2_h72_seed11,3706,full,1,right,1,0.8988093137741089,0.5171472430229187,0.5646933913230896,0.0475461483001709,0.5171472430229187
1,block2_h72_seed11,3707,full,4,backward,1,0.9999982118606568,0.2518799304962158,0.5322840213775635,0.2804040908813476,0.2518799304962158
1,block2_h72_seed11,3709,full,1,right,1,0.9978721141815186,0.4963036477565765,0.6309106945991516,0.134607046842575,0.4963036477565765
1,block2_h72_seed11,3710,full,3,forward,1,0.9988859295845032,0.863196611404419,1.0045897960662842,0.1413931846618652,0.863196611404419
1,block2_h72_seed11,3711,full,4,backward,1,0.9992610812187196,0.7104992866516113,0.862993061542511,0.1524937748908996,0.7104992866516113
1,block2_h72_seed11,3712,full,3,forward,1,0.998728334903717,1.2359142303466797,1.370069146156311,0.1341549158096313,1.2359142303466797
1,block2_h72_seed11,3714,full,1,right,1,0.9988896250724792,1.4537949562072754,1.591877818107605,0.1380828619003296,1.4537949562072754
1,block2_h72_seed11,3716,full,3,forward,1,0.9999324083328248,0.4343484342098236,0.6425052285194397,0.2081567943096161,0.4343484342098236
1,block2_h72_seed11,3717,full,4,backward,1,0.9980168342590332,0.3684021532535553,0.5003476142883301,0.1319454610347747,0.3684021532535553
1,block2_h72_seed11,3718,full,1,right,1,0.9997544884681702,0.5265709161758423,0.6983721256256104,0.171801209449768,0.5265709161758423
1,block2_h72_seed11,3719,full,3,forward,1,0.977117657661438,0.5576547980308533,0.6402649283409119,0.0826101303100586,0.5576547980308533
1,block2_h72_seed11,3720,full,3,forward,1,0.9999990463256836,0.6453204154968262,0.9324307441711426,0.2871103286743164,0.6453204154968262
1,block2_h72_seed11,3721,full,1,right,1,0.999154567718506,0.6902562975883484,0.8458696007728577,0.1556133031845092,0.6902562975883484
1,block2_h72_seed11,3722,full,2,left,1,0.9982433319091796,2.096935510635376,2.2247629165649414,0.1278274059295654,2.096935510635376
1,block2_h72_seed11,3723,full,4,backward,1,0.999809205532074,0.4835567474365234,0.6632298231124878,0.1796730756759643,0.4835567474365234
1,block2_h72_seed11,3724,full,3,forward,1,0.9997571110725404,0.8771987557411194,1.0517724752426147,0.1745737195014953,0.8771987557411194
1,block2_h72_seed11,3725,full,1,right,1,0.9994902610778807,0.4914306104183197,0.6461334824562073,0.1547028720378875,0.4914306104183197
1,block2_h72_seed11,3726,full,3,forward,1,0.9728293418884276,1.2488847970962524,1.3229738473892212,0.0740890502929687,1.2488847970962524
1,block2_h72_seed11,3727,full,4,backward,1,0.9998878240585328,1.2713462114334106,1.4581656455993652,0.1868194341659546,1.2713462114334106
1,block2_h72_seed11,3728,full,3,forward,1,0.9909472465515136,0.5758510828018188,0.6844387054443359,0.108587622642517,0.5758510828018188
1,block2_h72_seed11,3729,full,4,backward,1,0.7680217623710632,1.073821187019348,1.1043325662612915,0.0305113792419433,1.073821187019348
1,block2_h72_seed11,3730,full,3,forward,1,0.9999922513961792,0.3852600157260895,0.6388270854949951,0.2535670697689056,0.3852600157260895
1,block2_h72_seed11,3732,full,3,forward,1,0.995400369167328,0.440547376871109,0.561476469039917,0.1209290921688079,0.440547376871109
1,block2_h72_seed11,3734,full,3,forward,1,0.9974326491355896,0.6225622892379761,0.7505125403404236,0.1279502511024475,0.6225622892379761
1,block2_h72_seed11,3735,full,4,backward,1,0.9997562766075134,0.6123610138893127,0.7825851440429688,0.170224130153656,0.6123610138893127
1,block2_h72_seed11,3736,full,1,right,1,0.9996330738067628,1.7370047569274902,1.8986743688583372,0.1616696119308471,1.7370047569274902
1,block2_h72_seed11,3737,full,3,forward,1,0.9999884366989136,0.6623440980911255,0.9026334881782532,0.2402893900871276,0.6623440980911255
1,block2_h72_seed11,3738,full,4,backward,1,0.9994977712631226,0.9668350219726562,1.128986954689026,0.1621519327163696,0.9668350219726562
1,block2_h72_seed11,3739,full,2,left,1,0.983150064945221,0.9314597249031068,1.013270616531372,0.0818108916282653,0.9314597249031068
1,block2_h72_seed11,3740,full,2,left,1,0.9999995231628418,1.4843803644180298,1.7929054498672483,0.3085250854492187,1.4843803644180298
1,block2_h72_seed11,3741,full,4,backward,1,0.9848264455795288,0.5281771421432495,0.6195208430290222,0.0913437008857727,0.5281771421432495
1,block2_h72_seed11,3742,full,1,right,1,0.997141420841217,0.4963317811489105,0.6222929954528809,0.1259612143039703,0.4963317811489105
1,block2_h72_seed11,3743,full,2,left,1,0.999923586845398,0.8485236763954163,1.038591384887695,0.190067708492279,0.8485236763954163
1,block2_h72_seed11,3744,full,4,backward,1,0.9999997615814208,0.4090234339237213,0.7204915881156921,0.3114681541919708,0.4090234339237213
1,block2_h72_seed11,3745,full,2,left,1,0.9995508790016174,0.4432218968868255,0.597774088382721,0.1545521914958953,0.4432218968868255
1,block2_h72_seed11,3746,full,1,right,1,0.9926019310951232,0.4327325522899627,0.5401149988174438,0.107382446527481,0.4327325522899627
1,block2_h72_seed11,3747,full,2,left,1,0.9866357445716858,1.7165188789367676,1.8087034225463867,0.0921845436096191,1.7165188789367676
1,block2_h72_seed11,3748,full,4,backward,1,0.9949147701263428,1.232762575149536,1.3383830785751345,0.1056205034255981,1.232762575149536
1,block2_h72_seed11,3749,full,2,left,1,0.9998379945755004,1.0686869621276855,1.2476290464401243,0.1789420843124389,1.0686869621276855
1,block2_h72_seed11,3750,full,2,left,1,0.9995334148406982,1.102961540222168,1.269295573234558,0.1663340330123901,1.102961540222168
1,block2_h72_seed11,3751,full,1,right,1,0.999893307685852,0.4839792549610138,0.6814143657684326,0.1974351108074188,0.4839792549610138
1,block2_h72_seed11,3752,full,1,right,1,0.9997811913490297,0.5068092346191406,0.6842523217201233,0.1774430871009826,0.5068092346191406
1,block2_h72_seed11,3753,full,4,backward,1,0.9997629523277284,0.4448794424533844,0.6259501576423645,0.1810707151889801,0.4448794424533844
1,block2_h72_seed11,3755,full,3,forward,1,0.9997439980506896,0.4706208705902099,0.6539908647537231,0.1833699941635131,0.4706208705902099
1,block2_h72_seed11,3756,full,2,left,1,0.9289290308952332,1.6432539224624634,1.707720398902893,0.0644664764404296,1.6432539224624634
1,block2_h72_seed11,3757,full,4,backward,1,0.9923170804977416,0.8260707855224609,0.9272578358650208,0.1011870503425598,0.8260707855224609
1,block2_h72_seed11,3758,full,2,left,1,0.9999624490737916,1.102933406829834,1.3067909479141235,0.2038575410842895,1.102933406829834
1,block2_h72_seed11,3759,full,3,forward,1,0.9980775117874146,0.5339820384979248,0.66239994764328,0.1284179091453552,0.5339820384979248
1,block2_h72_seed11,3760,full,2,left,1,0.9948948621749878,0.572194516658783,0.6976634860038757,0.1254689693450927,0.572194516658783
1,block2_h72_seed11,3762,full,1,right,1,0.9993343949317932,0.4363202750682831,0.5872678756713867,0.1509476006031036,0.4363202750682831
1,block2_h72_seed11,3763,full,1,right,1,0.998891532421112,1.6614561080932615,1.809902787208557,0.1484466791152954,1.6614561080932615
1,block2_h72_seed11,3764,full,1,right,1,0.9997513890266418,1.0057352781295776,1.1845721006393433,0.1788368225097656,1.0057352781295776
1,block2_h72_seed11,3766,full,1,right,1,0.9987938404083252,2.000971555709839,2.137343406677246,0.1363718509674072,2.000971555709839
1,block2_h72_seed11,3767,full,3,forward,1,0.9998125433921814,0.5273417234420776,0.7128587365150452,0.1855170130729675,0.5273417234420776
1,block2_h72_seed11,3768,full,2,left,1,0.9999525547027588,1.6892579793930054,1.8886466026306152,0.1993886232376098,1.6892579793930054
1,block2_h72_seed11,3769,full,2,left,1,0.9973980188369752,0.9821858406066896,1.101731538772583,0.1195456981658935,0.9821858406066896
1,block2_h72_seed11,3770,full,2,left,1,0.9998421669006348,1.0686869621276855,1.2476290464401243,0.1789420843124389,1.0686869621276855
1,block2_h72_seed11,3771,full,3,forward,1,0.981584370136261,1.32237446308136,1.4094260931015017,0.0870516300201416,1.32237446308136
1,block2_h72_seed11,3773,full,3,forward,1,0.9994111061096193,0.9709541201591492,1.1200343370437622,0.149080216884613,0.9709541201591492
1,block2_h72_seed11,3774,full,2,left,1,0.9900638461112976,1.3689289093017578,1.4662545919418335,0.0973256826400756,1.3689289093017578
1,block2_h72_seed11,3775,full,4,backward,1,0.9995102882385254,1.2713462114334106,1.427380919456482,0.1560347080230713,1.2713462114334106
1,block2_h72_seed11,3776,full,1,right,1,0.9231131672859192,1.2074689865112305,1.2611078023910522,0.0536388158798217,1.2074689865112305
1,block2_h72_seed11,3777,full,4,backward,1,0.9955151677131652,1.0935643911361694,1.202961564064026,0.1093971729278564,1.0935643911361694
1,block2_h72_seed11,3778,full,1,right,1,0.9985472559928894,0.6580601334571838,0.7943766713142395,0.1363165378570556,0.6580601334571838
1,block2_h72_seed11,3779,full,4,backward,1,0.999950647354126,0.4329245984554291,0.6508967280387878,0.2179721295833587,0.4329245984554291
1,block2_h72_seed11,3780,full,2,left,1,0.999979853630066,0.9499147534370422,1.182944416999817,0.2330296635627746,0.9499147534370422
1,block2_h72_seed11,3781,full,4,backward,1,0.9999878406524658,0.2867438197135925,0.5182256102561951,0.2314817905426025,0.2867438197135925
1,block2_h72_seed11,3782,full,2,left,1,0.9989503026008606,1.0175236463546753,1.1656748056411743,0.148151159286499,1.0175236463546753
1,block2_h72_seed11,3783,full,3,forward,1,0.99989914894104,0.9581055641174316,1.1452614068984983,0.1871558427810669,0.9581055641174316
1,block2_h72_seed11,3784,full,3,forward,1,0.9988988637924194,1.1718710660934448,1.3080880641937256,0.1362169981002807,1.1718710660934448
1,block2_h72_seed11,3785,full,2,left,1,0.9995655417442322,1.2524069547653198,1.4080520868301392,0.1556451320648193,1.2524069547653198
1,block2_h72_seed11,3786,full,4,backward,1,0.9984880685806274,0.9583259224891664,1.0892198085784912,0.1308938860893249,0.9583259224891664
1,block2_h72_seed11,3787,full,1,right,1,0.9311628937721252,1.6674376726150513,1.7195587158203125,0.0521210432052612,1.6674376726150513
1,block2_h72_seed11,3788,full,4,backward,1,0.9957646131515504,1.0935643911361694,1.202961564064026,0.1093971729278564,1.0935643911361694
1,block2_h72_seed11,3791,full,2,left,1,0.984555184841156,1.028437614440918,1.123021960258484,0.0945843458175659,1.028437614440918
1,block2_h72_seed11,3792,full,2,left,1,0.9978727102279664,1.2294811010360718,1.359843134880066,0.1303620338439941,1.2294811010360718
1,block2_h72_seed11,3793,full,2,left,1,0.9540711641311646,0.5214610695838928,0.582909345626831,0.0614482760429382,0.5214610695838928
1,block2_h72_seed11,3794,full,2,left,1,0.9986934065818788,0.5037270188331604,0.6488096714019775,0.1450826525688171,0.5037270188331604
1,block2_h72_seed11,3795,full,3,forward,1,0.9910795092582704,0.4877831041812897,0.5849670767784119,0.0971839725971221,0.4877831041812897
1,block2_h72_seed11,3796,full,4,backward,1,0.995061218738556,0.4703344404697418,0.5858418345451355,0.1155073940753936,0.4703344404697418
1,block2_h72_seed11,3797,full,3,forward,1,0.998985469341278,1.2092312574386597,1.347495436668396,0.1382641792297363,1.2092312574386597
1,block2_h72_seed11,3798,full,3,forward,1,0.9999985694885254,0.5485069751739502,0.8267208933830261,0.2782139182090759,0.5485069751739502
1,block2_h72_seed11,3799,full,3,forward,1,0.9967288970947266,1.2132800817489624,1.327824354171753,0.1145442724227905,1.2132800817489624
1,block2_h72_seed11,3800,full,1,right,1,0.9960271120071412,0.5642101168632507,0.6858250498771667,0.121614933013916,0.5642101168632507
1,block2_h72_seed11,3801,full,4,backward,1,0.9698928594589232,0.5984486937522888,0.6713073253631592,0.0728586316108703,0.5984486937522888
1,block2_h72_seed11,3802,full,3,forward,1,0.9997000694274902,0.5500478148460388,0.714884340763092,0.1648365259170532,0.5500478148460388
1,block2_h72_seed11,3803,full,2,left,1,1.0,1.6892579793930054,2.022299766540528,0.333041787147522,1.6892579793930054
1,block2_h72_seed11,3804,full,1,right,1,0.9987534284591676,1.1008117198944092,1.2601672410964966,0.1593555212020874,1.1008117198944092
1,block2_h72_seed11,3805,full,3,forward,1,0.9748232960700988,0.5639126896858215,0.6393546462059021,0.0754419565200805,0.5639126896858215
1,block2_h72_seed11,3806,full,3,forward,1,0.969356656074524,1.2488847970962524,1.3229738473892212,0.0740890502929687,1.2488847970962524
1,block2_h72_seed11,3807,full,2,left,1,0.9999690055847168,0.3806937634944916,0.600186824798584,0.2194930613040924,0.3806937634944916
1,block2_h72_seed11,3809,full,2,left,1,0.9203960299491882,0.6422574520111084,0.6920472979545593,0.0497898459434509,0.6422574520111084
1,block2_h72_seed11,3810,full,2,left,1,0.9994934797286988,1.1424580812454224,1.307089924812317,0.1646318435668945,1.1424580812454224
1,block2_h72_seed11,3812,full,4,backward,1,0.9854677319526672,0.8756294250488281,0.9626092910766602,0.086979866027832,0.8756294250488281
1,block2_h72_seed11,3813,full,4,backward,1,0.9997493624687196,1.0347095727920532,1.2017093896865845,0.1669998168945312,1.0347095727920532
1,block2_h72_seed11,3814,full,3,forward,1,0.9698331952095032,1.2488847970962524,1.3229738473892212,0.0740890502929687,1.2488847970962524
1,block2_h72_seed11,3815,full,3,forward,1,0.9988956451416016,1.1718710660934448,1.3080880641937256,0.1362169981002807,1.1718710660934448
1,block2_h72_seed11,3816,full,2,left,1,0.9999821186065674,0.8642656207084656,1.0911163091659546,0.226850688457489,0.8642656207084656
1,block2_h72_seed11,3817,full,4,backward,1,0.9999985694885254,0.2782454490661621,0.5621543526649475,0.2839089035987854,0.2782454490661621
1,block2_h72_seed11,3818,full,3,forward,1,0.9872655868530272,1.1162112951278689,1.2102142572402954,0.0940029621124267,1.1162112951278689
1,block2_h72_seed11,3819,full,2,left,1,0.9754746556282043,0.5330933928489685,0.6252629160881042,0.0921695232391357,0.5330933928489685
1,block2_h72_seed11,3820,full,3,forward,1,0.9922967553138732,1.0051392316818235,1.1120935678482056,0.1069543361663818,1.0051392316818235
1,block2_h72_seed11,3821,full,2,left,0,0.6060296297073364,0.7354180216789246,0.7590906620025635,0.0236726403236389,0.7847142815589905
1,block2_h72_seed11,3822,full,1,right,1,0.9978419542312622,0.6040108799934387,0.7305834889411926,0.1265726089477539,0.6040108799934387
1,block2_h72_seed11,3823,full,2,left,1,0.9909201860427856,1.8149293661117556,1.909262776374817,0.0943334102630615,1.8149293661117556
1,block2_h72_seed11,3825,full,2,left,1,0.8158718943595886,1.8357001543045044,1.874432682991028,0.0387325286865234,1.8357001543045044
1,block2_h72_seed11,3826,full,4,backward,1,0.988429307937622,0.8354558944702148,0.930197536945343,0.0947416424751281,0.8354558944702148
1,block2_h72_seed11,3828,full,1,right,1,0.98776775598526,0.8073480725288391,0.8957474827766418,0.0883994102478027,0.8073480725288391
1,block2_h72_seed11,3829,full,1,right,1,0.9660704731941224,0.6471409797668457,0.7146768569946289,0.0675358772277832,0.6471409797668457
1,block2_h72_seed11,3830,full,2,left,1,0.9999539852142334,1.3528839349746704,1.5597707033157349,0.2068867683410644,1.3528839349746704
1,block2_h72_seed11,3831,full,3,forward,1,0.9999996423721312,0.6453204154968262,0.9635493159294128,0.3182289004325866,0.6453204154968262
1,block2_h72_seed11,3832,full,2,left,1,0.9226630330085754,0.5351170897483826,0.5910751223564148,0.0559580326080322,0.5351170897483826
1,block2_h72_seed11,3834,full,2,left,1,0.7587234377861023,0.9392616152763368,0.9800040125846864,0.0407423973083496,0.9392616152763368
1,block2_h72_seed11,3835,full,2,left,1,0.9879150390625,0.9115004539489746,1.0052812099456787,0.0937807559967041,0.9115004539489746
1,block2_h72_seed11,3836,full,2,left,1,0.9930764436721802,0.5454744696617126,0.6551067233085632,0.1096322536468505,0.5454744696617126
1,block2_h72_seed11,3837,full,3,forward,1,0.9999706745147704,0.403237372636795,0.6256670355796814,0.2224296629428863,0.403237372636795
1,block2_h72_seed11,3841,full,1,right,1,0.9493195414543152,1.2675656080245972,1.3339136838912964,0.0663480758666992,1.2675656080245972
1,block2_h72_seed11,3845,full,4,backward,1,0.9903656244277954,0.5314887166023254,0.6294305324554443,0.0979418158531189,0.5314887166023254
1,block2_h72_seed11,3846,full,4,backward,1,0.9987103939056396,0.8941323757171631,1.0316158533096311,0.1374834775924682,0.8941323757171631
1,block2_h72_seed11,3847,full,3,forward,1,0.990458369255066,1.2488847970962524,1.3497604131698608,0.1008756160736084,1.2488847970962524
1,block2_h72_seed11,3848,full,1,right,1,0.998589813709259,0.5319278240203857,0.6796689033508301,0.1477410793304443,0.5319278240203857
1,block2_h72_seed11,3849,full,2,left,1,0.998415470123291,1.7685432434082031,1.89899218082428,0.1304489374160766,1.7685432434082031
1,block2_h72_seed11,3851,full,3,forward,1,0.9999995231628418,0.6453204154968262,0.9470941424369812,0.301773726940155,0.6453204154968262
1,block2_h72_seed11,3852,full,4,backward,1,0.9992241859436036,0.3706240355968475,0.5280968546867371,0.1574728190898895,0.3706240355968475
1,block2_h72_seed11,3853,full,3,forward,1,0.9999852180480956,0.5518830418586731,0.7837042808532715,0.2318212389945984,0.5518830418586731
1,block2_h72_seed11,3854,full,4,backward,1,0.999997615814209,0.3304065465927124,0.6025903820991516,0.2721838355064392,0.3304065465927124
1,block2_h72_seed11,3855,full,1,right,1,0.9480284452438354,0.4703121483325958,0.5314303040504456,0.0611181557178497,0.4703121483325958
1,block2_h72_seed11,3857,full,4,backward,1,0.9998438358306884,0.3817314207553863,0.5583490133285522,0.1766175925731659,0.3817314207553863
1,block2_h72_seed11,3858,full,4,backward,1,0.9992917776107788,0.9976651072502136,1.1467403173446655,0.1490752100944519,0.9976651072502136
1,block2_h72_seed11,3859,full,1,right,1,0.9959121942520142,1.0374271869659424,1.1631808280944824,0.12575364112854,1.0374271869659424
1,block2_h72_seed11,3860,full,2,left,0,0.5009812712669373,1.3615423440933228,1.361708641052246,0.0001662969589233,1.361708641052246
1,block2_h72_seed11,3861,full,2,left,1,0.921352207660675,1.0165060758590698,1.0762362480163574,0.0597301721572876,1.0165060758590698
1,block2_h72_seed11,3863,full,4,backward,1,0.9405388832092284,1.1156691312789917,1.175250768661499,0.0595816373825073,1.1156691312789917
1,block2_h72_seed11,3864,full,1,right,1,0.9255983233451844,1.6674376726150513,1.7195587158203125,0.0521210432052612,1.6674376726150513
1,block2_h72_seed11,3865,full,4,backward,1,0.9981663823127748,1.064121127128601,1.1985658407211304,0.1344447135925293,1.064121127128601
1,block2_h72_seed11,3866,full,3,forward,1,0.9996662139892578,1.292644500732422,1.454029560089111,0.1613850593566894,1.292644500732422
1,block2_h72_seed11,3867,full,3,forward,1,0.9999880790710448,1.6013518571853638,1.8303422927856443,0.2289904356002807,1.6013518571853638
1,block2_h72_seed11,3868,full,4,backward,1,0.9978590607643129,0.5124900937080383,0.6450911164283752,0.1326010227203369,0.5124900937080383
1,block2_h72_seed11,3870,full,1,right,1,0.9909080266952516,0.4440639019012451,0.5525670051574707,0.1085031032562255,0.4440639019012451
1,block2_h72_seed11,3871,full,1,right,1,0.9940541386604308,0.5643758177757263,0.6777622699737549,0.1133864521980285,0.5643758177757263
1,block2_h72_seed11,3872,full,3,forward,1,0.999428689479828,0.6050888895988464,0.7580662369728088,0.1529773473739624,0.6050888895988464
1,block2_h72_seed11,3873,full,2,left,1,0.9989804625511168,1.208694338798523,1.3486932516098022,0.1399989128112793,1.208694338798523
1,block2_h72_seed11,3874,full,2,left,1,0.9998589754104614,0.8508307337760925,1.0438165664672852,0.1929858326911926,0.8508307337760925
1,block2_h72_seed11,3875,full,4,backward,1,0.9999613761901855,1.2575057744979858,1.4807895421981812,0.2232837677001953,1.2575057744979858
1,block2_h72_seed11,3876,full,1,right,1,0.9969322681427002,1.7370047569274902,1.8550491333007808,0.118044376373291,1.7370047569274902
1,block2_h72_seed11,3877,full,4,backward,1,0.9996781349182128,0.9515466690063475,1.117345929145813,0.1657992601394653,0.9515466690063475
1,block2_h72_seed11,3878,full,3,forward,1,0.9745853543281556,0.6435409784317017,0.7215248942375183,0.0779839158058166,0.6435409784317017
1,block2_h72_seed11,3880,full,2,left,1,0.9589022397994996,1.0770339965820312,1.140128254890442,0.0630942583084106,1.0770339965820312
1,block2_h72_seed11,3882,full,2,left,1,0.9991968274116516,0.4279828071594238,0.5716957449913025,0.1437129378318786,0.4279828071594238
1,block2_h72_seed11,3883,full,1,right,1,0.987715184688568,0.4970099925994873,0.600642740726471,0.1036327481269836,0.4970099925994873
1,block2_h72_seed11,3885,full,3,forward,1,0.9999749660491944,1.4769062995910645,1.6984792947769165,0.221572995185852,1.4769062995910645
1,block2_h72_seed11,3887,full,4,backward,1,0.4354100823402405,0.6769092082977295,0.6769092082977295,0.0,0.6769092082977295
1,block2_h72_seed11,3888,full,4,backward,1,0.9992398023605348,0.4965097606182098,0.6490047574043274,0.1524949967861175,0.4965097606182098
1,block2_h72_seed11,3889,full,3,forward,1,0.999526023864746,0.9843695759773254,1.1383097171783447,0.1539401412010193,0.9843695759773254
1,block2_h72_seed11,3890,full,3,forward,1,0.999998927116394,0.5090000033378601,0.7998375296592712,0.2908375263214111,0.5090000033378601
1,block2_h72_seed11,3891,full,4,backward,1,0.9987112283706664,0.8941323757171631,1.0316158533096311,0.1374834775924682,0.8941323757171631
1,block2_h72_seed11,3892,full,2,left,1,0.998209834098816,0.5517321228981018,0.6855632662773132,0.1338311433792114,0.5517321228981018
1,block2_h72_seed11,3894,full,4,backward,1,0.99979168176651,0.7722083926200867,0.9422411322593688,0.1700327396392822,0.7722083926200867
1,block2_h72_seed11,3895,full,3,forward,1,0.9955106973648072,1.0391438007354736,1.1474241018295288,0.1082803010940551,1.0391438007354736
1,block2_h72_seed11,3896,full,3,forward,1,0.9817662835121156,1.04157555103302,1.1279749870300293,0.0863994359970092,1.04157555103302
1,block2_h72_seed11,3897,full,1,right,1,0.9987635612487792,0.5184919834136963,0.6621841788291931,0.1436921954154968,0.5184919834136963
1,block2_h72_seed11,3898,full,1,right,1,0.9979422688484192,0.4327325522899627,0.5592858195304871,0.1265532672405243,0.4327325522899627
1,block2_h72_seed11,3899,full,2,left,1,0.9997689127922058,2.096935510635376,2.27359938621521,0.1766638755798339,2.096935510635376
1,block2_h72_seed11,3900,full,3,forward,1,0.995585560798645,1.1912206411361694,1.3042889833450315,0.1130683422088623,1.1912206411361694
1,block2_h72_seed11,3901,full,4,backward,1,0.9978758096694946,0.5124900937080383,0.6450911164283752,0.1326010227203369,0.5124900937080383
1,block2_h72_seed11,3902,full,1,right,1,0.9971600770950316,0.5194913744926453,0.63941890001297,0.1199275255203247,0.5194913744926453
1,block2_h72_seed11,3904,full,2,left,1,0.999776303768158,1.102961540222168,1.2736824750900269,0.1707209348678589,1.102961540222168
1,block2_h72_seed11,3905,full,3,forward,1,0.8209592700004578,0.5048316121101379,0.5464343428611755,0.0416027307510376,0.5048316121101379
1,block2_h72_seed11,3908,full,1,right,1,0.9993984699249268,1.3703988790512085,1.5269845724105835,0.156585693359375,1.3703988790512085
1,block2_h72_seed11,3909,full,3,forward,1,0.9994553923606871,0.4706208705902099,0.6316878199577332,0.1610669493675232,0.4706208705902099
1,block2_h72_seed11,3910,full,4,backward,1,0.9985880255699158,0.7104992866516113,0.8454875349998474,0.134988248348236,0.7104992866516113
1,block2_h72_seed11,3912,full,1,right,1,0.512445867061615,0.6502552628517151,0.6592435836791992,0.0089883208274841,0.6502552628517151
1,block2_h72_seed11,3913,full,3,forward,1,0.968398094177246,1.4624751806259155,1.541884422302246,0.0794092416763305,1.4624751806259155
1,block2_h72_seed11,3914,full,4,backward,1,0.9999109506607056,0.4369947910308838,0.629021942615509,0.1920271515846252,0.4369947910308838
1,block2_h72_seed11,3915,full,3,forward,1,0.9822383522987366,1.3355164527893066,1.4170522689819336,0.0815358161926269,1.3355164527893066
1,block2_h72_seed11,3916,full,2,left,1,0.9982612729072572,0.5761434435844421,0.7151839733123779,0.1390405297279358,0.5761434435844421
1,block2_h72_seed11,3918,full,2,left,1,0.9750462770462036,1.1772375106811523,1.2514759302139282,0.0742384195327758,1.1772375106811523
1,block2_h72_seed11,3920,full,3,forward,1,0.9999004602432252,0.7792172431945801,0.9650974869728088,0.1858802437782287,0.7792172431945801
1,block2_h72_seed11,3921,full,1,right,1,0.9969769716262816,1.2284317016601562,1.359580636024475,0.1311489343643188,1.2284317016601562
1,block2_h72_seed11,3922,full,3,forward,1,0.9625471234321594,1.175019145011902,1.2519978284835815,0.0769786834716796,1.175019145011902
1,block2_h72_seed11,3923,full,4,backward,1,0.9997380375862122,0.5251175165176392,0.7025042176246643,0.1773867011070251,0.5251175165176392
1,block2_h72_seed11,3924,full,4,backward,1,0.9994459748268129,0.9970335960388184,1.15050208568573,0.1534684896469116,0.9970335960388184
1,block2_h72_seed11,3925,full,3,forward,1,0.9925330877304076,1.176587462425232,1.2877908945083618,0.1112034320831298,1.176587462425232
1,block2_h72_seed11,3926,full,3,forward,1,0.9992997646331788,1.0171486139297483,1.173168063163757,0.1560194492340088,1.0171486139297483
1,block2_h72_seed11,3927,full,2,left,1,0.6304484009742737,0.5446745157241821,0.5619971752166748,0.0173226594924926,0.5446745157241821
1,block2_h72_seed11,3931,full,1,right,1,0.999244213104248,0.447936862707138,0.603836715221405,0.1558998525142669,0.447936862707138
1,block2_h72_seed11,3932,full,2,left,1,0.9603989124298096,1.794642448425293,1.8687235116958616,0.0740810632705688,1.794642448425293
1,block2_h72_seed11,3933,full,2,left,1,0.9976493716239928,1.7797702550888062,1.901178002357483,0.1214077472686767,1.7797702550888062
1,block2_h72_seed11,3934,full,1,right,1,0.9998053908348083,1.4607149362564087,1.636309027671814,0.1755940914154052,1.4607149362564087
1,block2_h72_seed11,3935,full,3,forward,1,0.9998082518577576,0.4515265524387359,0.6283109188079834,0.1767843663692474,0.4515265524387359
1,block2_h72_seed11,3936,full,1,right,1,0.9843244552612304,0.5839030742645264,0.6716433167457581,0.0877402424812316,0.5839030742645264
1,block2_h72_seed11,3937,full,2,left,1,0.9600005745887756,0.6508839726448059,0.7250208854675293,0.0741369128227233,0.6508839726448059
1,block2_h72_seed11,3939,full,4,backward,1,0.9882093667984008,0.617391049861908,0.7271096706390381,0.1097186207771301,0.617391049861908
1,block2_h72_seed11,3940,full,1,right,1,0.9997954964637756,0.4022537469863891,0.5790097713470459,0.1767560243606567,0.4022537469863891
1,block2_h72_seed11,3941,full,2,left,1,0.7608552575111389,0.5361708998680115,0.5747365951538086,0.0385656952857971,0.5361708998680115
1,block2_h72_seed11,3943,full,2,left,0,0.4383522570133209,0.9452350735664368,0.9510613083839417,0.0058262348175048,0.985013484954834
1,block2_h72_seed11,3945,full,4,backward,1,0.9999939203262328,0.318416029214859,0.5648408532142639,0.2464248239994049,0.318416029214859
1,block2_h72_seed11,3946,full,2,left,1,0.9990276098251344,0.5097294449806213,0.6523222327232361,0.1425927877426147,0.5097294449806213
1,block2_h72_seed11,3947,full,4,backward,1,0.9995031356811525,1.034921169281006,1.19136381149292,0.156442642211914,1.034921169281006
1,block2_h72_seed11,3948,full,3,forward,1,0.994242250919342,0.5804490447044373,0.6998165249824524,0.1193674802780151,0.5804490447044373
1,block2_h72_seed11,3949,full,2,left,1,0.9379768371582032,1.028437614440918,1.0866354703903198,0.0581978559494018,1.028437614440918
1,block2_h72_seed11,3950,full,4,backward,1,0.9978485107421876,0.4735266268253326,0.6092786192893982,0.1357519924640655,0.4735266268253326
1,block2_h72_seed11,3951,full,3,forward,1,0.9999881982803344,1.6013518571853638,1.8303422927856443,0.2289904356002807,1.6013518571853638
1,block2_h72_seed11,3954,full,1,right,1,0.9952915906906128,1.1269763708114624,1.2479218244552612,0.1209454536437988,1.1269763708114624
1,block2_h72_seed11,3955,full,1,right,1,0.9999016523361206,0.5342073440551758,0.731867790222168,0.1976604461669922,0.5342073440551758
1,block2_h72_seed11,3957,full,2,left,1,0.7585462331771851,0.5948471426963806,0.6239760518074036,0.0291289091110229,0.5948471426963806
1,block2_h72_seed11,3960,full,1,right,1,0.9998766183853148,0.990601122379303,1.1722984313964844,0.1816973090171814,0.990601122379303
1,block2_h72_seed11,3962,full,2,left,1,0.995104432106018,0.7326423525810242,0.8492724299430847,0.1166300773620605,0.7326423525810242
1,block2_h72_seed11,3963,full,4,backward,1,0.9999380111694336,0.4164504110813141,0.6193185448646545,0.2028681337833404,0.4164504110813141
1,block2_h72_seed11,3964,full,3,forward,1,0.9997777342796326,0.9253907203674316,1.0944366455078125,0.1690459251403808,0.9253907203674316
1,block2_h72_seed11,3965,full,4,backward,1,0.997863233089447,0.5124902129173279,0.6450912952423096,0.1326010823249817,0.5124902129173279
1,block2_h72_seed11,3967,full,4,backward,1,0.9999983310699464,1.1061187982559204,1.377605438232422,0.2714866399765014,1.1061187982559204
1,block2_h72_seed11,3968,full,1,right,1,0.9920532703399658,0.7076029181480408,0.8239259123802185,0.1163229942321777,0.7076029181480408
1,block2_h72_seed11,3970,full,3,forward,1,0.9998155236244202,0.9996790885925292,1.1740952730178833,0.174416184425354,0.9996790885925292
1,block2_h72_seed11,3971,full,3,forward,1,0.9338091015815736,0.5804489850997925,0.6347613334655762,0.0543123483657836,0.5804489850997925
1,block2_h72_seed11,3972,full,4,backward,1,0.9851707816123962,1.001644253730774,1.0945602655410769,0.0929160118103027,1.001644253730774
1,block2_h72_seed11,3973,full,3,forward,1,0.999815046787262,0.4848021268844604,0.6630344390869141,0.1782323122024536,0.4848021268844604
1,block2_h72_seed11,3974,full,3,forward,1,0.9959949254989624,1.4031137228012085,1.5185915231704712,0.1154778003692627,1.4031137228012085
1,block2_h72_seed11,3976,full,1,right,1,0.9769773483276368,0.671552836894989,0.7485411167144775,0.0769882798194885,0.671552836894989
1,block2_h72_seed11,3977,full,2,left,1,0.9113351106643676,1.6749292612075806,1.7289730310440063,0.0540437698364257,1.6749292612075806
1,block2_h72_seed11,3980,full,4,backward,1,0.9968594312667848,0.3684021532535553,0.4978350102901459,0.1294328570365905,0.3684021532535553
1,block2_h72_seed11,3981,full,4,backward,1,0.999945878982544,0.9698073863983154,1.1678414344787598,0.1980340480804443,0.9698073863983154
1,block2_h72_seed11,3984,full,2,left,1,0.9997764229774476,0.4090811014175415,0.5921163558959961,0.1830352544784546,0.4090811014175415
1,block2_h72_seed11,3985,full,4,backward,1,0.9971779584884644,1.0083763599395752,1.129097819328308,0.1207214593887329,1.0083763599395752
1,block2_h72_seed11,3986,full,4,backward,1,0.9971357583999634,0.8744342923164368,0.9926042556762696,0.1181699633598327,0.8744342923164368
1,block2_h72_seed11,3987,full,1,right,1,0.9936888217926024,0.4430222511291504,0.5501060485839844,0.1070837974548339,0.4430222511291504
1,block2_h72_seed11,3988,full,4,backward,1,0.9999998807907104,0.8697566986083984,1.193223237991333,0.3234665393829345,0.8697566986083984
1,block2_h72_seed11,3989,full,1,right,1,0.92388117313385,0.5103298425674438,0.5604865550994873,0.0501567125320434,0.5103298425674438
1,block2_h72_seed11,3990,full,4,backward,1,0.9999802112579346,0.3437750339508056,0.5644305348396301,0.2206555008888244,0.3437750339508056
1,block2_h72_seed11,3991,full,1,right,1,0.9996697902679444,0.5416895747184753,0.7176921963691711,0.1760026216506958,0.5416895747184753
1,block2_h72_seed11,3992,full,3,forward,1,0.994806706905365,0.5290138721466064,0.6425408720970154,0.1135269999504089,0.5290138721466064
1,block2_h72_seed11,3993,full,2,left,0,0.4732520878314972,0.586266040802002,0.5948470234870911,0.0085809826850891,0.5948470234870911
1,block2_h72_seed11,3994,full,2,left,1,0.99912029504776,1.2468465566635132,1.3932291269302368,0.1463825702667236,1.2468465566635132
1,block2_h72_seed11,3995,full,3,forward,1,0.9710868000984192,1.436406135559082,1.5067895650863647,0.0703834295272827,1.436406135559082
1,block2_h72_seed11,3996,full,4,backward,1,0.9997184872627258,0.5851553082466125,0.7562329173088074,0.1710776090621948,0.5851553082466125
1,block2_h72_seed11,3997,full,3,forward,1,0.9989919066429138,1.53177011013031,1.670077204704285,0.1383070945739746,1.53177011013031
1,block2_h72_seed11,3998,full,4,backward,1,0.9999395608901978,0.8697566986083984,1.06402850151062,0.1942718029022216,0.8697566986083984
1,block2_h72_seed11,3999,full,3,forward,1,0.9999954700469972,0.3852599561214447,0.6388270854949951,0.2535671293735504,0.3852599561214447
1,block2_v18_seed12,3500,small_full,3,forward,1,0.9998669624328612,1.6416634321212769,1.8338216543197632,0.1921582221984863,1.6416634321212769
1,block2_v18_seed12,3501,small_full,4,backward,1,0.9999996423721312,0.9619399905204772,1.2686346769332886,0.3066946864128113,0.9619399905204772
1,block2_v18_seed12,3502,small_full,4,backward,1,0.9998650550842284,1.2367533445358276,1.4271281957626345,0.1903748512268066,1.2367533445358276
1,block2_v18_seed12,3503,small_full,2,left,1,0.99977308511734,1.0551643371582031,1.2314777374267578,0.1763134002685547,1.0551643371582031
1,block2_v18_seed12,3504,small_full,4,backward,0,0.5883618593215942,1.0995100736618042,1.1182575225830078,0.0187474489212036,1.1182575225830078
1,block2_v18_seed12,3505,small_full,4,backward,1,0.9983417987823486,1.5294548273086548,1.6694194078445437,0.1399645805358886,1.5294548273086548
1,block2_v18_seed12,3507,small_full,1,right,1,0.9993040561676024,0.9194582104682922,1.06695556640625,0.1474973559379577,0.9194582104682922
1,block2_v18_seed12,3509,small_full,4,backward,1,0.9998512268066406,0.7461884617805481,0.9327180981636048,0.1865296363830566,0.7461884617805481
1,block2_v18_seed12,3510,small_full,4,backward,1,0.9999983310699464,0.9019166827201844,1.1793302297592163,0.277413547039032,0.9019166827201844
1,block2_v18_seed12,3511,small_full,2,left,1,0.9999966621398926,1.064473032951355,1.3270074129104614,0.2625343799591064,1.064473032951355
1,block2_v18_seed12,3513,small_full,2,left,1,0.9996837377548218,2.277315378189087,2.443626642227173,0.1663112640380859,2.277315378189087
1,block2_v18_seed12,3515,small_full,2,left,0,0.3941187262535095,1.489320158958435,1.4936150312423706,0.0042948722839355,1.4936150312423706
1,block2_v18_seed12,3516,small_full,4,backward,1,0.9989148378372192,0.875474214553833,1.0122497081756592,0.1367754936218261,0.875474214553833
1,block2_v18_seed12,3517,small_full,3,forward,1,0.9999948740005492,1.0132187604904177,1.2642905712127686,0.2510718107223511,1.0132187604904177
1,block2_v18_seed12,3519,small_full,3,forward,1,1.0,0.8510379195213318,1.1863211393356323,0.3352832198143005,0.8510379195213318
1,block2_v18_seed12,3520,small_full,2,left,1,0.9991375207901,1.263036012649536,1.4043010473251345,0.1412650346755981,1.263036012649536
1,block2_v18_seed12,3521,small_full,1,right,1,0.9597199559211732,1.7845745086669922,1.8496075868606567,0.0650330781936645,1.7845745086669922
1,block2_v18_seed12,3522,small_full,1,right,1,0.9998893737792968,1.5687860250473022,1.7515016794204712,0.1827156543731689,1.5687860250473022
1,block2_v18_seed12,3523,small_full,1,right,1,0.9988886713981628,1.0627381801605225,1.1990336179733276,0.1362954378128051,1.0627381801605225
1,block2_v18_seed12,3525,small_full,2,left,1,0.9999673366546632,0.807974636554718,1.024178385734558,0.2162037491798401,0.807974636554718
1,block2_v18_seed12,3526,small_full,1,right,1,0.999776303768158,1.039783954620361,1.2220076322555542,0.1822236776351928,1.039783954620361
1,block2_v18_seed12,3527,small_full,4,backward,1,0.9994899034500122,0.8844717144966125,1.0372265577316284,0.1527548432350158,0.8844717144966125
1,block2_v18_seed12,3528,small_full,1,right,1,0.9304834604263306,1.5945380926132202,1.6557502746582031,0.0612121820449829,1.5945380926132202
1,block2_v18_seed12,3529,small_full,2,left,1,0.9999585151672364,2.3043863773345947,2.5295541286468506,0.2251677513122558,2.3043863773345947
1,block2_v18_seed12,3530,small_full,1,right,1,0.997435748577118,2.0063507556915283,2.1256771087646484,0.1193263530731201,2.0063507556915283
1,block2_v18_seed12,3531,small_full,3,forward,1,0.9998149275779724,1.5950847864151,1.7676619291305542,0.1725771427154541,1.5950847864151
1,block2_v18_seed12,3534,small_full,2,left,1,0.9999979734420776,0.8233152031898499,1.095973014831543,0.2726578116416931,0.8233152031898499
1,block2_v18_seed12,3535,small_full,4,backward,1,0.9999790191650392,1.2897098064422607,1.510897159576416,0.2211873531341552,1.2897098064422607
1,block2_v18_seed12,3537,small_full,4,backward,1,0.9999868869781494,0.908756673336029,1.1352843046188354,0.2265276312828064,0.908756673336029
1,block2_v18_seed12,3538,small_full,1,right,1,0.982362985610962,1.5957053899765017,1.6776199340820312,0.0819145441055297,1.5957053899765017
1,block2_v18_seed12,3539,small_full,3,forward,1,0.9999984502792358,0.9439290165901184,1.2135907411575315,0.2696617245674133,0.9439290165901184
1,block2_v18_seed12,3540,small_full,4,backward,1,0.9886603355407716,0.9641172289848328,1.0681840181350708,0.104066789150238,0.9641172289848328
1,block2_v18_seed12,3542,small_full,2,left,1,0.9978269934654236,1.8119983673095703,1.947161078453064,0.1351627111434936,1.8119983673095703
1,block2_v18_seed12,3543,small_full,3,forward,1,0.9998695850372314,0.8048203587532043,0.995315968990326,0.1904956102371215,0.8048203587532043
1,block2_v18_seed12,3545,small_full,3,forward,1,0.9972967505455016,1.504952073097229,1.628597617149353,0.123645544052124,1.504952073097229
1,block2_v18_seed12,3546,small_full,4,backward,1,0.994699478149414,1.5394774675369265,1.650006890296936,0.1105294227600097,1.5394774675369265
1,block2_v18_seed12,3547,small_full,3,forward,1,0.9999414682388306,0.7092862129211426,0.9092061519622804,0.1999199390411377,0.7092862129211426
1,block2_v18_seed12,3549,small_full,4,backward,1,0.9999598264694214,1.5654996633529663,1.7685447931289673,0.2030451297760009,1.5654996633529663
1,block2_v18_seed12,3550,small_full,1,right,1,0.9941463470458984,2.0429866313934326,2.147843599319458,0.1048569679260253,2.0429866313934326
1,block2_v18_seed12,3552,small_full,1,right,1,0.915383279323578,2.1413516998291016,2.1952524185180664,0.0539007186889648,2.1413516998291016
1,block2_v18_seed12,3553,small_full,4,backward,1,0.9999984502792358,0.963841676712036,1.2502886056900024,0.2864469289779663,0.963841676712036
1,block2_v18_seed12,3554,small_full,4,backward,1,0.9637778997421264,1.3939231634140017,1.4595637321472168,0.0656405687332153,1.3939231634140017
1,block2_v18_seed12,3555,small_full,3,forward,1,0.9999116659164428,0.8942153453826904,1.081343173980713,0.1871278285980224,0.8942153453826904
1,block2_v18_seed12,3556,small_full,1,right,1,0.9991723299026488,0.9160544276237488,1.0681661367416382,0.1521117091178894,0.9160544276237488
1,block2_v18_seed12,3557,small_full,2,left,1,0.999900221824646,1.0611964464187622,1.2488770484924316,0.1876806020736694,1.0611964464187622
1,block2_v18_seed12,3558,small_full,2,left,1,0.9999932050704956,1.1653287410736084,1.4166240692138672,0.2512953281402588,1.1653287410736084
1,block2_v18_seed12,3559,small_full,1,right,1,0.9998346567153932,1.0277882814407349,1.212496042251587,0.184707760810852,1.0277882814407349
1,block2_v18_seed12,3560,small_full,1,right,1,0.9990851879119872,1.085007667541504,1.2360185384750366,0.1510108709335327,1.085007667541504
1,block2_v18_seed12,3561,small_full,3,forward,1,0.999136745929718,1.6684809923171997,1.8291311264038088,0.1606501340866089,1.6684809923171997
1,block2_v18_seed12,3562,small_full,1,right,1,0.9998522996902466,1.314512848854065,1.5016875267028809,0.1871746778488159,1.314512848854065
1,block2_v18_seed12,3563,small_full,4,backward,1,0.9999779462814332,0.8987782001495361,1.1142996549606323,0.2155214548110962,0.8987782001495361
1,block2_v18_seed12,3564,small_full,2,left,1,0.9999918937683104,0.9377091526985168,1.1738709211349487,0.2361617684364318,0.9377091526985168
1,block2_v18_seed12,3565,small_full,3,forward,1,0.9994908571243286,1.6471713781356812,1.8004523515701294,0.1532809734344482,1.6471713781356812
1,block2_v18_seed12,3566,small_full,1,right,1,0.9864745736122132,1.241123080253601,1.3283679485321045,0.0872448682785034,1.241123080253601
1,block2_v18_seed12,3567,small_full,1,right,1,0.9970230460166932,1.1543158292770386,1.275570511817932,0.1212546825408935,1.1543158292770386
1,block2_v18_seed12,3568,small_full,4,backward,1,0.9999982118606568,0.9019166827201844,1.1815617084503174,0.279645025730133,0.9019166827201844
1,block2_v18_seed12,3569,small_full,2,left,1,0.9999884366989136,0.9377091526985168,1.1738709211349487,0.2361617684364318,0.9377091526985168
1,block2_v18_seed12,3570,small_full,3,forward,1,0.9920341372489928,1.763216495513916,1.8760837316513064,0.1128672361373901,1.763216495513916
1,block2_v18_seed12,3572,small_full,1,right,1,0.997372269630432,1.0657039880752563,1.1886296272277832,0.1229256391525268,1.0657039880752563
1,block2_v18_seed12,3573,small_full,3,forward,1,0.9983722567558287,1.7974319458007812,1.926931381225586,0.1294994354248047,1.7974319458007812
1,block2_v18_seed12,3574,small_full,2,left,1,0.9981631636619568,0.9229195713996888,1.0551854372024536,0.1322658658027649,0.9229195713996888
1,block2_v18_seed12,3576,small_full,4,backward,1,0.9996908903121948,1.141284465789795,1.3105684518814087,0.1692839860916137,1.141284465789795
1,block2_v18_seed12,3577,small_full,1,right,1,0.9989553689956664,1.5957053899765017,1.7330588102340698,0.1373534202575683,1.5957053899765017
1,block2_v18_seed12,3579,small_full,1,right,1,0.9999098777770996,1.0239721536636353,1.2175801992416382,0.1936080455780029,1.0239721536636353
1,block2_v18_seed12,3580,small_full,1,right,1,0.974888801574707,1.832232117652893,1.9087213277816768,0.0764892101287841,1.832232117652893
1,block2_v18_seed12,3581,small_full,4,backward,1,0.9910156726837158,1.1700870990753174,1.2647017240524292,0.0946146249771118,1.1700870990753174
1,block2_v18_seed12,3582,small_full,3,forward,1,0.9821817278862,1.7844194173812866,1.864767909049988,0.0803484916687011,1.7844194173812866
1,block2_v18_seed12,3583,small_full,2,left,1,0.9998350143432616,0.8881025910377502,1.0635472536087036,0.1754446625709533,0.8881025910377502
1,block2_v18_seed12,3584,small_full,2,left,1,0.9976829290390016,0.9764321446418762,1.1071696281433103,0.1307374835014343,0.9764321446418762
1,block2_v18_seed12,3585,small_full,4,backward,1,0.9999547004699708,0.8931024670600891,1.1087726354599,0.2156701683998108,0.8931024670600891
1,block2_v18_seed12,3586,small_full,4,backward,1,0.986846387386322,1.238236665725708,1.3294782638549805,0.0912415981292724,1.238236665725708
1,block2_v18_seed12,3587,small_full,4,backward,1,0.999990940093994,0.9801037907600404,1.2163039445877075,0.2362001538276672,0.9801037907600404
1,block2_v18_seed12,3588,small_full,1,right,0,0.9677760004997252,1.2858998775482178,1.358853816986084,0.0729539394378662,1.358853816986084
1,block2_v18_seed12,3589,small_full,1,right,1,0.9953688383102416,1.804728865623474,1.917715072631836,0.1129862070083618,1.804728865623474
1,block2_v18_seed12,3591,small_full,4,backward,1,0.9999496936798096,1.275290846824646,1.4740976095199585,0.1988067626953125,1.275290846824646
1,block2_v18_seed12,3592,small_full,2,left,1,0.9411808252334596,1.4936150312423706,1.5528597831726074,0.0592447519302368,1.4936150312423706
1,block2_v18_seed12,3593,small_full,3,forward,1,0.999520182609558,1.6471713781356812,1.8004523515701294,0.1532809734344482,1.6471713781356812
1,block2_v18_seed12,3594,small_full,1,right,1,0.9989448189735411,1.966783881187439,2.103912115097046,0.1371282339096069,1.966783881187439
1,block2_v18_seed12,3595,small_full,3,forward,1,0.9905796647071838,1.589988112449646,1.6965957880020142,0.1066076755523681,1.589988112449646
1,block2_v18_seed12,3596,small_full,3,forward,1,0.9983102083206176,1.7983264923095703,1.9284014701843264,0.1300749778747558,1.7983264923095703
1,block2_v18_seed12,3597,small_full,2,left,1,0.9959455132484436,1.4738136529922483,1.5865620374679563,0.112748384475708,1.4738136529922483
1,block2_v18_seed12,3598,small_full,3,forward,1,0.9991212487220764,1.8354562520980835,1.986320972442627,0.1508647203445434,1.8354562520980835
1,block2_v18_seed12,3600,small_full,1,right,1,0.9994227886199952,1.241123080253601,1.3988027572631836,0.1576796770095825,1.241123080253601
1,block2_v18_seed12,3601,small_full,1,right,1,0.974217176437378,1.5694700479507446,1.655328631401062,0.0858585834503173,1.5694700479507446
1,block2_v18_seed12,3603,small_full,4,backward,1,0.9999966621398926,0.840435802936554,1.097314715385437,0.256878912448883,0.840435802936554
1,block2_v18_seed12,3604,small_full,3,forward,1,0.9023274183273317,1.9395208358764648,1.9844307899475095,0.0449099540710449,1.9395208358764648
1,block2_v18_seed12,3605,small_full,4,backward,1,0.9950763583183287,1.4481600522994995,1.564647555351257,0.1164875030517578,1.4481600522994995
1,block2_v18_seed12,3607,small_full,4,backward,1,0.9999994039535522,1.423306941986084,1.7163065671920776,0.2929996252059936,1.423306941986084
1,block2_v18_seed12,3608,small_full,3,forward,1,0.9996967315673828,1.743449091911316,1.905804991722107,0.162355899810791,1.743449091911316
1,block2_v18_seed12,3609,small_full,4,backward,1,0.9999994039535522,0.9975735545158386,1.290065884590149,0.2924923300743103,0.9975735545158386
1,block2_v18_seed12,3611,small_full,4,backward,1,0.999466598033905,1.3590396642684937,1.5099186897277832,0.1508790254592895,1.3590396642684937
1,block2_v18_seed12,3613,small_full,4,backward,1,0.9950804710388184,1.417782425880432,1.5239852666854858,0.1062028408050537,1.417782425880432
1,block2_v18_seed12,3614,small_full,1,right,1,0.9912070631980896,0.9514410495758056,1.0483531951904297,0.096912145614624,0.9514410495758056
1,block2_v18_seed12,3616,small_full,3,forward,1,0.999178946018219,1.730295181274414,1.873195767402649,0.1429005861282348,1.730295181274414
1,block2_v18_seed12,3617,small_full,3,forward,1,0.999060332775116,1.7741705179214478,1.9136043787002563,0.1394338607788086,1.7741705179214478
1,block2_v18_seed12,3619,small_full,1,right,1,0.999962568283081,1.0585647821426392,1.2737029790878296,0.2151381969451904,1.0585647821426392
1,block2_v18_seed12,3620,small_full,2,left,1,0.9965457320213318,0.9335119128227234,1.0476675033569336,0.1141555905342102,0.9335119128227234
1,block2_v18_seed12,3621,small_full,1,right,1,0.9996716976165771,1.039783954620361,1.2088078260421753,0.1690238714218139,1.039783954620361
1,block2_v18_seed12,3623,small_full,1,right,1,0.9975209832191468,1.0914467573165894,1.2172454595565796,0.1257987022399902,1.0914467573165894
1,block2_v18_seed12,3625,small_full,1,right,1,0.9962375164031982,1.1016693115234375,1.229152798652649,0.1274834871292114,1.1016693115234375
1,block2_v18_seed12,3626,small_full,2,left,1,0.9962109327316284,0.9351532459259032,1.0540767908096311,0.118923544883728,0.9351532459259032
1,block2_v18_seed12,3628,small_full,3,forward,1,0.9999991655349731,0.8510379195213318,1.1371005773544312,0.2860626578330993,0.8510379195213318
1,block2_v18_seed12,3629,small_full,1,right,1,0.9997164607048036,1.652341365814209,1.818918347358704,0.1665769815444946,1.652341365814209
1,block2_v18_seed12,3631,small_full,1,right,1,0.9999212026596068,0.9801228046417236,1.1857143640518188,0.2055915594100952,0.9801228046417236
1,block2_v18_seed12,3633,small_full,1,right,1,0.9992814660072328,0.9194582104682922,1.06695556640625,0.1474973559379577,0.9194582104682922
1,block2_v18_seed12,3634,small_full,1,right,1,0.9999434947967528,1.0620428323745728,1.270929217338562,0.2088863849639892,1.0620428323745728
1,block2_v18_seed12,3635,small_full,2,left,1,0.9968031644821168,0.9903433322906494,1.1154321432113647,0.1250888109207153,0.9903433322906494
1,block2_v18_seed12,3636,small_full,3,forward,1,0.9998227953910828,0.6688695549964905,0.8534791469573975,0.1846095919609069,0.6688695549964905
1,block2_v18_seed12,3637,small_full,3,forward,1,0.9940925240516664,0.7340145111083984,0.8402302265167236,0.1062157154083252,0.7340145111083984
1,block2_v18_seed12,3638,small_full,4,backward,1,0.9933364391326904,0.9641172289848328,1.0681840181350708,0.104066789150238,0.9641172289848328
1,block2_v18_seed12,3639,small_full,3,forward,1,0.9999654293060304,1.6471713781356812,1.8526290655136108,0.2054576873779297,1.6471713781356812
1,block2_v18_seed12,3641,small_full,4,backward,1,0.9999746084213256,0.6900851726531982,0.9043872952461244,0.214302122592926,0.6900851726531982
1,block2_v18_seed12,3642,small_full,3,forward,0,0.5152378082275391,1.189903736114502,1.1928423643112185,0.0029386281967163,1.2438347339630127
1,block2_v18_seed12,3644,small_full,3,forward,1,0.9909602999687196,1.5221267938613892,1.630866527557373,0.1087397336959838,1.5221267938613892
1,block2_v18_seed12,3645,small_full,4,backward,1,0.994766116142273,1.3306190967559814,1.4362812042236328,0.1056621074676513,1.3306190967559814
1,block2_v18_seed12,3646,small_full,3,forward,1,0.9997984766960144,0.9689367413520812,1.153247952461243,0.1843112111091613,0.9689367413520812
1,block2_v18_seed12,3647,small_full,1,right,1,0.9991944432258606,1.1797471046447754,1.3273122310638428,0.1475651264190673,1.1797471046447754
1,block2_v18_seed12,3648,small_full,3,forward,1,0.987838625907898,1.368739128112793,1.4584108591079712,0.0896717309951782,1.368739128112793
1,block2_v18_seed12,3649,small_full,3,forward,1,0.9969300627708436,1.8178306818008425,1.9335142374038696,0.1156835556030273,1.8178306818008425
1,block2_v18_seed12,3650,small_full,2,left,1,0.98957097530365,0.988901436328888,1.0809718370437622,0.0920704007148742,0.988901436328888
1,block2_v18_seed12,3651,small_full,1,right,1,0.997372269630432,1.0657039880752563,1.1886296272277832,0.1229256391525268,1.0657039880752563
1,block2_v18_seed12,3652,small_full,3,forward,1,0.9999988079071044,1.010855793952942,1.2892941236495972,0.2784383296966553,1.010855793952942
1,block2_v18_seed12,3654,small_full,2,left,1,0.9948261380195618,1.151412010192871,1.2589250802993774,0.1075130701065063,1.151412010192871
1,block2_v18_seed12,3655,small_full,3,forward,1,0.9996786117553712,1.5950847864151,1.7676619291305542,0.1725771427154541,1.5950847864151
1,block2_v18_seed12,3656,small_full,2,left,1,0.9920321702957152,2.0908663272857666,2.1879684925079346,0.0971021652221679,2.0908663272857666
1,block2_v18_seed12,3657,small_full,1,right,1,0.997165858745575,1.6199897527694702,1.7372589111328125,0.1172691583633422,1.6199897527694702
1,block2_v18_seed12,3658,small_full,2,left,1,0.9995217323303224,0.9681603908538818,1.1287771463394165,0.1606167554855346,0.9681603908538818
1,block2_v18_seed12,3660,small_full,1,right,1,0.9992744326591492,1.0459682941436768,1.2053698301315308,0.159401535987854,1.0459682941436768
1,block2_v18_seed12,3661,small_full,2,left,1,0.9242480993270874,1.322490930557251,1.3739341497421265,0.0514432191848754,1.322490930557251
1,block2_v18_seed12,3662,small_full,3,forward,1,0.9998892545700072,0.871432363986969,1.0618385076522827,0.1904061436653137,0.871432363986969
1,block2_v18_seed12,3663,small_full,1,right,1,0.9921420812606812,1.133144736289978,1.2338383197784424,0.1006935834884643,1.133144736289978
1,block2_v18_seed12,3664,small_full,1,right,1,0.9726612567901612,1.605756402015686,1.6876124143600464,0.0818560123443603,1.605756402015686
1,block2_v18_seed12,3666,small_full,1,right,1,0.9876904487609864,1.597988486289978,1.695508599281311,0.097520112991333,1.597988486289978
1,block2_v18_seed12,3667,small_full,1,right,1,0.999985694885254,1.0487446784973145,1.274561882019043,0.2258172035217285,1.0487446784973145
1,block2_v18_seed12,3668,small_full,3,forward,1,0.999998927116394,0.9618002772331238,1.2531641721725464,0.2913638949394226,0.9618002772331238
1,block2_v18_seed12,3669,small_full,1,right,1,0.9994500279426576,1.1797471046447754,1.3392095565795898,0.1594624519348144,1.1797471046447754
1,block2_v18_seed12,3670,small_full,1,right,1,0.999099612236023,1.7305713891983032,1.8931884765625,0.1626170873641967,1.7305713891983032
1,block2_v18_seed12,3673,small_full,1,right,1,0.999964475631714,1.0239721536636353,1.2361829280853271,0.2122107744216919,1.0239721536636353
1,block2_v18_seed12,3674,small_full,2,left,1,0.9999884366989136,1.782500147819519,2.01381516456604,0.231315016746521,1.782500147819519
1,block2_v18_seed12,3675,small_full,1,right,1,0.9992828965187072,0.9194582104682922,1.06695556640625,0.1474973559379577,0.9194582104682922
1,block2_v18_seed12,3677,small_full,2,left,1,0.9998741149902344,1.2676011323928833,1.453943371772766,0.1863422393798828,1.2676011323928833
1,block2_v18_seed12,3678,small_full,1,right,1,0.9990748167037964,1.5450035333633425,1.687771916389465,0.142768383026123,1.5450035333633425
1,block2_v18_seed12,3679,small_full,1,right,1,0.999970316886902,1.003898024559021,1.2242298126220703,0.2203317880630493,1.003898024559021
1,block2_v18_seed12,3680,small_full,4,backward,1,0.9999995231628418,0.863896369934082,1.158058762550354,0.294162392616272,0.863896369934082
1,block2_v18_seed12,3681,small_full,4,backward,1,0.998493790626526,0.8173010349273682,0.94810152053833,0.1308004856109619,0.8173010349273682
1,block2_v18_seed12,3682,small_full,2,left,1,0.9993276596069336,1.4925001859664917,1.6408122777938845,0.1483120918273925,1.4925001859664917
1,block2_v18_seed12,3683,small_full,2,left,1,0.9999840259552002,0.9903237223625184,1.2132487297058103,0.2229250073432922,0.9903237223625184
1,block2_v18_seed12,3684,small_full,4,backward,1,0.9999971389770508,0.9108688831329346,1.1749849319458008,0.2641160488128662,0.9108688831329346
1,block2_v18_seed12,3686,small_full,4,backward,1,0.9993695616722108,1.5234421491622925,1.6708974838256836,0.1474553346633911,1.5234421491622925
1,block2_v18_seed12,3687,small_full,3,forward,1,0.9999266862869264,0.763080358505249,0.9575729370117188,0.1944925785064697,0.763080358505249
1,block2_v18_seed12,3688,small_full,4,backward,1,0.9994593262672424,1.4394906759262085,1.5900044441223145,0.1505137681961059,1.4394906759262085
1,block2_v18_seed12,3689,small_full,1,right,1,0.999898076057434,1.6234103441238403,1.8152775764465328,0.1918672323226928,1.6234103441238403
1,block2_v18_seed12,3690,small_full,4,backward,1,0.9999873638153076,0.8796512484550476,1.1114500761032104,0.2317988276481628,0.8796512484550476
1,block2_v18_seed12,3691,small_full,2,left,1,0.9991102814674376,0.915559709072113,1.069534182548523,0.1539744734764099,0.915559709072113
1,block2_v18_seed12,3692,small_full,4,backward,1,0.9999864101409912,0.9200429916381836,1.145573973655701,0.2255309820175171,0.9200429916381836
1,block2_v18_seed12,3693,small_full,4,backward,1,0.9991705417633056,0.9037877917289734,1.050718069076538,0.1469302773475647,0.9037877917289734
1,block2_v18_seed12,3694,small_full,4,backward,1,0.999743402004242,0.7748150825500488,0.9534394145011902,0.1786243319511413,0.7748150825500488
1,block2_v18_seed12,3695,small_full,1,right,1,0.9999785423278807,1.5553535223007202,1.7732480764389038,0.2178945541381836,1.5553535223007202
1,block2_v18_seed12,3696,small_full,2,left,1,0.9889193177223206,0.988901436328888,1.0809718370437622,0.0920704007148742,0.988901436328888
1,block2_v18_seed12,3697,small_full,3,forward,1,0.9999997615814208,1.0106700658798218,1.3176491260528564,0.3069790601730346,1.0106700658798218
1,block2_v18_seed12,3699,small_full,2,left,1,0.9978287816047668,1.5799254179000854,1.7092934846878052,0.1293680667877197,1.5799254179000854
1,block2_v18_seed12,3701,small_full,3,forward,1,0.9839533567428588,1.6816425323486328,1.7819770574569702,0.1003345251083374,1.6816425323486328
1,block2_v18_seed12,3702,small_full,2,left,1,0.9975956082344056,0.9563636779785156,1.095758318901062,0.1393946409225464,0.9563636779785156
1,block2_v18_seed12,3704,small_full,1,right,1,0.9996658563613892,1.0754233598709106,1.2537246942520142,0.1783013343811035,1.0754233598709106
1,block2_v18_seed12,3706,small_full,1,right,1,0.9999687671661376,1.5553535223007202,1.7732480764389038,0.2178945541381836,1.5553535223007202
1,block2_v18_seed12,3707,small_full,4,backward,1,0.99980491399765,1.2356504201889038,1.4065371751785278,0.170886754989624,1.2356504201889038
1,block2_v18_seed12,3708,small_full,4,backward,1,0.999997615814209,0.9766295552253724,1.2502282857894895,0.2735987305641174,0.9766295552253724
1,block2_v18_seed12,3709,small_full,4,backward,1,0.9974971413612366,1.392464280128479,1.512254238128662,0.1197899580001831,1.392464280128479
1,block2_v18_seed12,3710,small_full,2,left,1,0.9622907638549804,1.538892388343811,1.6076979637145996,0.0688055753707885,1.538892388343811
1,block2_v18_seed12,3711,small_full,2,left,1,0.9995125532150269,1.839633584022522,1.9921830892562864,0.1525495052337646,1.839633584022522
1,block2_v18_seed12,3712,small_full,4,backward,1,0.9999972581863404,0.840435802936554,1.099258542060852,0.2588227391242981,0.840435802936554
1,block2_v18_seed12,3713,small_full,3,forward,1,0.9701560735702516,1.599361777305603,1.6696429252624512,0.0702811479568481,1.599361777305603
1,block2_v18_seed12,3714,small_full,4,backward,1,0.999998927116394,0.90245920419693,1.1861034631729126,0.2836442589759826,0.90245920419693
1,block2_v18_seed12,3715,small_full,2,left,0,0.5149097442626953,1.3921653032302856,1.39474356174469,0.0025782585144042,1.39474356174469
1,block2_v18_seed12,3716,small_full,1,right,1,0.999585211277008,1.039783954620361,1.2088078260421753,0.1690238714218139,1.039783954620361
1,block2_v18_seed12,3717,small_full,4,backward,0,0.6442834138870239,1.0995100736618042,1.1182575225830078,0.0187474489212036,1.1182575225830078
1,block2_v18_seed12,3718,small_full,1,right,1,0.9999110698699952,1.0956908464431765,1.2835755348205566,0.1878846883773803,1.0956908464431765
1,block2_v18_seed12,3719,small_full,4,backward,1,0.9999918937683104,0.9064789414405824,1.1451488733291626,0.2386699318885803,0.9064789414405824
1,block2_v18_seed12,3721,small_full,1,right,1,0.9832041263580322,1.3049870729446411,1.4015029668807983,0.0965158939361572,1.3049870729446411
1,block2_v18_seed12,3722,small_full,3,forward,1,0.9994617104530334,1.8354562520980835,1.986320972442627,0.1508647203445434,1.8354562520980835
1,block2_v18_seed12,3723,small_full,2,left,1,0.9975746273994446,1.1689128875732422,1.2932766675949097,0.1243637800216674,1.1689128875732422
1,block2_v18_seed12,3724,small_full,3,forward,1,0.9770694375038148,1.5470576286315918,1.631364822387695,0.0843071937561035,1.5470576286315918
1,block2_v18_seed12,3725,small_full,3,forward,1,0.9998494386672974,1.522378921508789,1.7102771997451782,0.1878982782363891,1.522378921508789
1,block2_v18_seed12,3727,small_full,1,right,1,0.9999901056289672,1.0268036127090454,1.2616788148880005,0.234875202178955,1.0268036127090454
1,block2_v18_seed12,3728,small_full,4,backward,1,0.9996045231819152,0.9044699668884276,1.061829924583435,0.1573599576950073,0.9044699668884276
1,block2_v18_seed12,3730,small_full,4,backward,1,0.9928152561187744,1.2356504201889038,1.3347679376602173,0.0991175174713134,1.2356504201889038
1,block2_v18_seed12,3731,small_full,1,right,1,0.9998314380645752,0.9736461639404296,1.1606007814407349,0.1869546175003051,0.9736461639404296
1,block2_v18_seed12,3732,small_full,4,backward,1,0.9968910813331604,1.3806015253067017,1.5053242444992063,0.1247227191925048,1.3806015253067017
1,block2_v18_seed12,3733,small_full,3,forward,1,0.9998575448989868,1.7983264923095703,1.979642868041992,0.1813163757324218,1.7983264923095703
1,block2_v18_seed12,3734,small_full,1,right,1,0.997014045715332,1.0657039880752563,1.1886296272277832,0.1229256391525268,1.0657039880752563
1,block2_v18_seed12,3735,small_full,4,backward,1,0.9999998807907104,0.9619399905204772,1.282871127128601,0.3209311366081238,0.9619399905204772
1,block2_v18_seed12,3738,small_full,4,backward,1,0.9984411597251892,1.305200695991516,1.4356120824813845,0.1304113864898681,1.305200695991516
1,block2_v18_seed12,3739,small_full,2,left,1,0.9998375177383424,1.5656585693359375,1.740949034690857,0.1752904653549194,1.5656585693359375
1,block2_v18_seed12,3740,small_full,1,right,1,0.999397873878479,1.0914467573165894,1.2462416887283323,0.1547949314117431,1.0914467573165894
1,block2_v18_seed12,3741,small_full,1,right,1,0.9999079704284668,1.0231863260269165,1.2096638679504397,0.1864775419235229,1.0231863260269165
1,block2_v18_seed12,3742,small_full,2,left,1,0.7995001077651978,1.2629611492156982,1.3069711923599243,0.044010043144226,1.2629611492156982
1,block2_v18_seed12,3743,small_full,2,left,1,0.99919456243515,1.4021596908569336,1.5448532104492188,0.1426935195922851,1.4021596908569336
1,block2_v18_seed12,3745,small_full,2,left,1,0.999968409538269,2.56536865234375,2.777601480484009,0.2122328281402588,2.56536865234375
1,block2_v18_seed12,3746,small_full,3,forward,1,0.9983356595039368,1.874540328979492,2.0118179321289062,0.137277603149414,1.874540328979492
1,block2_v18_seed12,3747,small_full,3,forward,1,0.990343451499939,1.5878053903579712,1.6921032667160034,0.1042978763580322,1.5878053903579712
1,block2_v18_seed12,3748,small_full,3,forward,1,0.9993072748184204,0.8775267601013184,1.0311437845230105,0.1536170244216919,0.8775267601013184
1,block2_v18_seed12,3749,small_full,1,right,1,0.9999402761459352,0.9194582104682922,1.1331895589828491,0.2137313485145568,0.9194582104682922
1,block2_v18_seed12,3750,small_full,1,right,1,0.9994410872459412,0.9723675847053528,1.1357659101486206,0.1633983254432678,0.9723675847053528
1,block2_v18_seed12,3751,small_full,1,right,1,0.9069939851760864,1.9049657583236692,1.951679825782776,0.0467140674591064,1.9049657583236692
1,block2_v18_seed12,3752,small_full,4,backward,1,0.9999998807907104,0.9342967867851256,1.260445237159729,0.3261484503746032,0.9342967867851256
1,block2_v18_seed12,3753,small_full,1,right,1,0.9899770617485046,1.7845745086669922,1.8846435546875,0.1000690460205078,1.7845745086669922
1,block2_v18_seed12,3755,small_full,2,left,1,0.9996424913406372,0.9837402701377868,1.1451174020767212,0.1613771319389343,0.9837402701377868
1,block2_v18_seed12,3756,small_full,1,right,1,0.9997325539588928,1.113033890724182,1.2810068130493164,0.1679729223251342,1.113033890724182
1,block2_v18_seed12,3758,small_full,1,right,1,0.9492129683494568,1.3655856847763062,1.4295196533203125,0.0639339685440063,1.3655856847763062
1,block2_v18_seed12,3759,small_full,2,left,1,0.9509714841842652,1.531131386756897,1.6014639139175415,0.0703325271606445,1.531131386756897
1,block2_v18_seed12,3760,small_full,1,right,1,0.9997972846031188,1.0376209020614624,1.2171244621276855,0.1795035600662231,1.0376209020614624
1,block2_v18_seed12,3761,small_full,4,backward,1,0.9994485974311828,0.8844717144966125,1.0372265577316284,0.1527548432350158,0.8844717144966125
1,block2_v18_seed12,3762,small_full,2,left,1,0.5305147171020508,2.3043863773345947,2.306831359863281,0.0024449825286865,2.3043863773345947
1,block2_v18_seed12,3763,small_full,3,forward,1,0.9927054047584534,1.456766128540039,1.555752873420715,0.0989867448806762,1.456766128540039
1,block2_v18_seed12,3766,small_full,1,right,1,0.9853417873382568,1.3049870729446411,1.4015029668807983,0.0965158939361572,1.3049870729446411
1,block2_v18_seed12,3767,small_full,2,left,1,0.9898577332496644,2.1471948623657227,2.2428324222564697,0.095637559890747,2.1471948623657227
1,block2_v18_seed12,3769,small_full,2,left,1,0.9989928603172302,1.4925001859664917,1.6408122777938845,0.1483120918273925,1.4925001859664917
1,block2_v18_seed12,3770,small_full,3,forward,1,0.9995996356010436,0.8617165684700012,1.0247217416763306,0.1630051732063293,0.8617165684700012
1,block2_v18_seed12,3771,small_full,2,left,1,0.7993447780609131,1.8910375833511357,1.9348087310791016,0.0437711477279663,1.8910375833511357
1,block2_v18_seed12,3772,small_full,2,left,1,0.9997758269309998,0.9731769561767578,1.148997783660889,0.1758208274841308,0.9731769561767578
1,block2_v18_seed12,3774,small_full,1,right,1,0.989237666130066,2.0806562900543213,2.1789047718048096,0.0982484817504882,2.0806562900543213
1,block2_v18_seed12,3775,small_full,4,backward,1,0.9984618425369264,1.2911723852157593,1.4235681295394895,0.1323957443237304,1.2911723852157593
1,block2_v18_seed12,3776,small_full,2,left,1,0.9998732805252076,0.9532483220100404,1.1377806663513184,0.184532344341278,0.9532483220100404
1,block2_v18_seed12,3777,small_full,1,right,1,0.706787109375,2.029504537582397,2.053068161010742,0.0235636234283447,2.029504537582397
1,block2_v18_seed12,3778,small_full,4,backward,1,0.985268235206604,1.238236665725708,1.326451301574707,0.088214635848999,1.238236665725708
1,block2_v18_seed12,3779,small_full,4,backward,1,0.9895589351654052,0.8173010349273682,0.9087767601013184,0.0914757251739502,0.8173010349273682
1,block2_v18_seed12,3780,small_full,1,right,1,0.9999412298202516,1.0378919839859009,1.23859965801239,0.2007076740264892,1.0378919839859009
1,block2_v18_seed12,3781,small_full,2,left,1,0.9952259063720704,1.8504867553710935,1.9636658430099487,0.1131790876388549,1.8504867553710935
1,block2_v18_seed12,3782,small_full,2,left,1,0.9999445676803588,0.9938108921051024,1.199518799781799,0.2057079076766967,0.9938108921051024
1,block2_v18_seed12,3785,small_full,2,left,1,0.5463227033615112,1.7988392114639282,1.802775859832764,0.0039366483688354,1.7988392114639282
1,block2_v18_seed12,3786,small_full,1,right,1,0.378039687871933,1.262092351913452,1.2661594152450562,0.004067063331604,1.262092351913452
1,block2_v18_seed12,3787,small_full,4,backward,1,0.9998152852058412,0.9444629549980164,1.1191668510437012,0.1747038960456848,0.9444629549980164
1,block2_v18_seed12,3788,small_full,1,right,1,0.9889496564865112,0.9514410495758056,1.043623924255371,0.0921828746795654,0.9514410495758056
1,block2_v18_seed12,3789,small_full,3,forward,1,0.9972817897796632,0.8333418369293213,0.9558083415031432,0.122466504573822,0.8333418369293213
1,block2_v18_seed12,3791,small_full,2,left,1,0.982759952545166,1.170141100883484,1.253387451171875,0.0832463502883911,1.170141100883484
1,block2_v18_seed12,3792,small_full,2,left,1,0.9999980926513672,1.0680261850357056,1.3465598821640017,0.2785336971282959,1.0680261850357056
1,block2_v18_seed12,3793,small_full,3,forward,1,0.9991801381111144,1.42970073223114,1.5789188146591189,0.1492180824279785,1.42970073223114
1,block2_v18_seed12,3794,small_full,3,forward,1,0.9972949624061584,0.7626296877861023,0.8864886164665222,0.1238589286804199,0.7626296877861023
1,block2_v18_seed12,3796,small_full,3,forward,1,0.9942880272865297,1.909676432609558,2.016607999801636,0.1069315671920776,1.909676432609558
1,block2_v18_seed12,3797,small_full,2,left,1,0.9864525198936462,2.043663740158081,2.1302435398101807,0.0865797996520996,2.043663740158081
1,block2_v18_seed12,3798,small_full,3,forward,1,0.9973769187927246,1.6648269891738892,1.7928943634033203,0.1280673742294311,1.6648269891738892
1,block2_v18_seed12,3799,small_full,1,right,1,0.9999812841415404,1.5514360666275024,1.7790311574935913,0.2275950908660888,1.5514360666275024
1,block2_v18_seed12,3800,small_full,1,right,1,0.9840096831321716,1.600934386253357,1.6964513063430786,0.0955169200897216,1.600934386253357
1,block2_v18_seed12,3801,small_full,1,right,1,0.999659776687622,1.03843891620636,1.2119669914245603,0.1735280752182006,1.03843891620636
1,block2_v18_seed12,3806,small_full,1,right,1,0.9637628197669984,1.5945380926132202,1.6607953310012815,0.0662572383880615,1.5945380926132202
1,block2_v18_seed12,3807,small_full,2,left,1,0.9987964630126952,1.782500147819519,1.917626976966858,0.1351268291473388,1.782500147819519
1,block2_v18_seed12,3808,small_full,4,backward,1,0.997209131717682,1.5114411115646362,1.629773497581482,0.1183323860168457,1.5114411115646362
1,block2_v18_seed12,3809,small_full,2,left,1,0.9999666213989258,1.2135683298110962,1.4228509664535522,0.209282636642456,1.2135683298110962
1,block2_v18_seed12,3810,small_full,1,right,1,0.9999786615371704,1.108088135719299,1.3345433473587036,0.2264552116394043,1.108088135719299
1,block2_v18_seed12,3811,small_full,4,backward,1,0.999987244606018,0.8796512484550476,1.1114500761032104,0.2317988276481628,0.8796512484550476
1,block2_v18_seed12,3813,small_full,2,left,1,0.9974883794784546,1.0872730016708374,1.2073016166687012,0.1200286149978637,1.0872730016708374
1,block2_v18_seed12,3815,small_full,4,backward,0,0.6155685186386108,1.4254164695739746,1.4355592727661133,0.0101428031921386,1.4355592727661133
1,block2_v18_seed12,3816,small_full,3,forward,1,0.9997301697731018,0.6688695549964905,0.8471889495849609,0.1783193945884704,0.6688695549964905
1,block2_v18_seed12,3817,small_full,1,right,1,0.9825010895729064,1.3049870729446411,1.4015029668807983,0.0965158939361572,1.3049870729446411
1,block2_v18_seed12,3818,small_full,2,left,1,0.9999905824661256,0.8233152031898499,1.06352436542511,0.24020916223526,0.8233152031898499
1,block2_v18_seed12,3819,small_full,2,left,1,0.9999423027038574,0.9113557934761048,1.1220335960388184,0.2106778025627136,0.9113557934761048
1,block2_v18_seed12,3821,small_full,2,left,1,0.9998569488525392,0.9532483220100404,1.1377806663513184,0.184532344341278,0.9532483220100404
1,block2_v18_seed12,3822,small_full,4,backward,1,0.9991747736930848,1.290192723274231,1.432475209236145,0.142282485961914,1.290192723274231
1,block2_v18_seed12,3823,small_full,4,backward,1,0.9999839067459106,1.2897098064422607,1.510897159576416,0.2211873531341552,1.2897098064422607
1,block2_v18_seed12,3824,small_full,4,backward,1,0.9968799352645874,1.367801308631897,1.5033384561538696,0.1355371475219726,1.367801308631897
1,block2_v18_seed12,3825,small_full,3,forward,1,0.6010054349899292,1.2438347339630127,1.261665940284729,0.0178312063217163,1.2438347339630127
1,block2_v18_seed12,3826,small_full,4,backward,1,0.999554455280304,1.2382614612579346,1.3938275575637815,0.1555660963058471,1.2382614612579346
1,block2_v18_seed12,3828,small_full,2,left,1,0.9879761338233948,2.3770229816436768,2.4777934551239014,0.1007704734802246,2.3770229816436768
1,block2_v18_seed12,3829,small_full,2,left,1,0.9986091256141664,1.6948283910751345,1.8278440237045288,0.1330156326293945,1.6948283910751345
1,block2_v18_seed12,3830,small_full,2,left,1,0.9994543194770812,1.6799745559692385,1.8305178880691528,0.1505433320999145,1.6799745559692385
1,block2_v18_seed12,3832,small_full,1,right,1,0.9950135350227356,1.497420310974121,1.615444302558899,0.1180239915847778,1.497420310974121
1,block2_v18_seed12,3835,small_full,2,left,1,0.9988468885421752,1.8119983673095703,1.9499133825302124,0.1379150152206421,1.8119983673095703
1,block2_v18_seed12,3836,small_full,2,left,1,0.9999799728393556,2.1378748416900635,2.356139898300171,0.2182650566101074,2.1378748416900635
1,block2_v18_seed12,3837,small_full,2,left,1,0.5432001948356628,1.8910375833511357,1.900643229484558,0.0096056461334228,1.8910375833511357
1,block2_v18_seed12,3838,small_full,3,forward,1,0.9996172189712524,0.9781999588012696,1.1425632238388062,0.1643632650375366,0.9781999588012696
1,block2_v18_seed12,3839,small_full,1,right,1,0.9983758926391602,1.058413863182068,1.199107646942139,0.1406937837600708,1.058413863182068
1,block2_v18_seed12,3840,small_full,4,backward,1,0.9991752505302428,1.290192723274231,1.432475209236145,0.142282485961914,1.290192723274231
1,block2_v18_seed12,3841,small_full,4,backward,1,0.7159273624420166,1.1182575225830078,1.1566205024719238,0.038362979888916,1.1182575225830078
1,block2_v18_seed12,3842,small_full,2,left,1,0.970237672328949,1.1459064483642578,1.2233495712280271,0.0774431228637695,1.1459064483642578
1,block2_v18_seed12,3844,small_full,2,left,1,0.9928058981895448,0.990424633026123,1.1022286415100098,0.1118040084838867,0.990424633026123
1,block2_v18_seed12,3846,small_full,2,left,1,0.9666622281074524,1.538892388343811,1.6076979637145996,0.0688055753707885,1.538892388343811
1,block2_v18_seed12,3847,small_full,3,forward,1,0.9998536109924316,1.5950847864151,1.7722009420394895,0.1771161556243896,1.5950847864151
1,block2_v18_seed12,3848,small_full,1,right,1,0.8830903768539429,1.7437500953674316,1.789057731628418,0.0453076362609863,1.7437500953674316
1,block2_v18_seed12,3849,small_full,1,right,1,0.9997250437736512,1.0376209020614624,1.2148059606552124,0.17718505859375,1.0376209020614624
1,block2_v18_seed12,3850,small_full,3,forward,1,0.999189794063568,0.9268269538879396,1.0702893733978271,0.1434624195098877,0.9268269538879396
1,block2_v18_seed12,3852,small_full,4,backward,1,0.9910686016082764,0.9415085911750792,1.0363926887512207,0.0948840975761413,0.9415085911750792
1,block2_v18_seed12,3853,small_full,1,right,1,0.9996293783187866,1.490573525428772,1.6493088006973269,0.1587352752685547,1.490573525428772
1,block2_v18_seed12,3854,small_full,2,left,1,0.9989514350891112,1.1274553537368774,1.265037178993225,0.1375818252563476,1.1274553537368774
1,block2_v18_seed12,3855,small_full,4,backward,1,0.9153135418891908,1.4854631423950195,1.5330833196640017,0.0476201772689819,1.4854631423950195
1,block2_v18_seed12,3856,small_full,4,backward,1,0.997614860534668,1.4035053253173828,1.5262352228164673,0.1227298974990844,1.4035053253173828
1,block2_v18_seed12,3859,small_full,3,forward,1,0.9998371601104736,0.763080358505249,0.9505804181098938,0.1875000596046447,0.763080358505249
1,block2_v18_seed12,3861,small_full,4,backward,1,0.9970024228096008,1.0452131032943726,1.1733810901641846,0.128167986869812,1.0452131032943726
1,block2_v18_seed12,3862,small_full,2,left,1,0.9986485838890076,0.9229195713996888,1.0643242597579956,0.1414046883583068,0.9229195713996888
1,block2_v18_seed12,3863,small_full,2,left,1,0.9999840259552002,1.0199074745178225,1.2492742538452148,0.2293667793273925,1.0199074745178225
1,block2_v18_seed12,3864,small_full,2,left,1,0.9972444772720336,2.352341413497925,2.470295190811157,0.1179537773132324,2.352341413497925
1,block2_v18_seed12,3865,small_full,3,forward,1,0.9999994039535522,1.0696965456008911,1.368691086769104,0.2989945411682129,1.0696965456008911
1,block2_v18_seed12,3866,small_full,3,forward,1,0.999834418296814,1.7844194173812866,1.9623842239379885,0.1779648065567016,1.7844194173812866
1,block2_v18_seed12,3867,small_full,4,backward,1,0.9999279975891112,0.943091094493866,1.1451135873794556,0.2020224928855896,0.943091094493866
1,block2_v18_seed12,3868,small_full,4,backward,1,0.999980330467224,0.9289953112602234,1.156406283378601,0.2274109721183776,0.9289953112602234
1,block2_v18_seed12,3869,small_full,3,forward,1,0.9980958104133606,1.7983264923095703,1.9284014701843264,0.1300749778747558,1.7983264923095703
1,block2_v18_seed12,3870,small_full,4,backward,1,0.9999985694885254,0.8718279004096985,1.1630645990371704,0.2912366986274719,0.8718279004096985
1,block2_v18_seed12,3871,small_full,4,backward,1,0.995611011981964,1.238236665725708,1.3566179275512695,0.1183812618255615,1.238236665725708
1,block2_v18_seed12,3873,small_full,3,forward,1,0.9999808073043824,0.9015987515449524,1.1220353841781616,0.2204366326332092,0.9015987515449524
1,block2_v18_seed12,3874,small_full,2,left,1,0.9985507130622864,0.9116660952568054,1.0544718503952026,0.1428057551383972,0.9116660952568054
1,block2_v18_seed12,3875,small_full,1,right,1,0.9998573064804076,1.0561611652374268,1.242661714553833,0.1865005493164062,1.0561611652374268
1,block2_v18_seed12,3879,small_full,4,backward,1,0.9786995649337769,1.124073505401611,1.2011011838912964,0.077027678489685,1.124073505401611
1,block2_v18_seed12,3880,small_full,1,right,1,0.9998145699501038,1.1935745477676392,1.3683725595474243,0.1747980117797851,1.1935745477676392
1,block2_v18_seed12,3881,small_full,3,forward,1,0.9999045133590698,0.861413300037384,1.0542198419570925,0.1928065419197082,0.861413300037384
1,block2_v18_seed12,3882,small_full,4,backward,1,0.988608717918396,1.1700870990753174,1.2647017240524292,0.0946146249771118,1.1700870990753174
1,block2_v18_seed12,3884,small_full,1,right,1,0.9721773266792296,1.094531536102295,1.1668972969055176,0.0723657608032226,1.094531536102295
1,block2_v18_seed12,3885,small_full,4,backward,1,0.998028576374054,0.9472888112068176,1.0886993408203125,0.1414105296134948,0.9472888112068176
1,block2_v18_seed12,3886,small_full,3,forward,1,0.9999854564666748,0.9648292660713196,1.1989573240280151,0.2341280579566955,0.9648292660713196
1,block2_v18_seed12,3887,small_full,3,forward,1,0.9999748468399048,0.88677579164505,1.1088074445724487,0.2220316529273986,0.88677579164505
1,block2_v18_seed12,3888,small_full,1,right,1,0.9993213415145874,1.626780986785889,1.7739591598510742,0.1471781730651855,1.626780986785889
1,block2_v18_seed12,3890,small_full,4,backward,1,0.9999969005584716,0.9108688831329346,1.1749849319458008,0.2641160488128662,0.9108688831329346
1,block2_v18_seed12,3891,small_full,1,right,1,0.9960122108459472,1.5687860250473022,1.6797493696212769,0.1109633445739746,1.5687860250473022
1,block2_v18_seed12,3893,small_full,2,left,1,0.9936489462852478,1.8270095586776731,1.928134083747864,0.1011245250701904,1.8270095586776731
1,block2_v18_seed12,3895,small_full,2,left,1,0.999659776687622,1.1586359739303589,1.3196654319763184,0.1610294580459594,1.1586359739303589
1,block2_v18_seed12,3896,small_full,1,right,1,0.9898870587348938,1.9088311195373533,2.000732660293579,0.0919015407562255,1.9088311195373533
1,block2_v18_seed12,3897,small_full,4,backward,1,0.9630221724510192,1.347066879272461,1.416122317314148,0.069055438041687,1.347066879272461
1,block2_v18_seed12,3898,small_full,4,backward,1,0.9997045397758484,0.958806037902832,1.1281644105911257,0.1693583726882934,0.958806037902832
1,block2_v18_seed12,3899,small_full,3,forward,1,0.9953919649124146,1.91252076625824,2.0276687145233154,0.1151479482650756,1.91252076625824
1,block2_v18_seed12,3900,small_full,3,forward,1,0.9993830919265748,0.9661228060722352,1.1377959251403809,0.1716731190681457,0.9661228060722352
1,block2_v18_seed12,3901,small_full,2,left,1,0.9999597072601318,0.9907612800598145,1.2035685777664185,0.212807297706604,0.9907612800598145
1,block2_v18_seed12,3902,small_full,1,right,1,0.99656879901886,1.018450379371643,1.1391412019729614,0.1206908226013183,1.018450379371643
1,block2_v18_seed12,3904,small_full,1,right,1,0.9900822043418884,1.1472495794296265,1.2426477670669556,0.0953981876373291,1.1472495794296265
1,block2_v18_seed12,3905,small_full,2,left,1,0.9970393180847168,1.132922649383545,1.2505273818969729,0.1176047325134277,1.132922649383545
1,block2_v18_seed12,3907,small_full,1,right,1,0.9993231296539308,1.085007667541504,1.2347683906555176,0.1497607231140136,1.085007667541504
1,block2_v18_seed12,3909,small_full,4,backward,1,0.9998458623886108,0.8178410530090332,1.0061463117599487,0.1883052587509155,0.8178410530090332
1,block2_v18_seed12,3910,small_full,3,forward,1,0.9850803017616272,1.478112816810608,1.5761150121688845,0.0980021953582763,1.478112816810608
1,block2_v18_seed12,3912,small_full,2,left,1,0.9694789052009584,2.266752004623413,2.336089372634888,0.0693373680114746,2.266752004623413
1,block2_v18_seed12,3913,small_full,3,forward,1,0.9997197985649108,1.4167858362197876,1.5826815366744995,0.1658957004547119,1.4167858362197876
1,block2_v18_seed12,3914,small_full,2,left,1,0.9672979712486268,1.1459064483642578,1.2233495712280271,0.0774431228637695,1.1459064483642578
1,block2_v18_seed12,3915,small_full,2,left,1,0.9949080348014832,1.151412010192871,1.2589250802993774,0.1075130701065063,1.151412010192871
1,block2_v18_seed12,3916,small_full,2,left,1,0.9260427355766296,1.637903094291687,1.688934326171875,0.0510312318801879,1.637903094291687
1,block2_v18_seed12,3917,small_full,1,right,1,0.7954092621803284,1.6246923208236694,1.6518497467041016,0.0271574258804321,1.6246923208236694
1,block2_v18_seed12,3918,small_full,1,right,1,0.999733030796051,0.9160544276237488,1.0856248140335083,0.1695703864097595,0.9160544276237488
1,block2_v18_seed12,3921,small_full,1,right,1,0.9995482563972472,1.1056989431381226,1.2644098997116089,0.1587109565734863,1.1056989431381226
1,block2_v18_seed12,3922,small_full,2,left,1,0.9997543692588806,0.8881025910377502,1.0606310367584229,0.1725284457206726,0.8881025910377502
1,block2_v18_seed12,3923,small_full,4,backward,1,0.9729323387145996,0.9180383682250975,1.00104820728302,0.0830098390579223,0.9180383682250975
1,block2_v18_seed12,3924,small_full,3,forward,1,0.9631196856498718,1.891340732574463,1.95672607421875,0.0653853416442871,1.891340732574463
1,block2_v18_seed12,3927,small_full,1,right,1,0.9226704835891724,1.350245475769043,1.4137147665023804,0.0634692907333374,1.350245475769043
1,block2_v18_seed12,3928,small_full,3,forward,1,0.998157560825348,0.8214483857154846,0.9579246640205384,0.1364762783050537,0.8214483857154846
1,block2_v18_seed12,3930,small_full,2,left,1,0.9970589876174928,1.0489681959152222,1.166730523109436,0.1177623271942138,1.0489681959152222
1,block2_v18_seed12,3931,small_full,1,right,1,0.9786368608474731,1.771697998046875,1.859062671661377,0.0873646736145019,1.771697998046875
1,block2_v18_seed12,3933,small_full,3,forward,1,0.9999979734420776,0.765202522277832,1.037471890449524,0.2722693681716919,0.765202522277832
1,block2_v18_seed12,3934,small_full,4,backward,1,0.999992847442627,0.6900851726531982,0.9342219233512878,0.2441367506980896,0.6900851726531982
1,block2_v18_seed12,3935,small_full,3,forward,1,1.0,1.7206300497055054,2.10638689994812,0.3857568502426147,1.7206300497055054
1,block2_v18_seed12,3936,small_full,3,forward,1,0.9964034557342528,1.763216495513916,1.8760837316513064,0.1128672361373901,1.763216495513916
1,block2_v18_seed12,3939,small_full,1,right,1,0.9991810917854308,0.9160544276237488,1.0681661367416382,0.1521117091178894,0.9160544276237488
1,block2_v18_seed12,3940,small_full,2,left,1,0.9994832277297974,1.1129668951034546,1.28394877910614,0.1709818840026855,1.1129668951034546
1,block2_v18_seed12,3942,small_full,4,backward,1,0.9999912977218628,0.9156295657157898,1.1576510667800903,0.2420215010643005,0.9156295657157898
1,block2_v18_seed12,3943,small_full,1,right,1,0.9998120665550232,0.9945998787879944,1.17921781539917,0.1846179366111755,0.9945998787879944
1,block2_v18_seed12,3944,small_full,3,forward,1,0.9989690780639648,1.7974319458007812,1.9363651275634768,0.1389331817626953,1.7974319458007812
1,block2_v18_seed12,3945,small_full,2,left,1,0.989433228969574,1.887899398803711,1.9805545806884768,0.0926551818847656,1.887899398803711
1,block2_v18_seed12,3947,small_full,1,right,1,0.9993778467178344,1.0121253728866575,1.1742302179336548,0.162104845046997,1.0121253728866575
1,block2_v18_seed12,3948,small_full,1,right,1,0.8598359823226929,1.7437500953674316,1.789057731628418,0.0453076362609863,1.7437500953674316
1,block2_v18_seed12,3951,small_full,2,left,1,0.9962961077690125,0.9335119128227234,1.0476675033569336,0.1141555905342102,0.9335119128227234
1,block2_v18_seed12,3952,small_full,4,backward,1,0.9999223947525024,0.9289953112602234,1.131848931312561,0.2028536200523376,0.9289953112602234
1,block2_v18_seed12,3953,small_full,4,backward,1,0.9999289512634276,1.4254683256149292,1.6281617879867554,0.2026934623718261,1.4254683256149292
1,block2_v18_seed12,3954,small_full,2,left,1,0.9920321702957152,2.0908663272857666,2.1879684925079346,0.0971021652221679,2.0908663272857666
1,block2_v18_seed12,3955,small_full,1,right,1,0.9999052286148072,1.0376209020614624,1.224742770195007,0.1871218681335449,1.0376209020614624
1,block2_v18_seed12,3956,small_full,4,backward,1,0.9983502626419068,0.9472888112068176,1.0886993408203125,0.1414105296134948,0.9472888112068176
1,block2_v18_seed12,3957,small_full,3,forward,1,0.9998445510864258,0.904349148273468,1.0823873281478882,0.1780381798744201,0.904349148273468
1,block2_v18_seed12,3958,small_full,2,left,1,0.9992746710777284,1.1557637453079224,1.3052715063095093,0.1495077610015869,1.1557637453079224
1,block2_v18_seed12,3959,small_full,4,backward,1,0.999754011631012,0.8839388489723206,1.0535625219345093,0.1696236729621887,0.8839388489723206
1,block2_v18_seed12,3961,small_full,1,right,1,0.9362148642539978,2.041437149047852,2.106739997863769,0.0653028488159179,2.041437149047852
1,block2_v18_seed12,3962,small_full,2,left,1,0.9997643828392028,1.8699146509170528,2.0393764972686768,0.1694618463516235,1.8699146509170528
1,block2_v18_seed12,3963,small_full,1,right,1,0.9999827146530152,1.6787976026535034,1.90632438659668,0.2275267839431762,1.6787976026535034
1,block2_v18_seed12,3964,small_full,4,backward,1,0.9997238516807556,1.035636305809021,1.2116594314575195,0.1760231256484985,1.035636305809021
1,block2_v18_seed12,3966,small_full,4,backward,1,0.9985173344612122,0.846096932888031,0.9951183199882508,0.1490213871002197,0.846096932888031
1,block2_v18_seed12,3968,small_full,1,right,1,0.9998866319656372,1.0585647821426392,1.2533007860183716,0.1947360038757324,1.0585647821426392
1,block2_v18_seed12,3969,small_full,4,backward,1,0.9999691247940063,0.6900851726531982,0.9043872952461244,0.214302122592926,0.6900851726531982
1,block2_v18_seed12,3970,small_full,2,left,1,0.9999760389328004,1.064473032951355,1.2799519300460815,0.2154788970947265,1.064473032951355
1,block2_v18_seed12,3972,small_full,1,right,1,0.9813429713249208,1.721304416656494,1.8033500909805296,0.0820456743240356,1.721304416656494
1,block2_v18_seed12,3973,small_full,1,right,1,0.9998244643211364,1.1215821504592896,1.304518699645996,0.1829365491867065,1.1215821504592896
1,block2_v18_seed12,3974,small_full,3,forward,1,0.99935120344162,0.7251549363136292,0.8734006881713867,0.1482457518577575,0.7251549363136292
1,block2_v18_seed12,3975,small_full,1,right,1,0.9982288479804992,1.5957053899765017,1.7249819040298462,0.1292765140533447,1.5957053899765017
1,block2_v18_seed12,3976,small_full,2,left,1,0.9953580498695374,1.3629781007766724,1.4750534296035769,0.1120753288269043,1.3629781007766724
1,block2_v18_seed12,3977,small_full,2,left,1,0.9999260902404784,0.9982959628105164,1.2022881507873535,0.2039921879768371,0.9982959628105164
1,block2_v18_seed12,3978,small_full,2,left,1,0.9981566071510316,1.5656585693359375,1.692968726158142,0.1273101568222046,1.5656585693359375
1,block2_v18_seed12,3979,small_full,1,right,1,0.9999068975448608,0.9830622673034668,1.1804299354553225,0.1973676681518554,0.9830622673034668
1,block2_v18_seed12,3980,small_full,1,right,1,0.9058096408843994,1.4775409698486328,1.5245050191879272,0.0469640493392944,1.4775409698486328
1,block2_v18_seed12,3981,small_full,3,forward,1,0.9998990297317504,0.7221841812133789,0.9225799441337584,0.2003957629203796,0.7221841812133789
1,block2_v18_seed12,3982,small_full,2,left,1,0.9981791973114014,2.1471948623657227,2.2737085819244385,0.1265137195587158,2.1471948623657227
1,block2_v18_seed12,3983,small_full,2,left,1,0.9997267127037048,0.8881025910377502,1.0537447929382324,0.1656422019004821,0.8881025910377502
1,block2_v18_seed12,3984,small_full,3,forward,1,0.9980325102806092,0.8614212870597839,1.0055121183395386,0.1440908312797546,0.8614212870597839
1,block2_v18_seed12,3985,small_full,3,forward,1,0.9999598264694214,1.681430459022522,1.886624455451965,0.2051939964294433,1.681430459022522
1,block2_v18_seed12,3987,small_full,1,right,1,0.9976091384887696,1.018450379371643,1.1511574983596802,0.1327071189880371,1.018450379371643
1,block2_v18_seed12,3988,small_full,1,right,1,0.9999347925186156,1.0765777826309204,1.27537739276886,0.1987996101379394,1.0765777826309204
1,block2_v18_seed12,3989,small_full,3,forward,1,0.9915611147880554,1.522126317024231,1.6308660507202148,0.1087397336959838,1.522126317024231
1,block2_v18_seed12,3990,small_full,3,forward,1,0.999557077884674,1.6416630744934082,1.7993868589401243,0.1577237844467163,1.6416630744934082
1,block2_v18_seed12,3991,small_full,2,left,1,0.9990934133529664,1.20199453830719,1.3573681116104126,0.1553735733032226,1.20199453830719
1,block2_v18_seed12,3992,small_full,2,left,1,0.9999244213104248,0.8653960227966309,1.0742427110671997,0.2088466882705688,0.8653960227966309
1,block2_v18_seed12,3993,small_full,2,left,1,0.9999825954437256,2.116478204727173,2.3373053073883057,0.2208271026611328,2.116478204727173
1,block2_v18_seed12,3995,small_full,2,left,1,0.9959365129470824,2.53441858291626,2.648433923721313,0.1140153408050537,2.53441858291626
1,block2_v18_seed12,3996,small_full,2,left,1,0.9998961687088012,1.106890082359314,1.298479437828064,0.19158935546875,1.106890082359314
1,block2_v18_seed12,3998,small_full,2,left,0,0.7972109317779541,1.503618240356445,1.531131148338318,0.0275129079818725,1.531131148338318
1,block2_v18_seed12,3999,small_full,2,left,1,0.9999674558639526,1.8699148893356323,2.0835049152374268,0.2135900259017944,1.8699148893356323
1,block2_v18_seed12,3500,full,3,forward,1,0.9989916682243348,1.2937730550765991,1.4446996450424194,0.1509265899658203,1.2937730550765991
1,block2_v18_seed12,3501,full,4,backward,1,0.999996542930603,0.4032338559627533,0.6557592749595642,0.2525254189968109,0.4032338559627533
1,block2_v18_seed12,3502,full,4,backward,1,0.9999680519104004,0.9789919853210448,1.2035287618637085,0.2245367765426635,0.9789919853210448
1,block2_v18_seed12,3503,full,2,left,1,0.9907367825508118,0.4529218673706054,0.5534534454345703,0.1005315780639648,0.4529218673706054
1,block2_v18_seed12,3504,full,4,backward,1,0.9373710751533508,0.6861082911491394,0.7504828572273254,0.064374566078186,0.6861082911491394
1,block2_v18_seed12,3505,full,4,backward,1,0.9996505975723268,1.132449984550476,1.302411675453186,0.1699616909027099,1.132449984550476
1,block2_v18_seed12,3507,full,1,right,1,0.9990179538726808,0.3677262365818023,0.510534942150116,0.1428087055683136,0.3677262365818023
1,block2_v18_seed12,3509,full,4,backward,1,0.9996936321258544,0.3717735707759857,0.5416740775108337,0.169900506734848,0.3717735707759857
1,block2_v18_seed12,3510,full,4,backward,1,0.9999896287918092,0.4369159638881683,0.6753541827201843,0.238438218832016,0.4369159638881683
1,block2_v18_seed12,3511,full,2,left,1,0.999968409538269,0.3364701271057129,0.5602970719337463,0.2238269448280334,0.3364701271057129
1,block2_v18_seed12,3513,full,2,left,1,0.9999603033065796,1.8723564147949217,2.0799825191497803,0.2076261043548584,1.8723564147949217
1,block2_v18_seed12,3515,full,2,left,1,0.9476714134216307,1.5303993225097656,1.5976251363754272,0.0672258138656616,1.5303993225097656
1,block2_v18_seed12,3516,full,4,backward,1,0.9997385144233704,0.3891194760799408,0.5549715757369995,0.1658520996570587,0.3891194760799408
1,block2_v18_seed12,3517,full,3,forward,1,0.9999802112579346,0.4838432371616363,0.7064204216003418,0.2225771844387054,0.4838432371616363
1,block2_v18_seed12,3519,full,3,forward,1,1.0,0.5646801590919495,0.9116416573524476,0.346961498260498,0.5646801590919495
1,block2_v18_seed12,3520,full,2,left,1,0.9999673366546632,0.5269613265991211,0.7561336159706116,0.2291722893714904,0.5269613265991211
1,block2_v18_seed12,3521,full,1,right,1,0.9857220649719238,1.3611046075820925,1.4464467763900757,0.0853421688079834,1.3611046075820925
1,block2_v18_seed12,3522,full,1,right,1,0.9999511241912842,1.1057809591293335,1.3108927011489868,0.2051117420196533,1.1057809591293335
1,block2_v18_seed12,3523,full,1,right,1,0.999919891357422,0.5509085655212402,0.7497130036354065,0.1988044381141662,0.5509085655212402
1,block2_v18_seed12,3525,full,2,left,1,0.9977832436561584,0.4379245340824127,0.570193886756897,0.1322693526744842,0.4379245340824127
1,block2_v18_seed12,3526,full,1,right,1,0.9999245405197144,0.5183080434799194,0.7211148738861084,0.2028068304061889,0.5183080434799194
1,block2_v18_seed12,3527,full,4,backward,1,0.999231457710266,0.3931428492069244,0.5415341258049011,0.1483912765979766,0.3931428492069244
1,block2_v18_seed12,3528,full,1,right,1,0.9338634610176086,1.2645355463027954,1.3205491304397583,0.0560135841369628,1.2645355463027954
1,block2_v18_seed12,3529,full,2,left,1,0.9986639022827148,1.6804885864257812,1.8132853507995603,0.1327967643737793,1.6804885864257812
1,block2_v18_seed12,3530,full,1,right,1,0.9999077320098876,2.031137704849243,2.218224048614502,0.1870863437652588,2.031137704849243
1,block2_v18_seed12,3531,full,3,forward,1,0.9999661445617676,0.9363974928855896,1.1433357000350952,0.2069382071495056,0.9363974928855896
1,block2_v18_seed12,3534,full,2,left,1,0.9999592304229736,0.3387081921100616,0.5461536049842834,0.2074454128742218,0.3387081921100616
1,block2_v18_seed12,3535,full,4,backward,1,0.9999016523361206,0.9391417503356934,1.1238114833831787,0.1846697330474853,0.9391417503356934
1,block2_v18_seed12,3537,full,4,backward,1,0.999992847442627,0.2495449036359787,0.5035666823387146,0.2540217638015747,0.2495449036359787
1,block2_v18_seed12,3538,full,1,right,1,0.9939669370651244,1.022078514099121,1.1339161396026611,0.11183762550354,1.022078514099121
1,block2_v18_seed12,3539,full,3,forward,1,0.9999966621398926,0.464792937040329,0.7234242558479309,0.2586313188076019,0.464792937040329
1,block2_v18_seed12,3540,full,4,backward,1,0.999334990978241,0.70708829164505,0.8651046752929688,0.1580163836479187,0.70708829164505
1,block2_v18_seed12,3542,full,2,left,1,0.994400680065155,1.0014339685440063,1.118239402770996,0.1168054342269897,1.0014339685440063
1,block2_v18_seed12,3543,full,3,forward,1,0.9999215602874756,0.533074140548706,0.7387891411781311,0.205715000629425,0.533074140548706
1,block2_v18_seed12,3545,full,3,forward,1,0.9911284446716307,1.0167837142944336,1.115975022315979,0.0991913080215454,1.0167837142944336
1,block2_v18_seed12,3546,full,4,backward,1,0.9952893257141112,1.0728498697280884,1.1819210052490234,0.109071135520935,1.0728498697280884
1,block2_v18_seed12,3547,full,3,forward,1,0.9999908208847046,0.5056514739990234,0.7465521693229675,0.2409006953239441,0.5056514739990234
1,block2_v18_seed12,3549,full,4,backward,1,0.9999285936355592,0.7773812413215637,0.9687203764915466,0.1913391351699829,0.7773812413215637
1,block2_v18_seed12,3550,full,1,right,1,0.9997195601463318,1.832942008972168,2.004805326461792,0.171863317489624,1.832942008972168
1,block2_v18_seed12,3552,full,1,right,1,0.8441793918609619,1.5077247619628906,1.5475069284439087,0.039782166481018,1.5077247619628906
1,block2_v18_seed12,3553,full,4,backward,1,0.999998927116394,0.3924635350704193,0.6908209919929504,0.2983574569225311,0.3924635350704193
1,block2_v18_seed12,3554,full,4,backward,1,0.9465211629867554,1.0735214948654177,1.1310194730758667,0.0574979782104492,1.0735214948654177
1,block2_v18_seed12,3555,full,3,forward,1,0.9999523162841796,0.5759184956550598,0.7794678211212158,0.203549325466156,0.5759184956550598
1,block2_v18_seed12,3556,full,1,right,1,0.9997997879981996,0.4627892076969147,0.6466901302337646,0.1839009225368499,0.4627892076969147
1,block2_v18_seed12,3557,full,2,left,1,0.999687433242798,0.5327776670455933,0.6968043446540833,0.16402667760849,0.5327776670455933
1,block2_v18_seed12,3558,full,2,left,1,0.9998939037322998,0.5622304081916809,0.757810652256012,0.195580244064331,0.5622304081916809
1,block2_v18_seed12,3559,full,1,right,1,0.9997119307518004,0.4800188243389129,0.6590696573257446,0.1790508329868316,0.4800188243389129
1,block2_v18_seed12,3560,full,1,right,1,0.9987637996673584,0.7741027474403381,0.9131210446357728,0.1390182971954345,0.7741027474403381
1,block2_v18_seed12,3561,full,3,forward,1,0.9522640109062196,1.0308221578598022,1.091578245162964,0.0607560873031616,1.0308221578598022
1,block2_v18_seed12,3562,full,1,right,1,0.9984858632087708,0.5720512866973877,0.713148295879364,0.1410970091819763,0.5720512866973877
1,block2_v18_seed12,3563,full,4,backward,1,0.9999986886978148,0.3175066709518432,0.606065571308136,0.2885589003562927,0.3175066709518432
1,block2_v18_seed12,3564,full,2,left,1,0.9999945163726808,0.3374612331390381,0.5845048427581787,0.2470436096191406,0.3374612331390381
1,block2_v18_seed12,3565,full,3,forward,1,0.9993940591812134,0.9640965461730956,1.118747591972351,0.1546510457992553,0.9640965461730956
1,block2_v18_seed12,3566,full,1,right,1,0.9999210834503174,0.5140190124511719,0.711860716342926,0.1978417038917541,0.5140190124511719
1,block2_v18_seed12,3567,full,1,right,1,0.9998775720596312,0.4241614043712616,0.619981050491333,0.1958196461200714,0.4241614043712616
1,block2_v18_seed12,3568,full,4,backward,1,0.9999970197677612,0.4369159638881683,0.7045137286186218,0.2675977647304535,0.4369159638881683
1,block2_v18_seed12,3569,full,2,left,1,0.9999920129776,0.3374612331390381,0.5845048427581787,0.2470436096191406,0.3374612331390381
1,block2_v18_seed12,3570,full,3,forward,1,0.9945989847183228,1.1391648054122925,1.2623021602630615,0.123137354850769,1.1391648054122925
1,block2_v18_seed12,3572,full,1,right,1,0.995561957359314,0.649667501449585,0.764927089214325,0.1152595877647399,0.649667501449585
1,block2_v18_seed12,3573,full,3,forward,1,0.9996821880340576,1.3845176696777344,1.5553430318832395,0.1708253622055053,1.3845176696777344
1,block2_v18_seed12,3574,full,2,left,1,0.9914655089378356,0.4636366367340088,0.5677317976951599,0.1040951609611511,0.4636366367340088
1,block2_v18_seed12,3576,full,4,backward,1,0.99979430437088,0.8293871283531189,0.9992673993110656,0.1698802709579467,0.8293871283531189
1,block2_v18_seed12,3577,full,1,right,1,0.996283233165741,1.022078514099121,1.1339161396026611,0.11183762550354,1.022078514099121
1,block2_v18_seed12,3579,full,1,right,1,0.99951434135437,0.7689102292060852,0.9221739768981934,0.1532637476921081,0.7689102292060852
1,block2_v18_seed12,3580,full,1,right,1,0.907355010509491,1.427561640739441,1.47675359249115,0.0491919517517089,1.427561640739441
1,block2_v18_seed12,3581,full,4,backward,1,0.9980168342590332,0.8863100409507751,1.0108059644699097,0.1244959235191345,0.8863100409507751
1,block2_v18_seed12,3582,full,3,forward,1,0.9938381314277648,1.181792378425598,1.2853046655654907,0.1035122871398925,1.181792378425598
1,block2_v18_seed12,3583,full,2,left,1,0.9974295496940612,0.6908057332038879,0.8199000358581543,0.1290943026542663,0.6908057332038879
1,block2_v18_seed12,3584,full,2,left,1,0.999203622341156,0.5996500849723816,0.7535619735717773,0.1539118885993957,0.5996500849723816
1,block2_v18_seed12,3585,full,4,backward,1,0.9999663829803468,0.395083338022232,0.6080853939056396,0.2130020558834076,0.395083338022232
1,block2_v18_seed12,3586,full,4,backward,1,0.9975820779800416,0.8295669555664062,0.9517874717712402,0.1222205162048339,0.8295669555664062
1,block2_v18_seed12,3587,full,4,backward,1,0.9999911785125732,0.3671607673168182,0.6060174107551575,0.2388566434383392,0.3671607673168182
1,block2_v18_seed12,3588,full,1,right,1,0.9983205199241638,0.4908861219882965,0.6253013610839844,0.1344152390956878,0.4908861219882965
1,block2_v18_seed12,3589,full,1,right,1,0.997841477394104,1.114655613899231,1.240599274635315,0.1259436607360839,1.114655613899231
1,block2_v18_seed12,3591,full,4,backward,1,0.9999279975891112,1.008590817451477,1.1999281644821167,0.1913373470306396,1.008590817451477
1,block2_v18_seed12,3592,full,2,left,1,0.9974791407585144,1.5303993225097656,1.6550426483154297,0.124643325805664,1.5303993225097656
1,block2_v18_seed12,3593,full,3,forward,1,0.999514102935791,0.9640965461730956,1.118747591972351,0.1546510457992553,0.9640965461730956
1,block2_v18_seed12,3594,full,1,right,1,0.9985777139663696,1.4261960983276367,1.5591453313827517,0.1329492330551147,1.4261960983276367
1,block2_v18_seed12,3595,full,3,forward,1,0.8963180184364319,1.2485885620117188,1.292818903923035,0.0442303419113159,1.2485885620117188
1,block2_v18_seed12,3596,full,3,forward,1,0.9935677647590636,1.1299175024032593,1.2327831983566284,0.1028656959533691,1.1299175024032593
1,block2_v18_seed12,3597,full,2,left,1,0.998418927192688,1.0587643384933472,1.198067307472229,0.1393029689788818,1.0587643384933472
1,block2_v18_seed12,3598,full,3,forward,1,0.9997538924217224,1.3830881118774414,1.558323860168457,0.1752357482910156,1.3830881118774414
1,block2_v18_seed12,3600,full,1,right,1,0.9999752044677734,0.5140190124511719,0.7300033569335938,0.2159843444824218,0.5140190124511719
1,block2_v18_seed12,3601,full,1,right,1,0.997624933719635,1.0624297857284546,1.193858027458191,0.1314282417297363,1.0624297857284546
1,block2_v18_seed12,3603,full,4,backward,1,0.999992847442627,0.5160463452339172,0.7535249590873718,0.2374786138534546,0.5160463452339172
1,block2_v18_seed12,3604,full,3,forward,1,0.9086340069770812,1.7542505264282229,1.8020482063293457,0.047797679901123,1.7542505264282229
1,block2_v18_seed12,3605,full,4,backward,1,0.9981661438941956,1.2601972818374634,1.3887149095535278,0.1285176277160644,1.2601972818374634
1,block2_v18_seed12,3607,full,4,backward,1,0.999997854232788,1.0454407930374146,1.3096498250961304,0.2642090320587158,1.0454407930374146
1,block2_v18_seed12,3608,full,3,forward,1,0.9995071887969972,1.022739052772522,1.175230622291565,0.1524915695190429,1.022739052772522
1,block2_v18_seed12,3609,full,4,backward,1,0.9999938011169434,0.5127171874046326,0.7660711407661438,0.2533539533615112,0.5127171874046326
1,block2_v18_seed12,3611,full,4,backward,1,0.9984033703804016,0.7994697093963623,0.9282453656196594,0.1287756562232971,0.7994697093963623
1,block2_v18_seed12,3613,full,4,backward,1,0.9951712489128112,1.1565279960632324,1.263102412223816,0.1065744161605835,1.1565279960632324
1,block2_v18_seed12,3614,full,1,right,1,0.998764991760254,0.4664255678653717,0.601621150970459,0.1351955831050872,0.4664255678653717
1,block2_v18_seed12,3616,full,3,forward,1,0.9992802739143372,1.3451334238052368,1.4904433488845823,0.1453099250793457,1.3451334238052368
1,block2_v18_seed12,3617,full,3,forward,1,0.998616099357605,1.1047698259353638,1.236497402191162,0.1317275762557983,1.1047698259353638
1,block2_v18_seed12,3619,full,1,right,1,0.9999548196792604,0.5279942154884338,0.7444631457328796,0.2164689302444458,0.5279942154884338
1,block2_v18_seed12,3620,full,2,left,1,0.9984571933746338,0.5744116306304932,0.7058464884757996,0.1314348578453064,0.5744116306304932
1,block2_v18_seed12,3621,full,1,right,1,0.9998347759246826,0.5183080434799194,0.6992383003234863,0.1809302568435669,0.5183080434799194
1,block2_v18_seed12,3623,full,1,right,1,0.9983250498771667,0.5955483317375183,0.7341378331184387,0.1385895013809204,0.5955483317375183
1,block2_v18_seed12,3625,full,1,right,1,0.9923120141029358,0.5204593539237976,0.6393143534660339,0.1188549995422363,0.5204593539237976
1,block2_v18_seed12,3626,full,2,left,1,0.9994757771492004,0.41477170586586,0.5738537311553955,0.1590820252895355,0.41477170586586
1,block2_v18_seed12,3628,full,3,forward,1,0.9999997615814208,0.5646801590919495,0.8912396430969238,0.3265594840049743,0.5646801590919495
1,block2_v18_seed12,3629,full,1,right,1,0.9999877214431764,1.188137173652649,1.42697012424469,0.238832950592041,1.188137173652649
1,block2_v18_seed12,3631,full,1,right,1,0.999824583530426,0.5106299519538879,0.6999781727790833,0.1893482208251953,0.5106299519538879
1,block2_v18_seed12,3633,full,1,right,1,0.9987209439277648,0.3677262365818023,0.510534942150116,0.1428087055683136,0.3677262365818023
1,block2_v18_seed12,3634,full,1,right,1,0.9999794960021972,0.4171808660030365,0.6436066031455994,0.2264257371425628,0.4171808660030365
1,block2_v18_seed12,3635,full,2,left,1,0.9968746900558472,0.5482451319694519,0.6696416735649109,0.1213965415954589,0.5482451319694519
1,block2_v18_seed12,3636,full,3,forward,1,0.9997358918190002,0.6329438090324402,0.8144274353981018,0.1814836263656616,0.6329438090324402
1,block2_v18_seed12,3637,full,3,forward,1,0.999885320663452,0.4273115396499634,0.6151748299598694,0.187863290309906,0.4273115396499634
1,block2_v18_seed12,3638,full,4,backward,1,0.999708354473114,0.70708829164505,0.8701830506324768,0.1630947589874267,0.70708829164505
1,block2_v18_seed12,3639,full,3,forward,1,0.9999969005584716,0.9640965461730956,1.2181977033615112,0.2541011571884155,0.9640965461730956
1,block2_v18_seed12,3641,full,4,backward,1,0.9999959468841552,0.3583097159862518,0.6081002354621887,0.2497905194759369,0.3583097159862518
1,block2_v18_seed12,3642,full,3,forward,0,0.4607055187225342,1.2386797666549685,1.246604084968567,0.0079243183135986,1.246604084968567
1,block2_v18_seed12,3644,full,3,forward,1,0.9983475208282472,1.395051121711731,1.5291486978530884,0.1340975761413574,1.395051121711731
1,block2_v18_seed12,3645,full,4,backward,1,0.9984076619148254,1.1546159982681274,1.284135103225708,0.1295191049575805,1.1546159982681274
1,block2_v18_seed12,3646,full,3,forward,1,0.999341070652008,0.6825131773948669,0.8315345644950867,0.1490213871002197,0.6825131773948669
1,block2_v18_seed12,3647,full,1,right,1,0.9988448619842528,0.6330414414405823,0.7804620862007141,0.1474206447601318,0.6330414414405823
1,block2_v18_seed12,3648,full,3,forward,1,0.9992960691452026,1.2441033124923706,1.3919529914855957,0.1478496789932251,1.2441033124923706
1,block2_v18_seed12,3649,full,3,forward,1,0.9992689490318298,1.277359127998352,1.421796202659607,0.1444370746612548,1.277359127998352
1,block2_v18_seed12,3650,full,2,left,1,0.9971906542778016,0.6085073351860046,0.7355656027793884,0.1270582675933838,0.6085073351860046
1,block2_v18_seed12,3651,full,1,right,1,0.995561957359314,0.649667501449585,0.764927089214325,0.1152595877647399,0.649667501449585
1,block2_v18_seed12,3652,full,3,forward,1,0.9999992847442628,0.4896464645862579,0.7866242527961731,0.2969777882099151,0.4896464645862579
1,block2_v18_seed12,3654,full,2,left,1,0.9961308240890504,0.6605664491653442,0.7770618796348572,0.1164954304695129,0.6605664491653442
1,block2_v18_seed12,3655,full,3,forward,1,0.9999159574508668,0.9363974928855896,1.133797526359558,0.1974000334739685,0.9363974928855896
1,block2_v18_seed12,3656,full,2,left,1,0.9857187867164612,2.120057344436645,2.207418441772461,0.0873610973358154,2.120057344436645
1,block2_v18_seed12,3657,full,1,right,1,0.9915560483932496,1.3343520164489746,1.4296704530715942,0.0953184366226196,1.3343520164489746
1,block2_v18_seed12,3658,full,2,left,1,0.9955390095710754,0.4296643733978271,0.5452873706817627,0.1156229972839355,0.4296643733978271
1,block2_v18_seed12,3660,full,1,right,1,0.9998632669448853,0.4602698981761932,0.6563816666603088,0.1961117684841156,0.4602698981761932
1,block2_v18_seed12,3661,full,2,left,1,0.9904751181602478,0.6247289776802063,0.7215619683265686,0.0968329906463623,0.6247289776802063
1,block2_v18_seed12,3662,full,3,forward,1,0.9998687505722046,0.4185736179351806,0.6125215888023376,0.1939479708671569,0.4185736179351806
1,block2_v18_seed12,3663,full,1,right,1,0.9992173910140992,0.5741700530052185,0.7211788296699524,0.1470087766647339,0.5741700530052185
1,block2_v18_seed12,3664,full,1,right,1,0.9897074699401855,1.3452091217041016,1.4476872682571411,0.1024781465530395,1.3452091217041016
1,block2_v18_seed12,3666,full,1,right,1,0.9898450374603271,1.4800256490707395,1.5801438093185425,0.1001181602478027,1.4800256490707395
1,block2_v18_seed12,3667,full,1,right,1,0.9999918937683104,0.5112423896789551,0.7480372786521912,0.236794888973236,0.5112423896789551
1,block2_v18_seed12,3668,full,3,forward,1,0.999997854232788,0.4882713556289673,0.7640461921691895,0.2757748365402221,0.4882713556289673
1,block2_v18_seed12,3669,full,1,right,1,0.9987736344337464,0.6330414414405823,0.7804620862007141,0.1474206447601318,0.6330414414405823
1,block2_v18_seed12,3670,full,1,right,1,0.9996352195739746,1.4882631301879885,1.649605393409729,0.1613422632217407,1.4882631301879885
1,block2_v18_seed12,3673,full,1,right,1,0.9998962879180908,0.7689102292060852,0.9665114283561708,0.1976011991500854,0.7689102292060852
1,block2_v18_seed12,3674,full,2,left,1,0.9999573230743408,1.053563952445984,1.2656673192977903,0.2121033668518066,1.053563952445984
1,block2_v18_seed12,3675,full,1,right,1,0.998789370059967,0.3677262365818023,0.510534942150116,0.1428087055683136,0.3677262365818023
1,block2_v18_seed12,3677,full,2,left,1,0.999816358089447,0.4245749711990356,0.6038788557052612,0.1793038845062255,0.4245749711990356
1,block2_v18_seed12,3678,full,1,right,1,0.998439610004425,0.9686515927314758,1.102930188179016,0.1342785954475402,0.9686515927314758
1,block2_v18_seed12,3679,full,1,right,1,0.9998548030853271,0.4389128684997558,0.6244291067123413,0.1855162382125854,0.4389128684997558
1,block2_v18_seed12,3680,full,4,backward,1,0.9999934434890748,0.3328554928302765,0.5739653706550598,0.2411098778247833,0.3328554928302765
1,block2_v18_seed12,3681,full,4,backward,1,0.998587131500244,0.4618761539459228,0.595012366771698,0.1331362128257751,0.4618761539459228
1,block2_v18_seed12,3682,full,2,left,1,0.999234676361084,1.045012354850769,1.1886056661605835,0.1435933113098144,1.045012354850769
1,block2_v18_seed12,3683,full,2,left,1,0.9915109276771544,0.4874558448791504,0.5846512913703918,0.0971954464912414,0.4874558448791504
1,block2_v18_seed12,3684,full,4,backward,1,0.999990463256836,0.4662438333034515,0.7036203742027283,0.2373765408992767,0.4662438333034515
1,block2_v18_seed12,3686,full,4,backward,1,0.9994329810142516,1.1386361122131348,1.2887507677078247,0.1501146554946899,1.1386361122131348
1,block2_v18_seed12,3687,full,3,forward,1,0.9999549388885498,0.5167624950408936,0.7303909659385681,0.2136284708976745,0.5167624950408936
1,block2_v18_seed12,3688,full,4,backward,1,0.9997130036354064,1.0267372131347656,1.1899298429489136,0.1631926298141479,1.0267372131347656
1,block2_v18_seed12,3689,full,1,right,1,0.999963879585266,0.8911305069923401,1.0986355543136597,0.2075050473213195,0.8911305069923401
1,block2_v18_seed12,3690,full,4,backward,1,0.999996304512024,0.3496224880218506,0.6043720245361328,0.2547495365142822,0.3496224880218506
1,block2_v18_seed12,3691,full,2,left,1,0.9998682737350464,0.4142586886882782,0.6047462821006775,0.1904875934123993,0.4142586886882782
1,block2_v18_seed12,3692,full,4,backward,1,0.9999935626983644,0.4030291140079498,0.6475996375083923,0.2445705235004425,0.4030291140079498
1,block2_v18_seed12,3693,full,4,backward,1,0.9997462630271912,0.5049541592597961,0.6737627983093262,0.16880863904953,0.5049541592597961
1,block2_v18_seed12,3694,full,4,backward,1,0.9993769526481628,0.4901741445064544,0.645697295665741,0.1555231511592865,0.4901741445064544
1,block2_v18_seed12,3695,full,1,right,1,0.9999462366104126,1.161169171333313,1.358711838722229,0.197542667388916,1.161169171333313
1,block2_v18_seed12,3696,full,2,left,1,0.9973734617233276,0.6085073351860046,0.7355656027793884,0.1270582675933838,0.6085073351860046
1,block2_v18_seed12,3697,full,3,forward,1,0.9999971389770508,0.4825568497180938,0.7513832449913025,0.2688263952732086,0.4825568497180938
1,block2_v18_seed12,3699,full,2,left,1,0.9979637861251832,1.0055564641952517,1.1371818780899048,0.1316254138946533,1.0055564641952517
1,block2_v18_seed12,3701,full,3,forward,1,0.9776228070259094,1.3474777936935425,1.4301409721374512,0.0826631784439086,1.3474777936935425
1,block2_v18_seed12,3702,full,2,left,1,0.9987375140190125,0.5627697706222534,0.7016582489013672,0.1388884782791137,0.5627697706222534
1,block2_v18_seed12,3704,full,1,right,1,0.9612189531326294,0.5194417834281921,0.5885773301124573,0.0691355466842651,0.5194417834281921
1,block2_v18_seed12,3706,full,1,right,1,0.999941349029541,1.161169171333313,1.358711838722229,0.197542667388916,1.161169171333313
1,block2_v18_seed12,3707,full,4,backward,1,0.9997965693473816,0.8735753893852234,1.0435895919799805,0.170014202594757,0.8735753893852234
1,block2_v18_seed12,3708,full,4,backward,1,0.9999974966049194,0.4824508726596832,0.7496920228004456,0.2672411501407623,0.4824508726596832
1,block2_v18_seed12,3709,full,4,backward,1,0.9856510758399964,1.197205901145935,1.2818303108215332,0.0846244096755981,1.197205901145935
1,block2_v18_seed12,3710,full,2,left,1,0.992064654827118,1.0839802026748655,1.185441017150879,0.1014608144760131,1.0839802026748655
1,block2_v18_seed12,3711,full,2,left,1,0.9995556473731996,1.0402989387512207,1.1949748992919922,0.1546759605407714,1.0402989387512207
1,block2_v18_seed12,3712,full,4,backward,1,0.9999990463256836,0.5160463452339172,0.8036746382713318,0.2876282930374145,0.5160463452339172
1,block2_v18_seed12,3713,full,3,forward,1,0.9725931286811828,1.008395075798035,1.0804885625839231,0.0720934867858886,1.008395075798035
1,block2_v18_seed12,3714,full,4,backward,1,0.99999737739563,0.3816547095775604,0.6436799168586731,0.2620252072811126,0.3816547095775604
1,block2_v18_seed12,3715,full,2,left,1,0.766420841217041,1.3487731218338013,1.3731870651245115,0.0244139432907104,1.3487731218338013
1,block2_v18_seed12,3716,full,1,right,1,0.9991135001182556,0.5183080434799194,0.6642972826957703,0.1459892392158508,0.5183080434799194
1,block2_v18_seed12,3717,full,4,backward,1,0.8824449181556702,0.6861082911491394,0.7451934814453125,0.059085190296173,0.6861082911491394
1,block2_v18_seed12,3718,full,1,right,1,0.9997523427009584,0.5981786847114563,0.7771719098091125,0.1789932250976562,0.5981786847114563
1,block2_v18_seed12,3719,full,4,backward,1,0.9998376369476318,0.3811260163784027,0.5610535740852356,0.1799275577068328,0.3811260163784027
1,block2_v18_seed12,3721,full,1,right,1,0.997302770614624,1.6007734537124634,1.7202820777893066,0.1195086240768432,1.6007734537124634
1,block2_v18_seed12,3722,full,3,forward,1,0.9998419284820556,1.3830881118774414,1.558323860168457,0.1752357482910156,1.3830881118774414
1,block2_v18_seed12,3723,full,2,left,1,0.999919891357422,0.6702882647514343,0.8660123944282532,0.1957241296768188,0.6702882647514343
1,block2_v18_seed12,3724,full,3,forward,1,0.9823035597801208,1.108683705329895,1.1919366121292114,0.0832529067993164,1.108683705329895
1,block2_v18_seed12,3725,full,3,forward,1,0.997580885887146,1.0801082849502563,1.2116304636001587,0.1315221786499023,1.0801082849502563
1,block2_v18_seed12,3727,full,1,right,1,0.999991774559021,0.5049272179603577,0.7584047317504883,0.2534775137901306,0.5049272179603577
1,block2_v18_seed12,3728,full,4,backward,1,0.9997988343238832,0.3432344496250152,0.5138838291168213,0.170649379491806,0.3432344496250152
1,block2_v18_seed12,3730,full,4,backward,1,0.999607503414154,0.8735753893852234,1.0435895919799805,0.170014202594757,0.8735753893852234
1,block2_v18_seed12,3731,full,1,right,1,0.999812662601471,0.4667011499404907,0.6564687490463257,0.1897675991058349,0.4667011499404907
1,block2_v18_seed12,3732,full,4,backward,1,0.985870897769928,1.043969750404358,1.1382070779800415,0.0942373275756836,1.043969750404358
1,block2_v18_seed12,3733,full,3,forward,1,0.9999290704727172,1.1299175024032593,1.3343181610107422,0.2044006586074829,1.1299175024032593
1,block2_v18_seed12,3734,full,1,right,1,0.9950817823410034,0.649667501449585,0.764927089214325,0.1152595877647399,0.649667501449585
1,block2_v18_seed12,3735,full,4,backward,1,0.9999998807907104,0.4032338559627533,0.7142730355262756,0.3110391795635223,0.4032338559627533
1,block2_v18_seed12,3738,full,4,backward,1,0.9999313354492188,1.3181191682815552,1.515637993812561,0.1975188255310058,1.3181191682815552
1,block2_v18_seed12,3739,full,2,left,1,0.9999995231628418,1.5398197174072266,1.8479584455490112,0.3081387281417846,1.5398197174072266
1,block2_v18_seed12,3740,full,1,right,1,0.9995204210281372,0.5955483317375183,0.7615368962287903,0.1659885644912719,0.5955483317375183
1,block2_v18_seed12,3741,full,1,right,1,0.9998925924301147,0.4466632902622223,0.6330785751342773,0.186415284872055,0.4466632902622223
1,block2_v18_seed12,3742,full,2,left,1,0.4796101450920105,1.483237624168396,1.4868930578231812,0.0036554336547851,1.483237624168396
1,block2_v18_seed12,3743,full,2,left,1,0.9995463490486144,1.1982715129852295,1.3523441553115845,0.1540726423263549,1.1982715129852295
1,block2_v18_seed12,3745,full,2,left,1,0.9999920129776,1.824273705482483,2.0617010593414307,0.2374273538589477,1.824273705482483
1,block2_v18_seed12,3746,full,3,forward,1,0.9936124682426452,1.5065933465957642,1.6112924814224243,0.1046991348266601,1.5065933465957642
1,block2_v18_seed12,3747,full,3,forward,1,0.996240496635437,1.0428214073181152,1.1604112386703491,0.1175898313522338,1.0428214073181152
1,block2_v18_seed12,3748,full,3,forward,1,0.99960058927536,0.6427106261253357,0.8021456599235535,0.1594350337982177,0.6427106261253357
1,block2_v18_seed12,3749,full,1,right,1,0.9994661211967468,0.3677262365818023,0.5317549705505371,0.1640287339687347,0.3677262365818023
1,block2_v18_seed12,3750,full,1,right,1,0.9993895292282104,0.5917984843254089,0.7464358806610107,0.1546373963356018,0.5917984843254089
1,block2_v18_seed12,3751,full,1,right,1,0.9902970194816588,1.4584330320358276,1.5654646158218384,0.1070315837860107,1.4584330320358276
1,block2_v18_seed12,3752,full,4,backward,1,0.9999997615814208,0.3316099345684051,0.6440597772598267,0.3124498426914215,0.3316099345684051
1,block2_v18_seed12,3753,full,1,right,1,0.9985210299491882,1.3611046075820925,1.5042190551757812,0.1431144475936889,1.3611046075820925
1,block2_v18_seed12,3755,full,2,left,1,0.9999593496322632,0.577010452747345,0.7853631973266602,0.2083527445793151,0.577010452747345
1,block2_v18_seed12,3756,full,1,right,1,0.9998389482498168,0.4497392177581787,0.6393887400627136,0.1896495223045349,0.4497392177581787
1,block2_v18_seed12,3758,full,1,right,1,0.99871027469635,1.905622124671936,2.042832374572754,0.1372102499008178,1.905622124671936
1,block2_v18_seed12,3759,full,2,left,1,0.994712233543396,1.2370857000350952,1.3432968854904177,0.1062111854553222,1.2370857000350952
1,block2_v18_seed12,3760,full,1,right,1,0.9994310736656188,0.5882176756858826,0.7526081204414368,0.1643904447555542,0.5882176756858826
1,block2_v18_seed12,3761,full,4,backward,1,0.9973908066749572,0.3931428492069244,0.5202276706695557,0.1270848214626312,0.3931428492069244
1,block2_v18_seed12,3762,full,2,left,1,0.6171026825904846,1.6804885864257812,1.6900348663330078,0.0095462799072265,1.6804885864257812
1,block2_v18_seed12,3763,full,3,forward,1,0.999702513217926,1.377253174781799,1.5413423776626587,0.1640892028808593,1.377253174781799
1,block2_v18_seed12,3766,full,1,right,1,0.9973883032798768,1.6007734537124634,1.7202820777893066,0.1195086240768432,1.6007734537124634
1,block2_v18_seed12,3767,full,2,left,1,0.9867226481437684,1.0630114078521729,1.1591700315475464,0.0961586236953735,1.0630114078521729
1,block2_v18_seed12,3769,full,2,left,1,0.9991586208343506,1.045012354850769,1.1886056661605835,0.1435933113098144,1.045012354850769
1,block2_v18_seed12,3770,full,3,forward,1,0.9995447993278505,0.4201497733592987,0.5827397704124451,0.1625899970531463,0.4201497733592987
1,block2_v18_seed12,3771,full,2,left,1,0.9824640154838562,2.2146778106689453,2.3137385845184326,0.0990607738494873,2.2146778106689453
1,block2_v18_seed12,3772,full,2,left,1,0.999901533126831,0.3227573037147522,0.522034227848053,0.1992769241333007,0.3227573037147522
1,block2_v18_seed12,3774,full,1,right,1,0.9847646951675416,1.7703876495361328,1.8546772003173828,0.08428955078125,1.7703876495361328
1,block2_v18_seed12,3775,full,4,backward,1,0.9938989877700806,1.026279091835022,1.1286386251449585,0.1023595333099365,1.026279091835022
1,block2_v18_seed12,3776,full,2,left,1,0.9998489618301392,0.3230604231357574,0.5035672187805176,0.1805067956447601,0.3230604231357574
1,block2_v18_seed12,3777,full,1,right,1,0.7690643668174744,1.1717344522476196,1.2035629749298096,0.0318285226821899,1.1717344522476196
1,block2_v18_seed12,3778,full,4,backward,1,0.9996515512466432,0.8295669555664062,0.999811828136444,0.1702448725700378,0.8295669555664062
1,block2_v18_seed12,3779,full,4,backward,1,0.9993869066238404,0.4618761539459228,0.6142554879188538,0.1523793339729309,0.4618761539459228
1,block2_v18_seed12,3780,full,1,right,1,0.9999562501907348,0.472764104604721,0.6841058731079102,0.2113417685031891,0.472764104604721
1,block2_v18_seed12,3781,full,2,left,1,0.9992513060569764,2.009077787399292,2.154425621032715,0.1453478336334228,2.009077787399292
1,block2_v18_seed12,3782,full,2,left,1,0.9999396800994872,0.4561346471309662,0.669409453868866,0.2132748067378997,0.4561346471309662
1,block2_v18_seed12,3785,full,2,left,0,0.594109058380127,1.8199735879898071,1.8276358842849727,0.007662296295166,1.8276358842849727
1,block2_v18_seed12,3786,full,1,right,1,0.9953762292861938,0.5714082717895508,0.7013155817985535,0.1299073100090026,0.5714082717895508
1,block2_v18_seed12,3787,full,4,backward,1,0.9997950196266174,0.444729596376419,0.6155498623847961,0.170820266008377,0.444729596376419
1,block2_v18_seed12,3788,full,1,right,1,0.9986849427223206,0.4664255678653717,0.6040918827056885,0.1376663148403167,0.4664255678653717
1,block2_v18_seed12,3789,full,3,forward,1,0.9995976090431212,0.5541156530380249,0.7188527584075928,0.1647371053695678,0.5541156530380249
1,block2_v18_seed12,3791,full,2,left,1,0.9993879795074464,1.1301143169403076,1.2797867059707642,0.1496723890304565,1.1301143169403076
1,block2_v18_seed12,3792,full,2,left,1,0.9994567036628724,0.4341376721858978,0.6030089855194092,0.1688713133335113,0.4341376721858978
1,block2_v18_seed12,3793,full,3,forward,1,0.9991376399993896,1.2868434190750122,1.4406801462173462,0.1538367271423339,1.2868434190750122
1,block2_v18_seed12,3794,full,3,forward,1,0.9981570839881896,0.4321769773960113,0.5629352927207947,0.1307583153247833,0.4321769773960113
1,block2_v18_seed12,3796,full,3,forward,1,0.9879857897758484,1.3288272619247437,1.4217020273208618,0.0928747653961181,1.3288272619247437
1,block2_v18_seed12,3797,full,2,left,1,0.9967182278633118,1.099092960357666,1.2261663675308228,0.1270734071731567,1.099092960357666
1,block2_v18_seed12,3798,full,3,forward,1,0.9974959492683412,0.8899596333503723,1.0211162567138672,0.1311566233634948,0.8899596333503723
1,block2_v18_seed12,3799,full,1,right,1,0.9998058676719666,0.9830980896949768,1.1595611572265625,0.1764630675315857,0.9830980896949768
1,block2_v18_seed12,3800,full,1,right,1,0.9919376969337464,1.0035929679870603,1.1099008321762085,0.1063078641891479,1.0035929679870603
1,block2_v18_seed12,3801,full,1,right,1,0.9984170198440552,0.4255669116973877,0.5614240169525146,0.1358571052551269,0.4255669116973877
1,block2_v18_seed12,3806,full,1,right,1,0.9687008261680604,1.2645355463027954,1.3356481790542605,0.0711126327514648,1.2645355463027954
1,block2_v18_seed12,3807,full,2,left,1,0.9971344470977784,1.053563952445984,1.1714136600494385,0.1178497076034545,1.053563952445984
1,block2_v18_seed12,3808,full,4,backward,1,0.9980870485305786,0.88205486536026,1.0083097219467163,0.1262548565864563,0.88205486536026
1,block2_v18_seed12,3809,full,2,left,1,0.9984254837036132,0.5178493857383728,0.6510084271430969,0.1331590414047241,0.5178493857383728
1,block2_v18_seed12,3810,full,1,right,1,0.9999737739562988,0.4826685190200805,0.7054434418678284,0.2227749228477478,0.4826685190200805
1,block2_v18_seed12,3811,full,4,backward,1,0.9999961853027344,0.3496224880218506,0.6043720245361328,0.2547495365142822,0.3496224880218506
1,block2_v18_seed12,3813,full,2,left,1,0.9998183846473694,0.4751062393188476,0.6680105328559875,0.1929042935371399,0.4751062393188476
1,block2_v18_seed12,3815,full,4,backward,1,0.6375201940536499,0.8635084629058838,0.8748647570610046,0.0113562941551208,0.8635084629058838
1,block2_v18_seed12,3816,full,3,forward,1,0.9999184608459472,0.6329438090324402,0.8304276466369629,0.1974838376045227,0.6329438090324402
1,block2_v18_seed12,3817,full,1,right,1,0.9973669648170472,1.6007734537124634,1.7202820777893066,0.1195086240768432,1.6007734537124634
1,block2_v18_seed12,3818,full,2,left,1,0.9999327659606934,0.3387081921100616,0.5441127419471741,0.2054045498371124,0.3387081921100616
1,block2_v18_seed12,3819,full,2,left,1,0.9984042048454284,0.5312946438789368,0.6667328476905823,0.1354382038116455,0.5312946438789368
1,block2_v18_seed12,3821,full,2,left,1,0.9998573064804076,0.3230604231357574,0.5035672187805176,0.1805067956447601,0.3230604231357574
1,block2_v18_seed12,3822,full,4,backward,1,0.9974992871284484,0.9191439747810364,1.0389827489852903,0.1198387742042541,0.9191439747810364
1,block2_v18_seed12,3823,full,4,backward,1,0.9999022483825684,0.9391417503356934,1.1238114833831787,0.1846697330474853,0.9391417503356934
1,block2_v18_seed12,3824,full,4,backward,1,0.9983904361724854,0.7942964434623718,0.9334135055541992,0.1391170620918274,0.7942964434623718
1,block2_v18_seed12,3825,full,3,forward,1,0.8094451427459717,1.246604084968567,1.2819267511367798,0.0353226661682128,1.246604084968567
1,block2_v18_seed12,3826,full,4,backward,1,0.9996683597564696,0.9985750317573548,1.1588622331619265,0.1602872014045715,0.9985750317573548
1,block2_v18_seed12,3828,full,2,left,1,0.9974498152732848,1.3834127187728882,1.5092171430587769,0.1258044242858886,1.3834127187728882
1,block2_v18_seed12,3829,full,2,left,1,0.999449908733368,1.0446702241897583,1.2109295129776,0.1662592887878418,1.0446702241897583
1,block2_v18_seed12,3830,full,2,left,1,0.998685896396637,1.109249234199524,1.242143630981445,0.1328943967819214,1.109249234199524
1,block2_v18_seed12,3832,full,1,right,1,0.9930129647254944,1.1378257274627686,1.2420936822891235,0.1042679548263549,1.1378257274627686
1,block2_v18_seed12,3835,full,2,left,1,0.9970520734786988,1.0014339685440063,1.1197004318237305,0.1182664632797241,1.0014339685440063
1,block2_v18_seed12,3836,full,2,left,1,0.9998292922973632,1.7798997163772583,1.9555600881576536,0.1756603717803955,1.7798997163772583
1,block2_v18_seed12,3837,full,2,left,1,0.9897924661636353,2.2146778106689453,2.3137385845184326,0.0990607738494873,2.2146778106689453
1,block2_v18_seed12,3838,full,3,forward,1,0.999233603477478,0.533058762550354,0.6846477389335632,0.1515889763832092,0.533058762550354
1,block2_v18_seed12,3839,full,1,right,1,0.9998607635498048,0.9597476124763488,1.1592087745666504,0.1994611620903015,0.9597476124763488
1,block2_v18_seed12,3840,full,4,backward,1,0.9974979758262634,0.9191439747810364,1.0389827489852903,0.1198387742042541,0.9191439747810364
1,block2_v18_seed12,3841,full,4,backward,1,0.9434034824371338,0.6861082911491394,0.7520952820777893,0.0659869909286499,0.6861082911491394
1,block2_v18_seed12,3842,full,2,left,1,0.9643887281417848,0.4815123379230499,0.5512652397155762,0.0697529017925262,0.4815123379230499
1,block2_v18_seed12,3844,full,2,left,1,0.9994939565658568,0.6687095165252686,0.8373624682426453,0.1686529517173767,0.6687095165252686
1,block2_v18_seed12,3846,full,2,left,1,0.9934830069541932,1.0839802026748655,1.185441017150879,0.1014608144760131,1.0839802026748655
1,block2_v18_seed12,3847,full,3,forward,1,0.9999470710754396,0.9363974928855896,1.133797526359558,0.1974000334739685,0.9363974928855896
1,block2_v18_seed12,3848,full,1,right,1,0.9500347375869752,1.1963917016983032,1.258624792098999,0.0622330904006958,1.1963917016983032
1,block2_v18_seed12,3849,full,1,right,1,0.9953963160514832,0.5882176756858826,0.697624683380127,0.1094070076942443,0.5882176756858826
1,block2_v18_seed12,3850,full,3,forward,1,0.999266803264618,0.5583497881889343,0.7092577815055847,0.1509079933166504,0.5583497881889343
1,block2_v18_seed12,3852,full,4,backward,1,0.9991263747215272,0.5190107226371765,0.6680598855018616,0.149049162864685,0.5190107226371765
1,block2_v18_seed12,3853,full,1,right,1,0.9998788833618164,0.9909534454345704,1.1725003719329834,0.181546926498413,0.9909534454345704
1,block2_v18_seed12,3854,full,2,left,1,0.9993599057197572,0.5953721404075623,0.742870032787323,0.1474978923797607,0.5953721404075623
1,block2_v18_seed12,3855,full,4,backward,1,0.9839950799942015,1.3777848482131958,1.4601739645004272,0.0823891162872314,1.3777848482131958
1,block2_v18_seed12,3856,full,4,backward,1,0.9966226816177368,0.971506118774414,1.0946701765060425,0.1231640577316284,0.971506118774414
1,block2_v18_seed12,3859,full,3,forward,1,0.999756157398224,0.5167624950408936,0.6911711692810059,0.1744086742401123,0.5167624950408936
1,block2_v18_seed12,3861,full,4,backward,1,0.9992281198501588,0.8059471249580383,0.9633846282958984,0.1574375033378601,0.8059471249580383
1,block2_v18_seed12,3862,full,2,left,1,0.9548653960227966,0.4636366367340088,0.5261351466178894,0.0624985098838806,0.4636366367340088
1,block2_v18_seed12,3863,full,2,left,1,0.9990131855010986,0.5135107636451721,0.6708952784538269,0.1573845148086547,0.5135107636451721
1,block2_v18_seed12,3864,full,2,left,1,0.9761155247688292,1.7480388879776,1.8224672079086304,0.0744283199310302,1.7480388879776
1,block2_v18_seed12,3865,full,3,forward,1,0.9999727010726928,0.4434281885623932,0.6608520150184631,0.2174238264560699,0.4434281885623932
1,block2_v18_seed12,3866,full,3,forward,1,0.9994614720344543,1.181792378425598,1.3341375589370728,0.1523451805114746,1.181792378425598
1,block2_v18_seed12,3867,full,4,backward,1,0.9999160766601562,0.3316256999969482,0.5229925513267517,0.1913668513298034,0.3316256999969482
1,block2_v18_seed12,3868,full,4,backward,1,0.9993826150894164,0.5356925129890442,0.6901682019233704,0.1544756889343261,0.5356925129890442
1,block2_v18_seed12,3869,full,3,forward,1,0.9928234815597534,1.1299175024032593,1.2327831983566284,0.1028656959533691,1.1299175024032593
1,block2_v18_seed12,3870,full,4,backward,1,0.9999957084655762,0.3805207312107086,0.6400146484375,0.2594939172267914,0.3805207312107086
1,block2_v18_seed12,3871,full,4,backward,1,0.999583065509796,0.8295669555664062,0.999811828136444,0.1702448725700378,0.8295669555664062
1,block2_v18_seed12,3873,full,3,forward,1,0.9998499155044556,0.5652050375938416,0.7455539703369141,0.1803489327430725,0.5652050375938416
1,block2_v18_seed12,3874,full,2,left,1,0.9992814660072328,0.6173166036605835,0.7629629969596863,0.1456463932991027,0.6173166036605835
1,block2_v18_seed12,3875,full,1,right,1,0.9684688448905944,0.5371426939964294,0.6179681420326233,0.0808254480361938,0.5371426939964294
1,block2_v18_seed12,3879,full,4,backward,1,0.9977059364318848,0.971849262714386,1.0934890508651731,0.1216397881507873,0.971849262714386
1,block2_v18_seed12,3880,full,1,right,1,0.9999563694000244,0.4161101281642914,0.6234097480773926,0.2072996199131012,0.4161101281642914
1,block2_v18_seed12,3881,full,3,forward,1,0.9998248219490052,0.4642684757709503,0.6495477557182312,0.1852792799472808,0.4642684757709503
1,block2_v18_seed12,3882,full,4,backward,1,0.9979798197746276,0.8863100409507751,1.0108059644699097,0.1244959235191345,0.8863100409507751
1,block2_v18_seed12,3884,full,1,right,1,0.9975516200065612,0.3657994270324707,0.4947889745235443,0.1289895474910736,0.3657994270324707
1,block2_v18_seed12,3885,full,4,backward,1,0.9916489124298096,0.4366894066333771,0.5481750965118408,0.1114856898784637,0.4366894066333771
1,block2_v18_seed12,3886,full,3,forward,1,0.9995365142822266,0.3851124346256256,0.5531096458435059,0.1679972112178802,0.3851124346256256
1,block2_v18_seed12,3887,full,3,forward,1,0.9999598264694214,0.3636790215969085,0.5820481181144714,0.2183690965175628,0.3636790215969085
1,block2_v18_seed12,3888,full,1,right,1,0.9992868304252625,1.065773606300354,1.214687466621399,0.1489138603210449,1.065773606300354
1,block2_v18_seed12,3890,full,4,backward,1,0.9999808073043824,0.4662438333034515,0.692874014377594,0.2266301810741424,0.4662438333034515
1,block2_v18_seed12,3891,full,1,right,1,0.9998801946640016,1.1057809591293335,1.2933971881866455,0.187616229057312,1.1057809591293335
1,block2_v18_seed12,3893,full,2,left,1,0.9988583326339722,1.337654709815979,1.477122187614441,0.1394674777984619,1.337654709815979
1,block2_v18_seed12,3895,full,2,left,1,0.9994624257087708,0.5238953232765198,0.6751945614814758,0.151299238204956,0.5238953232765198
1,block2_v18_seed12,3896,full,1,right,1,0.9859806299209596,1.5244823694229126,1.6098136901855469,0.0853313207626342,1.5244823694229126
1,block2_v18_seed12,3897,full,4,backward,1,0.9795929193496704,0.9473852515220642,1.0337730646133425,0.086387813091278,0.9473852515220642
1,block2_v18_seed12,3898,full,4,backward,1,0.99996018409729,0.4562519490718841,0.6727290749549866,0.2164771258831024,0.4562519490718841
1,block2_v18_seed12,3899,full,3,forward,1,0.9937426447868348,1.5216349363327026,1.6275320053100586,0.1058970689773559,1.5216349363327026
1,block2_v18_seed12,3900,full,3,forward,1,0.9777123928070068,0.408235639333725,0.4877307713031769,0.0794951319694519,0.408235639333725
1,block2_v18_seed12,3901,full,2,left,1,0.9999160766601562,0.6851809620857239,0.8772876858711243,0.1921067237854004,0.6851809620857239
1,block2_v18_seed12,3902,full,1,right,1,0.9988157749176024,0.6024126410484314,0.7428157925605774,0.140403151512146,0.6024126410484314
1,block2_v18_seed12,3904,full,1,right,1,0.999771773815155,0.6970981955528259,0.8740849494934082,0.1769867539405822,0.6970981955528259
1,block2_v18_seed12,3905,full,2,left,1,0.9887107014656068,0.5021194219589233,0.5945948958396912,0.0924754738807678,0.5021194219589233
1,block2_v18_seed12,3907,full,1,right,1,0.998865246772766,0.7741027474403381,0.9132114052772522,0.139108657836914,0.7741027474403381
1,block2_v18_seed12,3909,full,4,backward,1,0.9998419284820556,0.3505107462406158,0.5305439829826355,0.1800332367420196,0.3505107462406158
1,block2_v18_seed12,3910,full,3,forward,1,0.5915248990058899,1.2239348888397217,1.2338298559188845,0.0098949670791625,1.2239348888397217
1,block2_v18_seed12,3912,full,2,left,1,0.9942356944084167,1.373609185218811,1.4773598909378052,0.1037507057189941,1.373609185218811
1,block2_v18_seed12,3913,full,3,forward,1,0.9995842576026917,0.8533658981323242,1.0091458559036257,0.1557799577713012,0.8533658981323242
1,block2_v18_seed12,3914,full,2,left,1,0.9651296734809875,0.4815123379230499,0.5512652397155762,0.0697529017925262,0.4815123379230499
1,block2_v18_seed12,3915,full,2,left,1,0.9966626763343812,0.6605664491653442,0.7770618796348572,0.1164954304695129,0.6605664491653442
1,block2_v18_seed12,3916,full,2,left,1,0.9938274025917052,1.015360951423645,1.121802568435669,0.1064416170120239,1.015360951423645
1,block2_v18_seed12,3917,full,1,right,1,0.9927803874015808,1.156669020652771,1.2552355527877808,0.0985665321350097,1.156669020652771
1,block2_v18_seed12,3918,full,1,right,1,0.9998966455459596,0.4627892076969147,0.6516240835189819,0.1888348758220672,0.4627892076969147
1,block2_v18_seed12,3921,full,1,right,1,0.9998654127120972,0.6958919167518616,0.8841676712036133,0.1882757544517517,0.6958919167518616
1,block2_v18_seed12,3922,full,2,left,1,0.9912918210029602,0.6908057332038879,0.7950022220611572,0.1041964888572692,0.6908057332038879
1,block2_v18_seed12,3923,full,4,backward,1,0.996128797531128,0.6428601741790771,0.7690585255622864,0.1261983513832092,0.6428601741790771
1,block2_v18_seed12,3924,full,3,forward,1,0.9851935505867004,1.372561812400818,1.4673696756362915,0.0948078632354736,1.372561812400818
1,block2_v18_seed12,3927,full,1,right,1,0.974589228630066,1.3507007360458374,1.4410003423690796,0.0902996063232421,1.3507007360458374
1,block2_v18_seed12,3928,full,3,forward,1,0.9944730401039124,0.5593631863594055,0.6805999875068665,0.1212368011474609,0.5593631863594055
1,block2_v18_seed12,3930,full,2,left,1,0.9970017075538636,0.4720495939254761,0.5900878310203552,0.1180382370948791,0.4720495939254761
1,block2_v18_seed12,3931,full,1,right,1,0.984046757221222,1.5689536333084106,1.6567015647888184,0.0877479314804077,1.5689536333084106
1,block2_v18_seed12,3933,full,3,forward,1,0.9999812841415404,0.5089436769485474,0.7313640117645264,0.222420334815979,0.5089436769485474
1,block2_v18_seed12,3934,full,4,backward,1,0.9999979734420776,0.3583097159862518,0.6224322319030762,0.2641225159168243,0.3583097159862518
1,block2_v18_seed12,3935,full,3,forward,1,0.9999998807907104,0.8037562370300293,1.1343523263931274,0.3305960893630981,0.8037562370300293
1,block2_v18_seed12,3936,full,3,forward,1,0.9986788630485536,1.1391648054122925,1.2723687887191772,0.1332039833068847,1.1391648054122925
1,block2_v18_seed12,3939,full,1,right,1,0.9998292922973632,0.4627892076969147,0.6466901302337646,0.1839009225368499,0.4627892076969147
1,block2_v18_seed12,3940,full,2,left,1,0.9997380375862122,0.3634741008281708,0.5378378033638,0.1743637025356292,0.3634741008281708
1,block2_v18_seed12,3942,full,4,backward,1,0.9999960660934448,0.4358055591583252,0.6946890950202942,0.258883535861969,0.4358055591583252
1,block2_v18_seed12,3943,full,1,right,1,0.9997633099555968,0.505793035030365,0.6908736228942871,0.1850805878639221,0.505793035030365
1,block2_v18_seed12,3944,full,3,forward,1,0.9991857409477234,1.3845176696777344,1.52776300907135,0.1432453393936157,1.3845176696777344
1,block2_v18_seed12,3945,full,2,left,1,0.996618628501892,1.2109591960906982,1.3297325372695925,0.118773341178894,1.2109591960906982
1,block2_v18_seed12,3947,full,1,right,1,0.9983646273612976,0.5122496485710144,0.6528425812721252,0.1405929327011108,0.5122496485710144
1,block2_v18_seed12,3948,full,1,right,1,0.96348774433136,1.1963917016983032,1.2668684720993042,0.0704767704010009,1.1963917016983032
1,block2_v18_seed12,3951,full,2,left,1,0.9978197813034058,0.5744116306304932,0.7058464884757996,0.1314348578453064,0.5744116306304932
1,block2_v18_seed12,3952,full,4,backward,1,0.9993448853492736,0.5356925129890442,0.6830064654350281,0.1473139524459839,0.5356925129890442
1,block2_v18_seed12,3953,full,4,backward,1,0.9999043941497804,1.0749257802963257,1.269530177116394,0.1946043968200683,1.0749257802963257
1,block2_v18_seed12,3954,full,2,left,1,0.9857187867164612,2.120057344436645,2.207418441772461,0.0873610973358154,2.120057344436645
1,block2_v18_seed12,3955,full,1,right,1,0.997979462146759,0.5882176756858826,0.7167229056358337,0.1285052299499511,0.5882176756858826
1,block2_v18_seed12,3956,full,4,backward,1,0.9951377511024476,0.4366894066333771,0.5583065152168274,0.1216171085834503,0.4366894066333771
1,block2_v18_seed12,3957,full,3,forward,1,0.9997164607048036,0.5094097256660461,0.6844921112060547,0.1750823855400085,0.5094097256660461
1,block2_v18_seed12,3958,full,2,left,1,0.9989420771598816,0.3733860552310943,0.5129210948944092,0.1395350396633148,0.3733860552310943
1,block2_v18_seed12,3959,full,4,backward,1,0.9996708631515504,0.505588710308075,0.6730291843414307,0.1674404740333557,0.505588710308075
1,block2_v18_seed12,3961,full,1,right,1,0.9959256649017334,1.600520133972168,1.7232996225357056,0.1227794885635376,1.600520133972168
1,block2_v18_seed12,3962,full,2,left,1,0.9999080896377563,0.9227066040039062,1.1115286350250244,0.1888220310211181,0.9227066040039062
1,block2_v18_seed12,3963,full,1,right,1,0.9999998807907104,1.7468782663345337,2.066969156265259,0.3200908899307251,1.7468782663345337
1,block2_v18_seed12,3964,full,4,backward,1,0.99968683719635,0.5882821083068848,0.759905993938446,0.1716238856315612,0.5882821083068848
1,block2_v18_seed12,3966,full,4,backward,1,0.999303102493286,0.5412004590034485,0.7046158313751221,0.1634153723716735,0.5412004590034485
1,block2_v18_seed12,3968,full,1,right,1,0.9998605251312256,0.5279942154884338,0.7134379744529724,0.1854437589645385,0.5279942154884338
1,block2_v18_seed12,3969,full,4,backward,1,0.9999957084655762,0.3583097159862518,0.6081002354621887,0.2497905194759369,0.3583097159862518
1,block2_v18_seed12,3970,full,2,left,1,0.999923586845398,0.3364701271057129,0.5288577675819397,0.1923876404762268,0.3364701271057129
1,block2_v18_seed12,3972,full,1,right,1,0.9914775490760804,1.438341736793518,1.540798544883728,0.1024568080902099,1.438341736793518
1,block2_v18_seed12,3973,full,1,right,1,0.9999402761459352,0.4952180683612823,0.7001343369483948,0.2049162685871124,0.4952180683612823
1,block2_v18_seed12,3974,full,3,forward,1,0.9997531771659852,0.4049099385738373,0.5812831521034241,0.1763732135295868,0.4049099385738373
1,block2_v18_seed12,3975,full,1,right,1,0.9981493949890136,1.022078514099121,1.154619812965393,0.1325412988662719,1.022078514099121
1,block2_v18_seed12,3976,full,2,left,1,0.9986818432807922,1.146276831626892,1.2795671224594116,0.1332902908325195,1.146276831626892
1,block2_v18_seed12,3977,full,2,left,1,0.9992533326148988,0.5890060067176819,0.7491289973258972,0.1601229906082153,0.5890060067176819
1,block2_v18_seed12,3978,full,2,left,1,0.9987806677818298,1.5398197174072266,1.6741458177566528,0.1343261003494262,1.5398197174072266
1,block2_v18_seed12,3979,full,1,right,1,0.999907612800598,0.3984794318675995,0.5961408019065857,0.1976613700389862,0.3984794318675995
1,block2_v18_seed12,3980,full,1,right,1,0.995412051677704,1.0350533723831177,1.1486963033676147,0.113642930984497,1.0350533723831177
1,block2_v18_seed12,3981,full,3,forward,1,0.99987530708313,0.3976964056491852,0.5797858834266663,0.182089477777481,0.3976964056491852
1,block2_v18_seed12,3982,full,2,left,1,0.9945599436759948,1.0630114078521729,1.1697155237197876,0.1067041158676147,1.0630114078521729
1,block2_v18_seed12,3983,full,2,left,1,0.970604121685028,0.6908057332038879,0.7615330815315247,0.0707273483276367,0.6908057332038879
1,block2_v18_seed12,3984,full,3,forward,1,0.9989004135131836,0.5446870923042297,0.6960062980651855,0.1513192057609558,0.5446870923042297
1,block2_v18_seed12,3985,full,3,forward,1,0.9997714161872864,1.0953713655471802,1.2720792293548584,0.1767078638076782,1.0953713655471802
1,block2_v18_seed12,3987,full,1,right,1,0.9988508224487304,0.6024126410484314,0.7433276772499084,0.140915036201477,0.6024126410484314
1,block2_v18_seed12,3988,full,1,right,1,0.9999568462371826,0.3931438028812408,0.6033352017402649,0.210191398859024,0.3931438028812408
1,block2_v18_seed12,3989,full,3,forward,1,0.9969480633735656,1.3950510025024414,1.5211082696914673,0.1260572671890258,1.3950510025024414
1,block2_v18_seed12,3990,full,3,forward,1,0.9992497563362122,1.2937730550765991,1.4446994066238403,0.1509263515472412,1.2937730550765991
1,block2_v18_seed12,3991,full,2,left,1,0.9986090064048768,0.5306613445281982,0.6692452430725098,0.1385838985443115,0.5306613445281982
1,block2_v18_seed12,3992,full,2,left,1,0.998829424381256,0.6570422053337097,0.7931655049324036,0.1361232995986938,0.6570422053337097
1,block2_v18_seed12,3993,full,2,left,1,0.9999762773513794,1.7294615507125854,1.9532628059387207,0.2238012552261352,1.7294615507125854
1,block2_v18_seed12,3995,full,2,left,1,0.996639370918274,2.041578769683838,2.1598222255706787,0.1182434558868408,2.041578769683838
1,block2_v18_seed12,3996,full,2,left,1,0.9988346695899964,0.3216692209243774,0.4676527678966522,0.1459835469722747,0.3216692209243774
1,block2_v18_seed12,3998,full,2,left,1,0.9453914761543274,1.2370858192443848,1.2959786653518677,0.0588928461074829,1.2370858192443848
1,block2_v18_seed12,3999,full,2,left,1,0.9999843835830688,0.9227065443992616,1.153966784477234,0.2312602400779724,0.9227065443992616
1,block3_h36_seed13,3500,small_full,4,backward,1,0.9999455213546752,1.1783097982406616,1.391191840171814,0.2128820419311523,1.1783097982406616
1,block3_h36_seed13,3501,small_full,1,right,1,0.8336398601531982,1.2456337213516235,1.282142996788025,0.0365092754364013,1.2456337213516235
1,block3_h36_seed13,3502,small_full,3,forward,1,0.9999727010726928,0.7564560770988464,0.9725129008293152,0.2160568237304687,0.7564560770988464
1,block3_h36_seed13,3503,small_full,3,forward,1,0.9073651432991028,1.2305408716201782,1.2822169065475464,0.0516760349273681,1.2305408716201782
1,block3_h36_seed13,3504,small_full,4,backward,0,0.4779999256134033,0.9540087580680848,0.9579164385795592,0.0039076805114746,0.9579164385795592
1,block3_h36_seed13,3506,small_full,4,backward,1,0.9987123012542723,1.0141099691390991,1.1496018171310425,0.1354918479919433,1.0141099691390991
1,block3_h36_seed13,3507,small_full,2,left,0,0.8062679767608643,1.1866151094436646,1.2168017625808716,0.030186653137207,1.2168017625808716
1,block3_h36_seed13,3508,small_full,4,backward,1,0.9999994039535522,1.0374313592910769,1.3290061950683594,0.2915748357772827,1.0374313592910769
1,block3_h36_seed13,3509,small_full,2,left,1,0.8978331685066223,1.1568962335586548,1.2118595838546753,0.0549633502960205,1.1568962335586548
1,block3_h36_seed13,3510,small_full,2,left,1,0.9873161315917968,1.2658721208572388,1.3681520223617554,0.1022799015045166,1.2658721208572388
1,block3_h36_seed13,3511,small_full,1,right,1,0.7000132203102112,1.4693437814712524,1.4878305196762085,0.018486738204956,1.4693437814712524
1,block3_h36_seed13,3512,small_full,1,right,0,0.8441883325576782,1.2973942756652832,1.343711018562317,0.0463167428970336,1.3629961013793943
1,block3_h36_seed13,3513,small_full,1,right,1,0.967856764793396,1.2030202150344849,1.2909603118896484,0.0879400968551635,1.2030202150344849
1,block3_h36_seed13,3514,small_full,3,forward,1,0.9999265670776368,1.617417335510254,1.8101444244384768,0.1927270889282226,1.617417335510254
1,block3_h36_seed13,3518,small_full,4,backward,1,0.9657424688339232,0.9342551231384276,1.0104352235794067,0.076180100440979,0.9342551231384276
1,block3_h36_seed13,3520,small_full,3,forward,1,0.968196988105774,1.300416350364685,1.38068687915802,0.0802705287933349,1.300416350364685
1,block3_h36_seed13,3521,small_full,2,left,0,0.7756887674331665,1.2117308378219604,1.249062418937683,0.0373315811157226,1.2607935667037964
1,block3_h36_seed13,3522,small_full,1,right,0,0.8226998448371887,0.9098379015922546,0.9425083994865416,0.0326704978942871,0.9939829707145692
1,block3_h36_seed13,3523,small_full,3,forward,0,0.7846208810806274,1.3778778314590454,1.4149905443191528,0.0371127128601074,1.4256505966186523
1,block3_h36_seed13,3524,small_full,2,left,1,0.6972068548202515,1.4320188760757446,1.457563042640686,0.0255441665649414,1.4320188760757446
1,block3_h36_seed13,3525,small_full,2,left,1,0.9770781993865968,1.4406200647354126,1.5174627304077148,0.0768426656723022,1.4406200647354126
1,block3_h36_seed13,3526,small_full,4,backward,1,0.9946034550666808,1.5155768394470217,1.621498703956604,0.1059218645095825,1.5155768394470217
1,block3_h36_seed13,3527,small_full,4,backward,1,0.9808363914489746,1.3559755086898804,1.441991686820984,0.0860161781311035,1.3559755086898804
1,block3_h36_seed13,3528,small_full,2,left,0,0.6479706168174744,0.915754497051239,0.9285566210746764,0.0128021240234375,0.9285566210746764
1,block3_h36_seed13,3529,small_full,1,right,1,0.8842883706092834,1.2530730962753296,1.298244595527649,0.0451714992523193,1.2530730962753296
1,block3_h36_seed13,3531,small_full,3,forward,1,0.9999960660934448,0.9484143257141112,1.2125924825668335,0.2641781568527221,0.9484143257141112
1,block3_h36_seed13,3532,small_full,3,forward,1,0.9999567270278932,0.9183120727539062,1.1410762071609497,0.2227641344070434,0.9183120727539062
1,block3_h36_seed13,3533,small_full,1,right,0,0.3987275063991546,1.9878579378128047,1.9935156106948853,0.00565767288208,1.9935156106948853
1,block3_h36_seed13,3534,small_full,2,left,1,0.996325433254242,0.9779810905456544,1.107457995414734,0.1294769048690796,0.9779810905456544
1,block3_h36_seed13,3536,small_full,2,left,1,0.9997085928916932,0.9670258164405824,1.1481393575668335,0.1811135411262512,0.9670258164405824
1,block3_h36_seed13,3537,small_full,1,right,1,0.9834874272346495,1.7202162742614746,1.811215043067932,0.0909987688064575,1.7202162742614746
1,block3_h36_seed13,3538,small_full,1,right,0,0.7411827445030212,1.413124680519104,1.43476140499115,0.0216367244720459,1.43476140499115
1,block3_h36_seed13,3539,small_full,2,left,1,0.99093759059906,1.6486104726791382,1.7442607879638672,0.095650315284729,1.6486104726791382
1,block3_h36_seed13,3540,small_full,4,backward,1,0.9931092262268066,1.0172282457351685,1.1194642782211304,0.1022360324859619,1.0172282457351685
1,block3_h36_seed13,3541,small_full,2,left,1,0.9490445852279664,1.6028512716293335,1.668507099151611,0.0656558275222778,1.6028512716293335
1,block3_h36_seed13,3542,small_full,4,backward,1,0.991323471069336,1.116905689239502,1.211759328842163,0.0948536396026611,1.116905689239502
1,block3_h36_seed13,3543,small_full,3,forward,1,0.9932965636253356,1.4881213903427124,1.5893853902816772,0.1012639999389648,1.4881213903427124
1,block3_h36_seed13,3544,small_full,3,forward,1,0.9169872999191284,1.51109516620636,1.5735012292861938,0.0624060630798339,1.51109516620636
1,block3_h36_seed13,3545,small_full,2,left,1,0.9668077230453492,1.8313393592834477,1.9023675918579104,0.0710282325744628,1.8313393592834477
1,block3_h36_seed13,3546,small_full,3,forward,1,0.998705506324768,1.9542518854141235,2.087448835372925,0.1331969499588012,1.9542518854141235
1,block3_h36_seed13,3547,small_full,1,right,1,0.8150742650032043,0.8603191375732422,0.8985126614570618,0.0381935238838195,0.8603191375732422
1,block3_h36_seed13,3548,small_full,3,forward,1,0.9999550580978394,1.5355912446975708,1.737990379333496,0.2023991346359253,1.5355912446975708
1,block3_h36_seed13,3549,small_full,2,left,1,0.999687910079956,1.056847095489502,1.2313331365585327,0.1744860410690307,1.056847095489502
1,block3_h36_seed13,3550,small_full,3,forward,1,0.9612754583358764,1.986275315284729,2.0537688732147217,0.0674935579299926,1.986275315284729
1,block3_h36_seed13,3551,small_full,2,left,1,0.9077041745185852,1.1363630294799805,1.1843751668930054,0.0480121374130249,1.1363630294799805
1,block3_h36_seed13,3552,small_full,2,left,1,0.7201775312423706,1.6362954378128052,1.6554924249649048,0.0191969871520996,1.6362954378128052
1,block3_h36_seed13,3553,small_full,2,left,0,0.6876934766769409,0.9734633564949036,0.9958797097206116,0.022416353225708,0.9958797097206116
1,block3_h36_seed13,3554,small_full,3,forward,1,0.8084946274757385,1.764820575714111,1.7945295572280884,0.029708981513977,1.764820575714111
1,block3_h36_seed13,3555,small_full,2,left,1,0.9915446043014526,1.3557977676391602,1.4626253843307495,0.1068276166915893,1.3557977676391602
1,block3_h36_seed13,3556,small_full,2,left,1,0.8873683214187622,1.7075339555740356,1.7488813400268557,0.0413473844528198,1.7075339555740356
1,block3_h36_seed13,3559,small_full,2,left,1,0.9991377592086792,1.3852486610412598,1.5337461233139038,0.148497462272644,1.3852486610412598
1,block3_h36_seed13,3560,small_full,3,forward,1,0.9784908294677734,1.2305408716201782,1.3195797204971311,0.0890388488769531,1.2305408716201782
1,block3_h36_seed13,3561,small_full,1,right,1,0.9999748468399048,0.987620770931244,1.210136890411377,0.222516119480133,0.987620770931244
1,block3_h36_seed13,3562,small_full,4,backward,1,0.9729450941085817,1.268234133720398,1.3561233282089231,0.0878891944885253,1.268234133720398
1,block3_h36_seed13,3563,small_full,1,right,1,0.8955289721488953,1.6478476524353027,1.6915525197982788,0.043704867362976,1.6478476524353027
1,block3_h36_seed13,3564,small_full,3,forward,1,0.999782383441925,0.7564560770988464,0.9314441680908204,0.1749880909919738,0.7564560770988464
1,block3_h36_seed13,3565,small_full,2,left,1,0.9998888969421388,0.9507198929786682,1.1451889276504517,0.1944690346717834,0.9507198929786682
1,block3_h36_seed13,3567,small_full,3,forward,1,0.7526649832725525,1.2552030086517334,1.28998863697052,0.0347856283187866,1.2552030086517334
1,block3_h36_seed13,3568,small_full,4,backward,0,0.4340442419052124,0.9644482731819152,0.9726963043212892,0.0082480311393737,0.9726963043212892
1,block3_h36_seed13,3569,small_full,1,right,1,0.7064310312271118,1.2456337213516235,1.282142996788025,0.0365092754364013,1.2456337213516235
1,block3_h36_seed13,3570,small_full,1,right,0,0.4487590491771698,1.1097081899642944,1.1161826848983765,0.006474494934082,1.1315375566482544
1,block3_h36_seed13,3571,small_full,2,left,1,0.6563752293586731,2.41504168510437,2.428022623062134,0.0129809379577636,2.41504168510437
1,block3_h36_seed13,3572,small_full,2,left,1,0.9975777268409728,0.9365243911743164,1.0583631992340088,0.1218388080596923,0.9365243911743164
1,block3_h36_seed13,3573,small_full,3,forward,1,0.949651300907135,1.433911919593811,1.5076837539672852,0.0737718343734741,1.433911919593811
1,block3_h36_seed13,3574,small_full,4,backward,1,0.9909722805023192,1.40089213848114,1.5026861429214478,0.1017940044403076,1.40089213848114
1,block3_h36_seed13,3576,small_full,2,left,1,0.9965848922729492,1.763391137123108,1.8908843994140625,0.1274932622909546,1.763391137123108
1,block3_h36_seed13,3577,small_full,2,left,0,0.7606436014175415,1.4431673288345337,1.4679778814315796,0.0248105525970459,1.4679778814315796
1,block3_h36_seed13,3579,small_full,1,right,1,0.9998369216918944,1.6593140363693235,1.838473320007324,0.1791592836380005,1.6593140363693235
1,block3_h36_seed13,3580,small_full,4,backward,1,0.9981287121772766,1.239894986152649,1.3694506883621216,0.1295557022094726,1.239894986152649
1,block3_h36_seed13,3581,small_full,3,forward,1,0.9997406601905824,0.9375540614128112,1.1058231592178345,0.1682690978050232,0.9375540614128112
1,block3_h36_seed13,3582,small_full,1,right,1,0.9668909907341005,1.3773750066757202,1.4514755010604858,0.0741004943847656,1.3773750066757202
1,block3_h36_seed13,3584,small_full,4,backward,1,0.9946118593215942,1.0234333276748655,1.1281962394714355,0.1047629117965698,1.0234333276748655
1,block3_h36_seed13,3585,small_full,2,left,0,0.5212487578392029,1.0712904930114746,1.0763561725616455,0.0050656795501708,1.1302658319473269
1,block3_h36_seed13,3586,small_full,3,forward,1,0.9999749660491944,0.9183120727539062,1.142654299736023,0.2243422269821167,0.9183120727539062
1,block3_h36_seed13,3587,small_full,3,forward,1,0.9705668091773988,1.4147039651870728,1.494580626487732,0.0798766613006591,1.4147039651870728
1,block3_h36_seed13,3589,small_full,3,forward,1,0.9974130988121032,1.9224258661270144,2.044445753097534,0.12201988697052,1.9224258661270144
1,block3_h36_seed13,3590,small_full,4,backward,1,0.9974623918533324,1.2275415658950806,1.3524703979492188,0.1249288320541381,1.2275415658950806
1,block3_h36_seed13,3591,small_full,3,forward,1,0.9984747767448424,1.748709797859192,1.883124828338623,0.1344150304794311,1.748709797859192
1,block3_h36_seed13,3592,small_full,1,right,1,0.9876490235328674,1.80803644657135,1.9000927209854128,0.0920562744140625,1.80803644657135
1,block3_h36_seed13,3593,small_full,4,backward,1,0.995782732963562,0.9592900276184082,1.0834474563598633,0.124157428741455,0.9592900276184082
1,block3_h36_seed13,3594,small_full,3,forward,1,0.9997701048851012,1.0173178911209106,1.1950730085372925,0.1777551174163818,1.0173178911209106
1,block3_h36_seed13,3595,small_full,3,forward,0,0.5488089919090271,0.8623781204223633,0.8794727325439453,0.017094612121582,0.8794727325439453
1,block3_h36_seed13,3596,small_full,4,backward,1,0.9691619873046876,1.2275758981704712,1.2985306978225708,0.0709547996520996,1.2275758981704712
1,block3_h36_seed13,3597,small_full,1,right,1,0.988655924797058,1.164597511291504,1.263513445854187,0.0989159345626831,1.164597511291504
1,block3_h36_seed13,3598,small_full,3,forward,1,0.998422622680664,1.6969032287597656,1.839536547660828,0.142633318901062,1.6969032287597656
1,block3_h36_seed13,3599,small_full,1,right,1,0.6138453483581543,1.2946233749389648,1.3145662546157837,0.0199428796768188,1.2946233749389648
1,block3_h36_seed13,3600,small_full,3,forward,1,0.993490993976593,1.8671702146530151,1.9793466329574585,0.1121764183044433,1.8671702146530151
1,block3_h36_seed13,3601,small_full,3,forward,1,0.9794528484344482,1.556035041809082,1.6333627700805664,0.0773277282714843,1.556035041809082
1,block3_h36_seed13,3602,small_full,2,left,1,0.9999819993972778,1.051142930984497,1.2815195322036743,0.2303766012191772,1.051142930984497
1,block3_h36_seed13,3603,small_full,4,backward,1,0.964637577533722,1.1439813375473022,1.2250990867614746,0.0811177492141723,1.1439813375473022
1,block3_h36_seed13,3605,small_full,3,forward,1,0.9999839067459106,0.8428910374641418,1.0757511854171753,0.2328601479530334,0.8428910374641418
1,block3_h36_seed13,3606,small_full,2,left,1,0.9666658043861388,1.6446828842163086,1.7196601629257202,0.0749772787094116,1.6446828842163086
1,block3_h36_seed13,3607,small_full,2,left,1,0.6907352805137634,1.5897315740585327,1.6058778762817385,0.0161463022232055,1.5897315740585327
1,block3_h36_seed13,3608,small_full,1,right,1,0.52849280834198,1.3700517416000366,1.3831039667129517,0.013052225112915,1.3700517416000366
1,block3_h36_seed13,3609,small_full,1,right,1,0.4022381007671356,1.6826330423355105,1.6830414533615112,0.0004084110260009,1.6826330423355105
1,block3_h36_seed13,3610,small_full,2,left,1,0.9505071640014648,1.3733668327331543,1.4357787370681765,0.0624119043350219,1.3733668327331543
1,block3_h36_seed13,3611,small_full,4,backward,1,0.9842513799667358,1.231486678123474,1.3156081438064575,0.0841214656829834,1.231486678123474
1,block3_h36_seed13,3612,small_full,3,forward,1,0.9544034600257874,1.8828104734420776,1.9484004974365237,0.0655900239944458,1.8828104734420776
1,block3_h36_seed13,3613,small_full,2,left,1,0.9998897314071656,0.9507198929786682,1.152327060699463,0.2016071677207946,0.9507198929786682
1,block3_h36_seed13,3614,small_full,2,left,1,0.999909281730652,1.0108637809753418,1.1999707221984863,0.1891069412231445,1.0108637809753418
1,block3_h36_seed13,3615,small_full,1,right,0,0.7923519015312195,1.2166296243667605,1.2540645599365234,0.0374349355697631,1.2812837362289429
1,block3_h36_seed13,3616,small_full,1,right,1,0.9885742664337158,1.4547172784805298,1.5486544370651243,0.0939371585845947,1.4547172784805298
1,block3_h36_seed13,3617,small_full,2,left,1,0.7536635398864746,1.29314124584198,1.325037956237793,0.0318967103958129,1.29314124584198
1,block3_h36_seed13,3618,small_full,3,forward,1,0.9996780157089232,1.748709797859192,1.9135808944702148,0.1648710966110229,1.748709797859192
1,block3_h36_seed13,3619,small_full,4,backward,1,0.9999605417251588,0.8753506541252136,1.0895066261291504,0.2141559720039367,0.8753506541252136
1,block3_h36_seed13,3620,small_full,1,right,1,0.9346444606781006,1.8340331315994265,1.8902626037597656,0.0562294721603393,1.8340331315994265
1,block3_h36_seed13,3621,small_full,2,left,1,0.9999531507492064,1.010719895362854,1.210410237312317,0.1996903419494629,1.010719895362854
1,block3_h36_seed13,3622,small_full,2,left,1,0.9256834387779236,1.4870524406433103,1.5391660928726196,0.052113652229309,1.4870524406433103
1,block3_h36_seed13,3623,small_full,2,left,1,0.9500847458839417,1.3909627199172974,1.451574444770813,0.0606117248535156,1.3909627199172974
1,block3_h36_seed13,3625,small_full,3,forward,1,0.9775595664978028,1.1911381483078003,1.2747174501419067,0.0835793018341064,1.1911381483078003
1,block3_h36_seed13,3626,small_full,3,forward,0,0.4886058568954468,1.2500567436218262,1.2550686597824097,0.0050119161605834,1.2550686597824097
1,block3_h36_seed13,3627,small_full,2,left,0,0.3430201709270477,1.225814700126648,1.2306982278823853,0.0048835277557373,1.2306982278823853
1,block3_h36_seed13,3628,small_full,4,backward,1,0.994480848312378,1.473352551460266,1.5774606466293335,0.1041080951690673,1.473352551460266
1,block3_h36_seed13,3629,small_full,3,forward,1,0.9999971389770508,0.9484143257141112,1.2181669473648071,0.2697526216506958,0.9484143257141112
1,block3_h36_seed13,3631,small_full,4,backward,1,0.9833694100379944,1.427059292793274,1.512764573097229,0.085705280303955,1.427059292793274
1,block3_h36_seed13,3633,small_full,2,left,1,0.4927000701427459,1.4308267831802368,1.4329980611801147,0.0021712779998779,1.4308267831802368
1,block3_h36_seed13,3634,small_full,4,backward,1,0.999880313873291,0.839033305644989,1.0257741212844849,0.1867408156394958,0.839033305644989
1,block3_h36_seed13,3636,small_full,4,backward,1,0.8804897665977478,1.322120189666748,1.3621193170547483,0.0399991273880004,1.322120189666748
1,block3_h36_seed13,3637,small_full,2,left,1,0.9992699027061462,0.9507198929786682,1.099164962768555,0.1484450697898864,0.9507198929786682
1,block3_h36_seed13,3638,small_full,2,left,0,0.5212414264678955,1.0586029291152954,1.062016844749451,0.0034139156341552,1.1302658319473269
1,block3_h36_seed13,3639,small_full,2,left,1,0.9977511763572692,1.9720970392227173,2.094129800796509,0.1220327615737915,1.9720970392227173
1,block3_h36_seed13,3640,small_full,1,right,1,0.9816880822181702,1.8779667615890503,1.9644798040390012,0.0865130424499511,1.8779667615890503
1,block3_h36_seed13,3641,small_full,2,left,1,0.999969720840454,1.010719895362854,1.2258788347244265,0.2151589393615722,1.010719895362854
1,block3_h36_seed13,3642,small_full,2,left,1,0.9994150400161744,0.9832794666290284,1.1368019580841064,0.1535224914550781,0.9832794666290284
1,block3_h36_seed13,3643,small_full,4,backward,1,0.942738950252533,1.1190671920776367,1.1872597932815552,0.0681926012039184,1.1190671920776367
1,block3_h36_seed13,3644,small_full,4,backward,1,0.7157179713249207,1.504826903343201,1.534528374671936,0.0297014713287353,1.504826903343201
1,block3_h36_seed13,3645,small_full,4,backward,1,0.9451870918273926,0.9018474221229552,0.967249870300293,0.0654024481773376,0.9018474221229552
1,block3_h36_seed13,3647,small_full,1,right,1,0.983494222164154,1.0699814558029177,1.1551793813705444,0.0851979255676269,1.0699814558029177
1,block3_h36_seed13,3648,small_full,2,left,1,0.9426984786987304,1.3611968755722046,1.4243770837783811,0.0631802082061767,1.3611968755722046
1,block3_h36_seed13,3649,small_full,1,right,1,0.9979637861251832,1.5019536018371582,1.6390399932861328,0.1370863914489746,1.5019536018371582
1,block3_h36_seed13,3651,small_full,1,right,0,0.4237208366394043,1.5105029344558716,1.5143324136734009,0.0038294792175292,1.5240367650985718
1,block3_h36_seed13,3652,small_full,2,left,1,0.9985799789428712,1.771780014038086,1.9065707921981807,0.1347907781600952,1.771780014038086
1,block3_h36_seed13,3653,small_full,2,left,1,0.8165662288665771,1.29314124584198,1.325037956237793,0.0318967103958129,1.29314124584198
1,block3_h36_seed13,3655,small_full,1,right,1,0.9999351501464844,1.2896736860275269,1.4909734725952148,0.201299786567688,1.2896736860275269
1,block3_h36_seed13,3656,small_full,4,backward,1,0.9980149269104004,1.5130568742752075,1.6456152200698853,0.1325583457946777,1.5130568742752075
1,block3_h36_seed13,3657,small_full,3,forward,1,0.9991669654846193,1.7084811925888062,1.8522945642471316,0.1438133716583252,1.7084811925888062
1,block3_h36_seed13,3658,small_full,3,forward,1,0.9998350143432616,0.8613801002502441,1.0461384057998655,0.1847583055496215,0.8613801002502441
1,block3_h36_seed13,3659,small_full,1,right,1,0.9960720539093018,1.164597511291504,1.2933640480041504,0.1287665367126464,1.164597511291504
1,block3_h36_seed13,3660,small_full,2,left,1,0.9993096590042114,0.9684683680534364,1.1205226182937622,0.1520542502403259,0.9684683680534364
1,block3_h36_seed13,3661,small_full,4,backward,1,0.9998526573181152,1.0141099691390991,1.1976280212402344,0.1835180521011352,1.0141099691390991
1,block3_h36_seed13,3662,small_full,4,backward,1,0.958573043346405,1.3774915933609009,1.4405821561813354,0.0630905628204345,1.3774915933609009
1,block3_h36_seed13,3664,small_full,2,left,1,0.5146560668945312,1.2410043478012085,1.2489815950393677,0.0079772472381591,1.2410043478012085
1,block3_h36_seed13,3665,small_full,2,left,1,0.9941654205322266,1.5619512796401978,1.667951583862305,0.1060003042221069,1.5619512796401978
1,block3_h36_seed13,3666,small_full,4,backward,1,0.7212241888046265,0.7445051074028015,0.7794033885002136,0.0348982810974121,0.7445051074028015
1,block3_h36_seed13,3668,small_full,1,right,1,0.989813506603241,1.1487326622009275,1.2558341026306152,0.1071014404296875,1.1487326622009275
1,block3_h36_seed13,3670,small_full,4,backward,1,0.8221262693405151,1.4925225973129272,1.5365492105484009,0.0440266132354736,1.4925225973129272
1,block3_h36_seed13,3671,small_full,3,forward,1,0.9737372398376464,1.4511274099349976,1.5315653085708618,0.0804378986358642,1.4511274099349976
1,block3_h36_seed13,3672,small_full,4,backward,1,0.9821646213531494,1.0830845832824707,1.1659257411956787,0.082841157913208,1.0830845832824707
1,block3_h36_seed13,3673,small_full,3,forward,1,0.9997640252113342,1.6862539052963257,1.8668617010116575,0.180607795715332,1.6862539052963257
1,block3_h36_seed13,3674,small_full,4,backward,1,0.9967175126075744,1.3239201307296753,1.4401226043701172,0.1162024736404419,1.3239201307296753
1,block3_h36_seed13,3678,small_full,1,right,1,0.5517483353614807,1.9193087816238403,1.9294265508651731,0.010117769241333,1.9193087816238403
1,block3_h36_seed13,3679,small_full,2,left,1,0.9832258820533752,1.5552326440811155,1.641767144203186,0.0865345001220703,1.5552326440811155
1,block3_h36_seed13,3680,small_full,2,left,1,0.9711352586746216,1.29314124584198,1.377989649772644,0.084848403930664,1.29314124584198
1,block3_h36_seed13,3682,small_full,1,right,0,0.6684204339981079,1.274025797843933,1.2946233749389648,0.0205975770950317,1.2946233749389648
1,block3_h36_seed13,3683,small_full,4,backward,1,0.5226491689682007,1.5241304636001587,1.526058316230774,0.0019278526306152,1.5241304636001587
1,block3_h36_seed13,3684,small_full,1,right,1,0.9999210834503174,1.1909030675888062,1.3944287300109863,0.2035256624221801,1.1909030675888062
1,block3_h36_seed13,3685,small_full,2,left,0,0.8915502429008484,1.062463402748108,1.1066542863845823,0.0441908836364746,1.1066542863845823
1,block3_h36_seed13,3686,small_full,2,left,1,0.8040937781333923,1.2582701444625854,1.2923513650894165,0.034081220626831,1.2582701444625854
1,block3_h36_seed13,3689,small_full,1,right,1,0.9996125102043152,1.009610891342163,1.178029179573059,0.168418288230896,1.009610891342163
1,block3_h36_seed13,3690,small_full,3,forward,1,0.628495454788208,1.6201534271240234,1.6329704523086548,0.0128170251846313,1.6201534271240234
1,block3_h36_seed13,3691,small_full,1,right,1,0.7551572322845459,1.5531355142593384,1.5764201879501345,0.0232846736907959,1.5531355142593384
1,block3_h36_seed13,3692,small_full,2,left,0,0.832194983959198,0.9639177918434144,0.9964709877967834,0.0325531959533691,1.0977619886398315
1,block3_h36_seed13,3693,small_full,4,backward,1,0.958959460258484,1.3484740257263184,1.4174731969833374,0.068999171257019,1.3484740257263184
1,block3_h36_seed13,3694,small_full,2,left,1,0.5504421591758728,1.798242211341858,1.8023582696914675,0.0041160583496093,1.798242211341858
1,block3_h36_seed13,3695,small_full,3,forward,0,0.6161671876907349,1.2208999395370483,1.244365692138672,0.0234657526016235,1.244365692138672
1,block3_h36_seed13,3696,small_full,3,forward,1,0.9998645782470704,1.424480438232422,1.6115045547485352,0.1870241165161132,1.424480438232422
1,block3_h36_seed13,3697,small_full,3,forward,1,0.7043111324310303,1.732336401939392,1.7590417861938477,0.0267053842544555,1.732336401939392
1,block3_h36_seed13,3698,small_full,2,left,1,0.9970492720603944,1.0557507276535034,1.1732460260391235,0.1174952983856201,1.0557507276535034
1,block3_h36_seed13,3699,small_full,1,right,1,0.9680013656616212,1.1503134965896606,1.226679801940918,0.0763663053512573,1.1503134965896606
1,block3_h36_seed13,3700,small_full,1,right,1,0.959227979183197,1.3053725957870483,1.3805170059204102,0.0751444101333618,1.3053725957870483
1,block3_h36_seed13,3701,small_full,2,left,1,0.9392042756080629,1.5782204866409302,1.6545305252075195,0.0763100385665893,1.5782204866409302
1,block3_h36_seed13,3703,small_full,3,forward,1,0.7891281843185425,1.732336401939392,1.7590417861938477,0.0267053842544555,1.732336401939392
1,block3_h36_seed13,3704,small_full,4,backward,1,0.9983896017074584,1.1847034692764282,1.3182803392410278,0.1335768699645996,1.1847034692764282
1,block3_h36_seed13,3705,small_full,1,right,0,0.4184533953666687,1.1138813495635986,1.1179863214492798,0.0041049718856811,1.1412969827651978
1,block3_h36_seed13,3706,small_full,4,backward,1,0.9996410608291626,1.0217474699020386,1.197421908378601,0.1756744384765625,1.0217474699020386
1,block3_h36_seed13,3707,small_full,4,backward,1,0.9856061339378356,1.427059292793274,1.512081742286682,0.0850224494934082,1.427059292793274
1,block3_h36_seed13,3708,small_full,4,backward,1,0.9999970197677612,1.007527470588684,1.2708922624588013,0.2633647918701172,1.007527470588684
1,block3_h36_seed13,3711,small_full,2,left,1,0.9982933402061462,1.3629001379013062,1.4924955368041992,0.129595398902893,1.3629001379013062
1,block3_h36_seed13,3712,small_full,1,right,0,0.5651201605796814,1.2931437492370603,1.2989009618759155,0.0057572126388549,1.2989009618759155
1,block3_h36_seed13,3713,small_full,2,left,1,0.8307144641876221,1.7887738943099976,1.840227723121643,0.0514538288116455,1.7887738943099976
1,block3_h36_seed13,3715,small_full,2,left,1,0.999986171722412,1.051142930984497,1.2841721773147583,0.2330292463302612,1.051142930984497
1,block3_h36_seed13,3716,small_full,3,forward,1,0.9996142387390136,0.8465297818183899,1.0241271257400513,0.1775973439216613,0.8465297818183899
1,block3_h36_seed13,3718,small_full,3,forward,1,0.992669939994812,1.8826217651367188,1.9808841943740845,0.0982624292373657,1.8826217651367188
1,block3_h36_seed13,3719,small_full,1,right,1,0.9998210072517396,0.9693768620491028,1.1441545486450195,0.1747776865959167,0.9693768620491028
1,block3_h36_seed13,3721,small_full,4,backward,1,0.9988629817962646,1.1847034692764282,1.332658290863037,0.1479548215866089,1.1847034692764282
1,block3_h36_seed13,3722,small_full,4,backward,1,0.591916024684906,1.1339844465255735,1.1473398208618164,0.0133553743362426,1.1339844465255735
1,block3_h36_seed13,3723,small_full,3,forward,1,0.9481984376907348,1.6133819818496704,1.680085301399231,0.0667033195495605,1.6133819818496704
1,block3_h36_seed13,3724,small_full,4,backward,1,0.9713529348373412,1.3299490213394165,1.4134293794631958,0.0834803581237793,1.3299490213394165
1,block3_h36_seed13,3727,small_full,1,right,1,0.9116146564483644,1.5880628824234009,1.6463631391525269,0.0583002567291259,1.5880628824234009
1,block3_h36_seed13,3728,small_full,3,forward,1,0.9881548881530762,1.52920663356781,1.6223729848861694,0.0931663513183593,1.52920663356781
1,block3_h36_seed13,3729,small_full,1,right,1,0.9000787734985352,1.650351643562317,1.702717900276184,0.0523662567138671,1.650351643562317
1,block3_h36_seed13,3730,small_full,4,backward,1,0.8572096228599548,0.913679301738739,0.9652900099754332,0.0516107082366943,0.913679301738739
1,block3_h36_seed13,3731,small_full,4,backward,1,0.999963879585266,0.8753506541252136,1.0895066261291504,0.2141559720039367,0.8753506541252136
1,block3_h36_seed13,3732,small_full,1,right,1,0.9849845170974731,1.3966985940933228,1.4805620908737185,0.0838634967803955,1.3966985940933228
1,block3_h36_seed13,3733,small_full,4,backward,1,0.7523408532142639,1.1022158861160278,1.1335711479187012,0.0313552618026733,1.1022158861160278
1,block3_h36_seed13,3734,small_full,3,forward,1,0.9702189564704896,1.898042678833008,1.9738487005233765,0.0758060216903686,1.898042678833008
1,block3_h36_seed13,3735,small_full,4,backward,1,0.9995930790901184,0.8890311121940613,1.058335304260254,0.1693041920661926,0.8890311121940613
1,block3_h36_seed13,3736,small_full,1,right,1,0.9995748400688172,1.0060240030288696,1.1766260862350464,0.1706020832061767,1.0060240030288696
1,block3_h36_seed13,3737,small_full,2,left,1,0.9984386563301086,1.040958046913147,1.180495262145996,0.1395372152328491,1.040958046913147
1,block3_h36_seed13,3738,small_full,2,left,0,0.9112200736999512,1.0387359857559204,1.093798279762268,0.0550622940063476,1.1120151281356812
1,block3_h36_seed13,3739,small_full,4,backward,1,0.9920347332954408,0.908456325531006,1.0099958181381226,0.1015394926071167,0.908456325531006
1,block3_h36_seed13,3740,small_full,4,backward,1,0.985041320323944,1.2987478971481323,1.3959685564041138,0.0972206592559814,1.2987478971481323
1,block3_h36_seed13,3741,small_full,4,backward,1,0.9451121091842652,1.1487425565719604,1.2123020887374878,0.0635595321655273,1.1487425565719604
1,block3_h36_seed13,3744,small_full,1,right,1,0.9949819445610046,1.5711065530776978,1.6821831464767456,0.1110765933990478,1.5711065530776978
1,block3_h36_seed13,3745,small_full,4,backward,1,0.999836802482605,0.759903609752655,0.947458267211914,0.187554657459259,0.759903609752655
1,block3_h36_seed13,3746,small_full,4,backward,1,0.9766437411308287,1.2180720567703247,1.2992976903915403,0.0812256336212158,1.2180720567703247
1,block3_h36_seed13,3747,small_full,4,backward,0,0.6202113628387451,1.140278458595276,1.159567952156067,0.019289493560791,1.159567952156067
1,block3_h36_seed13,3748,small_full,2,left,1,0.9978421926498412,0.9092866778373718,1.044670581817627,0.1353839039802551,0.9092866778373718
1,block3_h36_seed13,3749,small_full,4,backward,1,0.9999774694442748,0.8226854205131531,1.0396908521652222,0.2170054316520691,0.8226854205131531
1,block3_h36_seed13,3750,small_full,2,left,1,0.6889086961746216,1.5897315740585327,1.6058778762817385,0.0161463022232055,1.5897315740585327
1,block3_h36_seed13,3751,small_full,1,right,1,0.9981977343559264,1.026634931564331,1.165590763092041,0.1389558315277099,1.026634931564331
1,block3_h36_seed13,3752,small_full,1,right,0,0.5122237801551819,1.6425495147705078,1.6508406400680542,0.0082911252975463,1.6508406400680542
1,block3_h36_seed13,3753,small_full,4,backward,1,0.9911353588104248,1.473352551460266,1.5688539743423462,0.09550142288208,1.473352551460266
1,block3_h36_seed13,3754,small_full,2,left,1,0.9899958372116088,1.040958046913147,1.133914828300476,0.0929567813873291,1.040958046913147
1,block3_h36_seed13,3755,small_full,4,backward,1,0.9942094087600708,1.1105200052261353,1.221993088722229,0.1114730834960937,1.1105200052261353
1,block3_h36_seed13,3756,small_full,3,forward,1,0.9978944659233092,1.5624765157699585,1.6928033828735352,0.1303268671035766,1.5624765157699585
1,block3_h36_seed13,3757,small_full,1,right,1,0.9988607168197632,1.5979862213134766,1.7351545095443726,0.137168288230896,1.5979862213134766
1,block3_h36_seed13,3758,small_full,3,forward,1,0.9632474184036256,1.8828104734420776,1.9484004974365237,0.0655900239944458,1.8828104734420776
1,block3_h36_seed13,3759,small_full,1,right,1,0.932929277420044,1.3674684762954712,1.4297014474868774,0.0622329711914062,1.3674684762954712
1,block3_h36_seed13,3761,small_full,2,left,1,0.9962115287780762,1.7631659507751465,1.8832526206970213,0.120086669921875,1.7631659507751465
1,block3_h36_seed13,3762,small_full,4,backward,0,0.6208571195602417,1.0202869176864624,1.0381380319595337,0.0178511142730712,1.0381380319595337
1,block3_h36_seed13,3763,small_full,1,right,1,0.976379096508026,1.5189627408981323,1.6053800582885742,0.0864173173904419,1.5189627408981323
1,block3_h36_seed13,3764,small_full,4,backward,0,0.6775118112564087,1.140278458595276,1.159567952156067,0.019289493560791,1.159567952156067
1,block3_h36_seed13,3765,small_full,2,left,1,0.9445271492004396,1.850854754447937,1.9077826738357544,0.0569279193878173,1.850854754447937
1,block3_h36_seed13,3766,small_full,3,forward,0,0.9262847304344176,0.7025370001792908,0.756218433380127,0.0536814332008361,0.798140823841095
1,block3_h36_seed13,3767,small_full,2,left,1,0.9866970181465148,1.5619512796401978,1.6506048440933228,0.088653564453125,1.5619512796401978
1,block3_h36_seed13,3769,small_full,2,left,1,0.9975804090499878,1.0273656845092771,1.1602144241333008,0.1328487396240234,1.0273656845092771
1,block3_h36_seed13,3770,small_full,2,left,1,0.9412829279899596,1.30791974067688,1.3698962926864624,0.0619765520095825,1.30791974067688
1,block3_h36_seed13,3771,small_full,1,right,1,0.9337010979652404,1.8340331315994265,1.8899060487747192,0.0558729171752929,1.8340331315994265
1,block3_h36_seed13,3772,small_full,1,right,1,0.9706473350524902,1.3674684762954712,1.4415465593338013,0.07407808303833,1.3674684762954712
1,block3_h36_seed13,3774,small_full,1,right,0,0.3376447558403015,1.3174396753311155,1.319351077079773,0.0019114017486572,1.3311201333999634
1,block3_h36_seed13,3775,small_full,2,left,1,0.980832576751709,1.2658721208572388,1.3524023294448853,0.0865302085876464,1.2658721208572388
1,block3_h36_seed13,3776,small_full,1,right,1,0.8084969520568848,1.1132928133010864,1.149983525276184,0.0366907119750976,1.1132928133010864
1,block3_h36_seed13,3777,small_full,3,forward,1,0.9991212487220764,1.61080801486969,1.7524272203445437,0.1416192054748535,1.61080801486969
1,block3_h36_seed13,3779,small_full,1,right,0,0.3891736567020416,1.3379621505737305,1.3426076173782349,0.0046454668045043,1.3426076173782349
1,block3_h36_seed13,3781,small_full,4,backward,1,0.7739924788475037,1.1806542873382568,1.214033603668213,0.033379316329956,1.1806542873382568
1,block3_h36_seed13,3782,small_full,1,right,1,0.9996250867843628,1.0322858095169067,1.206691861152649,0.1744060516357422,1.0322858095169067
1,block3_h36_seed13,3783,small_full,3,forward,1,0.9963566064834596,1.6862539052963257,1.7991656064987185,0.1129117012023925,1.6862539052963257
1,block3_h36_seed13,3784,small_full,2,left,1,0.9999828338623048,1.242266297340393,1.476892352104187,0.2346260547637939,1.242266297340393
1,block3_h36_seed13,3785,small_full,1,right,1,0.9947081804275512,1.4343080520629885,1.5409313440322876,0.1066232919692993,1.4343080520629885
1,block3_h36_seed13,3786,small_full,2,left,0,0.754550576210022,1.4261997938156128,1.456003189086914,0.0298033952713012,1.481073975563049
1,block3_h36_seed13,3787,small_full,1,right,1,0.9783713817596436,1.5529977083206177,1.639972686767578,0.0869749784469604,1.5529977083206177
1,block3_h36_seed13,3790,small_full,2,left,1,0.9963988065719604,0.9779810905456544,1.1009678840637207,0.1229867935180664,0.9779810905456544
1,block3_h36_seed13,3792,small_full,4,backward,1,0.9967170357704164,1.3239201307296753,1.4401226043701172,0.1162024736404419,1.3239201307296753
1,block3_h36_seed13,3793,small_full,3,forward,1,0.9961897730827332,1.9224258661270144,2.048208713531494,0.1257828474044799,1.9224258661270144
1,block3_h36_seed13,3794,small_full,4,backward,1,0.8395535945892334,1.1806542873382568,1.214033603668213,0.033379316329956,1.1806542873382568
1,block3_h36_seed13,3795,small_full,4,backward,1,0.9956077933311462,1.300678849220276,1.421258568763733,0.120579719543457,1.300678849220276
1,block3_h36_seed13,3796,small_full,3,forward,1,0.9970632195472716,1.727403998374939,1.8507513999938965,0.1233474016189575,1.727403998374939
1,block3_h36_seed13,3798,small_full,1,right,0,0.8147086501121521,1.2973942756652832,1.3364968299865725,0.039102554321289,1.3629961013793943
1,block3_h36_seed13,3799,small_full,4,backward,1,0.8876137137413025,0.913679301738739,0.9664342403411864,0.0527549386024475,0.913679301738739
1,block3_h36_seed13,3800,small_full,3,forward,1,0.939026176929474,1.4881213903427124,1.5454158782958984,0.057294487953186,1.4881213903427124
1,block3_h36_seed13,3801,small_full,2,left,0,0.8551121950149536,1.1470524072647097,1.1837469339370728,0.0366945266723632,1.2404407262802124
1,block3_h36_seed13,3803,small_full,3,forward,1,0.98927640914917,1.7412258386611938,1.8385871648788448,0.0973613262176513,1.7412258386611938
1,block3_h36_seed13,3804,small_full,1,right,1,0.9476593732833862,1.6526046991348269,1.7155094146728516,0.0629047155380249,1.6526046991348269
1,block3_h36_seed13,3805,small_full,2,left,0,0.6428207755088806,1.4155899286270142,1.4296537637710571,0.0140638351440429,1.481073975563049
1,block3_h36_seed13,3806,small_full,1,right,0,0.6937351822853088,0.9098379015922546,0.9270448684692384,0.0172069668769836,0.9939829707145692
1,block3_h36_seed13,3807,small_full,2,left,1,0.691985011100769,1.242745041847229,1.2652876377105713,0.0225425958633422,1.242745041847229
1,block3_h36_seed13,3808,small_full,3,forward,0,0.7980971932411194,1.885895609855652,1.9188117980957031,0.0329161882400512,1.9188117980957031
1,block3_h36_seed13,3809,small_full,3,forward,1,0.9964569211006165,1.6689237356185913,1.783151626586914,0.1142278909683227,1.6689237356185913
1,block3_h36_seed13,3810,small_full,2,left,1,0.9996248483657836,0.969843089580536,1.1440324783325195,0.1741893887519836,0.969843089580536
1,block3_h36_seed13,3811,small_full,2,left,1,0.9961883425712584,1.060592532157898,1.1896947622299194,0.1291022300720214,1.060592532157898
1,block3_h36_seed13,3813,small_full,3,forward,1,0.9282214045524596,1.6133819818496704,1.6684309244155884,0.0550489425659179,1.6133819818496704
1,block3_h36_seed13,3815,small_full,2,left,0,0.6741198897361755,1.1309689283370972,1.1462653875350952,0.015296459197998,1.2179927825927734
1,block3_h36_seed13,3816,small_full,4,backward,1,0.9650614857673644,1.2275758981704712,1.2985306978225708,0.0709547996520996,1.2275758981704712
1,block3_h36_seed13,3817,small_full,1,right,1,0.9999169111251832,1.1909030675888062,1.3914666175842283,0.2005635499954223,1.1909030675888062
1,block3_h36_seed13,3818,small_full,1,right,1,0.9991320967674256,1.1909030675888062,1.3362289667129517,0.1453258991241455,1.1909030675888062
1,block3_h36_seed13,3820,small_full,3,forward,0,0.5600770115852356,0.8623781204223633,0.8794727325439453,0.017094612121582,0.8794727325439453
1,block3_h36_seed13,3822,small_full,1,right,1,0.9982717037200928,1.267744064331055,1.4134541749954224,0.1457101106643676,1.267744064331055
1,block3_h36_seed13,3824,small_full,4,backward,1,0.9904766082763672,1.1584422588348389,1.257204532623291,0.0987622737884521,1.1584422588348389
1,block3_h36_seed13,3825,small_full,2,left,1,0.9993027448654176,2.41504168510437,2.5613486766815186,0.1463069915771484,2.41504168510437
1,block3_h36_seed13,3826,small_full,3,forward,1,0.9960826635360718,1.7522783279418943,1.8741604089736936,0.1218820810317993,1.7522783279418943
1,block3_h36_seed13,3827,small_full,1,right,1,0.9996259212493896,0.9709212183952332,1.1299113035202026,0.1589900851249694,0.9709212183952332
1,block3_h36_seed13,3829,small_full,4,backward,1,0.990343689918518,1.1155744791030884,1.220819115638733,0.1052446365356445,1.1155744791030884
1,block3_h36_seed13,3830,small_full,4,backward,1,0.9970024228096008,1.358777403831482,1.4794358015060425,0.1206583976745605,1.358777403831482
1,block3_h36_seed13,3832,small_full,1,right,1,0.7475176453590393,1.7255803346633911,1.762507438659668,0.0369271039962768,1.7255803346633911
1,block3_h36_seed13,3833,small_full,4,backward,1,0.9995301961898804,0.8939027786254883,1.0614322423934937,0.1675294637680053,0.8939027786254883
1,block3_h36_seed13,3834,small_full,4,backward,1,0.9993009567260742,0.839033305644989,0.9932214617729188,0.1541881561279297,0.839033305644989
1,block3_h36_seed13,3835,small_full,2,left,1,0.9999450445175172,0.9684683680534364,1.1778932809829712,0.2094249129295349,0.9684683680534364
1,block3_h36_seed13,3836,small_full,3,forward,1,0.9531094431877136,1.6133819818496704,1.680085301399231,0.0667033195495605,1.6133819818496704
1,block3_h36_seed13,3838,small_full,3,forward,1,0.9998406171798706,0.6813220977783203,0.8669905662536621,0.1856684684753418,0.6813220977783203
1,block3_h36_seed13,3839,small_full,3,forward,1,0.9996558427810668,1.986275315284729,2.1530745029449463,0.1667991876602172,1.986275315284729
1,block3_h36_seed13,3840,small_full,3,forward,1,0.9890998005867004,1.4356378316879272,1.5395113229751587,0.1038734912872314,1.4356378316879272
1,block3_h36_seed13,3841,small_full,4,backward,1,0.9794283509254456,1.4938722848892212,1.5780349969863892,0.0841627120971679,1.4938722848892212
1,block3_h36_seed13,3842,small_full,4,backward,1,0.9785519242286682,1.1487425565719604,1.2407041788101196,0.0919616222381591,1.1487425565719604
1,block3_h36_seed13,3844,small_full,4,backward,1,0.9539456367492676,1.1523329019546509,1.222830295562744,0.0704973936080932,1.1523329019546509
1,block3_h36_seed13,3845,small_full,2,left,0,0.5549013018608093,1.065731167793274,1.079172134399414,0.0134409666061401,1.079172134399414
1,block3_h36_seed13,3846,small_full,1,right,1,0.98810476064682,1.738028883934021,1.840396881103516,0.1023679971694946,1.738028883934021
1,block3_h36_seed13,3847,small_full,3,forward,1,0.6894366145133972,1.7955833673477173,1.811534523963928,0.0159511566162109,1.7955833673477173
1,block3_h36_seed13,3848,small_full,3,forward,1,0.8899449110031128,1.587419509887695,1.6425443887710571,0.0551248788833618,1.587419509887695
1,block3_h36_seed13,3849,small_full,2,left,0,0.6679019927978516,1.1179007291793823,1.1339423656463623,0.0160416364669799,1.1818076372146606
1,block3_h36_seed13,3853,small_full,2,left,1,0.999990463256836,1.2134088277816772,1.456051468849182,0.2426426410675048,1.2134088277816772
1,block3_h36_seed13,3856,small_full,1,right,1,0.970753252506256,1.0480793714523315,1.1194883584976196,0.071408987045288,1.0480793714523315
1,block3_h36_seed13,3857,small_full,2,left,1,0.9410831332206726,1.7221873998641968,1.7810577154159546,0.0588703155517578,1.7221873998641968
1,block3_h36_seed13,3858,small_full,3,forward,1,0.9959877133369446,1.8671702146530151,1.9793466329574585,0.1121764183044433,1.8671702146530151
1,block3_h36_seed13,3859,small_full,4,backward,1,0.9511123895645142,1.4175071716308594,1.488845944404602,0.0713387727737426,1.4175071716308594
1,block3_h36_seed13,3860,small_full,2,left,0,0.7617835402488708,1.3182988166809082,1.342097282409668,0.0237984657287597,1.342097282409668
1,block3_h36_seed13,3861,small_full,3,forward,1,0.9056982398033142,1.539589285850525,1.5848503112792969,0.0452610254287719,1.539589285850525
1,block3_h36_seed13,3862,small_full,3,forward,1,0.9999880790710448,0.8720703125,1.1069523096084597,0.2348819971084594,0.8720703125
1,block3_h36_seed13,3863,small_full,4,backward,1,0.9862669706344604,1.473352551460266,1.5688539743423462,0.09550142288208,1.473352551460266
1,block3_h36_seed13,3864,small_full,3,forward,1,0.9877771735191344,1.898421287536621,1.986339211463928,0.0879179239273071,1.898421287536621
1,block3_h36_seed13,3865,small_full,3,forward,1,0.999996781349182,0.9484143257141112,1.2170559167861938,0.2686415910720825,0.9484143257141112
1,block3_h36_seed13,3866,small_full,2,left,1,0.9999943971633912,1.2134088277816772,1.4723910093307495,0.2589821815490722,1.2134088277816772
1,block3_h36_seed13,3867,small_full,1,right,1,0.9997976422309875,1.0060240030288696,1.1932729482650757,0.187248945236206,1.0060240030288696
1,block3_h36_seed13,3868,small_full,2,left,0,0.8944211602210999,1.1576746702194214,1.213197946548462,0.0555232763290405,1.2201875448226929
1,block3_h36_seed13,3869,small_full,3,forward,1,0.9761749505996704,1.9149408340454104,1.992310166358948,0.0773693323135376,1.9149408340454104
1,block3_h36_seed13,3870,small_full,1,right,0,0.8852855563163757,0.9379928708076476,0.9939829707145692,0.0559900999069213,0.9939829707145692
1,block3_h36_seed13,3871,small_full,3,forward,1,0.9999314546585084,0.7466866374015808,0.9530370831489564,0.2063504457473755,0.7466866374015808
1,block3_h36_seed13,3873,small_full,1,right,1,0.851545512676239,1.805419921875,1.8451131582260127,0.0396932363510131,1.805419921875
1,block3_h36_seed13,3874,small_full,3,forward,1,0.9999858140945436,1.0492486953735352,1.2841254472732544,0.2348767518997192,1.0492486953735352
1,block3_h36_seed13,3875,small_full,3,forward,0,0.8695152997970581,1.198176383972168,1.244365692138672,0.0461893081665039,1.244365692138672
1,block3_h36_seed13,3876,small_full,2,left,1,0.9990246295928956,1.0835306644439695,1.232235312461853,0.1487046480178833,1.0835306644439695
1,block3_h36_seed13,3877,small_full,2,left,1,0.9888251423835754,1.6486104726791382,1.7442607879638672,0.095650315284729,1.6486104726791382
1,block3_h36_seed13,3878,small_full,4,backward,1,0.9393850564956664,1.3421026468276978,1.3971776962280271,0.0550750494003295,1.3421026468276978
1,block3_h36_seed13,3879,small_full,2,left,1,0.7480442523956299,1.4023298025131226,1.4452848434448242,0.0429550409317016,1.4023298025131226
1,block3_h36_seed13,3880,small_full,2,left,0,0.8054516911506653,1.057454228401184,1.0916019678115845,0.0341477394104003,1.1169720888137815
1,block3_h36_seed13,3881,small_full,2,left,1,0.5859329104423523,2.149977922439575,2.1569535732269287,0.0069756507873535,2.149977922439575
1,block3_h36_seed13,3882,small_full,1,right,1,0.889235258102417,1.4039045572280884,1.456433653831482,0.0525290966033935,1.4039045572280884
1,block3_h36_seed13,3883,small_full,2,left,1,0.9747713208198548,1.8562183380126955,1.9326848983764648,0.0764665603637695,1.8562183380126955
1,block3_h36_seed13,3884,small_full,2,left,1,0.9999022483825684,1.133039116859436,1.3273917436599731,0.1943526268005371,1.133039116859436
1,block3_h36_seed13,3886,small_full,1,right,1,0.3853123188018799,0.943203866481781,0.9446877837181092,0.0014839172363281,0.943203866481781
1,block3_h36_seed13,3887,small_full,3,forward,0,0.5662261247634888,1.6311453580856323,1.63648521900177,0.0053398609161376,1.63648521900177
1,block3_h36_seed13,3888,small_full,1,right,1,0.930347979068756,1.644464135169983,1.7079187631607056,0.0634546279907226,1.644464135169983
1,block3_h36_seed13,3889,small_full,3,forward,1,0.9431127905845642,1.549633502960205,1.6067379713058472,0.057104468345642,1.549633502960205
1,block3_h36_seed13,3890,small_full,3,forward,1,0.9725666642189026,1.996970057487488,2.075036764144897,0.0780667066574096,1.996970057487488
1,block3_h36_seed13,3893,small_full,4,backward,1,0.989621877670288,1.0999767780303955,1.2055202722549438,0.1055434942245483,1.0999767780303955
1,block3_h36_seed13,3894,small_full,4,backward,1,0.9719552993774414,0.9197447896003724,0.9920995831489564,0.0723547935485839,0.9197447896003724
1,block3_h36_seed13,3895,small_full,1,right,1,0.9940558671951294,1.8477102518081665,1.950179934501648,0.1024696826934814,1.8477102518081665
1,block3_h36_seed13,3896,small_full,1,right,1,0.8921855688095093,1.235025405883789,1.2835742235183716,0.0485488176345825,1.235025405883789
1,block3_h36_seed13,3897,small_full,3,forward,1,0.9807335138320924,1.4351067543029783,1.5284801721572876,0.093373417854309,1.4351067543029783
1,block3_h36_seed13,3898,small_full,1,right,1,0.7100076675415039,1.2946233749389648,1.32275390625,0.0281305313110351,1.2946233749389648
1,block3_h36_seed13,3899,small_full,3,forward,1,0.9861310720443726,1.9930778741836548,2.0830976963043213,0.0900198221206665,1.9930778741836548
1,block3_h36_seed13,3900,small_full,3,forward,1,0.999954104423523,0.9183120727539062,1.121649146080017,0.2033370733261108,0.9183120727539062
1,block3_h36_seed13,3901,small_full,3,forward,1,0.9551610350608826,1.3451861143112185,1.4189404249191284,0.0737543106079101,1.3451861143112185
1,block3_h36_seed13,3902,small_full,2,left,0,0.5616739392280579,1.1365429162979126,1.1444900035858154,0.0079470872879028,1.193947434425354
1,block3_h36_seed13,3903,small_full,2,left,1,0.9974127411842346,1.0273656845092771,1.1602144241333008,0.1328487396240234,1.0273656845092771
1,block3_h36_seed13,3904,small_full,4,backward,1,0.9724280834197998,1.427059292793274,1.512081742286682,0.0850224494934082,1.427059292793274
1,block3_h36_seed13,3905,small_full,2,left,1,0.9960052371025084,1.060592532157898,1.1896947622299194,0.1291022300720214,1.060592532157898
1,block3_h36_seed13,3906,small_full,3,forward,1,0.9711182713508606,1.3349469900131226,1.413954734802246,0.0790077447891235,1.3349469900131226
1,block3_h36_seed13,3907,small_full,1,right,1,0.9991505146026612,1.1663495302200315,1.318209528923035,0.1518599987030029,1.1663495302200315
1,block3_h36_seed13,3909,small_full,1,right,1,0.5457915663719177,1.3700517416000366,1.3831039667129517,0.013052225112915,1.3700517416000366
1,block3_h36_seed13,3910,small_full,1,right,1,0.8199939727783203,1.810713768005371,1.8439416885375977,0.0332279205322265,1.810713768005371
1,block3_h36_seed13,3911,small_full,1,right,1,0.9991135001182556,1.6593140363693235,1.8006515502929688,0.141337513923645,1.6593140363693235
1,block3_h36_seed13,3912,small_full,2,left,1,0.999766767024994,1.199095368385315,1.3785005807876587,0.1794052124023437,1.199095368385315
1,block3_h36_seed13,3913,small_full,4,backward,1,0.9016772508621216,1.081835150718689,1.129052758216858,0.0472176074981689,1.081835150718689
1,block3_h36_seed13,3914,small_full,3,forward,1,0.9998527765274048,0.6813220977783203,0.8669905662536621,0.1856684684753418,0.6813220977783203
1,block3_h36_seed13,3915,small_full,1,right,0,0.5554100275039673,1.7132965326309204,1.7239583730697632,0.0106618404388427,1.7441750764846802
1,block3_h36_seed13,3916,small_full,1,right,1,0.9745743870735168,1.585488200187683,1.671428084373474,0.085939884185791,1.585488200187683
1,block3_h36_seed13,3920,small_full,3,forward,1,0.999990701675415,0.8720703125,1.116059184074402,0.2439888715744018,0.8720703125
1,block3_h36_seed13,3921,small_full,2,left,1,0.9998257756233216,0.9684683680534364,1.154360294342041,0.1858919262886047,0.9684683680534364
1,block3_h36_seed13,3922,small_full,2,left,1,0.9965531826019288,1.115480899810791,1.2334003448486328,0.1179194450378418,1.115480899810791
1,block3_h36_seed13,3923,small_full,3,forward,1,0.9995577931404114,1.9434274435043333,2.109452247619629,0.1660248041152954,1.9434274435043333
1,block3_h36_seed13,3927,small_full,1,right,1,0.9998927116394044,1.2896736860275269,1.4901684522628784,0.2004947662353515,1.2896736860275269
1,block3_h36_seed13,3929,small_full,1,right,1,0.5823450088500977,1.3700517416000366,1.3872394561767578,0.0171877145767211,1.3700517416000366
1,block3_h36_seed13,3931,small_full,2,left,1,0.9783030152320862,1.375273585319519,1.4639320373535156,0.0886584520339965,1.375273585319519
1,block3_h36_seed13,3932,small_full,2,left,1,0.725178599357605,1.4023298025131226,1.4314101934432983,0.0290803909301757,1.4023298025131226
1,block3_h36_seed13,3933,small_full,2,left,1,0.9883626103401184,1.040958046913147,1.133914828300476,0.0929567813873291,1.040958046913147
1,block3_h36_seed13,3934,small_full,4,backward,1,0.9999905824661256,0.9533059000968932,1.1995998620986938,0.2462939620018005,0.9533059000968932
1,block3_h36_seed13,3935,small_full,4,backward,1,0.986469268798828,1.0966097116470337,1.1824870109558103,0.0858772993087768,1.0966097116470337
1,block3_h36_seed13,3936,small_full,4,backward,0,0.5386078953742981,0.9540087580680848,0.9579164385795592,0.0039076805114746,0.9579164385795592
1,block3_h36_seed13,3937,small_full,4,backward,1,0.999624490737915,0.8890311121940613,1.058335304260254,0.1693041920661926,0.8890311121940613
1,block3_h36_seed13,3938,small_full,2,left,0,0.977538287639618,0.8690117001533508,0.94587904214859,0.0768673419952392,1.0227456092834473
1,block3_h36_seed13,3939,small_full,2,left,0,0.5411374568939209,1.4144541025161743,1.422749161720276,0.0082950592041015,1.422749161720276
1,block3_h36_seed13,3942,small_full,2,left,1,0.550442099571228,1.798242211341858,1.8023582696914675,0.0041160583496093,1.798242211341858
1,block3_h36_seed13,3943,small_full,3,forward,1,0.560021698474884,1.052685260772705,1.0641822814941406,0.0114970207214355,1.052685260772705
1,block3_h36_seed13,3944,small_full,3,forward,1,0.9997864365577698,1.0110149383544922,1.2023582458496094,0.1913433074951172,1.0110149383544922
1,block3_h36_seed13,3945,small_full,1,right,0,0.4854228496551513,1.0987886190414429,1.1138813495635986,0.0150927305221557,1.1412969827651978
1,block3_h36_seed13,3946,small_full,2,left,1,0.81340092420578,1.761231541633606,1.7918710708618164,0.0306395292282104,1.761231541633606
1,block3_h36_seed13,3947,small_full,4,backward,0,0.5031744241714478,0.9540087580680848,0.9579164385795592,0.0039076805114746,0.9579164385795592
1,block3_h36_seed13,3948,small_full,3,forward,0,0.4999414682388305,1.2500567436218262,1.2550686597824097,0.0050119161605834,1.2550686597824097
1,block3_h36_seed13,3950,small_full,2,left,0,0.6866676807403564,1.1936508417129517,1.225674033164978,0.0320231914520263,1.2306982278823853
1,block3_h36_seed13,3951,small_full,4,backward,1,0.9149524569511414,1.0103707313537598,1.0707238912582395,0.0603531599044799,1.0103707313537598
1,block3_h36_seed13,3952,small_full,2,left,1,0.6141037940979004,1.157522201538086,1.1736371517181396,0.0161149501800537,1.157522201538086
1,block3_h36_seed13,3953,small_full,1,right,1,0.9831915497779846,1.1487326622009275,1.2391549348831177,0.0904222726821899,1.1487326622009275
1,block3_h36_seed13,3956,small_full,2,left,1,0.9958224296569824,1.4749083518981934,1.594765305519104,0.1198569536209106,1.4749083518981934
1,block3_h36_seed13,3957,small_full,1,right,1,0.5645000338554382,1.2946233749389648,1.307541012763977,0.0129176378250122,1.2946233749389648
1,block3_h36_seed13,3958,small_full,4,backward,1,0.9992411136627196,1.357093334197998,1.500850796699524,0.1437574625015258,1.357093334197998
1,block3_h36_seed13,3959,small_full,4,backward,1,0.9959969520568848,1.0883654356002808,1.2127952575683594,0.1244298219680786,1.0883654356002808
1,block3_h36_seed13,3960,small_full,2,left,1,0.9971700310707092,1.938399314880371,2.0558998584747314,0.1175005435943603,1.938399314880371
1,block3_h36_seed13,3961,small_full,4,backward,1,0.9663829803466796,1.3340517282485962,1.404057860374451,0.0700061321258544,1.3340517282485962
1,block3_h36_seed13,3962,small_full,2,left,1,0.9721335172653198,1.3630939722061155,1.4406265020370483,0.0775325298309326,1.3630939722061155
1,block3_h36_seed13,3963,small_full,2,left,1,0.4461797773838043,1.41289222240448,1.4155387878417969,0.0026465654373168,1.41289222240448
1,block3_h36_seed13,3965,small_full,1,right,1,0.6289308667182922,1.2898261547088623,1.301023006439209,0.0111968517303466,1.2898261547088623
1,block3_h36_seed13,3966,small_full,2,left,1,0.9913378953933716,2.005950689315796,2.1068050861358643,0.1008543968200683,2.005950689315796
1,block3_h36_seed13,3968,small_full,1,right,1,0.9263576865196228,1.725415825843811,1.786062240600586,0.0606464147567749,1.725415825843811
1,block3_h36_seed13,3969,small_full,4,backward,1,0.9793636202812196,1.4938722848892212,1.5780352354049685,0.084162950515747,1.4938722848892212
1,block3_h36_seed13,3970,small_full,1,right,1,0.978798806667328,1.2030199766159058,1.295715093612671,0.0926951169967651,1.2030199766159058
1,block3_h36_seed13,3971,small_full,2,left,1,0.9526716470718384,1.5312858819961548,1.6044305562973022,0.0731446743011474,1.5312858819961548
1,block3_h36_seed13,3973,small_full,1,right,1,0.9980825185775756,1.4437689781188965,1.5703086853027344,0.1265397071838379,1.4437689781188965
1,block3_h36_seed13,3974,small_full,3,forward,1,0.9594622254371644,1.2720056772232056,1.3434356451034546,0.071429967880249,1.2720056772232056
1,block3_h36_seed13,3975,small_full,1,right,1,0.5590542554855347,1.1272228956222534,1.1410232782363892,0.0138003826141357,1.1272228956222534
1,block3_h36_seed13,3976,small_full,4,backward,1,0.980911374092102,0.9555361866950988,1.0420985221862793,0.0865623354911804,0.9555361866950988
1,block3_h36_seed13,3977,small_full,1,right,1,0.995152235031128,1.0354641675949097,1.147650122642517,0.1121859550476074,1.0354641675949097
1,block3_h36_seed13,3978,small_full,2,left,1,0.7121456265449524,1.636296272277832,1.655493140220642,0.01919686794281,1.636296272277832
1,block3_h36_seed13,3981,small_full,1,right,1,0.8686052560806274,1.6756700277328491,1.7216876745224,0.0460176467895507,1.6756700277328491
1,block3_h36_seed13,3982,small_full,4,backward,0,0.5748093128204346,1.0023201704025269,1.0202869176864624,0.0179667472839355,1.038137912750244
1,block3_h36_seed13,3983,small_full,3,forward,1,0.9991427659988404,1.8201918601989744,1.9614934921264648,0.1413016319274902,1.8201918601989744
1,block3_h36_seed13,3984,small_full,1,right,1,0.7195953130722046,1.36284077167511,1.3829816579818726,0.0201408863067626,1.36284077167511
1,block3_h36_seed13,3985,small_full,2,left,1,0.9991247057914734,1.023877739906311,1.179555058479309,0.155677318572998,1.023877739906311
1,block3_h36_seed13,3988,small_full,3,forward,1,0.9544517993927002,1.7821792364120483,1.8492149114608765,0.0670356750488281,1.7821792364120483
1,block3_h36_seed13,3989,small_full,2,left,1,0.9547088742256165,2.036184310913086,2.103078842163086,0.06689453125,2.036184310913086
1,block3_h36_seed13,3990,small_full,1,right,1,0.9999604225158693,0.9709212183952332,1.1869622468948364,0.2160410284996032,0.9709212183952332
1,block3_h36_seed13,3991,small_full,3,forward,1,0.9995071887969972,1.5758198499679563,1.738463044166565,0.1626431941986084,1.5758198499679563
1,block3_h36_seed13,3992,small_full,4,backward,1,0.8794029355049133,0.8975868821144104,0.9457473158836364,0.048160433769226,0.8975868821144104
1,block3_h36_seed13,3994,small_full,2,left,0,0.5536892414093018,1.0729387998580933,1.081061840057373,0.0081230401992797,1.1203045845031738
1,block3_h36_seed13,3995,small_full,1,right,1,0.996234118938446,1.164597511291504,1.2933640480041504,0.1287665367126464,1.164597511291504
1,block3_h36_seed13,3996,small_full,4,backward,1,0.8594627380371094,1.1022160053253174,1.1453484296798706,0.0431324243545532,1.1022160053253174
1,block3_h36_seed13,3997,small_full,3,forward,1,0.811832845211029,1.5960439443588257,1.633100509643555,0.037056565284729,1.5960439443588257
1,block3_h36_seed13,3998,small_full,3,forward,1,0.9846857786178588,1.9969701766967771,2.0827581882476807,0.0857880115509033,1.9969701766967771
1,block3_h36_seed13,3999,small_full,3,forward,1,0.7647876739501953,1.9321705102920528,1.9563935995101929,0.0242230892181396,1.9321705102920528
1,block3_h36_seed13,3500,full,4,backward,1,0.9999178647994996,0.5390059351921082,0.7413730621337891,0.2023671269416809,0.5390059351921082
1,block3_h36_seed13,3501,full,1,right,0,0.8797343969345093,1.229068160057068,1.271628975868225,0.0425608158111572,1.271628975868225
1,block3_h36_seed13,3502,full,3,forward,1,0.9999430179595948,0.5339004397392273,0.7374476790428162,0.2035472393035888,0.5339004397392273
1,block3_h36_seed13,3503,full,3,forward,1,0.8809753656387329,1.1419047117233276,1.187102198600769,0.0451974868774414,1.1419047117233276
1,block3_h36_seed13,3504,full,4,backward,1,0.7706651091575623,0.9586613774299622,0.9856922030448914,0.0270308256149292,0.9586613774299622
1,block3_h36_seed13,3506,full,4,backward,1,0.9976640939712524,0.4547887146472931,0.5813471674919128,0.1265584528446197,0.4547887146472931
1,block3_h36_seed13,3507,full,2,left,0,0.9172887802124025,1.3403135538101196,1.3946123123168943,0.0542987585067749,1.416674256324768
1,block3_h36_seed13,3508,full,4,backward,1,0.9999922513961792,0.4331436157226562,0.6786009669303894,0.2454573512077331,0.4331436157226562
1,block3_h36_seed13,3509,full,2,left,1,0.9738051891326904,0.9048984050750732,0.9900762438774108,0.0851778388023376,0.9048984050750732
1,block3_h36_seed13,3510,full,2,left,1,0.7442424297332764,1.0285080671310425,1.0584319829940796,0.0299239158630371,1.0285080671310425
1,block3_h36_seed13,3511,full,1,right,1,0.984493374824524,1.3961786031723022,1.4861173629760742,0.0899387598037719,1.3961786031723022
1,block3_h36_seed13,3512,full,1,right,0,0.4202778041362762,0.8178694844245911,0.8252289891242981,0.007359504699707,0.8469455242156982
1,block3_h36_seed13,3513,full,1,right,1,0.5199543833732605,0.6145709156990051,0.622209370136261,0.0076384544372558,0.6145709156990051
1,block3_h36_seed13,3514,full,3,forward,1,0.9997678399086,1.1599704027175903,1.328464388847351,0.1684939861297607,1.1599704027175903
1,block3_h36_seed13,3518,full,4,backward,1,0.974748969078064,1.0886129140853882,1.1622872352600098,0.0736743211746215,1.0886129140853882
1,block3_h36_seed13,3520,full,3,forward,1,0.9491335153579712,0.907825529575348,0.9784933924674988,0.0706678628921508,0.907825529575348
1,block3_h36_seed13,3521,full,2,left,0,0.740287721157074,1.360936999320984,1.3831478357315063,0.0222108364105224,1.3831478357315063
1,block3_h36_seed13,3522,full,1,right,0,0.768328070640564,0.558706521987915,0.5827962756156921,0.0240897536277771,0.6897814869880676
1,block3_h36_seed13,3523,full,3,forward,0,0.3969435393810272,0.9627031683921814,0.9633000493049622,0.0005968809127807,0.9782593846321106
1,block3_h36_seed13,3524,full,2,left,0,0.8320456147193909,0.6347951292991638,0.6669027209281921,0.0321075916290283,0.7993418574333191
1,block3_h36_seed13,3525,full,2,left,1,0.9839345812797546,0.9854838848114014,1.0770257711410522,0.0915418863296508,0.9854838848114014
1,block3_h36_seed13,3526,full,4,backward,1,0.9882185459136964,1.232802391052246,1.3271450996398926,0.0943427085876464,1.232802391052246
1,block3_h36_seed13,3527,full,4,backward,1,0.987851083278656,1.3968075513839722,1.4877915382385254,0.0909839868545532,1.3968075513839722
1,block3_h36_seed13,3528,full,2,left,0,0.910422146320343,1.2869749069213867,1.3348594903945925,0.0478845834732055,1.3348594903945925
1,block3_h36_seed13,3529,full,1,right,0,0.7547945976257324,1.0222653150558472,1.0492204427719116,0.0269551277160644,1.0492204427719116
1,block3_h36_seed13,3531,full,3,forward,1,0.999995231628418,0.5328729152679443,0.7877352833747864,0.254862368106842,0.5328729152679443
1,block3_h36_seed13,3532,full,3,forward,1,0.9999756813049316,0.5967037081718445,0.8284549713134766,0.231751263141632,0.5967037081718445
1,block3_h36_seed13,3533,full,1,right,1,0.5668042898178101,1.949199676513672,1.9694799184799197,0.0202802419662475,1.949199676513672
1,block3_h36_seed13,3534,full,2,left,1,0.9953469634056092,0.4368602335453033,0.5562756061553955,0.1194153726100921,0.4368602335453033
1,block3_h36_seed13,3536,full,2,left,1,0.9998748302459716,0.4833846092224121,0.680511474609375,0.1971268653869629,0.4833846092224121
1,block3_h36_seed13,3537,full,1,right,1,0.9443627595901488,0.8901853561401367,0.9556503295898438,0.065464973449707,0.8901853561401367
1,block3_h36_seed13,3538,full,1,right,0,0.5449638366699219,1.4398308992385864,1.4435361623764038,0.0037052631378173,1.4435361623764038
1,block3_h36_seed13,3539,full,2,left,1,0.9939427971839904,1.2027347087860107,1.3054766654968262,0.1027419567108154,1.2027347087860107
1,block3_h36_seed13,3540,full,4,backward,1,0.9994798302650452,0.4802359044551849,0.6528496146202087,0.1726137101650238,0.4802359044551849
1,block3_h36_seed13,3541,full,2,left,0,0.6784955263137817,1.4070745706558228,1.4298497438430786,0.0227751731872558,1.4298497438430786
1,block3_h36_seed13,3542,full,4,backward,1,0.9984610080718994,0.9275136590003968,1.0574389696121216,0.1299253106117248,0.9275136590003968
1,block3_h36_seed13,3543,full,3,forward,1,0.99794739484787,1.313530445098877,1.4379730224609375,0.1244425773620605,1.313530445098877
1,block3_h36_seed13,3544,full,3,forward,0,0.935361385345459,0.6074784994125366,0.669287919998169,0.0618094205856323,0.6885469555854797
1,block3_h36_seed13,3545,full,2,left,1,0.9982896447181702,1.277920842170715,1.4109045267105105,0.1329836845397949,1.277920842170715
1,block3_h36_seed13,3546,full,3,forward,1,0.9949634075164796,1.2110780477523804,1.3170949220657349,0.1060168743133544,1.2110780477523804
1,block3_h36_seed13,3547,full,1,right,0,0.668382465839386,0.8035041689872742,0.8194723129272461,0.0159681439399719,0.8673922419548035
1,block3_h36_seed13,3548,full,3,forward,1,0.9996522665023804,1.4457364082336426,1.6056667566299438,0.1599303483963012,1.4457364082336426
1,block3_h36_seed13,3549,full,2,left,1,0.998872935771942,0.5076732635498047,0.6494005918502808,0.141727328300476,0.5076732635498047
1,block3_h36_seed13,3550,full,3,forward,1,0.9619979858398438,1.2250207662582395,1.2942789793014526,0.0692582130432128,1.2250207662582395
1,block3_h36_seed13,3551,full,2,left,1,0.9626783728599548,1.375894546508789,1.4409443140029907,0.0650497674942016,1.375894546508789
1,block3_h36_seed13,3552,full,2,left,1,0.5768711566925049,1.3060790300369265,1.3123384714126587,0.0062594413757324,1.3060790300369265
1,block3_h36_seed13,3553,full,2,left,0,0.6317033171653748,1.2353099584579468,1.2638182640075684,0.0285083055496215,1.2638182640075684
1,block3_h36_seed13,3554,full,3,forward,1,0.8321565985679626,1.2248897552490234,1.2578694820404053,0.0329797267913818,1.2248897552490234
1,block3_h36_seed13,3555,full,2,left,1,0.9964889287948608,1.3777927160263062,1.496253490447998,0.1184607744216919,1.3777927160263062
1,block3_h36_seed13,3556,full,2,left,1,0.7850814461708069,1.3000868558883667,1.3260003328323364,0.0259134769439697,1.3000868558883667
1,block3_h36_seed13,3559,full,2,left,1,0.9996002316474916,1.3699170351028442,1.5281823873519895,0.1582653522491455,1.3699170351028442
1,block3_h36_seed13,3560,full,3,forward,1,0.8744928240776062,1.1419047117233276,1.1820311546325684,0.0401264429092407,1.1419047117233276
1,block3_h36_seed13,3561,full,1,right,1,0.9999721050262452,0.4341699182987213,0.6529043316841125,0.2187344133853912,0.4341699182987213
1,block3_h36_seed13,3562,full,4,backward,1,0.8705787658691406,1.001537203788757,1.0484179258346558,0.0468807220458984,1.001537203788757
1,block3_h36_seed13,3563,full,1,right,1,0.9766265749931335,1.2350318431854248,1.31171715259552,0.0766853094100952,1.2350318431854248
1,block3_h36_seed13,3564,full,3,forward,1,0.9996676445007324,0.5339004397392273,0.7042224407196045,0.1703220009803772,0.5339004397392273
1,block3_h36_seed13,3565,full,2,left,1,0.999942421913147,0.421410471200943,0.6254462599754333,0.2040357887744903,0.421410471200943
1,block3_h36_seed13,3567,full,3,forward,1,0.4069322049617767,0.712644100189209,0.7129114270210266,0.0002673268318176,0.712644100189209
1,block3_h36_seed13,3568,full,4,backward,0,0.6610780358314514,0.8030484318733215,0.818754255771637,0.0157058238983154,0.818754255771637
1,block3_h36_seed13,3569,full,1,right,0,0.5847222805023193,1.2194459438323977,1.229068160057068,0.0096222162246704,1.271628975868225
1,block3_h36_seed13,3570,full,1,right,0,0.9439711570739746,0.9163886904716492,0.9911249279975892,0.0747362375259399,0.9936093688011168
1,block3_h36_seed13,3571,full,2,left,0,0.5588753819465637,1.3373260498046875,1.3420952558517456,0.0047692060470581,1.3420952558517456
1,block3_h36_seed13,3572,full,2,left,1,0.999881625175476,0.3870727717876434,0.5713065266609192,0.1842337548732757,0.3870727717876434
1,block3_h36_seed13,3573,full,3,forward,1,0.5730560421943665,1.285042643547058,1.2932981252670288,0.0082554817199707,1.285042643547058
1,block3_h36_seed13,3574,full,4,backward,1,0.9979372024536132,0.9670855402946472,1.1020115613937378,0.1349260210990905,0.9670855402946472
1,block3_h36_seed13,3576,full,2,left,1,0.9989822506904602,1.1687027215957642,1.31576406955719,0.1470613479614257,1.1687027215957642
1,block3_h36_seed13,3577,full,2,left,0,0.6979508996009827,1.2068310976028442,1.22520911693573,0.0183780193328857,1.22520911693573
1,block3_h36_seed13,3579,full,1,right,1,0.9999213218688964,1.6300770044326782,1.8195219039916992,0.189444899559021,1.6300770044326782
1,block3_h36_seed13,3580,full,4,backward,1,0.9937269687652588,1.0255674123764038,1.1363753080368042,0.1108078956604003,1.0255674123764038
1,block3_h36_seed13,3581,full,3,forward,1,0.9998254179954528,0.6289923191070557,0.8064709305763245,0.1774786114692688,0.6289923191070557
1,block3_h36_seed13,3582,full,1,right,1,0.919901967048645,0.9695594906806946,1.0284947156906128,0.0589352250099182,0.9695594906806946
1,block3_h36_seed13,3584,full,4,backward,1,0.9981689453125,0.6425909996032715,0.7732734084129333,0.1306824088096618,0.6425909996032715
1,block3_h36_seed13,3585,full,2,left,0,0.9687073230743408,0.7189672589302063,0.7943926453590393,0.075425386428833,0.8691892623901367
1,block3_h36_seed13,3586,full,3,forward,1,0.9999879598617554,0.5967037081718445,0.831341564655304,0.2346378564834594,0.5967037081718445
1,block3_h36_seed13,3587,full,3,forward,1,0.9948742985725404,1.274899125099182,1.3811553716659546,0.1062562465667724,1.274899125099182
1,block3_h36_seed13,3589,full,3,forward,1,0.998484194278717,1.3619189262390137,1.500316143035889,0.138397216796875,1.3619189262390137
1,block3_h36_seed13,3590,full,4,backward,1,0.9987288117408752,0.8922248482704163,1.0267982482910156,0.1345734000205993,0.8922248482704163
1,block3_h36_seed13,3591,full,3,forward,1,0.9990548491477966,0.9178509712219238,1.066933512687683,0.1490825414657592,0.9178509712219238
1,block3_h36_seed13,3592,full,1,right,1,0.9822178483009338,1.3755308389663696,1.4611231088638306,0.0855922698974609,1.3755308389663696
1,block3_h36_seed13,3593,full,4,backward,1,0.9997175335884094,0.992420256137848,1.1566203832626345,0.1642001271247863,0.992420256137848
1,block3_h36_seed13,3594,full,3,forward,1,0.9997110962867736,0.737004816532135,0.9131741523742676,0.1761693358421325,0.737004816532135
1,block3_h36_seed13,3595,full,3,forward,0,0.5791006088256836,0.5220777988433838,0.5297699570655823,0.0076921582221984,0.6017060279846191
1,block3_h36_seed13,3596,full,4,backward,1,0.9986658096313475,1.1935030221939087,1.3323982954025269,0.1388952732086181,1.1935030221939087
1,block3_h36_seed13,3597,full,1,right,1,0.9948523640632628,0.8081502318382263,0.9174286723136902,0.1092784404754638,0.8081502318382263
1,block3_h36_seed13,3598,full,3,forward,1,0.9952279329299928,1.3288997411727903,1.44945228099823,0.1205525398254394,1.3288997411727903
1,block3_h36_seed13,3599,full,1,right,1,0.4239424169063568,1.3671118021011353,1.3737703561782837,0.0066585540771484,1.3671118021011353
1,block3_h36_seed13,3600,full,3,forward,1,0.9899542331695556,1.271976351737976,1.3754631280899048,0.1034867763519287,1.271976351737976
1,block3_h36_seed13,3601,full,3,forward,1,0.9796764850616456,0.9124049544334412,0.9899798035621644,0.0775748491287231,0.9124049544334412
1,block3_h36_seed13,3602,full,2,left,1,0.9997865557670592,0.4904049932956695,0.6734921932220459,0.1830871999263763,0.4904049932956695
1,block3_h36_seed13,3603,full,4,backward,1,0.9573569893836976,1.0160645246505735,1.0834016799926758,0.067337155342102,1.0160645246505735
1,block3_h36_seed13,3605,full,3,forward,1,0.9999659061431884,0.6339532732963562,0.8466315269470215,0.2126782536506652,0.6339532732963562
1,block3_h36_seed13,3606,full,2,left,1,0.927249789237976,1.5123443603515625,1.574601173400879,0.0622568130493164,1.5123443603515625
1,block3_h36_seed13,3607,full,2,left,1,0.8610653281211853,1.0857995748519895,1.141217589378357,0.0554180145263671,1.0857995748519895
1,block3_h36_seed13,3608,full,1,right,0,0.4587206542491913,1.3129324913024902,1.3131033182144165,0.0001708269119262,1.3470624685287476
1,block3_h36_seed13,3609,full,1,right,0,0.4193921983242035,0.9225104451179504,0.9252031445503236,0.002692699432373,0.9252031445503236
1,block3_h36_seed13,3610,full,2,left,1,0.959055483341217,1.1152294874191284,1.1829456090927124,0.0677161216735839,1.1152294874191284
1,block3_h36_seed13,3611,full,4,backward,1,0.9825146794319152,0.8015816807746887,0.8868589997291565,0.0852773189544677,0.8015816807746887
1,block3_h36_seed13,3612,full,3,forward,1,0.94195294380188,1.1853233575820925,1.2465254068374634,0.061202049255371,1.1853233575820925
1,block3_h36_seed13,3613,full,2,left,1,0.9999614953994752,0.421410471200943,0.6403825283050537,0.2189720571041107,0.421410471200943
1,block3_h36_seed13,3614,full,2,left,1,0.9999380111694336,0.4834418296813965,0.6850493550300598,0.2016075253486633,0.4834418296813965
1,block3_h36_seed13,3615,full,1,right,0,0.9954144954681396,0.6526219248771667,0.7739514708518982,0.1213295459747314,0.8310295939445496
1,block3_h36_seed13,3616,full,1,right,1,0.996802568435669,0.9820190072059632,1.0972641706466677,0.1152451634407043,0.9820190072059632
1,block3_h36_seed13,3617,full,2,left,1,0.9966927766799928,1.1116666793823242,1.2415566444396973,0.129889965057373,1.1116666793823242
1,block3_h36_seed13,3618,full,3,forward,1,0.9996330738067628,0.9178509712219238,1.081391453742981,0.1635404825210571,0.9178509712219238
1,block3_h36_seed13,3619,full,4,backward,1,0.999964475631714,0.3918255865573883,0.604327380657196,0.2125017940998077,0.3918255865573883
1,block3_h36_seed13,3620,full,1,right,1,0.973733365535736,1.632083296775818,1.7143869400024414,0.0823036432266235,1.632083296775818
1,block3_h36_seed13,3621,full,2,left,1,0.9998999834060668,0.5200064182281494,0.7049345970153809,0.1849281787872314,0.5200064182281494
1,block3_h36_seed13,3622,full,2,left,1,0.8828199505805969,1.3128533363342283,1.3541752099990845,0.0413218736648559,1.3128533363342283
1,block3_h36_seed13,3623,full,2,left,1,0.9122750163078308,1.4560447931289673,1.5034526586532593,0.0474078655242919,1.4560447931289673
1,block3_h36_seed13,3625,full,3,forward,1,0.9911872744560242,0.8232887387275696,0.9205805659294128,0.0972918272018432,0.8232887387275696
1,block3_h36_seed13,3626,full,3,forward,0,0.9212546944618224,0.531460702419281,0.5930151343345642,0.0615544319152832,0.610919177532196
1,block3_h36_seed13,3627,full,2,left,0,0.5226134061813354,0.578167736530304,0.5802109837532043,0.0020432472229003,0.6844379305839539
1,block3_h36_seed13,3628,full,4,backward,1,0.990871250629425,1.0763388872146606,1.1703838109970093,0.0940449237823486,1.0763388872146606
1,block3_h36_seed13,3629,full,3,forward,1,0.9999977350234984,0.5328729152679443,0.8050264716148376,0.2721535563468933,0.5328729152679443
1,block3_h36_seed13,3631,full,4,backward,1,0.9984458088874816,1.0375148057937622,1.175770878791809,0.1382560729980468,1.0375148057937622
1,block3_h36_seed13,3633,full,2,left,1,0.9916131496429444,1.5514205694198608,1.6507049798965454,0.0992844104766845,1.5514205694198608
1,block3_h36_seed13,3634,full,4,backward,1,0.9998193383216858,0.4019018113613128,0.5812243223190308,0.1793225109577179,0.4019018113613128
1,block3_h36_seed13,3636,full,4,backward,1,0.9728235602378844,0.912324607372284,0.9844862818717957,0.0721616744995117,0.912324607372284
1,block3_h36_seed13,3637,full,2,left,1,0.999862551689148,0.421410471200943,0.6025143265724182,0.1811038553714752,0.421410471200943
1,block3_h36_seed13,3638,full,2,left,0,0.6011194586753845,0.7729966640472412,0.7858737111091614,0.0128770470619201,0.8691892623901367
1,block3_h36_seed13,3639,full,2,left,1,0.9936739206314088,1.5241962671279907,1.62578284740448,0.1015865802764892,1.5241962671279907
1,block3_h36_seed13,3640,full,1,right,1,0.9408881664276124,1.5662485361099243,1.625853180885315,0.0596046447753906,1.5662485361099243
1,block3_h36_seed13,3641,full,2,left,1,0.9999760389328004,0.5200064182281494,0.7496366500854492,0.2296302318572998,0.5200064182281494
1,block3_h36_seed13,3642,full,2,left,1,0.9972813129425048,0.4568496644496918,0.5834217071533203,0.1265720427036285,0.4568496644496918
1,block3_h36_seed13,3643,full,4,backward,1,0.943435549736023,1.3564029932022097,1.414146900177002,0.0577439069747924,1.3564029932022097
1,block3_h36_seed13,3644,full,4,backward,1,0.619158923625946,0.8851988911628723,0.906898021697998,0.0216991305351257,0.8851988911628723
1,block3_h36_seed13,3645,full,4,backward,1,0.9869911074638368,0.8471949696540833,0.9347967505455016,0.0876017808914184,0.8471949696540833
1,block3_h36_seed13,3647,full,1,right,1,0.995371162891388,0.4526247978210449,0.5770806670188904,0.1244558691978454,0.4526247978210449
1,block3_h36_seed13,3648,full,2,left,1,0.9927380681037904,1.1457091569900513,1.2483352422714231,0.102626085281372,1.1457091569900513
1,block3_h36_seed13,3649,full,1,right,1,0.9985793828964232,1.2425342798233032,1.384167194366455,0.1416329145431518,1.2425342798233032
1,block3_h36_seed13,3651,full,1,right,0,0.5364426374435425,0.9288949966430664,0.9339876174926758,0.0050926208496093,0.9339876174926758
1,block3_h36_seed13,3652,full,2,left,1,0.9956637024879456,1.1721795797348022,1.2815959453582764,0.1094163656234741,1.1721795797348022
1,block3_h36_seed13,3653,full,2,left,1,0.997128427028656,1.1116666793823242,1.2415566444396973,0.129889965057373,1.1116666793823242
1,block3_h36_seed13,3655,full,1,right,1,0.9997782111167908,0.4521320164203644,0.6250289082527161,0.1728968918323516,0.4521320164203644
1,block3_h36_seed13,3656,full,4,backward,1,0.9990743398666382,1.2398862838745115,1.3823925256729126,0.1425062417984008,1.2398862838745115
1,block3_h36_seed13,3657,full,3,forward,1,0.9980530738830566,1.195563793182373,1.3251253366470337,0.1295615434646606,1.195563793182373
1,block3_h36_seed13,3658,full,3,forward,1,0.9998849630355836,0.6845797896385193,0.875812828540802,0.1912330389022827,0.6845797896385193
1,block3_h36_seed13,3659,full,1,right,1,0.9982295632362366,0.8081502318382263,0.9422497749328612,0.134099543094635,0.8081502318382263
1,block3_h36_seed13,3660,full,2,left,1,0.9986019730567932,0.4495828449726105,0.5898342728614807,0.1402514278888702,0.4495828449726105
1,block3_h36_seed13,3661,full,4,backward,1,0.9996095299720764,0.4547887146472931,0.6238622665405273,0.1690735518932342,0.4547887146472931
1,block3_h36_seed13,3662,full,4,backward,1,0.8806785941123962,1.2991714477539062,1.339176058769226,0.0400046110153198,1.2991714477539062
1,block3_h36_seed13,3664,full,2,left,1,0.99359130859375,1.332627773284912,1.4375382661819458,0.1049104928970336,1.332627773284912
1,block3_h36_seed13,3665,full,2,left,1,0.9994155168533324,1.7505650520324707,1.9088417291641235,0.1582766771316528,1.7505650520324707
1,block3_h36_seed13,3666,full,4,backward,1,0.8220520615577698,0.8069882988929749,0.8570311665534973,0.0500428676605224,0.8069882988929749
1,block3_h36_seed13,3668,full,1,right,1,0.999498963356018,0.5270993709564209,0.6917051672935486,0.1646057963371276,0.5270993709564209
1,block3_h36_seed13,3670,full,4,backward,1,0.9753811955451964,1.1595823764801023,1.2361871004104614,0.0766047239303588,1.1595823764801023
1,block3_h36_seed13,3671,full,3,forward,1,0.9928109049797058,1.4324737787246704,1.5429588556289673,0.1104850769042968,1.4324737787246704
1,block3_h36_seed13,3672,full,4,backward,1,0.9977989792823792,0.8539997935295105,0.9766671061515808,0.1226673126220703,0.8539997935295105
1,block3_h36_seed13,3673,full,3,forward,1,0.9996567964553832,1.41698157787323,1.5815858840942385,0.1646043062210083,1.41698157787323
1,block3_h36_seed13,3674,full,4,backward,1,0.9976859092712402,0.8959488868713379,1.0187126398086548,0.1227637529373169,0.8959488868713379
1,block3_h36_seed13,3678,full,1,right,0,0.4841793179512024,0.6238542199134827,0.6239743828773499,0.0001201629638671,0.7311816215515137
1,block3_h36_seed13,3679,full,2,left,1,0.9998334646224976,1.4950488805770874,1.678067326545715,0.1830184459686279,1.4950488805770874
1,block3_h36_seed13,3680,full,2,left,1,0.9981268048286438,1.1116666793823242,1.2415566444396973,0.129889965057373,1.1116666793823242
1,block3_h36_seed13,3682,full,1,right,0,0.8359102010726929,1.323525071144104,1.3671118021011353,0.0435867309570312,1.3671118021011353
1,block3_h36_seed13,3683,full,4,backward,1,0.8797808289527893,1.2374285459518433,1.2773733139038086,0.0399447679519653,1.2374285459518433
1,block3_h36_seed13,3684,full,1,right,1,0.9980477094650269,0.7192605137825012,0.8537793755531311,0.1345188617706298,0.7192605137825012
1,block3_h36_seed13,3685,full,2,left,0,0.9618403911590576,0.940532684326172,1.018445611000061,0.0779129266738891,1.018445611000061
1,block3_h36_seed13,3686,full,2,left,1,0.9968684315681458,1.5025157928466797,1.636095404624939,0.1335796117782592,1.5025157928466797
1,block3_h36_seed13,3689,full,1,right,1,0.9998496770858764,0.5874386429786682,0.7741835117340088,0.1867448687553405,0.5874386429786682
1,block3_h36_seed13,3690,full,3,forward,1,0.603339433670044,1.045375943183899,1.0544241666793823,0.0090482234954833,1.045375943183899
1,block3_h36_seed13,3691,full,1,right,1,0.855176568031311,1.129765510559082,1.166697382926941,0.0369318723678588,1.129765510559082
1,block3_h36_seed13,3692,full,2,left,0,0.9388748407363892,0.8227627873420715,0.8891260027885437,0.0663632154464721,0.9021078944206238
1,block3_h36_seed13,3693,full,4,backward,1,0.944706380367279,0.9119256138801576,0.9725636839866638,0.0606380701065063,0.9119256138801576
1,block3_h36_seed13,3694,full,2,left,1,0.7549954652786255,1.082050085067749,1.104845404624939,0.0227953195571899,1.082050085067749
1,block3_h36_seed13,3695,full,3,forward,0,0.6355584859848022,0.529528796672821,0.5406903624534607,0.0111615657806396,0.6740386486053467
1,block3_h36_seed13,3696,full,3,forward,1,0.999929904937744,1.4237436056137085,1.622245192527771,0.1985015869140625,1.4237436056137085
1,block3_h36_seed13,3697,full,3,forward,1,0.8511826992034912,0.9358494877815248,0.976963996887207,0.0411145091056823,0.9358494877815248
1,block3_h36_seed13,3698,full,2,left,1,0.9985055923461914,0.9890165328979492,1.1193805932998655,0.1303640604019165,0.9890165328979492
1,block3_h36_seed13,3699,full,1,right,1,0.9993070363998412,0.6538426876068115,0.8188210129737854,0.1649783253669738,0.6538426876068115
1,block3_h36_seed13,3700,full,1,right,0,0.9068462252616882,0.8637382984161377,0.9118757247924804,0.0481374263763427,0.9118757247924804
1,block3_h36_seed13,3701,full,2,left,1,0.9883153438568116,1.4144444465637207,1.5188932418823242,0.1044487953186035,1.4144444465637207
1,block3_h36_seed13,3703,full,3,forward,1,0.8831322193145752,0.9358494877815248,0.976963996887207,0.0411145091056823,0.9358494877815248
1,block3_h36_seed13,3704,full,4,backward,1,0.9980583786964417,0.6282984614372253,0.7588000297546387,0.1305015683174133,0.6282984614372253
1,block3_h36_seed13,3705,full,1,right,0,0.8509067296981812,0.8080506324768066,0.8479706645011902,0.0399200320243835,0.8881691098213196
1,block3_h36_seed13,3706,full,4,backward,1,0.9997857213020324,0.6754987835884094,0.8653860688209534,0.1898872852325439,0.6754987835884094
1,block3_h36_seed13,3707,full,4,backward,1,0.9950380921363832,1.0375148057937622,1.1439359188079834,0.1064211130142211,1.0375148057937622
1,block3_h36_seed13,3708,full,4,backward,1,0.9999691247940063,0.4086371958255768,0.627103865146637,0.2184666693210601,0.4086371958255768
1,block3_h36_seed13,3711,full,2,left,1,0.999926209449768,1.0193525552749634,1.217145562171936,0.1977930068969726,1.0193525552749634
1,block3_h36_seed13,3712,full,1,right,1,0.9843123555183412,1.7786363363265991,1.867126941680908,0.088490605354309,1.7786363363265991
1,block3_h36_seed13,3713,full,2,left,1,0.9916113018989564,1.7828645706176758,1.8783997297286987,0.0955351591110229,1.7828645706176758
1,block3_h36_seed13,3715,full,2,left,1,0.9999138116836548,0.4904049932956695,0.6877300143241882,0.1973250210285186,0.4904049932956695
1,block3_h36_seed13,3716,full,3,forward,1,0.9999663829803468,0.6676238179206848,0.8965795040130615,0.2289556860923767,0.6676238179206848
1,block3_h36_seed13,3718,full,3,forward,1,0.9946186542510986,1.3158115148544312,1.4209483861923218,0.1051368713378906,1.3158115148544312
1,block3_h36_seed13,3719,full,1,right,1,0.999723255634308,0.4527007341384887,0.628670871257782,0.1759701371192932,0.4527007341384887
1,block3_h36_seed13,3721,full,4,backward,1,0.9987257122993468,0.6282984614372253,0.7767019867897034,0.148403525352478,0.6282984614372253
1,block3_h36_seed13,3722,full,4,backward,0,0.8366524577140808,0.7343904972076416,0.7700750231742859,0.0356845259666442,0.7700750231742859
1,block3_h36_seed13,3723,full,3,forward,1,0.9970043301582336,0.83819580078125,0.959939420223236,0.121743619441986,0.83819580078125
1,block3_h36_seed13,3724,full,4,backward,1,0.954803466796875,1.192332744598389,1.2585402727127075,0.0662075281143188,1.192332744598389
1,block3_h36_seed13,3727,full,1,right,1,0.9617102146148682,1.6048541069030762,1.673929214477539,0.0690751075744628,1.6048541069030762
1,block3_h36_seed13,3728,full,3,forward,0,0.8725026845932007,0.8670918345451355,0.9097769260406494,0.0426850914955139,0.9097769260406494
1,block3_h36_seed13,3729,full,1,right,1,0.9833242893218994,1.7188738584518433,1.807884693145752,0.0890108346939086,1.7188738584518433
1,block3_h36_seed13,3730,full,4,backward,1,0.9989179372787476,1.1315137147903442,1.280319094657898,0.1488053798675537,1.1315137147903442
1,block3_h36_seed13,3731,full,4,backward,1,0.9999603033065796,0.3918255865573883,0.604327380657196,0.2125017940998077,0.3918255865573883
1,block3_h36_seed13,3732,full,1,right,0,0.6946669220924377,0.7416800856590271,0.770086944103241,0.0284068584442138,0.7741117477416992
1,block3_h36_seed13,3733,full,4,backward,1,0.7402312159538269,1.0294164419174194,1.059252142906189,0.0298357009887695,1.0294164419174194
1,block3_h36_seed13,3734,full,3,forward,1,0.9746180772781372,1.0878523588180542,1.165715575218201,0.0778632164001464,1.0878523588180542
1,block3_h36_seed13,3735,full,4,backward,1,0.9997420907020568,0.5463412404060364,0.7300096154212952,0.1836683750152588,0.5463412404060364
1,block3_h36_seed13,3736,full,1,right,1,0.9994741082191468,0.5101127624511719,0.6754286885261536,0.1653159260749817,0.5101127624511719
1,block3_h36_seed13,3737,full,2,left,1,0.9997273087501526,0.5556362867355347,0.7335777282714844,0.1779414415359497,0.5556362867355347
1,block3_h36_seed13,3738,full,2,left,1,0.6386628150939941,1.278315544128418,1.3040019273757937,0.0256863832473754,1.278315544128418
1,block3_h36_seed13,3739,full,4,backward,1,0.9989080429077148,1.0180073976516724,1.1543898582458496,0.1363824605941772,1.0180073976516724
1,block3_h36_seed13,3740,full,4,backward,1,0.6657384634017944,0.9546768069267272,0.9790900349617004,0.0244132280349731,0.9546768069267272
1,block3_h36_seed13,3741,full,4,backward,1,0.9895416498184204,0.9677373766899108,1.058984637260437,0.0912472605705261,0.9677373766899108
1,block3_h36_seed13,3744,full,1,right,1,0.9662676453590392,1.2337325811386108,1.3056495189666748,0.0719169378280639,1.2337325811386108
1,block3_h36_seed13,3745,full,4,backward,1,0.9999489784240724,0.4945737421512604,0.7054803967475891,0.2109066545963287,0.4945737421512604
1,block3_h36_seed13,3746,full,4,backward,1,0.9940793514251708,1.1358351707458496,1.2391937971115112,0.1033586263656616,1.1358351707458496
1,block3_h36_seed13,3747,full,4,backward,0,0.5743371248245239,0.8972573280334473,0.9068430066108704,0.009585678577423,0.9068430066108704
1,block3_h36_seed13,3748,full,2,left,1,0.9997934699058532,0.53887540102005,0.7215272784233093,0.1826518774032592,0.53887540102005
1,block3_h36_seed13,3749,full,4,backward,1,0.999961256980896,0.4415879249572754,0.6517305970191956,0.2101426720619201,0.4415879249572754
1,block3_h36_seed13,3750,full,2,left,1,0.8823000192642212,1.0857995748519895,1.141217589378357,0.0554180145263671,1.0857995748519895
1,block3_h36_seed13,3751,full,1,right,1,0.999409794807434,0.5096947550773621,0.6698489785194397,0.1601542234420776,0.5096947550773621
1,block3_h36_seed13,3752,full,1,right,1,0.767391562461853,1.2930580377578735,1.3236334323883057,0.0305753946304321,1.2930580377578735
1,block3_h36_seed13,3753,full,4,backward,1,0.9732975363731384,1.0763388872146606,1.1484524011611938,0.0721135139465332,1.0763388872146606
1,block3_h36_seed13,3754,full,2,left,1,0.999176561832428,0.5556362867355347,0.7011651396751404,0.1455288529396057,0.5556362867355347
1,block3_h36_seed13,3755,full,4,backward,1,0.9994066953659058,0.7691623568534851,0.9287023544311525,0.1595399975776672,0.7691623568534851
1,block3_h36_seed13,3756,full,3,forward,1,0.9996898174285888,1.1856456995010376,1.352563738822937,0.1669180393218994,1.1856456995010376
1,block3_h36_seed13,3757,full,1,right,1,0.9999123811721802,1.216753005981445,1.4107452630996704,0.1939922571182251,1.216753005981445
1,block3_h36_seed13,3758,full,3,forward,1,0.9539443850517272,1.1853233575820925,1.2465254068374634,0.061202049255371,1.1853233575820925
1,block3_h36_seed13,3759,full,1,right,1,0.9947459697723388,1.232641339302063,1.3424938917160034,0.1098525524139404,1.232641339302063
1,block3_h36_seed13,3761,full,2,left,1,0.988617479801178,1.124265432357788,1.2182263135910034,0.0939608812332153,1.124265432357788
1,block3_h36_seed13,3762,full,4,backward,1,0.9445713758468628,0.7716140151023865,0.837909996509552,0.0662959814071655,0.7716140151023865
1,block3_h36_seed13,3763,full,1,right,1,0.8889334201812744,0.8117814064025879,0.8707842230796814,0.0590028166770935,0.8117814064025879
1,block3_h36_seed13,3764,full,4,backward,0,0.5756219029426575,0.8972573280334473,0.9068430066108704,0.009585678577423,0.9068430066108704
1,block3_h36_seed13,3765,full,2,left,1,0.9508180022239684,1.1990370750427246,1.258310317993164,0.0592732429504394,1.1990370750427246
1,block3_h36_seed13,3766,full,3,forward,0,0.6366173624992371,0.5586135983467102,0.5710892677307129,0.0124756693840026,0.6400139331817627
1,block3_h36_seed13,3767,full,2,left,1,0.9984715580940248,1.7505650520324707,1.8805700540542605,0.1300050020217895,1.7505650520324707
1,block3_h36_seed13,3769,full,2,left,1,0.9989744424819946,0.6046590805053711,0.7582115530967712,0.1535524725914001,0.6046590805053711
1,block3_h36_seed13,3770,full,2,left,1,0.998862624168396,1.7004510164260864,1.8409591913223269,0.1405081748962402,1.7004510164260864
1,block3_h36_seed13,3771,full,1,right,1,0.977106511592865,1.632083296775818,1.7192844152450562,0.0872011184692382,1.632083296775818
1,block3_h36_seed13,3772,full,1,right,1,0.9987698197364808,1.232641339302063,1.3702183961868286,0.1375770568847656,1.232641339302063
1,block3_h36_seed13,3774,full,1,right,0,0.7118728756904602,0.949631929397583,0.9830510020256042,0.0334190726280212,0.9830510020256042
1,block3_h36_seed13,3775,full,2,left,1,0.5263277292251587,1.0285080671310425,1.0452289581298828,0.0167208909988403,1.0285080671310425
1,block3_h36_seed13,3776,full,1,right,1,0.4499662816524505,0.7470605969429016,0.7545203566551208,0.0074597597122192,0.7470605969429016
1,block3_h36_seed13,3777,full,3,forward,1,0.9989013671875,1.117213010787964,1.259236454963684,0.1420234441757202,1.117213010787964
1,block3_h36_seed13,3779,full,1,right,1,0.9960805773735046,1.1721299886703491,1.289042353630066,0.1169123649597168,1.1721299886703491
1,block3_h36_seed13,3781,full,4,backward,1,0.950420379638672,1.1215810775756836,1.1907404661178589,0.0691593885421752,1.1215810775756836
1,block3_h36_seed13,3782,full,1,right,1,0.9978944659233092,0.4558285176753998,0.591170608997345,0.1353420913219452,0.4558285176753998
1,block3_h36_seed13,3783,full,3,forward,1,0.9977549910545348,1.41698157787323,1.541911482810974,0.1249299049377441,1.41698157787323
1,block3_h36_seed13,3784,full,2,left,1,0.9999725818634032,0.569553554058075,0.7938659191131592,0.2243123650550842,0.569553554058075
1,block3_h36_seed13,3785,full,1,right,1,0.9992238283157348,1.2944473028182983,1.4475716352462769,0.1531243324279785,1.2944473028182983
1,block3_h36_seed13,3786,full,2,left,0,0.6667717099189758,1.6778898239135742,1.6967134475708008,0.0188236236572265,1.723767638206482
1,block3_h36_seed13,3787,full,1,right,1,0.9935792684555054,1.2024930715560913,1.3202067613601685,0.1177136898040771,1.2024930715560913
1,block3_h36_seed13,3790,full,2,left,1,0.9960313439369202,0.4368602335453033,0.5710725784301758,0.1342123448848724,0.4368602335453033
1,block3_h36_seed13,3792,full,4,backward,1,0.9975427389144896,0.8959488868713379,1.0187126398086548,0.1227637529373169,0.8959488868713379
1,block3_h36_seed13,3793,full,3,forward,1,0.9962820410728456,1.3619189262390137,1.484010100364685,0.1220911741256713,1.3619189262390137
1,block3_h36_seed13,3794,full,4,backward,1,0.9678353071212769,1.1215810775756836,1.1907404661178589,0.0691593885421752,1.1215810775756836
1,block3_h36_seed13,3795,full,4,backward,1,0.9938867688179016,1.1265279054641724,1.2386401891708374,0.112112283706665,1.1265279054641724
1,block3_h36_seed13,3796,full,3,forward,1,0.9972713589668274,1.3146322965621948,1.4457130432128906,0.1310807466506958,1.3146322965621948
1,block3_h36_seed13,3798,full,1,right,0,0.4367376565933227,0.8178694844245911,0.8252289891242981,0.007359504699707,0.8469455242156982
1,block3_h36_seed13,3799,full,4,backward,1,0.9833778142929076,1.1315137147903442,1.2141845226287842,0.0826708078384399,1.1315137147903442
1,block3_h36_seed13,3800,full,3,forward,1,0.9947682619094848,1.313530445098877,1.4290951490402222,0.1155647039413452,1.313530445098877
1,block3_h36_seed13,3801,full,2,left,1,0.8027431964874268,1.47150456905365,1.5119794607162476,0.0404748916625976,1.47150456905365
1,block3_h36_seed13,3803,full,3,forward,1,0.9761537909507751,0.912820041179657,1.0043147802352903,0.0914947390556335,0.912820041179657
1,block3_h36_seed13,3804,full,1,right,1,0.9681360125541688,1.000515103340149,1.0710393190383911,0.0705242156982421,1.000515103340149
1,block3_h36_seed13,3805,full,2,left,0,0.5718466639518738,1.6651021242141724,1.6734848022460938,0.0083826780319213,1.723767638206482
1,block3_h36_seed13,3806,full,1,right,0,0.5035196542739868,0.582407534122467,0.5827962756156921,0.000388741493225,0.6897814869880676
1,block3_h36_seed13,3807,full,2,left,1,0.7830429077148438,1.4405717849731443,1.4767422676086426,0.036170482635498,1.4405717849731443
1,block3_h36_seed13,3808,full,3,forward,0,0.6332188248634338,1.2505977153778076,1.2745033502578735,0.0239056348800659,1.2745033502578735
1,block3_h36_seed13,3809,full,3,forward,1,0.993173897266388,1.2157011032104492,1.3176517486572266,0.1019506454467773,1.2157011032104492
1,block3_h36_seed13,3810,full,2,left,1,0.999968409538269,0.5676594972610474,0.7798523902893066,0.2121928930282592,0.5676594972610474
1,block3_h36_seed13,3811,full,2,left,1,0.9986120462417604,0.4901004135608673,0.6386122703552246,0.1485118567943573,0.4901004135608673
1,block3_h36_seed13,3813,full,3,forward,1,0.94442218542099,0.83819580078125,0.9038662910461426,0.0656704902648925,0.83819580078125
1,block3_h36_seed13,3815,full,2,left,0,0.9868055582046508,0.7161805033683777,0.8052119612693787,0.0890314579010009,0.8564770817756653
1,block3_h36_seed13,3816,full,4,backward,1,0.9963926672935486,1.1935030221939087,1.312584400177002,0.1190813779830932,1.1935030221939087
1,block3_h36_seed13,3817,full,1,right,1,0.9988667964935304,0.7192605137825012,0.8731583952903748,0.1538978815078735,0.7192605137825012
1,block3_h36_seed13,3818,full,1,right,1,0.9964019060134888,0.7192605137825012,0.8491847515106201,0.1299242377281189,0.7192605137825012
1,block3_h36_seed13,3820,full,3,forward,0,0.5867968201637268,0.5220777988433838,0.5297699570655823,0.0076921582221984,0.6017060279846191
1,block3_h36_seed13,3822,full,1,right,1,0.991209864616394,0.8697047233581543,0.977290153503418,0.1075854301452636,0.8697047233581543
1,block3_h36_seed13,3824,full,4,backward,1,0.9850100874900818,1.0227690935134888,1.1137295961380005,0.0909605026245117,1.0227690935134888
1,block3_h36_seed13,3825,full,2,left,1,0.9997090697288512,1.3420952558517456,1.5051826238632202,0.1630873680114746,1.3420952558517456
1,block3_h36_seed13,3826,full,3,forward,1,0.9930912256240844,1.128604292869568,1.2340008020401,0.1053965091705322,1.128604292869568
1,block3_h36_seed13,3827,full,1,right,1,0.9996628761291504,0.5400490760803223,0.7008588910102844,0.1608098149299621,0.5400490760803223
1,block3_h36_seed13,3829,full,4,backward,1,0.9980840682983398,0.7562863230705261,0.8949976563453674,0.1387113332748413,0.7562863230705261
1,block3_h36_seed13,3830,full,4,backward,1,0.9979538917541504,0.9964838027954102,1.120937705039978,0.1244539022445678,0.9964838027954102
1,block3_h36_seed13,3832,full,1,right,1,0.664426326751709,2.129323720932007,2.150811195373535,0.0214874744415283,2.129323720932007
1,block3_h36_seed13,3833,full,4,backward,1,0.9996485710144044,0.3776289224624634,0.5459313988685608,0.1683024764060974,0.3776289224624634
1,block3_h36_seed13,3834,full,4,backward,1,0.9993316531181335,0.4019018113613128,0.5618312954902649,0.159929484128952,0.4019018113613128
1,block3_h36_seed13,3835,full,2,left,1,0.9999568462371826,0.4495828449726105,0.6597406268119812,0.2101577818393707,0.4495828449726105
1,block3_h36_seed13,3836,full,3,forward,1,0.9768503904342652,0.83819580078125,0.9152512550354004,0.0770554542541503,0.83819580078125
1,block3_h36_seed13,3838,full,3,forward,1,0.999990463256836,0.5131714940071106,0.7614569067955017,0.2482854127883911,0.5131714940071106
1,block3_h36_seed13,3839,full,3,forward,1,0.998137354850769,1.2250207662582395,1.354946494102478,0.1299257278442382,1.2250207662582395
1,block3_h36_seed13,3840,full,3,forward,1,0.9597223997116088,1.110223412513733,1.1831427812576294,0.0729193687438964,1.110223412513733
1,block3_h36_seed13,3841,full,4,backward,1,0.9909271001815796,1.1772828102111816,1.2813960313796997,0.104113221168518,1.1772828102111816
1,block3_h36_seed13,3842,full,4,backward,1,0.9971300959587096,0.9677373766899108,1.085699200630188,0.1179618239402771,0.9677373766899108
1,block3_h36_seed13,3844,full,4,backward,1,0.989075779914856,0.8336356282234192,0.9433401226997375,0.1097044944763183,0.8336356282234192
1,block3_h36_seed13,3845,full,2,left,0,0.6755181550979614,1.0043429136276243,1.025898575782776,0.0215556621551513,1.049580216407776
1,block3_h36_seed13,3846,full,1,right,1,0.9901710152626038,1.056923270225525,1.1529794931411743,0.0960562229156494,1.056923270225525
1,block3_h36_seed13,3847,full,3,forward,1,0.936391294002533,1.2195556163787842,1.273464560508728,0.0539089441299438,1.2195556163787842
1,block3_h36_seed13,3848,full,3,forward,0,0.9941688776016236,0.876332700252533,0.9940770268440248,0.1177443265914917,0.9940770268440248
1,block3_h36_seed13,3849,full,2,left,0,0.5137417316436768,0.4605360925197601,0.4658771455287933,0.0053410530090332,0.5020307898521423
1,block3_h36_seed13,3853,full,2,left,1,0.9998360872268676,0.3538343906402588,0.5374531149864197,0.1836187243461609,0.3538343906402588
1,block3_h36_seed13,3856,full,1,right,1,0.9589828848838806,1.17714524269104,1.241304874420166,0.0641596317291259,1.17714524269104
1,block3_h36_seed13,3857,full,2,left,1,0.9870129227638244,1.26266610622406,1.3520292043685913,0.0893630981445312,1.26266610622406
1,block3_h36_seed13,3858,full,3,forward,1,0.9786903858184814,1.271976351737976,1.3519481420516968,0.0799717903137207,1.271976351737976
1,block3_h36_seed13,3859,full,4,backward,1,0.9868907332420348,1.1411187648773191,1.2296018600463867,0.0884830951690673,1.1411187648773191
1,block3_h36_seed13,3860,full,2,left,1,0.9937174320220948,1.1117106676101685,1.2226219177246094,0.1109112501144409,1.1117106676101685
1,block3_h36_seed13,3861,full,3,forward,0,0.6495499014854431,0.6067283153533936,0.6216017603874207,0.0148734450340271,0.6659837365150452
1,block3_h36_seed13,3862,full,3,forward,1,0.9999845027923584,0.4950443804264068,0.7215878963470459,0.226543515920639,0.4950443804264068
1,block3_h36_seed13,3863,full,4,backward,1,0.9650232195854188,1.0763388872146606,1.1484524011611938,0.0721135139465332,1.0763388872146606
1,block3_h36_seed13,3864,full,3,forward,1,0.9946893453598022,1.411481857299805,1.5162605047225952,0.1047786474227905,1.411481857299805
1,block3_h36_seed13,3865,full,3,forward,1,0.9999955892562866,0.5328729152679443,0.7877352833747864,0.254862368106842,0.5328729152679443
1,block3_h36_seed13,3866,full,2,left,1,0.9999279975891112,0.3538343906402588,0.5572648644447327,0.2034304738044738,0.3538343906402588
1,block3_h36_seed13,3867,full,1,right,1,0.9998094439506532,0.5101127624511719,0.700661838054657,0.1905490756034851,0.5101127624511719
1,block3_h36_seed13,3868,full,2,left,1,0.4882677495479584,0.9555323123931884,0.9606609344482422,0.0051286220550537,0.9555323123931884
1,block3_h36_seed13,3869,full,3,forward,1,0.9789806604385376,1.123856782913208,1.2125251293182373,0.0886683464050293,1.123856782913208
1,block3_h36_seed13,3870,full,1,right,0,0.7371797561645508,0.589977502822876,0.6110838055610657,0.0211063027381896,0.6897814869880676
1,block3_h36_seed13,3871,full,3,forward,1,0.9999507665634156,0.3920729458332062,0.5987544059753418,0.2066814601421356,0.3920729458332062
1,block3_h36_seed13,3873,full,1,right,1,0.9632790684700012,1.1854404211044312,1.257537841796875,0.0720974206924438,1.1854404211044312
1,block3_h36_seed13,3874,full,3,forward,1,0.9999754428863524,0.5136914849281311,0.7379651665687561,0.224273681640625,0.5136914849281311
1,block3_h36_seed13,3875,full,3,forward,0,0.9337306618690492,0.5087676048278809,0.5619819760322571,0.0532143712043762,0.6740386486053467
1,block3_h36_seed13,3876,full,2,left,1,0.9997922778129578,0.55159991979599,0.7324294447898865,0.1808295249938964,0.55159991979599
1,block3_h36_seed13,3877,full,2,left,1,0.9934009909629822,1.2027347087860107,1.3054766654968262,0.1027419567108154,1.2027347087860107
1,block3_h36_seed13,3878,full,4,backward,1,0.9657580256462096,0.8691913485527039,0.9360020160675048,0.066810667514801,0.8691913485527039
1,block3_h36_seed13,3879,full,2,left,1,0.6459087133407593,1.5041066408157349,1.528180480003357,0.024073839187622,1.5041066408157349
1,block3_h36_seed13,3880,full,2,left,0,0.8626771569252014,0.8266445994377136,0.8638195395469666,0.0371749401092529,0.950878918170929
1,block3_h36_seed13,3881,full,2,left,1,0.9335426688194276,1.358601212501526,1.411594033241272,0.052992820739746,1.358601212501526
1,block3_h36_seed13,3882,full,1,right,1,0.8946194052696228,1.092709183692932,1.1463720798492432,0.053662896156311,1.092709183692932
1,block3_h36_seed13,3883,full,2,left,1,0.972244143486023,1.0654605627059937,1.1390047073364258,0.0735441446304321,1.0654605627059937
1,block3_h36_seed13,3884,full,2,left,1,0.999925971031189,0.4255256652832031,0.6327994465827942,0.207273781299591,0.4255256652832031
1,block3_h36_seed13,3886,full,1,right,0,0.6606756448745728,0.4890857636928558,0.5026339888572693,0.0135482251644134,0.5939659476280212
1,block3_h36_seed13,3887,full,3,forward,1,0.692912220954895,1.205316185951233,1.221945881843567,0.0166296958923339,1.205316185951233
1,block3_h36_seed13,3888,full,1,right,1,0.9966921806335448,1.0735024213790894,1.2033675909042358,0.1298651695251464,1.0735024213790894
1,block3_h36_seed13,3889,full,3,forward,1,0.9803351163864136,1.2324419021606443,1.3156300783157349,0.0831881761550903,1.2324419021606443
1,block3_h36_seed13,3890,full,3,forward,1,0.9977771639823914,1.3934122323989868,1.5262409448623655,0.1328287124633789,1.3934122323989868
1,block3_h36_seed13,3893,full,4,backward,1,0.9958940744400024,1.0681151151657104,1.187352418899536,0.1192373037338256,1.0681151151657104
1,block3_h36_seed13,3894,full,4,backward,1,0.8768402338027954,0.8293099403381348,0.8709795475006104,0.0416696071624755,0.8293099403381348
1,block3_h36_seed13,3895,full,1,right,1,0.9936671853065492,1.3542219400405884,1.4553861618041992,0.1011642217636108,1.3542219400405884
1,block3_h36_seed13,3896,full,1,right,1,0.9949485063552856,1.2531064748764038,1.3747342824935913,0.1216278076171875,1.2531064748764038
1,block3_h36_seed13,3897,full,3,forward,1,0.759432852268219,0.9219061732292176,0.9536641240119934,0.0317579507827758,0.9219061732292176
1,block3_h36_seed13,3898,full,1,right,1,0.5971322059631348,1.3671118021011353,1.3782607316970823,0.0111489295959472,1.3671118021011353
1,block3_h36_seed13,3899,full,3,forward,1,0.986240565776825,1.4373022317886353,1.5273412466049194,0.0900390148162841,1.4373022317886353
1,block3_h36_seed13,3900,full,3,forward,1,0.9999778270721436,0.5967037081718445,0.8144922256469727,0.2177885174751281,0.5967037081718445
1,block3_h36_seed13,3901,full,3,forward,0,0.5242655873298645,0.4761537611484527,0.4782018661499023,0.0020481050014495,0.5901240706443787
1,block3_h36_seed13,3902,full,2,left,0,0.5484465956687927,0.5355198979377747,0.5401061177253723,0.0045862197875976,0.6179248690605164
1,block3_h36_seed13,3903,full,2,left,1,0.9989721775054932,0.6046590805053711,0.7582115530967712,0.1535524725914001,0.6046590805053711
1,block3_h36_seed13,3904,full,4,backward,1,0.9940542578697203,1.0375148057937622,1.1439359188079834,0.1064211130142211,1.0375148057937622
1,block3_h36_seed13,3905,full,2,left,1,0.9988528490066528,0.4901004135608673,0.6386122703552246,0.1485118567943573,0.4901004135608673
1,block3_h36_seed13,3906,full,3,forward,1,0.9733659625053406,1.386579990386963,1.4674458503723145,0.0808658599853515,1.386579990386963
1,block3_h36_seed13,3907,full,1,right,1,0.998104453086853,0.7278664112091064,0.8609602451324463,0.1330938339233398,0.7278664112091064
1,block3_h36_seed13,3909,full,1,right,0,0.4598938822746277,1.3129324913024902,1.3131033182144165,0.0001708269119262,1.3470624685287476
1,block3_h36_seed13,3910,full,1,right,1,0.8624699711799622,1.5780882835388184,1.6298580169677734,0.051769733428955,1.5780882835388184
1,block3_h36_seed13,3911,full,1,right,1,0.998889148235321,1.6300770044326782,1.7661370038986206,0.1360599994659423,1.6300770044326782
1,block3_h36_seed13,3912,full,2,left,1,0.9994418025016784,0.3870070874691009,0.5489498972892761,0.1619428098201751,0.3870070874691009
1,block3_h36_seed13,3913,full,4,backward,1,0.998709797859192,1.099290132522583,1.235039234161377,0.1357491016387939,1.099290132522583
1,block3_h36_seed13,3914,full,3,forward,1,0.9999830722808838,0.5131714940071106,0.7521594166755676,0.238987922668457,0.5131714940071106
1,block3_h36_seed13,3915,full,1,right,0,0.8269625306129456,1.4190555810928345,1.4597501754760742,0.0406945943832397,1.4597501754760742
1,block3_h36_seed13,3916,full,1,right,1,0.8289558291435242,1.0710221529006958,1.1167136430740356,0.0456914901733398,1.0710221529006958
1,block3_h36_seed13,3920,full,3,forward,1,0.9999959468841552,0.4950443804264068,0.766015350818634,0.2709709703922272,0.4950443804264068
1,block3_h36_seed13,3921,full,2,left,1,0.9997450709342957,0.4495828449726105,0.6163641810417175,0.166781336069107,0.4495828449726105
1,block3_h36_seed13,3922,full,2,left,1,0.997692346572876,0.6289579272270203,0.7556492686271667,0.1266913414001464,0.6289579272270203
1,block3_h36_seed13,3923,full,3,forward,1,0.9995809197425842,1.4193133115768433,1.5814619064331057,0.1621485948562622,1.4193133115768433
1,block3_h36_seed13,3927,full,1,right,1,0.9997082352638244,0.4521320164203644,0.6250289082527161,0.1728968918323516,0.4521320164203644
1,block3_h36_seed13,3929,full,1,right,0,0.5709965825080872,1.3129324913024902,1.326036810874939,0.0131043195724487,1.3470624685287476
1,block3_h36_seed13,3931,full,2,left,1,0.996696710586548,1.4731048345565796,1.5977226495742798,0.1246178150177002,1.4731048345565796
1,block3_h36_seed13,3932,full,2,left,1,0.7377215623855591,1.5041066408157349,1.528180480003357,0.024073839187622,1.5041066408157349
1,block3_h36_seed13,3933,full,2,left,1,0.999128758907318,0.5556362867355347,0.7011651396751404,0.1455288529396057,0.5556362867355347
1,block3_h36_seed13,3934,full,4,backward,1,0.9999514818191528,0.5608460903167725,0.7724364399909973,0.2115903496742248,0.5608460903167725
1,block3_h36_seed13,3935,full,4,backward,1,0.9993923902511596,0.8623043894767761,1.0116002559661863,0.1492958664894104,0.8623043894767761
1,block3_h36_seed13,3936,full,4,backward,1,0.7828615307807922,0.9586613774299622,0.9856922030448914,0.0270308256149292,0.9586613774299622
1,block3_h36_seed13,3937,full,4,backward,1,0.9997830986976624,0.5463412404060364,0.7300096154212952,0.1836683750152588,0.5463412404060364
1,block3_h36_seed13,3938,full,2,left,0,0.9275838136672974,0.4527104794979095,0.5038432478904724,0.0511327683925628,0.6550595164299011
1,block3_h36_seed13,3939,full,2,left,1,0.6388331651687622,1.2794290781021118,1.290994644165039,0.0115655660629272,1.2794290781021118
1,block3_h36_seed13,3942,full,2,left,1,0.7549954056739807,1.082050085067749,1.104845404624939,0.0227953195571899,1.082050085067749
1,block3_h36_seed13,3943,full,3,forward,0,0.6907617449760437,0.5545298457145691,0.575369119644165,0.0208392739295959,0.6077364087104797
1,block3_h36_seed13,3944,full,3,forward,1,0.9999620914459229,0.5945309996604919,0.8075465559959412,0.2130155563354492,0.5945309996604919
1,block3_h36_seed13,3945,full,1,right,0,0.7888692617416382,0.7809163928031921,0.8080506324768066,0.0271342396736145,0.8881691098213196
1,block3_h36_seed13,3946,full,2,left,1,0.5100312232971191,0.966209888458252,0.9767139554023744,0.0105040669441223,0.966209888458252
1,block3_h36_seed13,3947,full,4,backward,1,0.7615870833396912,0.9586613774299622,0.9856922030448914,0.0270308256149292,0.9586613774299622
1,block3_h36_seed13,3948,full,3,forward,0,0.906016767024994,0.531460702419281,0.5930151343345642,0.0615544319152832,0.610919177532196
1,block3_h36_seed13,3950,full,2,left,0,0.642696738243103,0.5678374171257019,0.5802109837532043,0.0123735666275024,0.6844379305839539
1,block3_h36_seed13,3951,full,4,backward,1,0.9757543802261353,0.8727187514305115,0.9500791430473328,0.0773603916168212,0.8727187514305115
1,block3_h36_seed13,3952,full,2,left,1,0.9858060479164124,1.372819900512695,1.460743427276611,0.087923526763916,1.372819900512695
1,block3_h36_seed13,3953,full,1,right,1,0.9992226362228394,0.5270993709564209,0.6810658574104309,0.15396648645401,0.5270993709564209
1,block3_h36_seed13,3956,full,2,left,1,0.9990007281303406,0.9012778401374816,1.0461463928222656,0.1448685526847839,0.9012778401374816
1,block3_h36_seed13,3957,full,1,right,1,0.4989210963249206,1.3671118021011353,1.3782607316970823,0.0111489295959472,1.3671118021011353
1,block3_h36_seed13,3958,full,4,backward,1,0.9992222785949708,1.1364699602127075,1.2797541618347168,0.1432842016220092,1.1364699602127075
1,block3_h36_seed13,3959,full,4,backward,1,0.9993076324462892,1.031325340270996,1.177489161491394,0.1461638212203979,1.031325340270996
1,block3_h36_seed13,3960,full,2,left,1,0.9969891905784608,1.3881250619888306,1.5042163133621216,0.116091251373291,1.3881250619888306
1,block3_h36_seed13,3961,full,4,backward,1,0.9908733367919922,1.2242261171340942,1.319282054901123,0.0950559377670288,1.2242261171340942
1,block3_h36_seed13,3962,full,2,left,1,0.9938229322433472,1.005685329437256,1.1158652305603027,0.1101799011230468,1.005685329437256
1,block3_h36_seed13,3963,full,2,left,1,0.7602006793022156,1.4952479600906372,1.5217857360839844,0.0265377759933471,1.4952479600906372
1,block3_h36_seed13,3965,full,1,right,1,0.995525062084198,1.314152717590332,1.4363878965377808,0.1222351789474487,1.314152717590332
1,block3_h36_seed13,3966,full,2,left,1,0.9896754622459412,1.401379942893982,1.4983148574829102,0.0969349145889282,1.401379942893982
1,block3_h36_seed13,3968,full,1,right,1,0.9234956502914428,1.0974096059799194,1.150123953819275,0.0527143478393554,1.0974096059799194
1,block3_h36_seed13,3969,full,4,backward,1,0.990925908088684,1.1772829294204712,1.2813962697982788,0.1041133403778076,1.1772829294204712
1,block3_h36_seed13,3970,full,1,right,1,0.7089567184448242,0.6145707368850708,0.6478102803230286,0.0332395434379577,0.6145707368850708
1,block3_h36_seed13,3971,full,2,left,1,0.9009953141212464,1.0773917436599731,1.1311230659484863,0.0537313222885131,1.0773917436599731
1,block3_h36_seed13,3973,full,1,right,1,0.9800432920455932,1.0461574792861938,1.1333096027374268,0.0871521234512329,1.0461574792861938
1,block3_h36_seed13,3974,full,3,forward,1,0.999886989593506,1.2359966039657593,1.421918511390686,0.1859219074249267,1.2359966039657593
1,block3_h36_seed13,3975,full,1,right,0,0.6839797496795654,0.790178120136261,0.8059610724449158,0.0157829523086547,0.8901584148406982
1,block3_h36_seed13,3976,full,4,backward,1,0.9938538074493408,0.9762895703315736,1.082499623298645,0.1062100529670715,0.9762895703315736
1,block3_h36_seed13,3977,full,1,right,1,0.9983099699020386,0.5477831959724426,0.6896980404853821,0.1419148445129394,0.5477831959724426
1,block3_h36_seed13,3978,full,2,left,1,0.5743108987808228,1.3060787916183472,1.3123382329940796,0.0062594413757324,1.3060787916183472
1,block3_h36_seed13,3981,full,1,right,1,0.983437955379486,1.5989017486572266,1.6985708475112915,0.0996690988540649,1.5989017486572266
1,block3_h36_seed13,3982,full,4,backward,1,0.930104434490204,0.7716140747070312,0.838946521282196,0.0673324465751648,0.7716140747070312
1,block3_h36_seed13,3983,full,3,forward,1,0.99915874004364,1.076182246208191,1.218189358711243,0.1420071125030517,1.076182246208191
1,block3_h36_seed13,3984,full,1,right,1,0.991342544555664,1.7082329988479614,1.8114646673202517,0.10323166847229,1.7082329988479614
1,block3_h36_seed13,3985,full,2,left,1,0.99982088804245,0.4170475006103515,0.6086584329605103,0.1916109323501587,0.4170475006103515
1,block3_h36_seed13,3988,full,3,forward,1,0.9708701968193054,1.314012885093689,1.396297812461853,0.082284927368164,1.314012885093689
1,block3_h36_seed13,3989,full,2,left,1,0.9785943627357484,1.5138750076293943,1.5904325246810913,0.0765575170516967,1.5138750076293943
1,block3_h36_seed13,3990,full,1,right,1,0.999913215637207,0.5400490164756775,0.7313228249549866,0.191273808479309,0.5400490164756775
1,block3_h36_seed13,3991,full,3,forward,0,0.6865077018737793,0.8013811707496643,0.8204212188720703,0.019040048122406,0.8204212188720703
1,block3_h36_seed13,3992,full,4,backward,1,0.99652099609375,0.7365582585334778,0.8518972396850586,0.1153389811515808,0.7365582585334778
1,block3_h36_seed13,3994,full,2,left,0,0.508790910243988,0.9584119319915771,0.9655301570892334,0.0071182250976562,0.9997215270996094
1,block3_h36_seed13,3995,full,1,right,1,0.9983750581741332,0.808150589466095,0.9447910785675048,0.1366404891014099,0.808150589466095
1,block3_h36_seed13,3996,full,4,backward,1,0.8857051134109497,1.0294164419174194,1.0709710121154783,0.041554570198059,1.0294164419174194
1,block3_h36_seed13,3997,full,3,forward,1,0.9143352508544922,1.2337040901184082,1.2920355796813965,0.0583314895629882,1.2337040901184082
1,block3_h36_seed13,3998,full,3,forward,1,0.9953291416168212,1.3934122323989868,1.501718521118164,0.1083062887191772,1.3934122323989868
1,block3_h36_seed13,3999,full,3,forward,1,0.7880346179008484,1.3726059198379517,1.3993674516677856,0.0267615318298339,1.3726059198379517
1,block3_h48_seed10,3500,small_full,4,backward,1,0.8361369371414185,1.3022247552871704,1.335074782371521,0.0328500270843505,1.3022247552871704
1,block3_h48_seed10,3501,small_full,1,right,1,0.9818035364151,1.6069345474243164,1.692768692970276,0.0858341455459594,1.6069345474243164
1,block3_h48_seed10,3502,small_full,2,left,1,0.9966232776641846,1.9119027853012085,2.0276362895965576,0.1157335042953491,1.9119027853012085
1,block3_h48_seed10,3504,small_full,1,right,1,0.9999765157699584,1.0205296277999878,1.2445987462997437,0.2240691184997558,1.0205296277999878
1,block3_h48_seed10,3505,small_full,2,left,0,0.6499657034873962,1.0488466024398804,1.0630632638931274,0.014216661453247,1.1105774641036987
1,block3_h48_seed10,3506,small_full,4,backward,1,0.9916759729385376,0.9981716275215148,1.0980976819992063,0.0999260544776916,0.9981716275215148
1,block3_h48_seed10,3507,small_full,4,backward,1,0.9028710126876832,1.6548080444335938,1.6994943618774414,0.0446863174438476,1.6548080444335938
1,block3_h48_seed10,3508,small_full,4,backward,0,0.5077794790267944,1.110648512840271,1.1172724962234497,0.0066239833831787,1.1172724962234497
1,block3_h48_seed10,3511,small_full,2,left,1,0.2993431389331817,1.445396065711975,1.4462093114852903,0.0008132457733154,1.445396065711975
1,block3_h48_seed10,3513,small_full,4,backward,1,0.9867827892303468,1.1058974266052246,1.2020745277404783,0.0961771011352539,1.1058974266052246
1,block3_h48_seed10,3514,small_full,1,right,1,0.999756634235382,1.073206901550293,1.2510894536972046,0.1778825521469116,1.073206901550293
1,block3_h48_seed10,3515,small_full,3,forward,1,0.580414891242981,1.4482336044311523,1.461224913597107,0.0129913091659545,1.4482336044311523
1,block3_h48_seed10,3516,small_full,4,backward,1,0.9998775720596312,1.3952895402908323,1.5788811445236206,0.183591604232788,1.3952895402908323
1,block3_h48_seed10,3518,small_full,2,left,1,0.8132035732269287,1.621866226196289,1.6538695096969604,0.0320032835006713,1.621866226196289
1,block3_h48_seed10,3519,small_full,4,backward,1,0.9997513890266418,0.9837095141410828,1.1561400890350342,0.1724305748939514,0.9837095141410828
1,block3_h48_seed10,3520,small_full,3,forward,1,0.9616464972496032,1.326887130737305,1.3914151191711426,0.0645279884338378,1.326887130737305
1,block3_h48_seed10,3521,small_full,3,forward,0,0.6240789890289307,1.4774664640426636,1.4879579544067385,0.0104914903640747,1.4879579544067385
1,block3_h48_seed10,3522,small_full,4,backward,1,0.9125606417655944,1.2179557085037231,1.2761778831481934,0.0582221746444702,1.2179557085037231
1,block3_h48_seed10,3523,small_full,2,left,1,0.9960011839866638,1.0538616180419922,1.1792609691619873,0.1253993511199951,1.0538616180419922
1,block3_h48_seed10,3524,small_full,3,forward,1,0.933289647102356,1.2464545965194702,1.3011232614517212,0.0546686649322509,1.2464545965194702
1,block3_h48_seed10,3525,small_full,3,forward,1,0.7562368512153625,1.3428797721862793,1.3715028762817385,0.0286231040954589,1.3428797721862793
1,block3_h48_seed10,3527,small_full,3,forward,1,0.9999059438705444,0.8230879902839661,1.0215957164764404,0.1985077261924743,0.8230879902839661
1,block3_h48_seed10,3528,small_full,2,left,1,0.9960527420043944,1.6689214706420898,1.7811006307601929,0.112179160118103,1.6689214706420898
1,block3_h48_seed10,3529,small_full,2,left,0,0.9146274328231812,1.4635114669799805,1.527665138244629,0.0641536712646484,1.527665138244629
1,block3_h48_seed10,3530,small_full,4,backward,0,0.8528761863708496,1.2818121910095217,1.3242648839950562,0.0424526929855346,1.3242648839950562
1,block3_h48_seed10,3531,small_full,4,backward,1,0.9980385899543762,1.3553085327148438,1.4930683374404907,0.1377598047256469,1.3553085327148438
1,block3_h48_seed10,3532,small_full,2,left,1,0.6363350749015808,1.5808582305908203,1.5975885391235352,0.0167303085327148,1.5808582305908203
1,block3_h48_seed10,3533,small_full,3,forward,1,0.9936925172805786,1.3121930360794067,1.4374022483825684,0.1252092123031616,1.3121930360794067
1,block3_h48_seed10,3534,small_full,4,backward,0,0.7838292717933655,1.2079874277114868,1.234323024749756,0.026335597038269,1.234323024749756
1,block3_h48_seed10,3535,small_full,4,backward,0,0.524712085723877,0.98129802942276,0.9986053109169006,0.0173072814941406,1.0028213262557983
1,block3_h48_seed10,3536,small_full,2,left,1,0.5242498517036438,1.3992518186569214,1.401769518852234,0.0025177001953125,1.3992518186569214
1,block3_h48_seed10,3538,small_full,1,right,1,0.9999688863754272,1.1472563743591309,1.3685321807861328,0.2212758064270019,1.1472563743591309
1,block3_h48_seed10,3541,small_full,3,forward,1,0.999882698059082,1.4028825759887695,1.5845645666122437,0.1816819906234741,1.4028825759887695
1,block3_h48_seed10,3542,small_full,1,right,1,0.999479591846466,1.0793215036392212,1.2324867248535156,0.1531652212142944,1.0793215036392212
1,block3_h48_seed10,3543,small_full,2,left,1,0.990665316581726,1.154889464378357,1.2491663694381714,0.0942769050598144,1.154889464378357
1,block3_h48_seed10,3545,small_full,3,forward,1,0.7135629653930664,1.8573509454727173,1.8756194114685056,0.0182684659957885,1.8573509454727173
1,block3_h48_seed10,3546,small_full,1,right,1,0.9999939203262328,0.9901006817817688,1.242806315422058,0.2527056336402893,0.9901006817817688
1,block3_h48_seed10,3547,small_full,3,forward,1,0.9971221089363098,1.9408289194107056,2.0577900409698486,0.116961121559143,1.9408289194107056
1,block3_h48_seed10,3548,small_full,1,right,1,0.570765495300293,1.1415783166885376,1.148813247680664,0.0072349309921264,1.1415783166885376
1,block3_h48_seed10,3549,small_full,2,left,0,0.8162655830383301,1.08186674118042,1.11276376247406,0.0308970212936401,1.204813003540039
1,block3_h48_seed10,3552,small_full,2,left,1,0.9999169111251832,0.9723330140113832,1.1750115156173706,0.2026785016059875,0.9723330140113832
1,block3_h48_seed10,3553,small_full,3,forward,1,0.9784157872200012,1.450395941734314,1.5282049179077148,0.0778089761734008,1.450395941734314
1,block3_h48_seed10,3554,small_full,3,forward,1,0.7322248816490173,1.557117581367493,1.5947366952896118,0.0376191139221191,1.557117581367493
1,block3_h48_seed10,3555,small_full,1,right,0,0.687096357345581,1.6057071685791016,1.6295169591903689,0.023809790611267,1.6295169591903689
1,block3_h48_seed10,3556,small_full,1,right,1,0.940589725971222,1.4679112434387207,1.532320857048035,0.0644096136093139,1.4679112434387207
1,block3_h48_seed10,3559,small_full,3,forward,1,0.9999996423721312,0.7499614357948303,1.062652349472046,0.3126909136772156,0.7499614357948303
1,block3_h48_seed10,3560,small_full,1,right,1,0.9784672260284424,1.5821605920791626,1.6730008125305176,0.0908402204513549,1.5821605920791626
1,block3_h48_seed10,3562,small_full,2,left,1,0.3990529477596283,0.9966834187507628,0.999045193195343,0.00236177444458,0.9966834187507628
1,block3_h48_seed10,3564,small_full,1,right,1,0.999979853630066,0.9633758664131165,1.1925419569015503,0.2291660904884338,0.9633758664131165
1,block3_h48_seed10,3565,small_full,2,left,1,0.9045189023017884,1.2458781003952026,1.3098522424697876,0.0639741420745849,1.2458781003952026
1,block3_h48_seed10,3566,small_full,2,left,1,0.7439598441123962,1.621866226196289,1.6432099342346191,0.02134370803833,1.621866226196289
1,block3_h48_seed10,3567,small_full,1,right,1,0.9710301160812378,1.3240288496017456,1.4043874740600586,0.0803586244583129,1.3240288496017456
1,block3_h48_seed10,3568,small_full,1,right,1,0.9996697902679444,1.1054352521896362,1.274117350578308,0.1686820983886718,1.1054352521896362
1,block3_h48_seed10,3569,small_full,1,right,1,0.9990660548210144,1.5612958669662476,1.7042031288146973,0.1429072618484497,1.5612958669662476
1,block3_h48_seed10,3570,small_full,1,right,1,0.9999195337295532,0.985522449016571,1.1904126405715942,0.2048901915550232,0.985522449016571
1,block3_h48_seed10,3571,small_full,3,forward,1,0.9952972531318665,1.5631113052368164,1.686264991760254,0.1231536865234375,1.5631113052368164
1,block3_h48_seed10,3572,small_full,2,left,1,0.9995957016944884,0.9624759554862976,1.1241377592086792,0.1616618037223816,0.9624759554862976
1,block3_h48_seed10,3573,small_full,3,forward,1,0.9829371571540833,1.3467373847961426,1.4335455894470217,0.0868082046508789,1.3467373847961426
1,block3_h48_seed10,3574,small_full,1,right,0,0.6018012166023254,1.279482364654541,1.291132569313049,0.0116502046585083,1.3295515775680542
1,block3_h48_seed10,3575,small_full,3,forward,1,0.9660243988037108,1.7834745645523071,1.8504911661148071,0.0670166015625,1.7834745645523071
1,block3_h48_seed10,3576,small_full,4,backward,1,0.9987305998802184,1.2087644338607788,1.3540457487106323,0.1452813148498535,1.2087644338607788
1,block3_h48_seed10,3577,small_full,4,backward,1,0.9816749691963196,1.0711121559143066,1.157066822052002,0.0859546661376953,1.0711121559143066
1,block3_h48_seed10,3578,small_full,2,left,1,0.9997003078460692,1.9119027853012085,2.0750553607940674,0.1631525754928589,1.9119027853012085
1,block3_h48_seed10,3580,small_full,4,backward,0,0.5274322032928467,1.2292532920837402,1.243794560432434,0.0145412683486938,1.2478115558624268
1,block3_h48_seed10,3581,small_full,4,backward,1,0.4777252972126007,1.0019718408584597,1.0067960023880005,0.004824161529541,1.0019718408584597
1,block3_h48_seed10,3582,small_full,3,forward,1,0.992384672164917,1.3869595527648926,1.4927263259887695,0.1057667732238769,1.3869595527648926
1,block3_h48_seed10,3583,small_full,3,forward,1,0.977246880531311,1.9822235107421875,2.063617706298828,0.0813941955566406,1.9822235107421875
1,block3_h48_seed10,3584,small_full,1,right,1,0.9999228715896606,1.1692265272140503,1.3726463317871094,0.203419804573059,1.1692265272140503
1,block3_h48_seed10,3585,small_full,3,forward,1,0.961839497089386,1.726946473121643,1.7926241159439087,0.0656776428222656,1.726946473121643
1,block3_h48_seed10,3586,small_full,3,forward,1,0.9402242302894592,1.342645287513733,1.403875470161438,0.061230182647705,1.342645287513733
1,block3_h48_seed10,3587,small_full,4,backward,1,0.9996850490570068,1.432497501373291,1.5937649011611938,0.1612673997879028,1.432497501373291
1,block3_h48_seed10,3589,small_full,4,backward,1,0.4560175538063049,1.0019718408584597,1.0067960023880005,0.004824161529541,1.0019718408584597
1,block3_h48_seed10,3591,small_full,4,backward,1,0.9040749073028564,1.377364158630371,1.424885869026184,0.0475217103958129,1.377364158630371
1,block3_h48_seed10,3592,small_full,3,forward,1,0.9772348999977112,1.9822235107421875,2.063617706298828,0.0813941955566406,1.9822235107421875
1,block3_h48_seed10,3593,small_full,1,right,1,0.973936915397644,1.4536609649658203,1.5400365591049194,0.0863755941390991,1.4536609649658203
1,block3_h48_seed10,3594,small_full,1,right,1,0.9133784174919128,1.7453969717025757,1.7965198755264282,0.0511229038238525,1.7453969717025757
1,block3_h48_seed10,3596,small_full,2,left,0,0.793933629989624,1.11276376247406,1.144509196281433,0.031745433807373,1.204813003540039
1,block3_h48_seed10,3597,small_full,4,backward,1,0.999002993106842,1.5377840995788574,1.676010251045227,0.1382261514663696,1.5377840995788574
1,block3_h48_seed10,3600,small_full,3,forward,1,0.999952793121338,1.8325198888778689,2.032699584960937,0.2001796960830688,1.8325198888778689
1,block3_h48_seed10,3601,small_full,4,backward,1,0.9989564418792723,1.1191319227218628,1.256953239440918,0.1378213167190551,1.1191319227218628
1,block3_h48_seed10,3603,small_full,4,backward,1,0.9999977350234984,1.0888479948043823,1.3576143980026243,0.2687664031982422,1.0888479948043823
1,block3_h48_seed10,3604,small_full,1,right,1,0.9845209717750548,1.5478509664535522,1.632055163383484,0.0842041969299316,1.5478509664535522
1,block3_h48_seed10,3606,small_full,1,right,1,0.9996973276138306,1.149366855621338,1.329438090324402,0.1800712347030639,1.149366855621338
1,block3_h48_seed10,3609,small_full,4,backward,1,0.9998120665550232,0.980111300945282,1.1638869047164917,0.1837756037712097,0.980111300945282
1,block3_h48_seed10,3611,small_full,2,left,1,0.7278910279273987,1.2972158193588257,1.33150053024292,0.0342847108840942,1.2972158193588257
1,block3_h48_seed10,3612,small_full,2,left,1,0.999247670173645,1.3632100820541382,1.5078502893447876,0.1446402072906494,1.3632100820541382
1,block3_h48_seed10,3613,small_full,3,forward,1,0.999980926513672,0.8622889518737793,1.088718295097351,0.2264293432235717,0.8622889518737793
1,block3_h48_seed10,3614,small_full,4,backward,1,0.7859822511672974,1.2123786211013794,1.2503949403762815,0.0380163192749023,1.2123786211013794
1,block3_h48_seed10,3615,small_full,1,right,1,0.9399176239967346,1.6773099899291992,1.740397334098816,0.0630873441696167,1.6773099899291992
1,block3_h48_seed10,3616,small_full,1,right,1,0.9992744326591492,1.6160907745361328,1.7720049619674685,0.1559141874313354,1.6160907745361328
1,block3_h48_seed10,3617,small_full,3,forward,1,0.9770532846450806,1.342645287513733,1.4256938695907593,0.0830485820770263,1.342645287513733
1,block3_h48_seed10,3618,small_full,2,left,1,0.9425950050354004,2.097353458404541,2.1550047397613525,0.0576512813568115,2.097353458404541
1,block3_h48_seed10,3619,small_full,2,left,1,0.9972622394561768,2.0796773433685303,2.2033841609954834,0.1237068176269531,2.0796773433685303
1,block3_h48_seed10,3620,small_full,1,right,1,0.9999942779541016,1.071278095245361,1.31520414352417,0.2439260482788086,1.071278095245361
1,block3_h48_seed10,3621,small_full,2,left,0,0.4049799740314483,0.8486488461494446,0.8513399958610535,0.0026911497116088,0.8513399958610535
1,block3_h48_seed10,3623,small_full,3,forward,1,0.9991249442100524,1.618577003479004,1.761250138282776,0.1426731348037719,1.618577003479004
1,block3_h48_seed10,3624,small_full,4,backward,1,0.580744743347168,1.2059632539749146,1.213321566581726,0.0073583126068115,1.2059632539749146
1,block3_h48_seed10,3625,small_full,2,left,1,0.9632605910301208,1.9676727056503296,2.0406296253204346,0.0729569196701049,1.9676727056503296
1,block3_h48_seed10,3626,small_full,4,backward,1,0.9999332427978516,0.7653617858886719,0.9604979157447816,0.1951361298561096,0.7653617858886719
1,block3_h48_seed10,3627,small_full,4,backward,1,0.9895325899124146,1.0547596216201782,1.148367404937744,0.0936077833175659,1.0547596216201782
1,block3_h48_seed10,3628,small_full,4,backward,1,0.9935064315795898,1.4059728384017944,1.5159085988998413,0.1099357604980468,1.4059728384017944
1,block3_h48_seed10,3631,small_full,1,right,1,0.994048237800598,1.239306926727295,1.3461192846298218,0.1068123579025268,1.239306926727295
1,block3_h48_seed10,3634,small_full,4,backward,1,0.9348488450050354,1.3951889276504517,1.466460347175598,0.0712714195251464,1.3951889276504517
1,block3_h48_seed10,3635,small_full,3,forward,1,0.9999992847442628,0.9333297610282898,1.2285665273666382,0.2952367663383484,0.9333297610282898
1,block3_h48_seed10,3636,small_full,3,forward,1,0.9631380438804626,1.7259844541549685,1.7914496660232544,0.0654652118682861,1.7259844541549685
1,block3_h48_seed10,3637,small_full,2,left,1,0.9999643564224244,0.9780988693237304,1.1981815099716189,0.2200826406478881,0.9780988693237304
1,block3_h48_seed10,3639,small_full,1,right,1,0.9946624636650084,2.1355268955230717,2.242297410964966,0.1067705154418945,2.1355268955230717
1,block3_h48_seed10,3640,small_full,2,left,1,0.9993614554405212,0.9461140036582948,1.105818271636963,0.1597042679786682,0.9461140036582948
1,block3_h48_seed10,3641,small_full,1,right,1,0.9962915182113647,1.0604993104934692,1.1736130714416504,0.1131137609481811,1.0604993104934692
1,block3_h48_seed10,3642,small_full,3,forward,1,0.9433098435401917,1.631880283355713,1.6883660554885864,0.0564857721328735,1.631880283355713
1,block3_h48_seed10,3643,small_full,1,right,0,0.6936056017875671,1.336620211601257,1.3637170791625977,0.0270968675613403,1.3637170791625977
1,block3_h48_seed10,3644,small_full,3,forward,1,0.9400704503059388,1.8903239965438845,1.9455050230026243,0.0551810264587402,1.8903239965438845
1,block3_h48_seed10,3645,small_full,3,forward,1,0.9986743927001952,1.4028825759887695,1.5372209548950195,0.13433837890625,1.4028825759887695
1,block3_h48_seed10,3646,small_full,3,forward,0,0.4458277225494385,0.8898887038230896,0.8903074860572815,0.0004187822341918,0.8903074860572815
1,block3_h48_seed10,3647,small_full,4,backward,1,0.9999802112579346,1.3334274291992188,1.554935097694397,0.2215076684951782,1.3334274291992188
1,block3_h48_seed10,3648,small_full,4,backward,1,0.9871662259101868,1.016779541969299,1.1176670789718628,0.1008875370025634,1.016779541969299
1,block3_h48_seed10,3649,small_full,1,right,1,0.9407289624214172,1.9593292474746704,2.015165328979492,0.0558360815048217,1.9593292474746704
1,block3_h48_seed10,3651,small_full,4,backward,1,0.9538294076919556,1.6424630880355835,1.7108694314956665,0.068406343460083,1.6424630880355835
1,block3_h48_seed10,3652,small_full,3,forward,1,0.9970857501029968,0.8168764710426331,0.940641224384308,0.1237647533416748,0.8168764710426331
1,block3_h48_seed10,3653,small_full,1,right,1,0.9835665822029114,1.2145293951034546,1.297441482543945,0.0829120874404907,1.2145293951034546
1,block3_h48_seed10,3655,small_full,2,left,1,0.999993085861206,1.0606054067611694,1.3174227476119995,0.2568173408508301,1.0606054067611694
1,block3_h48_seed10,3656,small_full,3,forward,1,0.9987941980361938,1.3577065467834473,1.5009018182754517,0.1431952714920044,1.3577065467834473
1,block3_h48_seed10,3657,small_full,1,right,1,0.923044979572296,1.2849866151809692,1.339625358581543,0.0546387434005737,1.2849866151809692
1,block3_h48_seed10,3658,small_full,2,left,1,0.9935535192489624,1.459670901298523,1.577265381813049,0.1175944805145263,1.459670901298523
1,block3_h48_seed10,3660,small_full,1,right,1,0.9594915509223938,1.2187155485153198,1.295100450515747,0.0763849020004272,1.2187155485153198
1,block3_h48_seed10,3663,small_full,3,forward,1,0.9999760389328004,0.8402009010314941,1.056354522705078,0.2161536216735839,0.8402009010314941
1,block3_h48_seed10,3664,small_full,4,backward,1,0.9724228978157043,1.0547596216201782,1.126694917678833,0.0719352960586547,1.0547596216201782
1,block3_h48_seed10,3667,small_full,3,forward,0,0.5434367656707764,1.4352617263793943,1.4406572580337524,0.0053955316543579,1.4406572580337524
1,block3_h48_seed10,3668,small_full,4,backward,1,0.9378172159194946,1.1388185024261477,1.201676607131958,0.0628581047058105,1.1388185024261477
1,block3_h48_seed10,3669,small_full,3,forward,1,0.9982600808143616,1.666240096092224,1.794761061668396,0.1285209655761718,1.666240096092224
1,block3_h48_seed10,3670,small_full,2,left,1,0.9954322576522828,1.3157354593276978,1.4399967193603516,0.1242612600326538,1.3157354593276978
1,block3_h48_seed10,3671,small_full,1,right,1,0.9965241551399232,0.9681188464164734,1.093885064125061,0.1257662177085876,0.9681188464164734
1,block3_h48_seed10,3672,small_full,3,forward,1,0.9662221074104308,1.7834745645523071,1.8597822189331052,0.0763076543807983,1.7834745645523071
1,block3_h48_seed10,3673,small_full,1,right,0,0.8083484768867493,0.9508721828460692,0.9856866002082824,0.0348144173622131,0.9856866002082824
1,block3_h48_seed10,3675,small_full,4,backward,1,0.9815717935562134,1.0739160776138306,1.1592038869857788,0.0852878093719482,1.0739160776138306
1,block3_h48_seed10,3676,small_full,3,forward,1,0.9976308345794678,1.509518265724182,1.6322606801986694,0.1227424144744873,1.509518265724182
1,block3_h48_seed10,3677,small_full,2,left,0,0.5984262228012085,0.9916481375694276,1.0048807859420776,0.0132326483726501,1.0048807859420776
1,block3_h48_seed10,3678,small_full,1,right,1,0.9952291250228882,1.8361620903015137,1.9566477537155151,0.1204856634140014,1.8361620903015137
1,block3_h48_seed10,3679,small_full,3,forward,1,0.999674677848816,0.8534643650054932,1.0303517580032349,0.1768873929977417,0.8534643650054932
1,block3_h48_seed10,3682,small_full,4,backward,1,0.541121244430542,1.1030371189117432,1.1075068712234497,0.0044697523117065,1.1030371189117432
1,block3_h48_seed10,3683,small_full,3,forward,1,0.9609651565551758,1.7259844541549685,1.7904043197631836,0.0644198656082153,1.7259844541549685
1,block3_h48_seed10,3685,small_full,2,left,1,0.9999970197677612,1.057678461074829,1.3241839408874512,0.266505479812622,1.057678461074829
1,block3_h48_seed10,3687,small_full,4,backward,1,0.9645588397979736,1.1856708526611328,1.2609423398971558,0.0752714872360229,1.1856708526611328
1,block3_h48_seed10,3688,small_full,2,left,1,0.8662267327308655,1.3688379526138306,1.409202218055725,0.0403642654418945,1.3688379526138306
1,block3_h48_seed10,3689,small_full,1,right,1,0.9904306530952454,1.059857964515686,1.1719611883163452,0.1121032238006591,1.059857964515686
1,block3_h48_seed10,3690,small_full,4,backward,1,0.8757021427154541,1.0065475702285769,1.052699089050293,0.0461515188217163,1.0065475702285769
1,block3_h48_seed10,3691,small_full,3,forward,1,0.8799259662628174,1.706533432006836,1.7512273788452148,0.0446939468383789,1.706533432006836
1,block3_h48_seed10,3692,small_full,1,right,1,0.9922490119934082,1.646752953529358,1.7438493967056274,0.0970964431762695,1.646752953529358
1,block3_h48_seed10,3693,small_full,1,right,1,0.9939464926719666,1.5530668497085571,1.6626291275024414,0.1095622777938842,1.5530668497085571
1,block3_h48_seed10,3694,small_full,2,left,1,0.9958541393280028,1.6689214706420898,1.7811006307601929,0.112179160118103,1.6689214706420898
1,block3_h48_seed10,3695,small_full,3,forward,1,0.9814870357513428,2.004098653793335,2.094886541366577,0.0907878875732421,2.004098653793335
1,block3_h48_seed10,3696,small_full,1,right,1,0.6285919547080994,1.3637170791625977,1.3927726745605469,0.0290555953979492,1.3637170791625977
1,block3_h48_seed10,3697,small_full,3,forward,1,0.9951992630958556,1.7863407135009766,1.9002186059951784,0.1138778924942016,1.7863407135009766
1,block3_h48_seed10,3698,small_full,3,forward,1,0.9898622035980223,1.3869595527648926,1.487527847290039,0.1005682945251464,1.3869595527648926
1,block3_h48_seed10,3699,small_full,1,right,1,0.8962075710296631,1.4699236154556274,1.5176886320114136,0.0477650165557861,1.4699236154556274
1,block3_h48_seed10,3700,small_full,4,backward,1,0.9639920592308044,1.692316651344299,1.7582006454467771,0.065883994102478,1.692316651344299
1,block3_h48_seed10,3703,small_full,3,forward,1,0.994047999382019,1.0999631881713867,1.20270574092865,0.1027425527572631,1.0999631881713867
1,block3_h48_seed10,3704,small_full,3,forward,1,0.9988937973976136,1.614792823791504,1.7584441900253296,0.1436513662338256,1.614792823791504
1,block3_h48_seed10,3705,small_full,2,left,1,0.9999701976776124,1.0668054819107056,1.282846450805664,0.2160409688949585,1.0668054819107056
1,block3_h48_seed10,3706,small_full,3,forward,1,0.8559508919715881,1.7904267311096191,1.832356572151184,0.0419298410415649,1.7904267311096191
1,block3_h48_seed10,3707,small_full,2,left,1,0.9234840869903564,1.2878466844558716,1.3389992713928225,0.0511525869369506,1.2878466844558716
1,block3_h48_seed10,3708,small_full,1,right,1,0.9860529899597168,1.8897846937179563,1.9846166372299197,0.0948319435119628,1.8897846937179563
1,block3_h48_seed10,3709,small_full,2,left,1,0.9940974712371826,1.7669367790222168,1.869768738746643,0.1028319597244262,1.7669367790222168
1,block3_h48_seed10,3710,small_full,2,left,1,0.920294225215912,2.116060972213745,2.16742205619812,0.051361083984375,2.116060972213745
1,block3_h48_seed10,3711,small_full,3,forward,0,0.8382232189178467,0.946412980556488,0.9803388714790344,0.0339258909225463,1.0399891138076782
1,block3_h48_seed10,3712,small_full,2,left,1,0.9997963309288024,1.5139694213867188,1.699187159538269,0.1852177381515503,1.5139694213867188
1,block3_h48_seed10,3713,small_full,4,backward,1,0.9994964599609376,1.2944375276565552,1.4601792097091677,0.1657416820526123,1.2944375276565552
1,block3_h48_seed10,3714,small_full,4,backward,1,0.9535757899284364,1.5948190689086914,1.657610297203064,0.0627912282943725,1.5948190689086914
1,block3_h48_seed10,3715,small_full,3,forward,1,0.7135337591171265,1.8573509454727173,1.8756194114685056,0.0182684659957885,1.8573509454727173
1,block3_h48_seed10,3716,small_full,2,left,0,0.4652831256389618,0.9992246627807616,0.9998360276222228,0.0006113648414611,1.0404516458511353
1,block3_h48_seed10,3717,small_full,1,right,1,0.9938108325004578,1.829645156860352,1.9313421249389648,0.1016969680786132,1.829645156860352
1,block3_h48_seed10,3718,small_full,3,forward,1,0.9991703033447266,1.625645637512207,1.7675514221191406,0.1419057846069336,1.625645637512207
1,block3_h48_seed10,3719,small_full,3,forward,1,0.9999939203262328,0.89691162109375,1.1484181880950928,0.2515065670013428,0.89691162109375
1,block3_h48_seed10,3720,small_full,4,backward,1,0.9960694313049316,1.2890256643295288,1.4097906351089478,0.1207649707794189,1.2890256643295288
1,block3_h48_seed10,3721,small_full,1,right,1,0.8999001979827881,1.8703304529190063,1.925087571144104,0.0547571182250976,1.8703304529190063
1,block3_h48_seed10,3722,small_full,3,forward,1,0.9839197993278505,1.879049301147461,1.9628747701644895,0.0838254690170288,1.879049301147461
1,block3_h48_seed10,3725,small_full,4,backward,1,0.9333707690238952,1.2179557085037231,1.2761778831481934,0.0582221746444702,1.2179557085037231
1,block3_h48_seed10,3726,small_full,3,forward,1,0.9969794750213624,0.8168764710426331,0.940641224384308,0.1237647533416748,0.8168764710426331
1,block3_h48_seed10,3727,small_full,2,left,1,0.990992784500122,1.0279561281204224,1.127233624458313,0.0992774963378906,1.0279561281204224
1,block3_h48_seed10,3728,small_full,1,right,1,0.9993689656257628,1.750801682472229,1.90286386013031,0.152062177658081,1.750801682472229
1,block3_h48_seed10,3729,small_full,2,left,1,0.9922269582748412,1.4584077596664429,1.5573586225509644,0.0989508628845214,1.4584077596664429
1,block3_h48_seed10,3730,small_full,2,left,1,0.9823172092437744,1.1152173280715942,1.202704906463623,0.0874875783920288,1.1152173280715942
1,block3_h48_seed10,3731,small_full,4,backward,0,0.5140702724456787,1.002733588218689,1.0101513862609863,0.0074177980422973,1.0312780141830444
1,block3_h48_seed10,3732,small_full,4,backward,1,0.9968552589416504,0.9836872220039368,1.0995948314666748,0.115907609462738,0.9836872220039368
1,block3_h48_seed10,3733,small_full,4,backward,1,0.9488786458969116,1.4030585289001465,1.4722639322280884,0.0692054033279419,1.4030585289001465
1,block3_h48_seed10,3734,small_full,2,left,1,0.9193249940872192,2.081090450286865,2.1344411373138428,0.0533506870269775,2.081090450286865
1,block3_h48_seed10,3735,small_full,4,backward,1,0.9949451088905334,0.9936623573303224,1.1093684434890747,0.1157060861587524,0.9936623573303224
1,block3_h48_seed10,3736,small_full,3,forward,1,0.9533589482307434,1.2230874300003052,1.2853604555130005,0.0622730255126953,1.2230874300003052
1,block3_h48_seed10,3737,small_full,4,backward,1,0.9984655380249025,1.087298035621643,1.230355739593506,0.1430577039718628,1.087298035621643
1,block3_h48_seed10,3739,small_full,4,backward,0,0.8027440309524536,1.2120999097824097,1.2402645349502563,0.0281646251678466,1.2402645349502563
1,block3_h48_seed10,3740,small_full,3,forward,1,0.9082874655723572,1.3933109045028689,1.439794898033142,0.0464839935302734,1.3933109045028689
1,block3_h48_seed10,3741,small_full,1,right,1,0.5739117860794067,1.6770092248916626,1.698386549949646,0.0213773250579834,1.6770092248916626
1,block3_h48_seed10,3745,small_full,4,backward,1,0.6596963405609131,0.967491626739502,0.98974609375,0.022254467010498,0.967491626739502
1,block3_h48_seed10,3749,small_full,2,left,0,0.9996798038482666,0.960621178150177,1.133162021636963,0.1725408434867859,1.133162021636963
1,block3_h48_seed10,3750,small_full,3,forward,1,0.9984824061393738,1.802390217781067,1.9321733713150024,0.1297831535339355,1.802390217781067
1,block3_h48_seed10,3751,small_full,2,left,0,0.7436653971672058,1.11276376247406,1.1348870992660522,0.0221233367919921,1.204813003540039
1,block3_h48_seed10,3752,small_full,1,right,1,0.995036780834198,1.9406739473342896,2.0468873977661133,0.1062134504318237,1.9406739473342896
1,block3_h48_seed10,3753,small_full,2,left,0,0.4302915930747986,2.0802361965179443,2.0849735736846924,0.004737377166748,2.097353458404541
1,block3_h48_seed10,3754,small_full,2,left,1,0.9872623085975648,1.157734751701355,1.261603593826294,0.1038688421249389,1.157734751701355
1,block3_h48_seed10,3755,small_full,4,backward,0,0.8795492053031921,1.355047583580017,1.398192286491394,0.0431447029113769,1.4425767660140991
1,block3_h48_seed10,3756,small_full,2,left,1,0.7125639319419861,1.3436325788497925,1.369290828704834,0.0256582498550415,1.3436325788497925
1,block3_h48_seed10,3757,small_full,3,forward,1,0.966037392616272,1.7834745645523071,1.8504911661148071,0.0670166015625,1.7834745645523071
1,block3_h48_seed10,3759,small_full,3,forward,1,0.9939946532249452,1.958330154418945,2.074079751968384,0.1157495975494384,1.958330154418945
1,block3_h48_seed10,3760,small_full,1,right,1,0.9763518571853638,1.482194900512695,1.5725942850112915,0.0903993844985961,1.482194900512695
1,block3_h48_seed10,3761,small_full,3,forward,1,0.9660760164260864,1.1335915327072144,1.2172844409942627,0.0836929082870483,1.1335915327072144
1,block3_h48_seed10,3763,small_full,3,forward,1,0.9526907801628112,1.9183982610702517,1.9784574508666992,0.0600591897964477,1.9183982610702517
1,block3_h48_seed10,3764,small_full,4,backward,0,0.7927578091621399,1.162336826324463,1.197659611701965,0.0353227853775024,1.197659611701965
1,block3_h48_seed10,3765,small_full,3,forward,1,0.6831539869308472,1.689109444618225,1.7080217599868774,0.0189123153686523,1.689109444618225
1,block3_h48_seed10,3766,small_full,2,left,0,0.4646236002445221,1.0102201700210571,1.0266015529632568,0.0163813829421997,1.0350059270858765
1,block3_h48_seed10,3767,small_full,1,right,1,0.999894380569458,1.021371841430664,1.216002345085144,0.1946305036544799,1.021371841430664
1,block3_h48_seed10,3770,small_full,2,left,1,0.769580602645874,1.1336153745651243,1.174754023551941,0.0411386489868164,1.1336153745651243
1,block3_h48_seed10,3771,small_full,3,forward,1,0.9969456791877748,1.958330154418945,2.074786424636841,0.1164562702178955,1.958330154418945
1,block3_h48_seed10,3772,small_full,2,left,1,0.6043041348457336,1.086880803108215,1.1026458740234375,0.0157650709152221,1.086880803108215
1,block3_h48_seed10,3773,small_full,2,left,1,0.9999828338623048,1.057678461074829,1.287387490272522,0.2297090291976928,1.057678461074829
1,block3_h48_seed10,3774,small_full,2,left,1,0.9601299166679382,1.9322218894958496,2.007375478744507,0.0751535892486572,1.9322218894958496
1,block3_h48_seed10,3775,small_full,4,backward,1,0.9896837472915648,1.1882044076919556,1.2795475721359253,0.0913431644439697,1.1882044076919556
1,block3_h48_seed10,3776,small_full,4,backward,0,0.8868460655212402,0.9855549931526184,1.031527042388916,0.0459720492362976,1.031527042388916
1,block3_h48_seed10,3777,small_full,4,backward,1,0.9209601879119872,1.3564831018447876,1.4136396646499634,0.0571565628051757,1.3564831018447876
1,block3_h48_seed10,3778,small_full,4,backward,1,0.9786611795425416,1.1491258144378662,1.2266201972961426,0.0774943828582763,1.1491258144378662
1,block3_h48_seed10,3780,small_full,2,left,1,0.8855186104774475,1.3984605073928833,1.4443279504776,0.0458674430847168,1.3984605073928833
1,block3_h48_seed10,3781,small_full,1,right,0,0.5934227705001831,1.3498951196670532,1.3625692129135132,0.0126740932464599,1.3625692129135132
1,block3_h48_seed10,3782,small_full,2,left,0,0.5362370610237122,1.2639274597167969,1.2754729986190796,0.0115455389022827,1.2754729986190796
1,block3_h48_seed10,3784,small_full,3,forward,1,0.8848113417625427,1.25749933719635,1.2988985776901243,0.0413992404937744,1.25749933719635
1,block3_h48_seed10,3785,small_full,2,left,1,0.9999717473983764,1.0765022039413452,1.2973369359970093,0.220834732055664,1.0765022039413452
1,block3_h48_seed10,3786,small_full,4,backward,1,0.999996304512024,0.8836677670478821,1.1552786827087402,0.2716109156608581,0.8836677670478821
1,block3_h48_seed10,3787,small_full,3,forward,1,0.9772487878799438,1.9822235107421875,2.063617706298828,0.0813941955566406,1.9822235107421875
1,block3_h48_seed10,3788,small_full,1,right,1,0.999272644519806,0.8585753440856934,1.0184314250946045,0.1598560810089111,0.8585753440856934
1,block3_h48_seed10,3789,small_full,2,left,1,0.9511886835098268,1.2940577268600464,1.354372501373291,0.0603147745132446,1.2940577268600464
1,block3_h48_seed10,3790,small_full,4,backward,1,0.988309383392334,1.2741185426712036,1.3720046281814575,0.0978860855102539,1.2741185426712036
1,block3_h48_seed10,3791,small_full,1,right,1,0.9828540086746216,1.2187155485153198,1.3113641738891602,0.0926486253738403,1.2187155485153198
1,block3_h48_seed10,3792,small_full,1,right,1,0.979167938232422,1.7689753770828247,1.8461300134658811,0.0771546363830566,1.7689753770828247
1,block3_h48_seed10,3793,small_full,2,left,0,0.9105910658836364,0.9714393615722656,1.029560685157776,0.0581213235855102,1.0404516458511353
1,block3_h48_seed10,3795,small_full,2,left,1,0.9470556378364564,1.7664445638656616,1.8268017768859863,0.0603572130203247,1.7664445638656616
1,block3_h48_seed10,3796,small_full,4,backward,1,0.829002320766449,1.3951889276504517,1.4295978546142578,0.0344089269638061,1.3951889276504517
1,block3_h48_seed10,3797,small_full,1,right,1,0.991257667541504,1.5530668497085571,1.6535850763320925,0.1005182266235351,1.5530668497085571
1,block3_h48_seed10,3798,small_full,3,forward,1,0.9566006660461426,1.7305289506912231,1.7924251556396484,0.0618962049484252,1.7305289506912231
1,block3_h48_seed10,3799,small_full,3,forward,1,0.9991495609283448,0.7870025634765625,0.941116750240326,0.1541141867637634,0.7870025634765625
1,block3_h48_seed10,3800,small_full,1,right,1,0.9532467126846312,1.4679112434387207,1.532320857048035,0.0644096136093139,1.4679112434387207
1,block3_h48_seed10,3801,small_full,1,right,0,0.506437361240387,1.4912649393081665,1.4964962005615234,0.0052312612533569,1.5270229578018188
1,block3_h48_seed10,3802,small_full,3,forward,1,0.9678325057029724,1.8148826360702517,1.887147307395935,0.0722646713256836,1.8148826360702517
1,block3_h48_seed10,3803,small_full,4,backward,1,0.99977308511734,1.43903386592865,1.6118749380111694,0.1728410720825195,1.43903386592865
1,block3_h48_seed10,3804,small_full,4,backward,1,0.964369535446167,1.586288332939148,1.6561226844787598,0.0698343515396118,1.586288332939148
1,block3_h48_seed10,3805,small_full,2,left,1,0.9998273253440856,1.0765291452407837,1.25229012966156,0.1757609844207763,1.0765291452407837
1,block3_h48_seed10,3806,small_full,1,right,1,0.9914417862892152,1.5612958669662476,1.6566829681396484,0.0953871011734008,1.5612958669662476
1,block3_h48_seed10,3807,small_full,4,backward,1,0.9990910291671752,1.4097061157226562,1.5582021474838257,0.1484960317611694,1.4097061157226562
1,block3_h48_seed10,3808,small_full,3,forward,1,0.9906739592552184,1.9822235107421875,2.083900690078736,0.1016771793365478,1.9822235107421875
1,block3_h48_seed10,3809,small_full,3,forward,1,0.989463210105896,1.3516650199890137,1.4441977739334106,0.0925327539443969,1.3516650199890137
1,block3_h48_seed10,3810,small_full,4,backward,1,0.9183585047721864,1.0762900114059448,1.1275817155838013,0.0512917041778564,1.0762900114059448
1,block3_h48_seed10,3812,small_full,2,left,1,0.9999762773513794,1.0738908052444458,1.293470025062561,0.2195792198181152,1.0738908052444458
1,block3_h48_seed10,3813,small_full,3,forward,1,0.99491286277771,1.4741495847702026,1.583176612854004,0.1090270280838012,1.4741495847702026
1,block3_h48_seed10,3815,small_full,4,backward,1,0.7522831559181213,0.8981490731239319,0.9242743849754332,0.0261253118515014,0.8981490731239319
1,block3_h48_seed10,3817,small_full,2,left,1,0.4639166593551636,1.1827255487442017,1.1839698553085327,0.001244306564331,1.1827255487442017
1,block3_h48_seed10,3818,small_full,4,backward,1,0.9976651668548584,1.4059728384017944,1.5279130935668943,0.1219402551651001,1.4059728384017944
1,block3_h48_seed10,3821,small_full,3,forward,1,0.9304469227790833,1.631880283355713,1.6909221410751345,0.0590418577194213,1.631880283355713
1,block3_h48_seed10,3822,small_full,3,forward,1,0.8556798696517944,1.6950912475585938,1.732831597328186,0.0377403497695922,1.6950912475585938
1,block3_h48_seed10,3823,small_full,1,right,1,0.9981826543807985,1.6017872095108032,1.7327977418899536,0.1310105323791504,1.6017872095108032
1,block3_h48_seed10,3824,small_full,2,left,1,0.9225120544433594,1.4010038375854492,1.450688719749451,0.0496848821640014,1.4010038375854492
1,block3_h48_seed10,3825,small_full,2,left,1,0.6455705165863037,1.1853134632110596,1.2020119428634644,0.0166984796524047,1.1853134632110596
1,block3_h48_seed10,3826,small_full,4,backward,1,0.983358919620514,1.3157854080200195,1.3979312181472778,0.0821458101272583,1.3157854080200195
1,block3_h48_seed10,3827,small_full,2,left,1,0.5537714958190918,1.2754729986190796,1.2931736707687378,0.0177006721496582,1.2754729986190796
1,block3_h48_seed10,3828,small_full,3,forward,1,0.9933835864067078,1.9183982610702517,2.024553775787353,0.106155514717102,1.9183982610702517
1,block3_h48_seed10,3830,small_full,2,left,1,0.996326744556427,1.6689214706420898,1.7811006307601929,0.112179160118103,1.6689214706420898
1,block3_h48_seed10,3831,small_full,4,backward,1,0.9965613484382628,1.236152172088623,1.350574970245361,0.1144227981567382,1.236152172088623
1,block3_h48_seed10,3832,small_full,3,forward,1,0.966218888759613,1.7834745645523071,1.8597822189331052,0.0763076543807983,1.7834745645523071
1,block3_h48_seed10,3833,small_full,3,forward,1,0.99999737739563,1.158547282218933,1.43110454082489,0.272557258605957,1.158547282218933
1,block3_h48_seed10,3836,small_full,1,right,1,0.998230755329132,0.8585753440856934,0.9888790249824524,0.130303680896759,0.8585753440856934
1,block3_h48_seed10,3839,small_full,2,left,1,0.9999243021011353,0.9670807719230652,1.1676069498062134,0.2005261778831482,0.9670807719230652
1,block3_h48_seed10,3840,small_full,3,forward,1,0.9936407208442688,1.3888870477676392,1.4899832010269165,0.1010961532592773,1.3888870477676392
1,block3_h48_seed10,3842,small_full,1,right,1,0.9999085664749146,0.9873478412628174,1.1755796670913696,0.1882318258285522,0.9873478412628174
1,block3_h48_seed10,3843,small_full,3,forward,1,0.9118866920471193,1.8213859796524048,1.875754952430725,0.0543689727783203,1.8213859796524048
1,block3_h48_seed10,3844,small_full,2,left,1,0.9562053680419922,1.4247803688049316,1.4910708665847778,0.0662904977798461,1.4247803688049316
1,block3_h48_seed10,3845,small_full,1,right,1,0.5407856702804565,1.199365496635437,1.2128673791885376,0.0135018825531005,1.199365496635437
1,block3_h48_seed10,3846,small_full,3,forward,1,0.999987244606018,0.8622889518737793,1.098533034324646,0.2362440824508667,0.8622889518737793
1,block3_h48_seed10,3847,small_full,4,backward,1,0.6644200086593628,1.2286523580551147,1.2480562925338743,0.0194039344787597,1.2286523580551147
1,block3_h48_seed10,3848,small_full,2,left,1,0.6364963054656982,1.5543012619018557,1.578050971031189,0.0237497091293334,1.5543012619018557
1,block3_h48_seed10,3849,small_full,2,left,1,0.9932373762130736,1.892676830291748,2.000430107116699,0.1077532768249511,1.892676830291748
1,block3_h48_seed10,3850,small_full,4,backward,1,0.9997195601463318,0.980111300945282,1.1558657884597778,0.1757544875144958,0.980111300945282
1,block3_h48_seed10,3851,small_full,3,forward,1,0.5585278868675232,1.1489404439926147,1.1541752815246582,0.0052348375320434,1.1489404439926147
1,block3_h48_seed10,3852,small_full,2,left,1,0.8532109260559082,1.499142050743103,1.5352331399917605,0.0360910892486572,1.499142050743103
1,block3_h48_seed10,3853,small_full,4,backward,1,0.7677356004714966,1.229589343070984,1.261648416519165,0.0320590734481811,1.229589343070984
1,block3_h48_seed10,3855,small_full,3,forward,1,0.9999971389770508,0.8761997222900391,1.133042335510254,0.2568426132202148,0.8761997222900391
1,block3_h48_seed10,3856,small_full,2,left,1,0.965687096118927,1.5787256956100464,1.6578861474990845,0.079160451889038,1.5787256956100464
1,block3_h48_seed10,3857,small_full,3,forward,1,0.999138593673706,1.3516650199890137,1.4939451217651367,0.142280101776123,1.3516650199890137
1,block3_h48_seed10,3858,small_full,4,backward,0,0.6670651435852051,0.8036906123161316,0.8283641934394836,0.024673581123352,0.8386402130126953
1,block3_h48_seed10,3859,small_full,3,forward,1,0.999987006187439,0.89691162109375,1.1302340030670166,0.2333223819732666,0.89691162109375
1,block3_h48_seed10,3860,small_full,2,left,1,0.9088014364242554,2.0134291648864746,2.0665249824523926,0.0530958175659179,2.0134291648864746
1,block3_h48_seed10,3861,small_full,2,left,1,0.6230629682540894,1.3996409177780151,1.4262806177139282,0.026639699935913,1.3996409177780151
1,block3_h48_seed10,3862,small_full,3,forward,1,0.9859678745269777,1.741761565208435,1.828269362449646,0.0865077972412109,1.741761565208435
1,block3_h48_seed10,3863,small_full,4,backward,1,0.9098911881446838,1.268761157989502,1.324101805686951,0.0553406476974487,1.268761157989502
1,block3_h48_seed10,3865,small_full,3,forward,1,0.8577942848205566,1.0645029544830322,1.1035765409469604,0.0390735864639282,1.0645029544830322
1,block3_h48_seed10,3866,small_full,2,left,0,0.2628729045391083,1.0266015529632568,1.028618335723877,0.0020167827606201,1.0350059270858765
1,block3_h48_seed10,3867,small_full,4,backward,0,0.6066153049468994,0.8036906123161316,0.8283641934394836,0.024673581123352,0.8386402130126953
1,block3_h48_seed10,3870,small_full,2,left,1,0.9997351765632628,1.3920798301696775,1.558579444885254,0.1664996147155761,1.3920798301696775
1,block3_h48_seed10,3871,small_full,4,backward,0,0.6097680926322937,1.4814521074295044,1.503252625465393,0.0218005180358886,1.5059877634048462
1,block3_h48_seed10,3872,small_full,3,forward,1,0.999984860420227,0.89691162109375,1.1302340030670166,0.2333223819732666,0.89691162109375
1,block3_h48_seed10,3873,small_full,4,backward,1,0.99409157037735,1.0341081619262695,1.1439003944396973,0.1097922325134277,1.0341081619262695
1,block3_h48_seed10,3874,small_full,2,left,1,0.6049748063087463,1.5808582305908203,1.5975885391235352,0.0167303085327148,1.5808582305908203
1,block3_h48_seed10,3875,small_full,4,backward,1,0.9968384504318236,1.3456130027770996,1.4652986526489258,0.1196856498718261,1.3456130027770996
1,block3_h48_seed10,3876,small_full,3,forward,1,0.9958761930465698,1.824774146080017,1.9347223043441768,0.1099481582641601,1.824774146080017
1,block3_h48_seed10,3877,small_full,2,left,1,0.9785496592521667,1.1036163568496704,1.1835224628448486,0.0799061059951782,1.1036163568496704
1,block3_h48_seed10,3878,small_full,4,backward,1,0.9967647790908812,1.2393399477005005,1.362924098968506,0.1235841512680053,1.2393399477005005
1,block3_h48_seed10,3879,small_full,3,forward,1,0.9744730591773988,1.1335915327072144,1.2172844409942627,0.0836929082870483,1.1335915327072144
1,block3_h48_seed10,3880,small_full,2,left,1,0.9998809099197388,0.9813655018806458,1.1691142320632937,0.1877487301826477,0.9813655018806458
1,block3_h48_seed10,3882,small_full,2,left,1,0.925164520740509,1.7471498250961304,1.8143887519836424,0.0672389268875122,1.7471498250961304
1,block3_h48_seed10,3883,small_full,2,left,1,0.9695218205451964,1.4831517934799194,1.5604790449142456,0.0773272514343261,1.4831517934799194
1,block3_h48_seed10,3884,small_full,4,backward,1,0.9933881759643556,1.2340844869613647,1.3402185440063477,0.1061340570449829,1.2340844869613647
1,block3_h48_seed10,3885,small_full,4,backward,1,0.9999994039535522,1.0542792081832886,1.35271155834198,0.2984323501586914,1.0542792081832886
1,block3_h48_seed10,3887,small_full,3,forward,1,0.99998676776886,0.8509969115257263,1.078201413154602,0.2272045016288757,0.8509969115257263
1,block3_h48_seed10,3888,small_full,1,right,1,0.9347773790359496,1.7817095518112185,1.83566415309906,0.0539546012878418,1.7817095518112185
1,block3_h48_seed10,3889,small_full,1,right,1,0.9990906715393066,1.8870209455490112,2.032367467880249,0.1453465223312378,1.8870209455490112
1,block3_h48_seed10,3890,small_full,3,forward,1,0.9668495655059814,1.7834745645523071,1.8597822189331052,0.0763076543807983,1.7834745645523071
1,block3_h48_seed10,3891,small_full,1,right,1,0.9997629523277284,1.0465389490127563,1.2144125699996948,0.1678736209869384,1.0465389490127563
1,block3_h48_seed10,3892,small_full,2,left,1,0.5751611590385437,1.7664445638656616,1.7739113569259644,0.0074667930603027,1.7664445638656616
1,block3_h48_seed10,3894,small_full,3,forward,1,0.7671554684638977,1.5584851503372192,1.5857914686203003,0.027306318283081,1.5584851503372192
1,block3_h48_seed10,3896,small_full,3,forward,1,0.9987151622772216,1.6664314270019531,1.8011056184768677,0.1346741914749145,1.6664314270019531
1,block3_h48_seed10,3897,small_full,3,forward,0,0.6745702624320984,0.8608260154724121,0.8898887038230896,0.0290626883506774,0.8903074860572815
1,block3_h48_seed10,3898,small_full,4,backward,1,0.9975791573524476,1.270331859588623,1.3943477869033811,0.1240159273147583,1.270331859588623
1,block3_h48_seed10,3899,small_full,3,forward,1,0.996747612953186,1.625645637512207,1.7460216283798218,0.1203759908676147,1.625645637512207
1,block3_h48_seed10,3900,small_full,2,left,1,0.9030972123146056,1.683521747589111,1.7309080362319946,0.0473862886428833,1.683521747589111
1,block3_h48_seed10,3901,small_full,4,backward,1,0.9819921255111694,1.2073920965194702,1.3088277578353882,0.1014356613159179,1.2073920965194702
1,block3_h48_seed10,3902,small_full,3,forward,1,0.3801173269748688,1.1489404439926147,1.152696132659912,0.0037556886672973,1.1489404439926147
1,block3_h48_seed10,3903,small_full,4,backward,1,0.9998231530189514,1.43903386592865,1.6118749380111694,0.1728410720825195,1.43903386592865
1,block3_h48_seed10,3904,small_full,3,forward,1,0.9943268895149232,1.3121930360794067,1.43412983417511,0.1219367980957031,1.3121930360794067
1,block3_h48_seed10,3905,small_full,2,left,1,0.8814123272895813,1.5785106420516968,1.6187677383422852,0.0402570962905883,1.5785106420516968
1,block3_h48_seed10,3906,small_full,1,right,1,0.9998838901519777,1.64399516582489,1.8333371877670288,0.1893420219421386,1.64399516582489
1,block3_h48_seed10,3907,small_full,1,right,1,0.931491196155548,1.2849866151809692,1.339625358581543,0.0546387434005737,1.2849866151809692
1,block3_h48_seed10,3909,small_full,4,backward,1,0.9982457160949708,1.3958388566970823,1.5263547897338867,0.1305159330368042,1.3958388566970823
1,block3_h48_seed10,3910,small_full,3,forward,1,0.9995156526565552,0.847783088684082,1.0235897302627563,0.1758066415786743,0.847783088684082
1,block3_h48_seed10,3911,small_full,4,backward,1,0.9998136162757874,1.4097061157226562,1.5895150899887085,0.1798089742660522,1.4097061157226562
1,block3_h48_seed10,3912,small_full,2,left,1,0.7062172889709473,1.1827255487442017,1.2046666145324707,0.021941065788269,1.1827255487442017
1,block3_h48_seed10,3913,small_full,3,forward,1,0.8680975437164307,1.6950912475585938,1.732831597328186,0.0377403497695922,1.6950912475585938
1,block3_h48_seed10,3914,small_full,4,backward,1,0.9699847102165222,1.1856708526611328,1.2609423398971558,0.0752714872360229,1.1856708526611328
1,block3_h48_seed10,3915,small_full,4,backward,1,0.9966546297073364,0.9836872220039368,1.0995948314666748,0.115907609462738,0.9836872220039368
1,block3_h48_seed10,3916,small_full,2,left,1,0.9953717589378356,1.892676830291748,2.000430107116699,0.1077532768249511,1.892676830291748
1,block3_h48_seed10,3917,small_full,4,backward,1,0.9998304843902588,1.4935736656188965,1.6682740449905396,0.174700379371643,1.4935736656188965
1,block3_h48_seed10,3918,small_full,3,forward,1,0.9946222305297852,1.9408289194107056,2.0577900409698486,0.116961121559143,1.9408289194107056
1,block3_h48_seed10,3919,small_full,3,forward,1,0.9393119215965272,1.4459902048110962,1.5027722120285034,0.0567820072174072,1.4459902048110962
1,block3_h48_seed10,3920,small_full,2,left,1,0.953616738319397,2.204028844833374,2.264584541320801,0.0605556964874267,2.204028844833374
1,block3_h48_seed10,3921,small_full,3,forward,1,0.9859678745269777,1.741761565208435,1.828269362449646,0.0865077972412109,1.741761565208435
1,block3_h48_seed10,3922,small_full,4,backward,1,0.9517662525177002,1.3384780883789062,1.4061027765274048,0.0676246881484985,1.3384780883789062
1,block3_h48_seed10,3923,small_full,3,forward,1,0.5806393623352051,1.5584851503372192,1.5747675895690918,0.0162824392318725,1.5584851503372192
1,block3_h48_seed10,3924,small_full,2,left,1,0.5058639049530029,1.1975113153457642,1.2001515626907349,0.0026402473449707,1.1975113153457642
1,block3_h48_seed10,3926,small_full,4,backward,1,0.999843955039978,1.432497501373291,1.6159645318984983,0.1834670305252075,1.432497501373291
1,block3_h48_seed10,3927,small_full,1,right,1,0.9999191761016846,1.1180187463760376,1.3120588064193726,0.1940400600433349,1.1180187463760376
1,block3_h48_seed10,3928,small_full,4,backward,1,0.9993011951446532,1.270331859588623,1.4270671606063845,0.1567353010177612,1.270331859588623
1,block3_h48_seed10,3929,small_full,2,left,1,0.9999452829360962,1.0962882041931152,1.3004788160324097,0.2041906118392944,1.0962882041931152
1,block3_h48_seed10,3931,small_full,1,right,1,0.9931463599205016,1.750801682472229,1.8527145385742188,0.1019128561019897,1.750801682472229
1,block3_h48_seed10,3932,small_full,3,forward,1,0.99998676776886,0.7322039604187012,0.9757437705993652,0.243539810180664,0.7322039604187012
1,block3_h48_seed10,3933,small_full,3,forward,1,0.9155706167221068,1.653164267539978,1.703162670135498,0.04999840259552,1.653164267539978
1,block3_h48_seed10,3934,small_full,3,forward,1,0.5129914879798889,1.23143470287323,1.2435873746871948,0.0121526718139648,1.23143470287323
1,block3_h48_seed10,3937,small_full,3,forward,1,0.9962800145149232,1.3653249740600586,1.4906349182128906,0.125309944152832,1.3653249740600586
1,block3_h48_seed10,3938,small_full,1,right,1,0.951166033744812,1.4699236154556274,1.5459381341934204,0.0760145187377929,1.4699236154556274
1,block3_h48_seed10,3940,small_full,1,right,1,0.9992324113845824,1.0386792421340942,1.182341694831848,0.1436624526977539,1.0386792421340942
1,block3_h48_seed10,3941,small_full,4,backward,0,0.7689464092254639,0.9113664627075196,0.9355034828186036,0.0241370201110839,1.0446192026138306
1,block3_h48_seed10,3942,small_full,2,left,1,0.9851309657096864,1.4615049362182615,1.565020203590393,0.1035152673721313,1.4615049362182615
1,block3_h48_seed10,3943,small_full,4,backward,0,0.5608512759208679,1.3150218725204468,1.3242648839950562,0.0092430114746093,1.3242648839950562
1,block3_h48_seed10,3944,small_full,3,forward,1,0.9978343844413756,1.509518265724182,1.6322606801986694,0.1227424144744873,1.509518265724182
1,block3_h48_seed10,3945,small_full,2,left,0,0.7286478281021118,1.296196460723877,1.3219208717346191,0.0257244110107421,1.3436325788497925
1,block3_h48_seed10,3946,small_full,2,left,1,0.96368408203125,1.1673914194107056,1.2377387285232544,0.0703473091125488,1.1673914194107056
1,block3_h48_seed10,3947,small_full,2,left,0,0.7065746784210205,1.0020791292190552,1.0219486951828003,0.0198695659637451,1.065157771110535
1,block3_h48_seed10,3948,small_full,3,forward,1,0.999987244606018,0.8647177815437317,1.0990718603134155,0.2343540787696838,0.8647177815437317
1,block3_h48_seed10,3949,small_full,4,backward,1,0.9948638081550598,1.0739160776138306,1.186792254447937,0.1128761768341064,1.0739160776138306
1,block3_h48_seed10,3950,small_full,3,forward,1,0.6127905249595642,1.726946473121643,1.7362295389175415,0.0092830657958984,1.726946473121643
1,block3_h48_seed10,3951,small_full,3,forward,1,0.9999833106994628,0.7712514996528625,1.0096430778503418,0.2383915781974792,0.7712514996528625
1,block3_h48_seed10,3952,small_full,4,backward,1,0.988471508026123,1.2186800241470337,1.3122848272323608,0.0936048030853271,1.2186800241470337
1,block3_h48_seed10,3953,small_full,4,backward,0,0.4808958172798157,1.1840519905090332,1.1958619356155396,0.0118099451065063,1.1958619356155396
1,block3_h48_seed10,3954,small_full,1,right,1,0.9994807839393616,0.8585753440856934,1.025394082069397,0.1668187379837036,0.8585753440856934
1,block3_h48_seed10,3955,small_full,2,left,1,0.8812681436538696,1.4247803688049316,1.4729676246643066,0.048187255859375,1.4247803688049316
1,block3_h48_seed10,3956,small_full,2,left,1,0.9805049300193788,2.20798659324646,2.289168119430542,0.081181526184082,2.20798659324646
1,block3_h48_seed10,3957,small_full,3,forward,1,0.9909334182739258,1.400887131690979,1.5119584798812866,0.1110713481903076,1.400887131690979
1,block3_h48_seed10,3958,small_full,4,backward,1,0.991932451725006,1.2746105194091797,1.3769692182540894,0.1023586988449096,1.2746105194091797
1,block3_h48_seed10,3960,small_full,1,right,1,0.9569213390350342,1.878087401390076,1.9596627950668333,0.0815753936767578,1.878087401390076
1,block3_h48_seed10,3961,small_full,4,backward,1,0.9985952973365784,1.306721568107605,1.449392318725586,0.1426707506179809,1.306721568107605
1,block3_h48_seed10,3962,small_full,3,forward,1,0.9981947541236876,1.4843653440475464,1.6125305891036987,0.1281652450561523,1.4843653440475464
1,block3_h48_seed10,3963,small_full,2,left,1,0.998867392539978,0.9461140036582948,1.090122103691101,0.1440081000328064,0.9461140036582948
1,block3_h48_seed10,3964,small_full,1,right,1,0.8781037926673889,1.5821605920791626,1.6237531900405884,0.0415925979614257,1.5821605920791626
1,block3_h48_seed10,3965,small_full,3,forward,1,0.8088081479072571,1.7552827596664429,1.7846981287002563,0.0294153690338134,1.7552827596664429
1,block3_h48_seed10,3966,small_full,3,forward,1,0.9911234378814696,1.9253478050231931,2.02103590965271,0.0956881046295166,1.9253478050231931
1,block3_h48_seed10,3967,small_full,1,right,1,0.9811505675315856,1.8487796783447263,1.9333471059799197,0.0845674276351928,1.8487796783447263
1,block3_h48_seed10,3968,small_full,4,backward,0,0.4193528890609741,0.8723862171173096,0.8755590915679932,0.0031728744506835,0.8755590915679932
1,block3_h48_seed10,3969,small_full,4,backward,1,0.9930441975593568,1.4912794828414917,1.5905832052230835,0.0993037223815918,1.4912794828414917
1,block3_h48_seed10,3970,small_full,2,left,1,0.9997319579124452,1.0587371587753296,1.2371033430099487,0.1783661842346191,1.0587371587753296
1,block3_h48_seed10,3971,small_full,2,left,1,0.966659665107727,1.7244114875793457,1.7978357076644895,0.073424220085144,1.7244114875793457
1,block3_h48_seed10,3972,small_full,2,left,1,0.9327069520950316,1.1673914194107056,1.231753706932068,0.0643622875213623,1.1673914194107056
1,block3_h48_seed10,3973,small_full,3,forward,1,0.8895652890205383,1.5629624128341677,1.6053563356399536,0.0423939228057861,1.5629624128341677
1,block3_h48_seed10,3976,small_full,4,backward,1,0.9967522621154784,1.34561288356781,1.465298771858215,0.1196858882904052,1.34561288356781
1,block3_h48_seed10,3978,small_full,4,backward,1,0.9996198415756226,1.159978270530701,1.319584846496582,0.1596065759658813,1.159978270530701
1,block3_h48_seed10,3979,small_full,3,forward,0,0.6978275179862976,1.2402364015579224,1.2708464860916138,0.0306100845336914,1.2708464860916138
1,block3_h48_seed10,3981,small_full,1,right,1,0.9998812675476074,1.086992859840393,1.2779618501663208,0.1909689903259277,1.086992859840393
1,block3_h48_seed10,3982,small_full,4,backward,1,0.9889451861381532,1.2746105194091797,1.3769689798355105,0.1023584604263305,1.2746105194091797
1,block3_h48_seed10,3983,small_full,2,left,1,0.9636844396591188,1.1673918962478638,1.237739324569702,0.0703474283218383,1.1673918962478638
1,block3_h48_seed10,3984,small_full,1,right,1,0.9998455047607422,1.1715999841690063,1.3507156372070312,0.1791156530380249,1.1715999841690063
1,block3_h48_seed10,3986,small_full,3,forward,1,0.9447673559188844,1.8441416025161743,1.913862228393555,0.0697206258773803,1.8441416025161743
1,block3_h48_seed10,3987,small_full,2,left,0,0.6547302007675171,1.3681834936141968,1.3902921676635742,0.0221086740493774,1.405943751335144
1,block3_h48_seed10,3988,small_full,1,right,1,0.9598572254180908,1.5836652517318726,1.6607133150100708,0.0770480632781982,1.5836652517318726
1,block3_h48_seed10,3989,small_full,4,backward,1,0.8135284781455994,1.212378740310669,1.2503951787948608,0.0380164384841918,1.212378740310669
1,block3_h48_seed10,3990,small_full,1,right,1,0.999835968017578,1.0602082014083862,1.2389718294143677,0.1787636280059814,1.0602082014083862
1,block3_h48_seed10,3992,small_full,4,backward,1,0.6966912150382996,1.6548080444335938,1.6772440671920776,0.0224360227584838,1.6548080444335938
1,block3_h48_seed10,3994,small_full,3,forward,1,0.9937710165977478,1.940829157829285,2.042277336120605,0.1014481782913208,1.940829157829285
1,block3_h48_seed10,3995,small_full,4,backward,1,0.8580864667892456,1.2687615156173706,1.3151930570602417,0.046431541442871,1.2687615156173706
1,block3_h48_seed10,3996,small_full,1,right,1,0.9830524921417236,1.887021541595459,1.968340277671814,0.0813187360763549,1.887021541595459
1,block3_h48_seed10,3997,small_full,2,left,1,0.6697690486907959,1.5808578729629517,1.597588062286377,0.0167301893234252,1.5808578729629517
1,block3_h48_seed10,3500,full,4,backward,1,0.812215268611908,1.165807604789734,1.1956629753112793,0.0298553705215454,1.165807604789734
1,block3_h48_seed10,3501,full,1,right,1,0.9529220461845398,1.185781478881836,1.2582558393478394,0.0724743604660034,1.185781478881836
1,block3_h48_seed10,3502,full,2,left,1,0.9986114501953124,1.226249098777771,1.3621982336044312,0.1359491348266601,1.226249098777771
1,block3_h48_seed10,3504,full,1,right,1,0.9999774694442748,0.4726006984710693,0.6964146494865417,0.2238139510154724,0.4726006984710693
1,block3_h48_seed10,3505,full,2,left,0,0.938110888004303,0.9845579266548156,1.0406781435012815,0.056120216846466,1.094253659248352
1,block3_h48_seed10,3506,full,4,backward,1,0.9988994598388672,0.3975883424282074,0.5413704514503479,0.1437821090221405,0.3975883424282074
1,block3_h48_seed10,3507,full,4,backward,1,0.991420030593872,1.17973792552948,1.2748390436172483,0.0951011180877685,1.17973792552948
1,block3_h48_seed10,3508,full,4,backward,1,0.9723584055900574,0.8252687454223633,0.8971508145332336,0.0718820691108703,0.8252687454223633
1,block3_h48_seed10,3511,full,2,left,1,0.9846333861351012,1.547934889793396,1.6496158838272097,0.1016809940338134,1.547934889793396
1,block3_h48_seed10,3513,full,4,backward,1,0.998785674571991,0.667091429233551,0.8171138763427734,0.1500224471092224,0.667091429233551
1,block3_h48_seed10,3514,full,1,right,1,0.9998996257781982,0.4370987713336944,0.6346012949943542,0.1975025236606598,0.4370987713336944
1,block3_h48_seed10,3515,full,3,forward,0,0.7920829057693481,0.5613014698028564,0.5880581736564636,0.0267567038536071,0.7664900422096252
1,block3_h48_seed10,3516,full,4,backward,1,0.999852180480957,0.8875733017921448,1.0660165548324585,0.1784432530403137,0.8875733017921448
1,block3_h48_seed10,3518,full,2,left,1,0.7272365093231201,1.4190858602523804,1.4463094472885132,0.0272235870361328,1.4190858602523804
1,block3_h48_seed10,3519,full,4,backward,1,0.99985933303833,0.3809858858585357,0.5634295344352722,0.1824436485767364,0.3809858858585357
1,block3_h48_seed10,3520,full,3,forward,1,0.997298777103424,1.1600621938705444,1.2827043533325195,0.1226421594619751,1.1600621938705444
1,block3_h48_seed10,3521,full,3,forward,1,0.8527494668960571,1.3905858993530271,1.4259837865829468,0.0353978872299194,1.3905858993530271
1,block3_h48_seed10,3522,full,4,backward,1,0.9513869285583496,1.110614776611328,1.1830259561538696,0.0724111795425415,1.110614776611328
1,block3_h48_seed10,3523,full,2,left,1,0.9945027828216552,0.4865219593048095,0.6059953570365906,0.119473397731781,0.4865219593048095
1,block3_h48_seed10,3524,full,3,forward,1,0.918717086315155,1.182888150215149,1.23568594455719,0.052797794342041,1.182888150215149
1,block3_h48_seed10,3525,full,3,forward,1,0.7636286616325378,0.9018020629882812,0.9366011619567872,0.0347990989685058,0.9018020629882812
1,block3_h48_seed10,3527,full,3,forward,1,0.9999436140060424,0.4733189642429352,0.6800373196601868,0.2067183554172516,0.4733189642429352
1,block3_h48_seed10,3528,full,2,left,1,0.9982448816299438,1.0808112621307373,1.2080445289611816,0.1272332668304443,1.0808112621307373
1,block3_h48_seed10,3529,full,2,left,0,0.8737290501594543,0.9280677437782288,0.9670114517211914,0.0389437079429626,1.0672448873519895
1,block3_h48_seed10,3530,full,4,backward,0,0.9287213683128356,1.2105882167816162,1.275867581367493,0.0652793645858764,1.2774641513824463
1,block3_h48_seed10,3531,full,4,backward,1,0.998916506767273,0.9609797596931458,1.10432231426239,0.1433425545692443,0.9609797596931458
1,block3_h48_seed10,3532,full,2,left,0,0.5447453856468201,0.9989307522773744,1.0177701711654663,0.018839418888092,1.0177701711654663
1,block3_h48_seed10,3533,full,3,forward,1,0.9996665716171264,0.9003133773803711,1.063182353973389,0.1628689765930175,0.9003133773803711
1,block3_h48_seed10,3534,full,4,backward,1,0.5319257378578186,0.7169545292854309,0.7195835113525391,0.0026289820671081,0.7169545292854309
1,block3_h48_seed10,3535,full,4,backward,0,0.489178329706192,1.0973929166793823,1.1074854135513306,0.0100924968719482,1.1074854135513306
1,block3_h48_seed10,3536,full,2,left,1,0.8075883388519287,0.9760454297065736,1.0059555768966677,0.0299101471900939,0.9760454297065736
1,block3_h48_seed10,3538,full,1,right,1,0.9999735355377196,0.371515154838562,0.5960667729377747,0.2245516180992126,0.371515154838562
1,block3_h48_seed10,3541,full,3,forward,1,0.9998247027397156,1.2755006551742554,1.4485734701156616,0.1730728149414062,1.2755006551742554
1,block3_h48_seed10,3542,full,1,right,1,0.9993436932563782,0.7612042427062988,0.9087844491004944,0.1475802063941955,0.7612042427062988
1,block3_h48_seed10,3543,full,2,left,1,0.9994717240333556,0.5252262353897095,0.6805381774902344,0.1553119421005249,0.5252262353897095
1,block3_h48_seed10,3545,full,3,forward,1,0.9453091025352478,1.4129524230957031,1.470308780670166,0.0573563575744628,1.4129524230957031
1,block3_h48_seed10,3546,full,1,right,1,0.9999502897262572,0.4881675243377685,0.6939725279808044,0.2058050036430359,0.4881675243377685
1,block3_h48_seed10,3547,full,3,forward,1,0.9994511008262634,1.0590780973434448,1.2093570232391355,0.1502789258956909,1.0590780973434448
1,block3_h48_seed10,3548,full,1,right,1,0.9754073023796082,1.4027215242385864,1.493085503578186,0.0903639793395996,1.4027215242385864
1,block3_h48_seed10,3549,full,2,left,0,0.7605500221252441,1.1603714227676392,1.183998465538025,0.0236270427703857,1.259163498878479
1,block3_h48_seed10,3552,full,2,left,1,0.9997307658195496,0.5125586986541748,0.6832031607627869,0.170644462108612,0.5125586986541748
1,block3_h48_seed10,3553,full,3,forward,1,0.9920847415924072,0.9519569277763368,1.0594269037246704,0.1074699759483337,0.9519569277763368
1,block3_h48_seed10,3554,full,3,forward,1,0.7785213589668274,1.0292218923568726,1.0584301948547363,0.0292083024978637,1.0292218923568726
1,block3_h48_seed10,3555,full,1,right,0,0.4910703897476196,1.3031820058822632,1.3079973459243774,0.0048153400421142,1.3079973459243774
1,block3_h48_seed10,3556,full,1,right,1,0.9938538074493408,1.09151291847229,1.2008641958236694,0.1093512773513794,1.09151291847229
1,block3_h48_seed10,3559,full,3,forward,1,0.9999996423721312,0.4657899439334869,0.770442545413971,0.304652601480484,0.4657899439334869
1,block3_h48_seed10,3560,full,1,right,1,0.9632614850997924,0.9765586853027344,1.045186161994934,0.0686274766921997,0.9765586853027344
1,block3_h48_seed10,3562,full,2,left,0,0.6359221935272217,0.4713964462280273,0.4832386076450348,0.0118421614170074,0.550947368144989
1,block3_h48_seed10,3564,full,1,right,1,0.9998968839645386,0.4344880580902099,0.627753734588623,0.193265676498413,0.4344880580902099
1,block3_h48_seed10,3565,full,2,left,1,0.9980740547180176,1.1048378944396973,1.2361871004104614,0.1313492059707641,1.1048378944396973
1,block3_h48_seed10,3566,full,2,left,1,0.9549961686134338,1.4190858602523804,1.480417251586914,0.0613313913345336,1.4190858602523804
1,block3_h48_seed10,3567,full,1,right,1,0.9630600214004515,1.1685975790023804,1.2472038269042969,0.0786062479019165,1.1685975790023804
1,block3_h48_seed10,3568,full,1,right,1,0.9936875700950624,0.5469488501548767,0.654414176940918,0.1074653267860412,0.5469488501548767
1,block3_h48_seed10,3569,full,1,right,1,0.99840646982193,1.3122822046279907,1.4456430673599243,0.1333608627319336,1.3122822046279907
1,block3_h48_seed10,3570,full,1,right,1,0.9998152852058412,0.3793710768222809,0.5654475688934326,0.1860764920711517,0.3793710768222809
1,block3_h48_seed10,3571,full,3,forward,1,0.8844618201255798,0.6008808016777039,0.6465772986412048,0.0456964969635009,0.6008808016777039
1,block3_h48_seed10,3572,full,2,left,1,0.9998714923858644,0.3602789342403412,0.542630136013031,0.1823512017726898,0.3602789342403412
1,block3_h48_seed10,3573,full,3,forward,0,0.8802080154418945,0.772634744644165,0.8146023750305176,0.0419676303863525,0.8146023750305176
1,block3_h48_seed10,3574,full,1,right,0,0.752190113067627,0.6488540768623352,0.6742727160453796,0.0254186391830444,0.7191703915596008
1,block3_h48_seed10,3575,full,3,forward,1,0.9736651182174684,1.0621823072433472,1.1350239515304563,0.0728416442871093,1.0621823072433472
1,block3_h48_seed10,3576,full,4,backward,1,0.9989781379699708,0.8602275848388672,0.999522864818573,0.1392952799797058,0.8602275848388672
1,block3_h48_seed10,3577,full,4,backward,1,0.9955310225486756,0.962988555431366,1.0836362838745115,0.1206477284431457,0.962988555431366
1,block3_h48_seed10,3578,full,2,left,1,0.9997379183769226,1.226249098777771,1.39291250705719,0.1666634082794189,1.226249098777771
1,block3_h48_seed10,3580,full,4,backward,0,0.74337238073349,1.389046311378479,1.417475700378418,0.0284293889999389,1.417475700378418
1,block3_h48_seed10,3581,full,4,backward,1,0.9924896359443665,0.7394862771034241,0.8498517870903015,0.1103655099868774,0.7394862771034241
1,block3_h48_seed10,3582,full,3,forward,1,0.874338686466217,0.6970412135124207,0.7509700655937195,0.0539288520812988,0.6970412135124207
1,block3_h48_seed10,3583,full,3,forward,1,0.9875684380531312,1.369089126586914,1.4626535177230835,0.0935643911361694,1.369089126586914
1,block3_h48_seed10,3584,full,1,right,1,0.9999632835388184,0.5207865834236145,0.7338897585868835,0.213103175163269,0.5207865834236145
1,block3_h48_seed10,3585,full,3,forward,1,0.9325580596923828,1.2967270612716677,1.349830985069275,0.0531039237976074,1.2967270612716677
1,block3_h48_seed10,3586,full,3,forward,1,0.9312690496444702,0.9827575087547302,1.0513654947280884,0.0686079859733581,0.9827575087547302
1,block3_h48_seed10,3587,full,4,backward,1,0.998948872089386,1.206696391105652,1.343845009803772,0.1371486186981201,1.206696391105652
1,block3_h48_seed10,3589,full,4,backward,1,0.9909546971321106,0.7394862771034241,0.8437851071357727,0.1042988300323486,0.7394862771034241
1,block3_h48_seed10,3591,full,4,backward,1,0.9831425547599792,1.0733672380447388,1.166383981704712,0.0930167436599731,1.0733672380447388
1,block3_h48_seed10,3592,full,3,forward,1,0.9873943328857422,1.369089126586914,1.4626535177230835,0.0935643911361694,1.369089126586914
1,block3_h48_seed10,3593,full,1,right,1,0.9883024096488952,1.4720077514648438,1.564630389213562,0.0926226377487182,1.4720077514648438
1,block3_h48_seed10,3594,full,1,right,0,0.8461681604385376,0.7581358551979065,0.7966988682746887,0.0385630130767822,0.7966988682746887
1,block3_h48_seed10,3596,full,2,left,0,0.904391884803772,1.183998465538025,1.234580636024475,0.0505821704864501,1.259163498878479
1,block3_h48_seed10,3597,full,4,backward,1,0.9952921867370604,1.238345742225647,1.3454667329788208,0.1071209907531738,1.238345742225647
1,block3_h48_seed10,3600,full,3,forward,1,0.9997608065605164,1.3568755388259888,1.5245307683944702,0.1676552295684814,1.3568755388259888
1,block3_h48_seed10,3601,full,4,backward,1,0.9997190833091736,0.9989121556282043,1.1625168323516846,0.1636046767234802,0.9989121556282043
1,block3_h48_seed10,3603,full,4,backward,1,0.9999942779541016,0.3464218080043793,0.59562748670578,0.2492056787014007,0.3464218080043793
1,block3_h48_seed10,3604,full,1,right,1,0.9970923662185668,2.0970828533172607,2.213846445083618,0.1167635917663574,2.0970828533172607
1,block3_h48_seed10,3606,full,1,right,1,0.9990886449813844,0.6010757088661194,0.7591956257820129,0.1581199169158935,0.6010757088661194
1,block3_h48_seed10,3609,full,4,backward,1,0.9999576807022096,0.4191623628139496,0.6330091953277588,0.2138468325138092,0.4191623628139496
1,block3_h48_seed10,3611,full,2,left,1,0.5614129304885864,0.6241043210029602,0.6354292035102844,0.0113248825073242,0.6241043210029602
1,block3_h48_seed10,3612,full,2,left,1,0.9993258714675904,1.1254229545593262,1.2716330289840698,0.1462100744247436,1.1254229545593262
1,block3_h48_seed10,3613,full,3,forward,1,0.999986171722412,0.5661242604255676,0.8006221652030945,0.2344979047775268,0.5661242604255676
1,block3_h48_seed10,3614,full,4,backward,1,0.9919983744621276,1.168850064277649,1.2654355764389038,0.0965855121612548,1.168850064277649
1,block3_h48_seed10,3615,full,1,right,1,0.9877051115036012,1.7568477392196655,1.8475884199142456,0.09074068069458,1.7568477392196655
1,block3_h48_seed10,3616,full,1,right,1,0.5803889632225037,1.1951130628585815,1.2153702974319458,0.0202572345733642,1.1951130628585815
1,block3_h48_seed10,3617,full,3,forward,1,0.95097815990448,0.9827575087547302,1.0513654947280884,0.0686079859733581,0.9827575087547302
1,block3_h48_seed10,3618,full,2,left,1,0.9718736410140992,1.4938780069351196,1.5655244588851929,0.0716464519500732,1.4938780069351196
1,block3_h48_seed10,3619,full,2,left,1,0.9997772574424744,1.4418540000915527,1.6154714822769165,0.1736174821853637,1.4418540000915527
1,block3_h48_seed10,3620,full,1,right,1,0.9999247789382936,0.4490255415439605,0.6470632553100586,0.198037713766098,0.4490255415439605
1,block3_h48_seed10,3621,full,2,left,0,0.7383483052253723,1.055747389793396,1.0806586742401123,0.0249112844467163,1.0806586742401123
1,block3_h48_seed10,3623,full,3,forward,1,0.9986186027526855,1.1643668413162231,1.2962685823440552,0.131901741027832,1.1643668413162231
1,block3_h48_seed10,3624,full,4,backward,1,0.8048603534698486,1.0824536085128784,1.1108099222183228,0.0283563137054443,1.0824536085128784
1,block3_h48_seed10,3625,full,2,left,1,0.8931132555007935,1.4625420570373535,1.5074710845947266,0.044929027557373,1.4625420570373535
1,block3_h48_seed10,3626,full,4,backward,1,0.9999423027038574,0.4925666749477386,0.6911495327949524,0.1985828578472137,0.4925666749477386
1,block3_h48_seed10,3627,full,4,backward,1,0.9970692992210388,0.8519818186759949,0.969665229320526,0.1176834106445312,0.8519818186759949
1,block3_h48_seed10,3628,full,4,backward,1,0.999222993850708,1.0002455711364746,1.1535500288009644,0.1533044576644897,1.0002455711364746
1,block3_h48_seed10,3631,full,1,right,0,0.7386248707771301,0.7443878054618835,0.7685713768005371,0.0241835713386535,0.8029597401618958
1,block3_h48_seed10,3634,full,4,backward,1,0.8764112591743469,1.0184928178787231,1.07077157497406,0.0522787570953369,1.0184928178787231
1,block3_h48_seed10,3635,full,3,forward,1,0.9999974966049194,0.4981518685817718,0.7662996649742126,0.2681477963924408,0.4981518685817718
1,block3_h48_seed10,3636,full,3,forward,1,0.960513710975647,1.2766523361206057,1.3408842086791992,0.0642318725585937,1.2766523361206057
1,block3_h48_seed10,3637,full,2,left,1,0.9999240636825562,0.4578094482421875,0.6553849577903748,0.1975755095481872,0.4578094482421875
1,block3_h48_seed10,3639,full,1,right,1,0.993770182132721,1.8713126182556152,1.974336624145508,0.1030240058898925,1.8713126182556152
1,block3_h48_seed10,3640,full,2,left,1,0.9961344003677368,0.5095091462135315,0.632296621799469,0.1227874755859375,0.5095091462135315
1,block3_h48_seed10,3641,full,1,right,1,0.9993914365768432,0.7748053669929504,0.9318631291389464,0.1570577621459961,0.7748053669929504
1,block3_h48_seed10,3642,full,3,forward,0,0.7510207891464233,1.044508457183838,1.06843364238739,0.0239251852035522,1.118199110031128
1,block3_h48_seed10,3643,full,1,right,1,0.8245605230331421,1.12321937084198,1.1677321195602417,0.0445127487182617,1.12321937084198
1,block3_h48_seed10,3644,full,3,forward,1,0.94667387008667,1.220857858657837,1.2788546085357666,0.0579967498779296,1.220857858657837
1,block3_h48_seed10,3645,full,3,forward,1,0.9976771473884584,1.2755006551742554,1.3983169794082642,0.1228163242340087,1.2755006551742554
1,block3_h48_seed10,3646,full,3,forward,0,0.5871535539627075,0.5014644265174866,0.5086823105812073,0.0072178840637207,0.6087281107902527
1,block3_h48_seed10,3647,full,4,backward,1,0.9999440908432008,0.5079382658004761,0.7059759497642517,0.1980376839637756,0.5079382658004761
1,block3_h48_seed10,3648,full,4,backward,1,0.9967899918556212,1.0465341806411743,1.175578474998474,0.1290442943572998,1.0465341806411743
1,block3_h48_seed10,3649,full,1,right,1,0.8202782273292542,1.5079339742660522,1.5385500192642212,0.0306160449981689,1.5079339742660522
1,block3_h48_seed10,3651,full,4,backward,1,0.926981508731842,1.3537683486938477,1.4157248735427856,0.0619565248489379,1.3537683486938477
1,block3_h48_seed10,3652,full,3,forward,1,0.9998821020126344,0.5051068663597107,0.7027460932731628,0.1976392269134521,0.5051068663597107
1,block3_h48_seed10,3653,full,1,right,1,0.987134039402008,0.9813823699951172,1.077075481414795,0.0956931114196777,0.9813823699951172
1,block3_h48_seed10,3655,full,2,left,1,0.9999573230743408,0.5560976266860962,0.7691771388053894,0.2130795121192932,0.5560976266860962
1,block3_h48_seed10,3656,full,3,forward,1,0.6479673385620117,0.6657818555831909,0.6798526644706726,0.0140708088874816,0.6657818555831909
1,block3_h48_seed10,3657,full,1,right,1,0.6525203585624695,0.6510246396064758,0.6680006980895996,0.0169760584831237,0.6510246396064758
1,block3_h48_seed10,3658,full,2,left,1,0.997922956943512,1.0297068357467651,1.167899250984192,0.1381924152374267,1.0297068357467651
1,block3_h48_seed10,3660,full,1,right,0,0.4377979040145874,0.5634177327156067,0.5673052072525024,0.0038874745368957,0.5673052072525024
1,block3_h48_seed10,3663,full,3,forward,1,0.9999899864196776,0.5140652060508728,0.750572919845581,0.2365077137947082,0.5140652060508728
1,block3_h48_seed10,3664,full,4,backward,1,0.9749003648757936,0.8519818186759949,0.9251821637153624,0.0732003450393676,0.8519818186759949
1,block3_h48_seed10,3667,full,3,forward,1,0.6370466351509094,0.8744862675666809,0.9060595631599426,0.0315732955932617,0.8744862675666809
1,block3_h48_seed10,3668,full,4,backward,1,0.9092811942100524,0.9034883975982666,0.9516542553901672,0.0481658577919006,0.9034883975982666
1,block3_h48_seed10,3669,full,3,forward,1,0.9969587326049804,0.9673715233802797,1.085216403007507,0.1178448796272277,0.9673715233802797
1,block3_h48_seed10,3670,full,2,left,1,0.9994841814041138,0.98933744430542,1.1466751098632812,0.1573376655578613,0.98933744430542
1,block3_h48_seed10,3671,full,1,right,1,0.9993290901184082,0.5147386789321899,0.6679084300994873,0.1531697511672973,0.5147386789321899
1,block3_h48_seed10,3672,full,3,forward,1,0.968730330467224,1.0621823072433472,1.1380215883255005,0.0758392810821533,1.0621823072433472
1,block3_h48_seed10,3673,full,1,right,0,0.847812831401825,0.5415927767753601,0.5761832594871521,0.0345904827117919,0.6734201312065125
1,block3_h48_seed10,3675,full,4,backward,1,0.9998722076416016,0.7467367053031921,0.9364004135131836,0.1896637082099914,0.7467367053031921
1,block3_h48_seed10,3676,full,3,forward,1,0.9851216077804564,0.8185541033744812,0.9095099568367004,0.0909558534622192,0.8185541033744812
1,block3_h48_seed10,3677,full,2,left,0,0.5859938263893127,0.7696834206581116,0.7769465446472168,0.0072631239891052,0.870129406452179
1,block3_h48_seed10,3678,full,1,right,1,0.9961593151092528,2.0335049629211426,2.165940284729004,0.1324353218078613,2.0335049629211426
1,block3_h48_seed10,3679,full,3,forward,1,0.9998726844787598,0.4608097076416015,0.6496883034706116,0.18887859582901,0.4608097076416015
1,block3_h48_seed10,3682,full,4,backward,0,0.7881019115447998,1.1665616035461426,1.1928333044052124,0.0262717008590698,1.1928333044052124
1,block3_h48_seed10,3683,full,3,forward,1,0.946742057800293,1.2766523361206057,1.341675877571106,0.0650235414505004,1.2766523361206057
1,block3_h48_seed10,3685,full,2,left,1,0.9999897480010986,0.4147872924804687,0.6527113318443298,0.237924039363861,0.4147872924804687
1,block3_h48_seed10,3687,full,4,backward,1,0.9939517378807068,0.6860719323158264,0.8030657768249512,0.1169938445091247,0.6860719323158264
1,block3_h48_seed10,3688,full,2,left,1,0.845474123954773,1.474082589149475,1.50985848903656,0.0357758998870849,1.474082589149475
1,block3_h48_seed10,3689,full,1,right,1,0.9973248243331908,0.4922188222408294,0.62140291929245,0.1291840970516204,0.4922188222408294
1,block3_h48_seed10,3690,full,4,backward,1,0.9617934823036194,0.9447248578071594,1.0188298225402832,0.0741049647331237,0.9447248578071594
1,block3_h48_seed10,3691,full,3,forward,1,0.9688423275947572,1.1935099363327026,1.27210795879364,0.0785980224609375,1.1935099363327026
1,block3_h48_seed10,3692,full,1,right,1,0.9935184121131896,1.52914297580719,1.6303443908691406,0.1012014150619506,1.52914297580719
1,block3_h48_seed10,3693,full,1,right,1,0.9809169173240662,1.1911566257476809,1.273728847503662,0.0825722217559814,1.1911566257476809
1,block3_h48_seed10,3694,full,2,left,1,0.9980658888816832,1.0808112621307373,1.2080445289611816,0.1272332668304443,1.0808112621307373
1,block3_h48_seed10,3695,full,3,forward,1,0.9553205966949464,1.5390691757202148,1.6152528524398804,0.0761836767196655,1.5390691757202148
1,block3_h48_seed10,3696,full,1,right,1,0.7296249866485596,1.12321937084198,1.159184813499451,0.0359654426574707,1.12321937084198
1,block3_h48_seed10,3697,full,3,forward,1,0.9888916015625,1.3220232725143433,1.4157787561416626,0.0937554836273193,1.3220232725143433
1,block3_h48_seed10,3698,full,3,forward,1,0.5619063377380371,0.6970412135124207,0.7048079371452332,0.0077667236328125,0.6970412135124207
1,block3_h48_seed10,3699,full,1,right,1,0.950458824634552,1.153934359550476,1.2181987762451172,0.0642644166946411,1.153934359550476
1,block3_h48_seed10,3700,full,4,backward,1,0.985935926437378,1.19035804271698,1.2755264043807983,0.0851683616638183,1.19035804271698
1,block3_h48_seed10,3703,full,3,forward,1,0.9912652373313904,0.8730736374855042,0.968265950679779,0.0951923131942749,0.8730736374855042
1,block3_h48_seed10,3704,full,3,forward,1,0.997423768043518,1.166028380393982,1.290788650512695,0.1247602701187133,1.166028380393982
1,block3_h48_seed10,3705,full,2,left,1,0.9999786615371704,0.4224095344543457,0.6514926552772522,0.2290831208229065,0.4224095344543457
1,block3_h48_seed10,3706,full,3,forward,1,0.9522578716278076,1.3115342855453491,1.3832440376281738,0.0717097520828247,1.3115342855453491
1,block3_h48_seed10,3707,full,2,left,1,0.6906626224517822,0.9947770237922668,1.010991454124451,0.0162144303321838,0.9947770237922668
1,block3_h48_seed10,3708,full,1,right,1,0.9914467334747314,1.625962257385254,1.7245029211044312,0.0985406637191772,1.625962257385254
1,block3_h48_seed10,3709,full,2,left,1,0.985202968120575,1.572690486907959,1.6567758321762085,0.0840853452682495,1.572690486907959
1,block3_h48_seed10,3710,full,2,left,1,0.9069013595581056,1.2550883293151855,1.302507996559143,0.0474196672439575,1.2550883293151855
1,block3_h48_seed10,3711,full,3,forward,0,0.6858994364738464,0.3817305564880371,0.3973722457885742,0.0156416893005371,0.561968982219696
1,block3_h48_seed10,3712,full,2,left,1,0.999983549118042,0.975522518157959,1.1966097354888916,0.2210872173309326,0.975522518157959
1,block3_h48_seed10,3713,full,4,backward,1,0.9994394183158876,1.0622349977493286,1.2162169218063354,0.1539819240570068,1.0622349977493286
1,block3_h48_seed10,3714,full,4,backward,1,0.9381772875785828,1.254709243774414,1.319995999336243,0.0652867555618286,1.254709243774414
1,block3_h48_seed10,3715,full,3,forward,1,0.9458173513412476,1.4129524230957031,1.470308780670166,0.0573563575744628,1.4129524230957031
1,block3_h48_seed10,3716,full,2,left,0,0.781160295009613,0.6967191696166992,0.7222996354103088,0.0255804657936096,0.8254316449165344
1,block3_h48_seed10,3717,full,1,right,1,0.995320737361908,1.4070192575454712,1.515062689781189,0.1080434322357177,1.4070192575454712
1,block3_h48_seed10,3718,full,3,forward,1,0.9995365142822266,1.1025892496109009,1.2561464309692385,0.1535571813583374,1.1025892496109009
1,block3_h48_seed10,3719,full,3,forward,1,0.9999933242797852,0.5426888465881348,0.7915568351745605,0.2488679885864257,0.5426888465881348
1,block3_h48_seed10,3720,full,4,backward,1,0.9991495609283448,0.932494342327118,1.0872085094451904,0.1547141671180725,0.932494342327118
1,block3_h48_seed10,3721,full,1,right,1,0.9632174968719482,1.8486863374710083,1.929377555847168,0.0806912183761596,1.8486863374710083
1,block3_h48_seed10,3722,full,3,forward,1,0.9765412211418152,1.4012808799743652,1.4771922826766968,0.0759114027023315,1.4012808799743652
1,block3_h48_seed10,3725,full,4,backward,1,0.9749369621276855,1.110614776611328,1.1858067512512207,0.0751919746398925,1.110614776611328
1,block3_h48_seed10,3726,full,3,forward,1,0.9998561143875122,0.5051068663597107,0.7027460932731628,0.1976392269134521,0.5051068663597107
1,block3_h48_seed10,3727,full,2,left,1,0.9908985495567322,0.5477088093757629,0.6474449038505554,0.0997360944747924,0.5477088093757629
1,block3_h48_seed10,3728,full,1,right,1,0.998983919620514,1.3621597290039062,1.501599907875061,0.1394401788711547,1.3621597290039062
1,block3_h48_seed10,3729,full,2,left,1,0.997251570224762,1.093944072723389,1.2137391567230225,0.1197950839996337,1.093944072723389
1,block3_h48_seed10,3730,full,2,left,1,0.9997830986976624,0.6694528460502625,0.855060875415802,0.1856080293655395,0.6694528460502625
1,block3_h48_seed10,3731,full,4,backward,1,0.9876217246055604,1.1367875337600708,1.2299495935440063,0.0931620597839355,1.1367875337600708
1,block3_h48_seed10,3732,full,4,backward,1,0.9753249287605286,0.6472941040992737,0.7209089398384094,0.0736148357391357,0.6472941040992737
1,block3_h48_seed10,3733,full,4,backward,1,0.9626906514167786,1.02869713306427,1.1010692119598389,0.0723720788955688,1.02869713306427
1,block3_h48_seed10,3734,full,2,left,1,0.961193323135376,1.2939698696136477,1.3627885580062866,0.0688186883926391,1.2939698696136477
1,block3_h48_seed10,3735,full,4,backward,1,0.9989851117134094,0.9425687789916992,1.0932170152664185,0.1506482362747192,0.9425687789916992
1,block3_h48_seed10,3736,full,3,forward,1,0.9986585378646852,1.207062602043152,1.341314673423767,0.1342520713806152,1.207062602043152
1,block3_h48_seed10,3737,full,4,backward,1,0.999897599220276,0.6086898446083069,0.8028011918067932,0.1941113471984863,0.6086898446083069
1,block3_h48_seed10,3739,full,4,backward,0,0.9148457050323486,0.8690198063850403,0.9173293113708496,0.0483095049858093,0.9173293113708496
1,block3_h48_seed10,3740,full,3,forward,0,0.5052157640457153,0.532916247844696,0.5409843921661377,0.0080681443214416,0.5677196979522705
1,block3_h48_seed10,3741,full,1,right,0,0.7898312211036682,0.770050585269928,0.7989996075630188,0.0289490222930908,0.8469874262809753
1,block3_h48_seed10,3745,full,4,backward,0,0.4256694316864013,0.6878385543823242,0.6938011050224304,0.0059625506401062,0.6938011050224304
1,block3_h48_seed10,3749,full,2,left,0,0.8010466694831848,0.774616003036499,0.8053128123283386,0.0306968092918396,0.8053128123283386
1,block3_h48_seed10,3750,full,3,forward,1,0.99895441532135,1.1540673971176147,1.2913199663162231,0.1372525691986084,1.1540673971176147
1,block3_h48_seed10,3751,full,2,left,0,0.6954410672187805,1.183998465538025,1.2016440629959106,0.0176455974578857,1.259163498878479
1,block3_h48_seed10,3752,full,1,right,1,0.9898197054862976,1.4984194040298462,1.5955008268356323,0.0970814228057861,1.4984194040298462
1,block3_h48_seed10,3753,full,2,left,0,0.7375726103782654,1.4571185111999512,1.4930025339126587,0.0358840227127075,1.4938780069351196
1,block3_h48_seed10,3754,full,2,left,1,0.9983208775520324,0.5957514643669128,0.731528103351593,0.1357766389846801,0.5957514643669128
1,block3_h48_seed10,3755,full,4,backward,0,0.6602661609649658,1.2045153379440308,1.2219887971878052,0.0174734592437744,1.2545976638793943
1,block3_h48_seed10,3756,full,2,left,0,0.7017538547515869,1.5388303995132446,1.56045401096344,0.0216236114501953,1.56045401096344
1,block3_h48_seed10,3757,full,3,forward,1,0.9732354283332824,1.0621823072433472,1.1350239515304563,0.0728416442871093,1.0621823072433472
1,block3_h48_seed10,3759,full,3,forward,1,0.9855802655220032,1.4041584730148315,1.5014644861221311,0.0973060131072998,1.4041584730148315
1,block3_h48_seed10,3760,full,1,right,1,0.999308943748474,1.7129592895507812,1.8635592460632324,0.1505999565124511,1.7129592895507812
1,block3_h48_seed10,3761,full,3,forward,0,0.6764678359031677,0.7293359637260437,0.7500767111778259,0.0207407474517822,0.7723474502563477
1,block3_h48_seed10,3763,full,3,forward,1,0.987898886203766,1.0491448640823364,1.1396771669387815,0.0905323028564453,1.0491448640823364
1,block3_h48_seed10,3764,full,4,backward,0,0.9333323240280152,0.9608588218688964,1.0214115381240845,0.0605527162551879,1.0214115381240845
1,block3_h48_seed10,3765,full,3,forward,1,0.7953972816467285,0.9969542622566224,1.0257099866867063,0.0287557244300842,0.9969542622566224
1,block3_h48_seed10,3766,full,2,left,0,0.4338820874691009,0.926408588886261,0.9381338953971864,0.0117253065109252,0.9381338953971864
1,block3_h48_seed10,3767,full,1,right,1,0.9997085928916932,0.4791087806224823,0.6541922688484192,0.1750834882259369,0.4791087806224823
1,block3_h48_seed10,3770,full,2,left,1,0.9355323314666748,1.5399280786514282,1.6063836812973022,0.066455602645874,1.5399280786514282
1,block3_h48_seed10,3771,full,3,forward,1,0.9922450184822084,1.4041584730148315,1.5014644861221311,0.0973060131072998,1.4041584730148315
1,block3_h48_seed10,3772,full,2,left,1,0.5950270295143127,0.5665860772132874,0.5815891027450562,0.0150030255317687,0.5665860772132874
1,block3_h48_seed10,3773,full,2,left,1,0.9999828338623048,0.4147872924804687,0.654224693775177,0.2394374012947082,0.4147872924804687
1,block3_h48_seed10,3774,full,2,left,0,0.7075623273849487,1.2578338384628296,1.2834535837173462,0.0256197452545166,1.2834535837173462
1,block3_h48_seed10,3775,full,4,backward,1,0.9834161996841432,0.9960062503814696,1.0776962041854858,0.0816899538040161,0.9960062503814696
1,block3_h48_seed10,3776,full,4,backward,0,0.722662091255188,0.9249861836433412,0.9492947459220886,0.0243085622787475,0.9492947459220886
1,block3_h48_seed10,3777,full,4,backward,1,0.9196040630340576,1.0471582412719729,1.104559063911438,0.0574008226394653,1.0471582412719729
1,block3_h48_seed10,3778,full,4,backward,1,0.9872940182685852,0.9228201508522034,1.0102163553237915,0.0873962044715881,0.9228201508522034
1,block3_h48_seed10,3780,full,2,left,1,0.920634925365448,1.5974565744400024,1.6467448472976685,0.049288272857666,1.5974565744400024
1,block3_h48_seed10,3781,full,1,right,0,0.6908025741577148,0.9690068364143372,0.9860119819641112,0.0170051455497741,1.0494171380996704
1,block3_h48_seed10,3782,full,2,left,0,0.8663876056671143,0.862091064453125,0.9002508521080017,0.0381597876548767,0.9736191630363464
1,block3_h48_seed10,3784,full,3,forward,1,0.9161354303359984,1.1434944868087769,1.197007417678833,0.0535129308700561,1.1434944868087769
1,block3_h48_seed10,3785,full,2,left,1,0.9997839331626892,0.5356547236442566,0.7239075303077698,0.1882528066635131,0.5356547236442566
1,block3_h48_seed10,3786,full,4,backward,1,0.9999830722808838,0.3151462972164154,0.5407620072364807,0.2256157100200653,0.3151462972164154
1,block3_h48_seed10,3787,full,3,forward,1,0.9875453114509584,1.369089126586914,1.4626535177230835,0.0935643911361694,1.369089126586914
1,block3_h48_seed10,3788,full,1,right,1,0.999804675579071,0.4967968761920929,0.6877667307853699,0.1909698545932769,0.4967968761920929
1,block3_h48_seed10,3789,full,2,left,1,0.9861499071121216,1.3161829710006714,1.402518630027771,0.0863356590270996,1.3161829710006714
1,block3_h48_seed10,3790,full,4,backward,1,0.9794949293136596,1.0013467073440552,1.0803358554840088,0.0789891481399536,1.0013467073440552
1,block3_h48_seed10,3791,full,1,right,1,0.6353842616081238,0.5673052072525024,0.5840789675712585,0.0167737603187561,0.5673052072525024
1,block3_h48_seed10,3792,full,1,right,1,0.993519127368927,1.6712702512741089,1.772022724151611,0.1007524728775024,1.6712702512741089
1,block3_h48_seed10,3793,full,2,left,0,0.5598351359367371,0.7013795375823975,0.7062430381774902,0.0048635005950927,0.8254316449165344
1,block3_h48_seed10,3795,full,2,left,0,0.6297109127044678,0.586564838886261,0.5974724292755127,0.0109075903892517,0.7116729617118835
1,block3_h48_seed10,3796,full,4,backward,1,0.8008031845092773,1.0184928178787231,1.0516963005065918,0.0332034826278686,1.0184928178787231
1,block3_h48_seed10,3797,full,1,right,1,0.993764102458954,1.1911566257476809,1.3053094148635864,0.1141527891159057,1.1911566257476809
1,block3_h48_seed10,3798,full,3,forward,1,0.9817042946815492,1.3136752843856812,1.3936892747879028,0.0800139904022216,1.3136752843856812
1,block3_h48_seed10,3799,full,3,forward,1,0.9997910857200624,0.6077550053596497,0.7901082038879395,0.1823531985282898,0.6077550053596497
1,block3_h48_seed10,3800,full,1,right,1,0.9964284300804138,1.09151291847229,1.2162978649139404,0.1247849464416503,1.09151291847229
1,block3_h48_seed10,3801,full,1,right,1,0.5944497585296631,1.2225091457366943,1.254397988319397,0.0318888425827026,1.2225091457366943
1,block3_h48_seed10,3802,full,3,forward,0,0.8347582817077637,0.9919468760490416,1.0263499021530151,0.0344030261039733,1.0263499021530151
1,block3_h48_seed10,3803,full,4,backward,1,0.998359739780426,0.8224055767059326,0.9559727311134338,0.1335671544075012,0.8224055767059326
1,block3_h48_seed10,3804,full,4,backward,1,0.9777669906616212,1.1771608591079712,1.2578965425491333,0.0807356834411621,1.1771608591079712
1,block3_h48_seed10,3805,full,2,left,1,0.999706208705902,0.5431723594665527,0.7083060145378113,0.1651336550712585,0.5431723594665527
1,block3_h48_seed10,3806,full,1,right,1,0.9852448105812072,1.3122822046279907,1.3967472314834597,0.0844650268554687,1.3122822046279907
1,block3_h48_seed10,3807,full,4,backward,1,0.998403251171112,1.0231105089187622,1.1545844078063965,0.1314738988876342,1.0231105089187622
1,block3_h48_seed10,3808,full,3,forward,1,0.9902162551879884,1.369089126586914,1.4626535177230835,0.0935643911361694,1.369089126586914
1,block3_h48_seed10,3809,full,3,forward,1,0.9972335696220398,1.3878158330917358,1.5065444707870483,0.1187286376953125,1.3878158330917358
1,block3_h48_seed10,3810,full,4,backward,1,0.9151668548583984,0.851665735244751,0.9063995480537416,0.0547338128089904,0.851665735244751
1,block3_h48_seed10,3812,full,2,left,1,0.9998329877853394,0.4590366184711456,0.6443228125572205,0.1852861940860748,0.4590366184711456
1,block3_h48_seed10,3813,full,3,forward,1,0.9930781722068788,1.0666779279708862,1.180675029754639,0.1139971017837524,1.0666779279708862
1,block3_h48_seed10,3815,full,4,backward,1,0.997062623500824,0.7350899577140808,0.8553507328033447,0.1202607750892639,0.7350899577140808
1,block3_h48_seed10,3817,full,2,left,0,0.6954036951065063,1.150748610496521,1.1698464155197144,0.0190978050231933,1.2101980447769165
1,block3_h48_seed10,3818,full,4,backward,1,0.9996950626373292,1.0002455711364746,1.1624053716659546,0.1621598005294799,1.0002455711364746
1,block3_h48_seed10,3821,full,3,forward,0,0.7375041842460632,1.0232295989990234,1.044508457183838,0.0212788581848144,1.118199110031128
1,block3_h48_seed10,3822,full,3,forward,1,0.5427621006965637,1.1628743410110474,1.1716536283493042,0.0087792873382568,1.1628743410110474
1,block3_h48_seed10,3823,full,1,right,1,0.999433696269989,1.4251279830932615,1.5757784843444824,0.1506505012512207,1.4251279830932615
1,block3_h48_seed10,3824,full,2,left,1,0.9109002351760864,0.9663545489311218,1.013023853302002,0.0466693043708801,0.9663545489311218
1,block3_h48_seed10,3825,full,2,left,1,0.8047639727592468,1.504912257194519,1.5424104928970337,0.0374982357025146,1.504912257194519
1,block3_h48_seed10,3826,full,4,backward,1,0.9945072531700134,1.5207494497299194,1.625146985054016,0.1043975353240966,1.5207494497299194
1,block3_h48_seed10,3827,full,2,left,0,0.821153461933136,0.868995189666748,0.9002508521080017,0.0312556624412536,0.9736191630363464
1,block3_h48_seed10,3828,full,3,forward,1,0.984388828277588,1.0491448640823364,1.1391979455947876,0.0900530815124511,1.0491448640823364
1,block3_h48_seed10,3830,full,2,left,1,0.9982709884643556,1.0808112621307373,1.2080445289611816,0.1272332668304443,1.0808112621307373
1,block3_h48_seed10,3831,full,4,backward,1,0.9992223978042604,0.8005599975585938,0.94535493850708,0.1447949409484863,0.8005599975585938
1,block3_h48_seed10,3832,full,3,forward,1,0.9678717255592346,1.0621823072433472,1.1380215883255005,0.0758392810821533,1.0621823072433472
1,block3_h48_seed10,3833,full,3,forward,1,0.9999936819076538,0.5603688359260559,0.8133759498596191,0.2530071139335632,0.5603688359260559
1,block3_h48_seed10,3836,full,1,right,1,0.9997989535331726,0.4967968761920929,0.6745848655700684,0.1777879893779754,0.4967968761920929
1,block3_h48_seed10,3839,full,2,left,1,0.9998819828033448,0.5026447176933289,0.691063404083252,0.1884186863899231,0.5026447176933289
1,block3_h48_seed10,3840,full,3,forward,1,0.9936229586601256,1.2052887678146362,1.3066166639328003,0.101327896118164,1.2052887678146362
1,block3_h48_seed10,3842,full,1,right,1,0.9998058676719666,0.4853264391422272,0.6583029627799988,0.1729765236377716,0.4853264391422272
1,block3_h48_seed10,3843,full,3,forward,1,0.9241324663162231,0.9020071625709534,0.960220992565155,0.0582138299942016,0.9020071625709534
1,block3_h48_seed10,3844,full,2,left,1,0.9920873045921326,0.9929655194282532,1.092553973197937,0.0995884537696838,0.9929655194282532
1,block3_h48_seed10,3845,full,1,right,0,0.8436969518661499,1.1496292352676392,1.1927663087844849,0.0431370735168457,1.217596411705017
1,block3_h48_seed10,3846,full,3,forward,1,0.999970555305481,0.5661242604255676,0.7769289016723633,0.2108046412467956,0.5661242604255676
1,block3_h48_seed10,3847,full,4,backward,1,0.8543283939361572,0.8451312184333801,0.8812239766120911,0.0360927581787109,0.8451312184333801
1,block3_h48_seed10,3848,full,2,left,1,0.8998043537139893,1.9559402465820312,2.0014772415161133,0.045536994934082,1.9559402465820312
1,block3_h48_seed10,3849,full,2,left,1,0.9989306330680848,1.1758445501327517,1.3182997703552246,0.1424552202224731,1.1758445501327517
1,block3_h48_seed10,3850,full,4,backward,1,0.9999066591262816,0.4191623628139496,0.6113671064376831,0.1922047436237335,0.4191623628139496
1,block3_h48_seed10,3851,full,3,forward,0,0.9811576008796692,0.856225311756134,0.9364683032035828,0.0802429914474487,0.9364683032035828
1,block3_h48_seed10,3852,full,2,left,1,0.9172275066375732,1.2093020677566528,1.2578833103179932,0.0485812425613403,1.2093020677566528
1,block3_h48_seed10,3853,full,4,backward,1,0.9799843430519104,0.8996159434318542,0.9806224703788756,0.0810065269470214,0.8996159434318542
1,block3_h48_seed10,3855,full,3,forward,1,0.9999974966049194,0.5160515904426575,0.7882833480834961,0.2722317576408386,0.5160515904426575
1,block3_h48_seed10,3856,full,2,left,1,0.9989020824432372,1.287591576576233,1.4342107772827148,0.1466192007064819,1.287591576576233
1,block3_h48_seed10,3857,full,3,forward,1,0.9998672008514404,1.3878158330917358,1.566401124000549,0.1785852909088134,1.3878158330917358
1,block3_h48_seed10,3858,full,4,backward,1,0.9899747967720032,0.6473403573036194,0.7537458539009094,0.10640549659729,0.6473403573036194
1,block3_h48_seed10,3859,full,3,forward,1,0.9999911785125732,0.5426888465881348,0.7885369658470154,0.2458481192588806,0.5426888465881348
1,block3_h48_seed10,3860,full,2,left,1,0.9835485816001892,1.5315290689468384,1.6218472719192505,0.0903182029724121,1.5315290689468384
1,block3_h48_seed10,3861,full,2,left,1,0.48059743642807,1.2115538120269775,1.2161428928375244,0.0045890808105468,1.2115538120269775
1,block3_h48_seed10,3862,full,3,forward,1,0.9968947172164916,1.2126708030700684,1.3308812379837036,0.1182104349136352,1.2126708030700684
1,block3_h48_seed10,3863,full,4,backward,1,0.8133823871612549,1.0311623811721802,1.078261375427246,0.0470989942550659,1.0311623811721802
1,block3_h48_seed10,3865,full,3,forward,1,0.9791505336761476,1.0105973482131958,1.0958257913589478,0.0852284431457519,1.0105973482131958
1,block3_h48_seed10,3866,full,2,left,1,0.3149527013301849,0.9381338953971864,0.9387269020080566,0.0005930066108703,0.9381338953971864
1,block3_h48_seed10,3867,full,4,backward,1,0.9834718704223632,0.6473403573036194,0.7469663023948669,0.0996259450912475,0.6473403573036194
1,block3_h48_seed10,3870,full,2,left,1,0.9988204836845398,0.8827932476997375,1.0235861539840698,0.1407929062843322,0.8827932476997375
1,block3_h48_seed10,3871,full,4,backward,0,0.7906820178031921,1.5829119682312012,1.6152490377426147,0.0323370695114135,1.6152490377426147
1,block3_h48_seed10,3872,full,3,forward,1,0.9999877214431764,0.5426888465881348,0.7885369658470154,0.2458481192588806,0.5426888465881348
1,block3_h48_seed10,3873,full,4,backward,1,0.9996782541275024,0.977769672870636,1.138663649559021,0.160893976688385,0.977769672870636
1,block3_h48_seed10,3874,full,2,left,0,0.6033441424369812,0.9989307522773744,1.0177701711654663,0.018839418888092,1.0177701711654663
1,block3_h48_seed10,3875,full,4,backward,1,0.9934819340705872,0.9148454666137696,1.0181595087051392,0.1033140420913696,0.9148454666137696
1,block3_h48_seed10,3876,full,3,forward,1,0.9995799660682678,1.2168523073196411,1.3767858743667605,0.1599335670471191,1.2168523073196411
1,block3_h48_seed10,3877,full,2,left,1,0.9988508224487304,0.8552391529083252,1.0093437433242798,0.1541045904159546,0.8552391529083252
1,block3_h48_seed10,3878,full,4,backward,1,0.9982144832611084,1.4136810302734375,1.5402966737747192,0.1266156435012817,1.4136810302734375
1,block3_h48_seed10,3879,full,3,forward,0,0.6859272718429565,0.7500767111778259,0.7723474502563477,0.0222707390785217,0.7723474502563477
1,block3_h48_seed10,3880,full,2,left,1,0.9999631643295288,0.3585095405578613,0.5744113922119141,0.2159018516540527,0.3585095405578613
1,block3_h48_seed10,3882,full,2,left,1,0.9816216826438904,1.1689759492874146,1.2589086294174194,0.0899326801300048,1.1689759492874146
1,block3_h48_seed10,3883,full,2,left,1,0.9831811785697936,1.3115516901016235,1.39759361743927,0.0860419273376464,1.3115516901016235
1,block3_h48_seed10,3884,full,4,backward,1,0.9911399483680724,1.1740394830703735,1.2687056064605713,0.0946661233901977,1.1740394830703735
1,block3_h48_seed10,3885,full,4,backward,1,0.999995231628418,0.5886878371238708,0.8377652764320374,0.2490774393081665,0.5886878371238708
1,block3_h48_seed10,3887,full,3,forward,1,0.9999939203262328,0.575212836265564,0.8238697648048401,0.2486569285392761,0.575212836265564
1,block3_h48_seed10,3888,full,1,right,1,0.99489825963974,1.3247156143188477,1.4409326314926147,0.116217017173767,1.3247156143188477
1,block3_h48_seed10,3889,full,1,right,1,0.9984538555145264,2.1683695316314697,2.3002312183380127,0.1318616867065429,2.1683695316314697
1,block3_h48_seed10,3890,full,3,forward,1,0.973810851573944,1.0621823072433472,1.1380215883255005,0.0758392810821533,1.0621823072433472
1,block3_h48_seed10,3891,full,1,right,1,0.9993556141853333,0.5241101980209351,0.6755342483520508,0.1514240503311157,0.5241101980209351
1,block3_h48_seed10,3892,full,2,left,0,0.6318715810775757,0.586564838886261,0.5974724292755127,0.0109075903892517,0.7116729617118835
1,block3_h48_seed10,3894,full,3,forward,1,0.9456223249435424,1.0320261716842651,1.0938454866409302,0.061819314956665,1.0320261716842651
1,block3_h48_seed10,3896,full,3,forward,1,0.9997816681861876,1.621384620666504,1.790890336036682,0.1695057153701782,1.621384620666504
1,block3_h48_seed10,3897,full,3,forward,0,0.9025613069534302,0.4568296372890472,0.5014644265174866,0.0446347892284393,0.6087281107902527
1,block3_h48_seed10,3898,full,4,backward,1,0.9991517066955566,1.1611815690994265,1.3044871091842651,0.1433055400848388,1.1611815690994265
1,block3_h48_seed10,3899,full,3,forward,1,0.9981783628463744,1.1025892496109009,1.23457670211792,0.131987452507019,1.1025892496109009
1,block3_h48_seed10,3900,full,2,left,1,0.994559109210968,1.2157278060913086,1.320722222328186,0.1049944162368774,1.2157278060913086
1,block3_h48_seed10,3901,full,4,backward,1,0.9967094659805298,1.1462719440460205,1.2670550346374512,0.1207830905914306,1.1462719440460205
1,block3_h48_seed10,3902,full,3,forward,0,0.4967206716537475,0.856225311756134,0.8563240170478821,9.870529174804688e-05,0.9364683032035828
1,block3_h48_seed10,3903,full,4,backward,1,0.9987378716468812,0.8224055767059326,0.9559727311134338,0.1335671544075012,0.8224055767059326
1,block3_h48_seed10,3904,full,3,forward,1,0.9995431900024414,0.9003133773803711,1.0553979873657229,0.1550846099853515,0.9003133773803711
1,block3_h48_seed10,3905,full,2,left,1,0.944182813167572,1.1061813831329346,1.1628555059432983,0.0566741228103637,1.1061813831329346
1,block3_h48_seed10,3906,full,1,right,1,0.9999245405197144,1.19100022315979,1.3940963745117188,0.2030961513519287,1.19100022315979
1,block3_h48_seed10,3907,full,1,right,1,0.8299084305763245,0.6510246396064758,0.6970046162605286,0.0459799766540527,0.6510246396064758
1,block3_h48_seed10,3909,full,4,backward,1,0.9966417551040648,1.0077500343322754,1.1274696588516235,0.1197196245193481,1.0077500343322754
1,block3_h48_seed10,3910,full,3,forward,1,0.9999107122421264,0.5582002997398376,0.7555097937583923,0.1973094940185547,0.5582002997398376
1,block3_h48_seed10,3911,full,4,backward,1,0.999857783317566,1.0231105089187622,1.211750626564026,0.1886401176452636,1.0231105089187622
1,block3_h48_seed10,3912,full,2,left,0,0.8979332447052002,1.157922863960266,1.2101980447769165,0.0522751808166503,1.2101980447769165
1,block3_h48_seed10,3913,full,3,forward,1,0.5844799280166626,1.1628743410110474,1.1716536283493042,0.0087792873382568,1.1628743410110474
1,block3_h48_seed10,3914,full,4,backward,1,0.9919242262840272,0.6860719323158264,0.7922906875610352,0.1062187552452087,0.6860719323158264
1,block3_h48_seed10,3915,full,4,backward,1,0.975126087665558,0.6472941040992737,0.7209089398384094,0.0736148357391357,0.6472941040992737
1,block3_h48_seed10,3916,full,2,left,1,0.9991877675056458,1.1758445501327517,1.3182997703552246,0.1424552202224731,1.1758445501327517
1,block3_h48_seed10,3917,full,4,backward,1,0.9993176460266112,1.1340398788452148,1.281295895576477,0.1472560167312622,1.1340398788452148
1,block3_h48_seed10,3918,full,3,forward,1,0.9985170960426332,1.0590780973434448,1.1985582113265991,0.1394801139831543,1.0590780973434448
1,block3_h48_seed10,3919,full,3,forward,1,0.8457800149917603,1.0319465398788452,1.066904067993164,0.0349575281143188,1.0319465398788452
1,block3_h48_seed10,3920,full,2,left,1,0.8916669487953186,1.5064783096313477,1.5499387979507446,0.0434604883193969,1.5064783096313477
1,block3_h48_seed10,3921,full,3,forward,1,0.9968947172164916,1.2126708030700684,1.3308812379837036,0.1182104349136352,1.2126708030700684
1,block3_h48_seed10,3922,full,4,backward,1,0.994554877281189,1.425876259803772,1.5406333208084106,0.1147570610046386,1.425876259803772
1,block3_h48_seed10,3923,full,3,forward,1,0.8977218866348267,1.0320261716842651,1.0916852951049805,0.0596591234207153,1.0320261716842651
1,block3_h48_seed10,3924,full,2,left,0,0.6488907933235168,1.424214243888855,1.4464921951293943,0.0222779512405395,1.4464921951293943
1,block3_h48_seed10,3926,full,4,backward,1,0.9997203946113586,1.206696391105652,1.379306674003601,0.1726102828979492,1.206696391105652
1,block3_h48_seed10,3927,full,1,right,1,0.9998583793640136,0.5094941258430481,0.6940192580223083,0.1845251321792602,0.5094941258430481
1,block3_h48_seed10,3928,full,4,backward,1,0.9998495578765868,1.1611815690994265,1.3510757684707642,0.1898941993713379,1.1611815690994265
1,block3_h48_seed10,3929,full,2,left,1,0.9999738931655884,0.4213854074478149,0.6381758451461792,0.2167904376983642,0.4213854074478149
1,block3_h48_seed10,3931,full,1,right,1,0.9624287486076356,1.3621597290039062,1.4281142950057983,0.065954566001892,1.3621597290039062
1,block3_h48_seed10,3932,full,3,forward,1,0.9999988079071044,0.4832219183444977,0.7721697688102722,0.2889478504657745,0.4832219183444977
1,block3_h48_seed10,3933,full,3,forward,1,0.5271153450012207,0.9037609100341796,0.919730007648468,0.0159690976142883,0.9037609100341796
1,block3_h48_seed10,3934,full,3,forward,1,0.9986310601234436,0.8973026275634766,1.0412099361419678,0.1439073085784912,0.8973026275634766
1,block3_h48_seed10,3937,full,3,forward,1,0.991901695728302,0.8984310030937195,1.0020687580108645,0.1036377549171447,0.8984310030937195
1,block3_h48_seed10,3938,full,1,right,1,0.9667344093322754,1.153934359550476,1.2330251932144165,0.0790908336639404,1.153934359550476
1,block3_h48_seed10,3940,full,1,right,1,0.9999366998672484,0.5388426184654236,0.7380857467651367,0.1992431282997131,0.5388426184654236
1,block3_h48_seed10,3941,full,4,backward,0,0.5800489783287048,1.0127379894256592,1.0217334032058716,0.0089954137802124,1.061978459358215
1,block3_h48_seed10,3942,full,2,left,1,0.9997400641441344,0.9987228512763976,1.170385241508484,0.1716623902320861,0.9987228512763976
1,block3_h48_seed10,3943,full,4,backward,0,0.6373381018638611,1.2613959312438965,1.2774641513824463,0.0160682201385498,1.2774641513824463
1,block3_h48_seed10,3944,full,3,forward,1,0.988941729068756,0.8185541033744812,0.9095099568367004,0.0909558534622192,0.8185541033744812
1,block3_h48_seed10,3945,full,2,left,0,0.784222424030304,1.4544576406478882,1.4806596040725708,0.0262019634246826,1.56045401096344
1,block3_h48_seed10,3946,full,2,left,1,0.9886125922203064,1.176666259765625,1.269457221031189,0.0927909612655639,1.176666259765625
1,block3_h48_seed10,3947,full,2,left,0,0.481943815946579,0.5223290920257568,0.5250973105430603,0.0027682185173034,0.5544935464859009
1,block3_h48_seed10,3948,full,3,forward,1,0.9999858140945436,0.6246786713600159,0.8589566349983215,0.2342779636383056,0.6246786713600159
1,block3_h48_seed10,3949,full,4,backward,1,0.9995948672294616,0.7467367053031921,0.9062041640281676,0.1594674587249755,0.7467367053031921
1,block3_h48_seed10,3950,full,3,forward,1,0.5607784986495972,1.2967270612716677,1.3023899793624878,0.0056629180908203,1.2967270612716677
1,block3_h48_seed10,3951,full,3,forward,1,0.9999216794967652,0.4062562882900238,0.6080049872398376,0.2017486989498138,0.4062562882900238
1,block3_h48_seed10,3952,full,4,backward,1,0.9933927655220032,1.2267080545425415,1.3292245864868164,0.1025165319442749,1.2267080545425415
1,block3_h48_seed10,3953,full,4,backward,1,0.5195621848106384,0.8247883319854736,0.8347816467285156,0.0099933147430419,0.8247883319854736
1,block3_h48_seed10,3954,full,1,right,1,0.999772846698761,0.4967968761920929,0.6737890839576721,0.1769922077655792,0.4967968761920929
1,block3_h48_seed10,3955,full,2,left,1,0.990116536617279,0.9929655194282532,1.092553973197937,0.0995884537696838,0.9929655194282532
1,block3_h48_seed10,3956,full,2,left,1,0.9440814256668092,1.4229129552841189,1.4841400384902954,0.0612270832061767,1.4229129552841189
1,block3_h48_seed10,3957,full,3,forward,0,0.8427472114562988,1.0018881559371948,1.0358614921569824,0.0339733362197876,1.0358614921569824
1,block3_h48_seed10,3958,full,4,backward,1,0.993121325969696,0.9350916743278505,1.0464074611663818,0.1113157868385315,0.9350916743278505
1,block3_h48_seed10,3960,full,1,right,1,0.959843635559082,1.6360403299331665,1.7188042402267456,0.0827639102935791,1.6360403299331665
1,block3_h48_seed10,3961,full,4,backward,1,0.9992369413375854,0.7229230999946594,0.8729173541069031,0.1499942541122436,0.7229230999946594
1,block3_h48_seed10,3962,full,3,forward,1,0.9976263642311096,1.018384337425232,1.1413332223892212,0.1229488849639892,1.018384337425232
1,block3_h48_seed10,3963,full,2,left,1,0.9946586489677428,0.5095091462135315,0.6289986968040466,0.1194895505905151,0.5095091462135315
1,block3_h48_seed10,3964,full,1,right,1,0.932449221611023,0.9765586853027344,1.0334296226501465,0.0568709373474121,0.9765586853027344
1,block3_h48_seed10,3965,full,3,forward,1,0.8166764974594116,1.3319988250732422,1.3749135732650757,0.0429147481918334,1.3319988250732422
1,block3_h48_seed10,3966,full,3,forward,1,0.9906094670295716,1.4381881952285769,1.5322346687316897,0.0940464735031127,1.4381881952285769
1,block3_h48_seed10,3967,full,1,right,1,0.9376690983772278,1.3814882040023804,1.439430832862854,0.0579426288604736,1.3814882040023804
1,block3_h48_seed10,3968,full,4,backward,0,0.923217475414276,0.623371958732605,0.6832248568534851,0.0598528981208801,0.6961407661437988
1,block3_h48_seed10,3969,full,4,backward,1,0.9951878786087036,1.0667835474014282,1.173456072807312,0.1066725254058837,1.0667835474014282
1,block3_h48_seed10,3970,full,2,left,1,0.998291313648224,0.5067483186721802,0.6414343118667603,0.13468599319458,0.5067483186721802
1,block3_h48_seed10,3971,full,2,left,1,0.9543699026107788,1.061050295829773,1.1232422590255735,0.0621919631958007,1.061050295829773
1,block3_h48_seed10,3972,full,2,left,1,0.987497329711914,1.176666259765625,1.269457221031189,0.0927909612655639,1.176666259765625
1,block3_h48_seed10,3973,full,3,forward,1,0.9415252804756165,0.8046629428863525,0.860781729221344,0.0561187863349914,0.8046629428863525
1,block3_h48_seed10,3976,full,4,backward,1,0.9934749007225036,0.9148454070091248,1.0181595087051392,0.1033141016960144,0.9148454070091248
1,block3_h48_seed10,3978,full,4,backward,1,0.9990897178649902,1.0384260416030884,1.1784753799438477,0.1400493383407592,1.0384260416030884
1,block3_h48_seed10,3979,full,3,forward,0,0.5027931332588196,0.4623537361621856,0.4788072109222412,0.0164534747600555,0.4788072109222412
1,block3_h48_seed10,3981,full,1,right,1,0.9998399019241332,0.4030444622039795,0.5897189974784851,0.1866745352745056,0.4030444622039795
1,block3_h48_seed10,3982,full,4,backward,1,0.9902350902557372,0.9350915551185608,1.037396788597107,0.1023052334785461,0.9350915551185608
1,block3_h48_seed10,3983,full,2,left,1,0.9886125922203064,1.1766663789749146,1.2694573402404783,0.0927909612655639,1.1766663789749146
1,block3_h48_seed10,3984,full,1,right,1,0.999648094177246,0.494870513677597,0.6587520241737366,0.1638815104961395,0.494870513677597
1,block3_h48_seed10,3986,full,3,forward,1,0.9418376684188844,1.1282132863998413,1.1920381784439087,0.0638248920440673,1.1282132863998413
1,block3_h48_seed10,3987,full,2,left,1,0.968923568725586,1.4136642217636108,1.4844341278076172,0.0707699060440063,1.4136642217636108
1,block3_h48_seed10,3988,full,1,right,1,0.9914360642433168,1.7694107294082642,1.8725074529647827,0.1030967235565185,1.7694107294082642
1,block3_h48_seed10,3989,full,4,backward,1,0.9898125529289246,1.168850302696228,1.265435814857483,0.0965855121612548,1.168850302696228
1,block3_h48_seed10,3990,full,1,right,1,0.9985700845718384,0.5266585350036621,0.6673682332038879,0.1407096982002258,0.5266585350036621
1,block3_h48_seed10,3992,full,4,backward,1,0.9353950619697572,1.1797378063201904,1.2359308004379272,0.0561929941177368,1.1797378063201904
1,block3_h48_seed10,3994,full,3,forward,1,0.9959861636161804,1.059077262878418,1.169376015663147,0.110298752784729,1.059077262878418
1,block3_h48_seed10,3995,full,4,backward,1,0.7591380476951599,1.0311628580093384,1.0775693655014038,0.0464065074920654,1.0311628580093384
1,block3_h48_seed10,3996,full,1,right,1,0.8891684412956238,2.168370008468628,2.210017442703247,0.0416474342346191,2.168370008468628
1,block3_h48_seed10,3997,full,2,left,0,0.6186662316322327,1.001963496208191,1.017770290374756,0.0158067941665649,1.017770290374756
1,block3_h72_seed14,3500,small_full,2,left,1,0.7257643938064575,1.470711350440979,1.4968029260635376,0.0260915756225585,1.470711350440979
1,block3_h72_seed14,3501,small_full,2,left,1,0.990538477897644,1.8290907144546509,1.932249426841736,0.1031587123870849,1.8290907144546509
1,block3_h72_seed14,3502,small_full,4,backward,0,0.8561742901802063,1.1347931623458862,1.1748933792114258,0.0401002168655395,1.216188907623291
1,block3_h72_seed14,3503,small_full,4,backward,0,0.6553098559379578,1.1868444681167605,1.2010619640350342,0.0142174959182739,1.2010619640350342
1,block3_h72_seed14,3504,small_full,2,left,1,0.7886167168617249,1.927085518836975,1.956775188446045,0.0296896696090698,1.927085518836975
1,block3_h72_seed14,3505,small_full,4,backward,1,0.8577415943145752,1.279965877532959,1.3293362855911257,0.0493704080581665,1.279965877532959
1,block3_h72_seed14,3507,small_full,4,backward,1,0.9999756813049316,1.0149518251419067,1.239628791809082,0.2246769666671753,1.0149518251419067
1,block3_h72_seed14,3508,small_full,2,left,1,0.9780703186988832,1.4422922134399414,1.536556601524353,0.0942643880844116,1.4422922134399414
1,block3_h72_seed14,3509,small_full,2,left,1,0.9995923638343812,1.0073456764221191,1.1765953302383425,0.1692496538162231,1.0073456764221191
1,block3_h72_seed14,3510,small_full,3,forward,1,0.9994507431983948,1.743227481842041,1.8992685079574585,0.1560410261154174,1.743227481842041
1,block3_h72_seed14,3511,small_full,2,left,1,0.9438599348068236,1.8290907144546509,1.8870925903320312,0.0580018758773803,1.8290907144546509
1,block3_h72_seed14,3513,small_full,4,backward,1,0.9956567287445068,1.3053001165390017,1.4180097579956057,0.112709641456604,1.3053001165390017
1,block3_h72_seed14,3514,small_full,2,left,1,0.720724880695343,1.9204565286636357,1.9402318000793457,0.0197752714157104,1.9204565286636357
1,block3_h72_seed14,3515,small_full,3,forward,1,0.999194324016571,0.8665470480918884,1.0121155977249146,0.1455685496330261,0.8665470480918884
1,block3_h72_seed14,3516,small_full,1,right,1,0.9545586705207824,1.5820684432983398,1.6581674814224243,0.0760990381240844,1.5820684432983398
1,block3_h72_seed14,3518,small_full,3,forward,1,0.9904295206069946,1.5492496490478516,1.6551885604858398,0.1059389114379882,1.5492496490478516
1,block3_h72_seed14,3519,small_full,4,backward,1,0.8725963234901428,1.224021315574646,1.2644072771072388,0.0403859615325927,1.224021315574646
1,block3_h72_seed14,3520,small_full,2,left,1,0.9996988773345948,1.1019989252090454,1.277382254600525,0.1753833293914795,1.1019989252090454
1,block3_h72_seed14,3521,small_full,3,forward,1,0.9801313281059264,1.336713433265686,1.426127791404724,0.089414358139038,1.336713433265686
1,block3_h72_seed14,3522,small_full,1,right,1,0.9948095083236694,1.0812625885009766,1.1993526220321655,0.1180900335311889,1.0812625885009766
1,block3_h72_seed14,3524,small_full,3,forward,1,0.7415562868118286,1.4227780103683472,1.4449201822280884,0.0221421718597412,1.4227780103683472
1,block3_h72_seed14,3525,small_full,2,left,1,0.9619613885879515,1.877477049827576,1.9455770254135127,0.0680999755859375,1.877477049827576
1,block3_h72_seed14,3526,small_full,3,forward,1,0.9744083881378174,1.5974167585372925,1.6823053359985352,0.0848885774612426,1.5974167585372925
1,block3_h72_seed14,3527,small_full,2,left,0,0.6514983177185059,1.1712912321090698,1.1912004947662354,0.0199092626571655,1.1912004947662354
1,block3_h72_seed14,3528,small_full,3,forward,1,0.8480812311172485,1.7490533590316772,1.7835367918014526,0.0344834327697753,1.7490533590316772
1,block3_h72_seed14,3529,small_full,4,backward,1,0.9944788217544556,1.0665239095687866,1.1710875034332275,0.1045635938644409,1.0665239095687866
1,block3_h72_seed14,3530,small_full,2,left,1,0.9999985694885254,1.0055288076400757,1.2932699918746948,0.2877411842346191,1.0055288076400757
1,block3_h72_seed14,3531,small_full,2,left,1,0.3419056832790375,1.0676639080047607,1.0683144330978394,0.0006505250930786,1.0676639080047607
1,block3_h72_seed14,3533,small_full,2,left,1,0.9897504448890686,1.861230492591858,1.968330264091492,0.1070997714996337,1.861230492591858
1,block3_h72_seed14,3535,small_full,1,right,0,0.8738466501235962,1.0973962545394895,1.1421048641204834,0.0447086095809936,1.1421048641204834
1,block3_h72_seed14,3536,small_full,1,right,1,0.9992783665657043,0.9426589012145996,1.1022920608520508,0.1596331596374511,0.9426589012145996
1,block3_h72_seed14,3537,small_full,2,left,0,0.9199991822242736,0.8656318187713623,0.915737807750702,0.0501059889793396,0.972503125667572
1,block3_h72_seed14,3538,small_full,2,left,1,0.9937212467193604,1.1464872360229492,1.252266764640808,0.1057795286178588,1.1464872360229492
1,block3_h72_seed14,3539,small_full,1,right,1,0.9896461367607116,1.840926170349121,1.942420601844788,0.1014944314956665,1.840926170349121
1,block3_h72_seed14,3540,small_full,4,backward,1,0.9657738208770752,0.9667510390281676,1.0357013940811155,0.068950355052948,0.9667510390281676
1,block3_h72_seed14,3541,small_full,3,forward,1,0.5136078000068665,1.2430706024169922,1.260500192642212,0.0174295902252197,1.2430706024169922
1,block3_h72_seed14,3542,small_full,3,forward,1,0.9730098843574524,1.635028839111328,1.712713599205017,0.0776847600936889,1.635028839111328
1,block3_h72_seed14,3543,small_full,4,backward,1,0.9909714460372924,1.145971179008484,1.2516995668411257,0.1057283878326416,1.145971179008484
1,block3_h72_seed14,3544,small_full,2,left,0,0.6029923558235168,1.5973501205444336,1.614987015724182,0.0176368951797485,1.614987015724182
1,block3_h72_seed14,3545,small_full,4,backward,1,0.999976396560669,0.8374661803245544,1.0616213083267212,0.2241551280021667,0.8374661803245544
1,block3_h72_seed14,3546,small_full,4,backward,1,0.9421401023864746,1.113477349281311,1.1774710416793823,0.0639936923980712,1.113477349281311
1,block3_h72_seed14,3547,small_full,1,right,1,0.9995040893554688,1.7278202772140503,1.8813225030899048,0.1535022258758545,1.7278202772140503
1,block3_h72_seed14,3549,small_full,4,backward,1,0.980009377002716,0.9579588770866394,1.0552536249160769,0.0972947478294372,0.9579588770866394
1,block3_h72_seed14,3551,small_full,3,forward,1,0.9638676047325134,1.7408515214920044,1.8216785192489624,0.080826997756958,1.7408515214920044
1,block3_h72_seed14,3552,small_full,3,forward,1,0.9999207258224488,0.9638419151306152,1.1614038944244385,0.1975619792938232,0.9638419151306152
1,block3_h72_seed14,3553,small_full,2,left,1,0.9805262684822084,1.6130876541137695,1.703653335571289,0.0905656814575195,1.6130876541137695
1,block3_h72_seed14,3554,small_full,2,left,1,0.999806582927704,1.0860278606414795,1.258246898651123,0.1722190380096435,1.0860278606414795
1,block3_h72_seed14,3555,small_full,4,backward,1,0.98771870136261,1.5133438110351562,1.6032787561416626,0.0899349451065063,1.5133438110351562
1,block3_h72_seed14,3556,small_full,4,backward,0,0.8538519740104675,1.0386734008789062,1.0900635719299316,0.0513901710510253,1.119889497756958
1,block3_h72_seed14,3557,small_full,1,right,1,0.9969106316566468,1.0351910591125488,1.1561096906661987,0.1209186315536499,1.0351910591125488
1,block3_h72_seed14,3559,small_full,3,forward,1,0.9999969005584716,0.9914760589599608,1.248921513557434,0.2574454545974731,0.9914760589599608
1,block3_h72_seed14,3560,small_full,2,left,0,0.4376177489757538,1.1698427200317385,1.1714204549789429,0.0015777349472045,1.1912004947662354
1,block3_h72_seed14,3561,small_full,3,forward,0,0.7723343968391418,1.47285795211792,1.507908821105957,0.0350508689880371,1.507908821105957
1,block3_h72_seed14,3563,small_full,4,backward,1,0.9516195058822632,1.291406750679016,1.3576065301895142,0.066199779510498,1.291406750679016
1,block3_h72_seed14,3564,small_full,1,right,1,0.9994633793830872,1.93929386138916,2.111466884613037,0.1721730232238769,1.93929386138916
1,block3_h72_seed14,3565,small_full,2,left,1,0.9999719858169556,0.9820795655250548,1.2166439294815063,0.2345643639564514,0.9820795655250548
1,block3_h72_seed14,3566,small_full,3,forward,1,0.9967742562294006,0.9611940383911132,1.0883105993270874,0.1271165609359741,0.9611940383911132
1,block3_h72_seed14,3568,small_full,3,forward,1,0.9999446868896484,1.8768048286437988,2.0737640857696533,0.1969592571258545,1.8768048286437988
1,block3_h72_seed14,3569,small_full,1,right,1,0.990562915802002,0.9333248734474182,1.0319422483444214,0.0986173748970031,0.9333248734474182
1,block3_h72_seed14,3570,small_full,3,forward,1,0.9999659061431884,0.7998005747795105,1.0070527791976929,0.2072522044181823,0.7998005747795105
1,block3_h72_seed14,3571,small_full,1,right,0,0.6100924611091614,0.9803274273872375,1.0002697706222534,0.0199423432350158,1.006755232810974
1,block3_h72_seed14,3572,small_full,2,left,1,0.9997202754020692,1.9510771036148071,2.1155340671539307,0.1644569635391235,1.9510771036148071
1,block3_h72_seed14,3573,small_full,2,left,1,0.7112753391265869,1.187505841255188,1.2108962535858154,0.0233904123306274,1.187505841255188
1,block3_h72_seed14,3574,small_full,2,left,0,0.910184681415558,1.0598602294921875,1.1098121404647827,0.0499519109725952,1.1576943397521973
1,block3_h72_seed14,3575,small_full,4,backward,1,0.9993773102760316,1.007325530052185,1.1583819389343262,0.1510564088821411,1.007325530052185
1,block3_h72_seed14,3576,small_full,2,left,1,0.3859951496124267,1.1279606819152832,1.1308757066726685,0.0029150247573852,1.1279606819152832
1,block3_h72_seed14,3578,small_full,4,backward,1,0.9955400824546814,1.4435135126113892,1.559959053993225,0.1164455413818359,1.4435135126113892
1,block3_h72_seed14,3579,small_full,3,forward,1,0.96347975730896,1.6308072805404663,1.7090829610824585,0.0782756805419921,1.6308072805404663
1,block3_h72_seed14,3580,small_full,1,right,1,0.971401870250702,1.1122862100601196,1.1875851154327393,0.0752989053726196,1.1122862100601196
1,block3_h72_seed14,3581,small_full,1,right,1,0.9596839547157288,1.5089751482009888,1.577498435974121,0.0685232877731323,1.5089751482009888
1,block3_h72_seed14,3582,small_full,1,right,1,0.9815778136253356,1.0812625885009766,1.1804183721542358,0.0991557836532592,1.0812625885009766
1,block3_h72_seed14,3583,small_full,3,forward,1,0.9994341731071472,0.8665470480918884,1.0357396602630615,0.1691926121711731,0.8665470480918884
1,block3_h72_seed14,3584,small_full,2,left,1,0.6914536952972412,1.637959122657776,1.65670645236969,0.018747329711914,1.637959122657776
1,block3_h72_seed14,3585,small_full,4,backward,1,0.7806458473205566,1.075108528137207,1.102553129196167,0.0274446010589599,1.075108528137207
1,block3_h72_seed14,3586,small_full,1,right,1,0.9998881816864014,1.0752524137496948,1.2765945196151731,0.2013421058654785,1.0752524137496948
1,block3_h72_seed14,3587,small_full,4,backward,1,0.998690903186798,0.9397545456886292,1.079290747642517,0.1395362019538879,0.9397545456886292
1,block3_h72_seed14,3588,small_full,4,backward,1,0.9999661445617676,0.8576626777648926,1.0683263540267944,0.2106636762619018,0.8576626777648926
1,block3_h72_seed14,3589,small_full,4,backward,1,0.9861185550689696,1.1637510061264038,1.2530122995376587,0.0892612934112548,1.1637510061264038
1,block3_h72_seed14,3590,small_full,3,forward,1,0.9901705384254456,1.9417734146118164,2.043087720870972,0.1013143062591552,1.9417734146118164
1,block3_h72_seed14,3591,small_full,3,forward,0,0.4237416386604309,1.528486251831055,1.5348294973373413,0.0063432455062866,1.5387639999389648
1,block3_h72_seed14,3593,small_full,4,backward,1,0.9999939203262328,0.9028809666633606,1.1497702598571775,0.2468892931938171,0.9028809666633606
1,block3_h72_seed14,3594,small_full,4,backward,1,0.9998948574066162,1.1213299036026,1.3107231855392456,0.1893932819366455,1.1213299036026
1,block3_h72_seed14,3595,small_full,4,backward,1,0.9997438788414,0.9397545456886292,1.119823336601257,0.1800687909126281,0.9397545456886292
1,block3_h72_seed14,3596,small_full,2,left,1,0.9715164303779602,1.5005213022232056,1.58201801776886,0.0814967155456543,1.5005213022232056
1,block3_h72_seed14,3597,small_full,1,right,1,0.9891157746315002,1.67840576171875,1.7837003469467163,0.1052945852279663,1.67840576171875
1,block3_h72_seed14,3598,small_full,1,right,0,0.548564076423645,1.120778203010559,1.14048969745636,0.0197114944458007,1.1678727865219116
1,block3_h72_seed14,3599,small_full,1,right,0,0.48671555519104,1.8323736190795896,1.8380656242370603,0.0056920051574707,1.8576661348342896
1,block3_h72_seed14,3600,small_full,1,right,1,0.964527666568756,1.5089751482009888,1.577498435974121,0.0685232877731323,1.5089751482009888
1,block3_h72_seed14,3601,small_full,2,left,1,0.8936178684234619,1.475704550743103,1.5182920694351196,0.0425875186920166,1.475704550743103
1,block3_h72_seed14,3602,small_full,3,forward,0,0.8254107236862183,1.1537837982177734,1.1893635988235474,0.0355798006057739,1.1893635988235474
1,block3_h72_seed14,3603,small_full,2,left,1,0.5840942859649658,1.0532816648483276,1.0731327533721924,0.0198510885238647,1.0532816648483276
1,block3_h72_seed14,3604,small_full,4,backward,1,0.8731603026390076,1.224021315574646,1.2644072771072388,0.0403859615325927,1.224021315574646
1,block3_h72_seed14,3606,small_full,2,left,1,0.9999439716339112,1.0507057905197144,1.2537699937820437,0.2030642032623291,1.0507057905197144
1,block3_h72_seed14,3608,small_full,3,forward,1,0.998717188835144,0.8347787857055664,0.9782776832580566,0.1434988975524902,0.8347787857055664
1,block3_h72_seed14,3609,small_full,1,right,1,0.9673035144805908,1.2691391706466677,1.3428925275802612,0.0737533569335937,1.2691391706466677
1,block3_h72_seed14,3610,small_full,4,backward,1,0.9906141757965088,1.6143054962158203,1.7075008153915403,0.0931953191757202,1.6143054962158203
1,block3_h72_seed14,3611,small_full,3,forward,0,0.5245429873466492,1.467206358909607,1.4729480743408203,0.0057417154312133,1.4729480743408203
1,block3_h72_seed14,3612,small_full,4,backward,1,0.9999951124191284,0.9997044205665588,1.2545714378356934,0.2548670172691345,0.9997044205665588
1,block3_h72_seed14,3613,small_full,3,forward,1,0.9944668412208556,1.5309628248214722,1.645146727561951,0.1141839027404785,1.5309628248214722
1,block3_h72_seed14,3614,small_full,1,right,1,0.9999507665634156,1.0983339548110962,1.303052306175232,0.2047183513641357,1.0983339548110962
1,block3_h72_seed14,3615,small_full,1,right,1,0.7646539211273193,1.735580563545227,1.7596014738082886,0.0240209102630615,1.735580563545227
1,block3_h72_seed14,3616,small_full,3,forward,1,0.9998549222946168,0.8380756378173828,1.0229852199554443,0.1849095821380615,0.8380756378173828
1,block3_h72_seed14,3617,small_full,2,left,1,0.8067382574081421,1.0898948907852173,1.1269081830978394,0.037013292312622,1.0898948907852173
1,block3_h72_seed14,3618,small_full,3,forward,1,0.9831810593605042,0.9611940383911132,1.0452629327774048,0.0840688943862915,0.9611940383911132
1,block3_h72_seed14,3619,small_full,1,right,1,0.997974693775177,1.5733972787857056,1.7046626806259155,0.1312654018402099,1.5733972787857056
1,block3_h72_seed14,3620,small_full,3,forward,1,0.6371328830718994,1.5170472860336304,1.5374857187271118,0.0204384326934814,1.5170472860336304
1,block3_h72_seed14,3621,small_full,3,forward,1,0.9449584484100342,0.9829232692718506,1.044719099998474,0.0617958307266235,0.9829232692718506
1,block3_h72_seed14,3622,small_full,3,forward,1,0.9986196756362916,1.4850190877914429,1.625968337059021,0.1409492492675781,1.4850190877914429
1,block3_h72_seed14,3623,small_full,1,right,1,0.99186509847641,1.755210280418396,1.8560242652893064,0.1008139848709106,1.755210280418396
1,block3_h72_seed14,3624,small_full,4,backward,1,0.9999802112579346,0.9997044205665588,1.2174125909805298,0.2177081704139709,0.9997044205665588
1,block3_h72_seed14,3625,small_full,2,left,1,0.8083739280700684,1.3422318696975708,1.3839035034179688,0.0416716337203979,1.3422318696975708
1,block3_h72_seed14,3626,small_full,2,left,0,0.748480498790741,1.3896589279174805,1.421074390411377,0.0314154624938964,1.4315237998962402
1,block3_h72_seed14,3627,small_full,2,left,1,0.6958572268486023,1.9204565286636357,1.9377294778823853,0.01727294921875,1.9204565286636357
1,block3_h72_seed14,3628,small_full,1,right,1,0.9999710321426392,1.0747848749160769,1.294152021408081,0.2193671464920044,1.0747848749160769
1,block3_h72_seed14,3629,small_full,4,backward,0,0.6350107789039612,1.5731477737426758,1.594150185585022,0.0210024118423461,1.594150185585022
1,block3_h72_seed14,3631,small_full,1,right,1,0.9998716115951538,1.3953529596328735,1.5887025594711304,0.1933495998382568,1.3953529596328735
1,block3_h72_seed14,3633,small_full,4,backward,1,0.9999778270721436,1.0536214113235474,1.2792494297027588,0.2256280183792114,1.0536214113235474
1,block3_h72_seed14,3634,small_full,4,backward,1,0.9320023059844972,1.4121865034103394,1.4670931100845337,0.0549066066741943,1.4121865034103394
1,block3_h72_seed14,3637,small_full,4,backward,1,0.6722571849822998,1.734554648399353,1.7495347261428833,0.0149800777435302,1.734554648399353
1,block3_h72_seed14,3638,small_full,3,forward,1,0.9999939203262328,0.8490151762962341,1.1061164140701294,0.2571012377738952,0.8490151762962341
1,block3_h72_seed14,3639,small_full,3,forward,1,0.9987371563911438,1.944456696510315,2.079339027404785,0.1348823308944702,1.944456696510315
1,block3_h72_seed14,3640,small_full,4,backward,0,0.4735236465930938,1.2908426523208618,1.291406750679016,0.0005640983581542,1.291406750679016
1,block3_h72_seed14,3642,small_full,1,right,1,0.9526383876800536,1.474332332611084,1.5352672338485718,0.0609349012374877,1.474332332611084
1,block3_h72_seed14,3643,small_full,1,right,1,0.453625351190567,1.3670133352279663,1.3698983192443848,0.0028849840164184,1.3670133352279663
1,block3_h72_seed14,3644,small_full,1,right,1,0.999259889125824,1.93929386138916,2.095294713973999,0.1560008525848388,1.93929386138916
1,block3_h72_seed14,3645,small_full,1,right,1,0.9958468079566956,1.0123460292816162,1.1369467973709106,0.1246007680892944,1.0123460292816162
1,block3_h72_seed14,3646,small_full,3,forward,1,0.9942664504051208,1.3034285306930542,1.4151740074157717,0.1117454767227172,1.3034285306930542
1,block3_h72_seed14,3647,small_full,3,forward,1,0.9999916553497314,0.9358527660369872,1.1772490739822388,0.2413963079452514,0.9358527660369872
1,block3_h72_seed14,3648,small_full,4,backward,1,0.9460760951042176,1.113477349281311,1.1774710416793823,0.0639936923980712,1.113477349281311
1,block3_h72_seed14,3649,small_full,3,forward,0,0.8794479370117188,1.3928200006484983,1.4412904977798462,0.0484704971313476,1.4412904977798462
1,block3_h72_seed14,3651,small_full,4,backward,1,0.9729979038238524,0.8994638323783875,0.972848892211914,0.0733850598335266,0.8994638323783875
1,block3_h72_seed14,3652,small_full,4,backward,1,0.9999997615814208,0.9921989440917968,1.294440984725952,0.3022420406341553,0.9921989440917968
1,block3_h72_seed14,3653,small_full,3,forward,1,0.9994596838951112,1.743227481842041,1.899509310722351,0.15628182888031,1.743227481842041
1,block3_h72_seed14,3654,small_full,4,backward,1,0.9999734163284302,0.9997044205665588,1.2112473249435425,0.2115429043769836,0.9997044205665588
1,block3_h72_seed14,3655,small_full,2,left,0,0.4392720460891723,1.1698427200317385,1.1714204549789429,0.0015777349472045,1.1912004947662354
1,block3_h72_seed14,3656,small_full,1,right,1,0.964010775089264,1.5089751482009888,1.577498435974121,0.0685232877731323,1.5089751482009888
1,block3_h72_seed14,3657,small_full,4,backward,1,0.8493589758872986,1.0239803791046145,1.0642846822738647,0.0403043031692504,1.0239803791046145
1,block3_h72_seed14,3660,small_full,1,right,1,0.9327374696731568,1.600573182106018,1.66311514377594,0.0625419616699218,1.600573182106018
1,block3_h72_seed14,3661,small_full,2,left,1,0.9696812629699708,1.877477049827576,1.9543694257736208,0.0768923759460449,1.877477049827576
1,block3_h72_seed14,3662,small_full,1,right,1,0.9770597219467164,1.508368968963623,1.5851387977600098,0.0767698287963867,1.508368968963623
1,block3_h72_seed14,3665,small_full,2,left,0,0.5385987758636475,1.0438528060913086,1.0676639080047607,0.0238111019134521,1.0676639080047607
1,block3_h72_seed14,3666,small_full,3,forward,1,0.9866885542869568,1.6550754308700562,1.7537031173706057,0.0986276865005493,1.6550754308700562
1,block3_h72_seed14,3667,small_full,3,forward,1,0.9994394183158876,1.954358696937561,2.1073219776153564,0.1529632806777954,1.954358696937561
1,block3_h72_seed14,3670,small_full,2,left,1,0.999968647956848,1.0507057905197144,1.2738524675369265,0.2231466770172119,1.0507057905197144
1,block3_h72_seed14,3671,small_full,1,right,1,0.9351757764816284,1.6404937505722046,1.7050437927246094,0.0645500421524047,1.6404937505722046
1,block3_h72_seed14,3674,small_full,1,right,1,0.9910390973091124,1.7427703142166138,1.840577721595764,0.0978074073791503,1.7427703142166138
1,block3_h72_seed14,3675,small_full,3,forward,1,0.9999639987945556,1.6091985702514648,1.8183813095092771,0.2091827392578125,1.6091985702514648
1,block3_h72_seed14,3676,small_full,1,right,0,0.5560445189476013,1.97439968585968,1.9793901443481443,0.0049904584884643,1.9793901443481443
1,block3_h72_seed14,3677,small_full,2,left,0,0.6703829765319824,1.4826740026474,1.5009307861328125,0.0182567834854125,1.5009307861328125
1,block3_h72_seed14,3678,small_full,4,backward,1,0.979615032672882,0.8725544810295105,0.9552472233772278,0.0826927423477172,0.8725544810295105
1,block3_h72_seed14,3679,small_full,2,left,1,0.7368802428245544,1.590087890625,1.6221784353256226,0.0320905447006225,1.590087890625
1,block3_h72_seed14,3680,small_full,2,left,1,0.7444125413894653,2.038681983947754,2.06878399848938,0.0301020145416259,2.038681983947754
1,block3_h72_seed14,3681,small_full,2,left,1,0.9996315240859984,1.0073456764221191,1.1783405542373655,0.1709948778152465,1.0073456764221191
1,block3_h72_seed14,3682,small_full,2,left,1,0.9344845414161682,1.8181915283203125,1.8864463567733765,0.0682548284530639,1.8181915283203125
1,block3_h72_seed14,3683,small_full,4,backward,0,0.9417990446090698,1.017935872077942,1.0900635719299316,0.0721276998519897,1.119889497756958
1,block3_h72_seed14,3684,small_full,1,right,1,0.9994080066680908,1.004392385482788,1.1563730239868164,0.1519806385040283,1.004392385482788
1,block3_h72_seed14,3685,small_full,4,backward,1,0.9999991655349731,1.0684499740600586,1.3577661514282229,0.289316177368164,1.0684499740600586
1,block3_h72_seed14,3686,small_full,3,forward,1,0.9901159405708312,1.4526910781860352,1.545156478881836,0.0924654006958007,1.4526910781860352
1,block3_h72_seed14,3689,small_full,4,backward,1,0.9999045133590698,1.1213299036026,1.3107231855392456,0.1893932819366455,1.1213299036026
1,block3_h72_seed14,3690,small_full,1,right,1,0.9999022483825684,1.7781305313110352,1.976517677307129,0.1983871459960937,1.7781305313110352
1,block3_h72_seed14,3691,small_full,2,left,1,0.9552213549613952,1.45843505859375,1.520254135131836,0.0618190765380859,1.45843505859375
1,block3_h72_seed14,3692,small_full,3,forward,1,0.999984860420227,0.9358527660369872,1.174354910850525,0.2385021448135376,0.9358527660369872
1,block3_h72_seed14,3693,small_full,4,backward,1,0.8012093901634216,0.8994638323783875,0.928588330745697,0.0291244983673095,0.8994638323783875
1,block3_h72_seed14,3694,small_full,1,right,1,0.8964014649391174,1.065996527671814,1.111780047416687,0.045783519744873,1.065996527671814
1,block3_h72_seed14,3695,small_full,2,left,1,0.9997766613960266,1.0073456764221191,1.1783405542373655,0.1709948778152465,1.0073456764221191
1,block3_h72_seed14,3696,small_full,1,right,1,0.5158560276031494,1.4445167779922483,1.4508968591690063,0.0063800811767578,1.4445167779922483
1,block3_h72_seed14,3697,small_full,2,left,1,0.418619692325592,1.2313917875289917,1.23469078540802,0.0032989978790283,1.2313917875289917
1,block3_h72_seed14,3698,small_full,1,right,1,0.999976396560669,1.0747848749160769,1.3012348413467407,0.226449966430664,1.0747848749160769
1,block3_h72_seed14,3699,small_full,4,backward,1,0.5124220252037048,1.4357048273086548,1.4431511163711548,0.0074462890625,1.4357048273086548
1,block3_h72_seed14,3700,small_full,4,backward,1,0.9940954446792604,1.1548434495925903,1.2591267824172974,0.104283332824707,1.1548434495925903
1,block3_h72_seed14,3701,small_full,4,backward,1,0.5833853483200073,1.1001384258270264,1.107255458831787,0.0071170330047607,1.1001384258270264
1,block3_h72_seed14,3703,small_full,1,right,1,0.6594967842102051,1.4961514472961426,1.523851990699768,0.0277005434036254,1.4961514472961426
1,block3_h72_seed14,3704,small_full,4,backward,1,0.8740329146385193,1.8465160131454468,1.885262489318848,0.0387464761734008,1.8465160131454468
1,block3_h72_seed14,3705,small_full,1,right,1,0.9997044205665588,1.0169706344604492,1.190945744514465,0.1739751100540161,1.0169706344604492
1,block3_h72_seed14,3706,small_full,1,right,1,0.9998188614845276,0.9335381388664246,1.1110353469848633,0.1774972081184387,0.9335381388664246
1,block3_h72_seed14,3707,small_full,4,backward,1,0.6761708855628967,1.320308804512024,1.3370386362075806,0.0167298316955566,1.320308804512024
1,block3_h72_seed14,3708,small_full,3,forward,1,0.9998453855514526,1.0030275583267212,1.1929329633712769,0.1899054050445556,1.0030275583267212
1,block3_h72_seed14,3709,small_full,2,left,1,0.9699432849884032,1.8454736471176147,1.9170135259628296,0.0715398788452148,1.8454736471176147
1,block3_h72_seed14,3710,small_full,3,forward,1,0.5136078000068665,1.2430706024169922,1.260500192642212,0.0174295902252197,1.2430706024169922
1,block3_h72_seed14,3712,small_full,2,left,1,0.8390329480171204,1.4266834259033203,1.4727798700332642,0.0460964441299438,1.4266834259033203
1,block3_h72_seed14,3713,small_full,4,backward,1,0.9780327081680298,1.3708744049072266,1.448489785194397,0.0776153802871704,1.3708744049072266
1,block3_h72_seed14,3716,small_full,3,forward,1,0.9942745566368104,1.9609054327011108,2.0643434524536133,0.1034380197525024,1.9609054327011108
1,block3_h72_seed14,3717,small_full,1,right,1,0.9998156428337096,1.1974996328353882,1.3874317407608032,0.189932107925415,1.1974996328353882
1,block3_h72_seed14,3718,small_full,4,backward,1,0.69527667760849,1.0333309173583984,1.062466740608215,0.0291358232498168,1.0333309173583984
1,block3_h72_seed14,3719,small_full,3,forward,1,0.928391933441162,1.4361062049865725,1.4945069551467896,0.0584007501602172,1.4361062049865725
1,block3_h72_seed14,3720,small_full,2,left,0,0.7265995740890503,1.006712794303894,1.0302695035934448,0.0235567092895507,1.0628186464309692
1,block3_h72_seed14,3721,small_full,1,right,1,0.9845444560050964,1.282270073890686,1.3740333318710327,0.0917632579803466,1.282270073890686
1,block3_h72_seed14,3722,small_full,3,forward,1,0.9998155236244202,1.4041500091552734,1.5792242288589478,0.1750742197036743,1.4041500091552734
1,block3_h72_seed14,3724,small_full,4,backward,0,0.7011474967002869,1.363317370414734,1.3811821937561035,0.0178648233413696,1.3811821937561035
1,block3_h72_seed14,3726,small_full,1,right,1,0.995977818965912,1.508368968963623,1.6292916536331177,0.1209226846694946,1.508368968963623
1,block3_h72_seed14,3727,small_full,2,left,0,0.3812083601951599,1.3176560401916504,1.3280795812606812,0.0104235410690307,1.3280795812606812
1,block3_h72_seed14,3728,small_full,4,backward,1,0.9816893339157104,1.0388034582138062,1.1268919706344604,0.0880885124206543,1.0388034582138062
1,block3_h72_seed14,3729,small_full,1,right,1,0.9999775886535645,1.0983339548110962,1.3288835287094116,0.2305495738983154,1.0983339548110962
1,block3_h72_seed14,3730,small_full,3,forward,1,0.8182048201560974,0.9195869565010072,0.962597131729126,0.0430101752281188,0.9195869565010072
1,block3_h72_seed14,3731,small_full,3,forward,1,0.9569408893585204,1.917467474937439,1.9850894212722776,0.0676219463348388,1.917467474937439
1,block3_h72_seed14,3732,small_full,4,backward,1,0.9985015392303468,1.3402410745620728,1.476679444313049,0.1364383697509765,1.3402410745620728
1,block3_h72_seed14,3733,small_full,2,left,0,0.532701849937439,1.1815205812454224,1.1868078708648682,0.0052872896194458,1.2311596870422363
1,block3_h72_seed14,3734,small_full,2,left,0,0.5169377326965332,1.243058681488037,1.246609807014465,0.0035511255264282,1.246609807014465
1,block3_h72_seed14,3735,small_full,3,forward,1,0.9983798265457152,0.8347787857055664,0.97775799036026,0.1429792046546936,0.8347787857055664
1,block3_h72_seed14,3736,small_full,1,right,1,0.9544937014579772,1.474332332611084,1.5352672338485718,0.0609349012374877,1.474332332611084
1,block3_h72_seed14,3737,small_full,1,right,1,0.8210716247558594,1.2808436155319214,1.3298496007919312,0.0490059852600097,1.2808436155319214
1,block3_h72_seed14,3738,small_full,3,forward,1,0.7566196322441101,1.715765118598938,1.7407697439193726,0.0250046253204345,1.715765118598938
1,block3_h72_seed14,3739,small_full,3,forward,1,0.9894348978996276,1.6146926879882812,1.7168540954589844,0.1021614074707031,1.6146926879882812
1,block3_h72_seed14,3741,small_full,2,left,1,0.9473896622657776,1.3661044836044312,1.4288997650146484,0.0627952814102172,1.3661044836044312
1,block3_h72_seed14,3743,small_full,4,backward,1,0.9904848337173462,1.3584041595458984,1.455931544303894,0.0975273847579956,1.3584041595458984
1,block3_h72_seed14,3744,small_full,2,left,0,0.6405364274978638,1.575787901878357,1.593415141105652,0.0176272392272949,1.593415141105652
1,block3_h72_seed14,3746,small_full,1,right,1,0.9767370223999025,1.077852725982666,1.171971559524536,0.0941188335418701,1.077852725982666
1,block3_h72_seed14,3749,small_full,2,left,1,0.967311680316925,1.8454736471176147,1.9170135259628296,0.0715398788452148,1.8454736471176147
1,block3_h72_seed14,3750,small_full,3,forward,1,0.9873005747795104,1.828944206237793,1.9174398183822632,0.0884956121444702,1.828944206237793
1,block3_h72_seed14,3751,small_full,4,backward,1,0.977452278137207,1.2307900190353394,1.3209271430969238,0.0901371240615844,1.2307900190353394
1,block3_h72_seed14,3753,small_full,1,right,1,0.9724857807159424,1.497301459312439,1.5784565210342407,0.0811550617218017,1.497301459312439
1,block3_h72_seed14,3756,small_full,4,backward,1,0.993752419948578,1.5133438110351562,1.6193183660507202,0.1059745550155639,1.5133438110351562
1,block3_h72_seed14,3757,small_full,1,right,1,0.9988574981689452,1.0028022527694702,1.1497875452041626,0.1469852924346923,1.0028022527694702
1,block3_h72_seed14,3758,small_full,3,forward,1,0.979079246520996,1.2915045022964478,1.372012734413147,0.0805082321166992,1.2915045022964478
1,block3_h72_seed14,3759,small_full,1,right,0,0.965654194355011,1.1825299263000488,1.262164831161499,0.0796349048614502,1.262164831161499
1,block3_h72_seed14,3760,small_full,1,right,1,0.9850012063980104,1.2355756759643557,1.3325819969177246,0.0970063209533691,1.2355756759643557
1,block3_h72_seed14,3761,small_full,1,right,1,0.9976589679718018,0.996210753917694,1.120655536651611,0.1244447827339172,0.996210753917694
1,block3_h72_seed14,3762,small_full,1,right,1,0.9063066840171814,1.700291633605957,1.7555822134017944,0.0552905797958374,1.700291633605957
1,block3_h72_seed14,3763,small_full,3,forward,1,0.9467323422431946,1.5744881629943848,1.6371256113052368,0.062637448310852,1.5744881629943848
1,block3_h72_seed14,3765,small_full,4,backward,1,0.9999196529388428,1.0497032403945925,1.2437862157821655,0.1940829753875732,1.0497032403945925
1,block3_h72_seed14,3768,small_full,4,backward,0,0.6651064157485962,1.0143431425094604,1.0383528470993042,0.0240097045898437,1.0476250648498535
1,block3_h72_seed14,3769,small_full,4,backward,1,0.7339227795600891,1.2067829370498655,1.2424321174621582,0.0356491804122924,1.2067829370498655
1,block3_h72_seed14,3770,small_full,2,left,0,0.5764000415802002,1.1212877035140991,1.1276205778121948,0.0063328742980957,1.2266048192977903
1,block3_h72_seed14,3771,small_full,3,forward,0,0.8033530116081238,1.654837131500244,1.692387580871582,0.0375504493713378,1.692387580871582
1,block3_h72_seed14,3772,small_full,2,left,0,0.533477783203125,0.9333871006965636,0.9361136555671692,0.0027265548706054,1.0637187957763672
1,block3_h72_seed14,3773,small_full,4,backward,1,0.5714980959892273,1.130892992019653,1.150524020195007,0.019631028175354,1.130892992019653
1,block3_h72_seed14,3774,small_full,2,left,1,0.7475640773773193,1.569337248802185,1.6015888452529907,0.0322515964508056,1.569337248802185
1,block3_h72_seed14,3775,small_full,3,forward,1,0.9965963959693908,1.1231071949005127,1.2606309652328491,0.1375237703323364,1.1231071949005127
1,block3_h72_seed14,3776,small_full,1,right,1,0.9816649556159972,1.2424960136413574,1.3263574838638306,0.0838614702224731,1.2424960136413574
1,block3_h72_seed14,3777,small_full,1,right,1,0.9831984639167786,1.6573282480239868,1.7545651197433472,0.0972368717193603,1.6573282480239868
1,block3_h72_seed14,3778,small_full,4,backward,1,0.5731580257415771,1.3828262090682983,1.4023689031600952,0.0195426940917968,1.3828262090682983
1,block3_h72_seed14,3779,small_full,1,right,1,0.8973954916000366,1.510705590248108,1.5622562170028689,0.0515506267547607,1.510705590248108
1,block3_h72_seed14,3780,small_full,2,left,1,0.9585323929786682,1.432621955871582,1.504940390586853,0.072318434715271,1.432621955871582
1,block3_h72_seed14,3781,small_full,1,right,1,0.4759529531002044,1.4093079566955566,1.412167191505432,0.0028592348098754,1.4093079566955566
1,block3_h72_seed14,3782,small_full,3,forward,1,0.9851036667823792,1.5920051336288452,1.6870399713516235,0.0950348377227783,1.5920051336288452
1,block3_h72_seed14,3783,small_full,2,left,0,0.973389446735382,1.0831074714660645,1.1555622816085815,0.072454810142517,1.1555622816085815
1,block3_h72_seed14,3786,small_full,2,left,1,0.9999346733093262,0.9645928740501404,1.1661125421524048,0.2015196681022644,0.9645928740501404
1,block3_h72_seed14,3788,small_full,2,left,1,0.9813422560691832,1.6658439636230469,1.7497698068618774,0.0839258432388305,1.6658439636230469
1,block3_h72_seed14,3789,small_full,4,backward,1,0.9999432563781738,0.938539981842041,1.15339195728302,0.214851975440979,0.938539981842041
1,block3_h72_seed14,3790,small_full,2,left,1,0.9392707347869872,1.349523901939392,1.4082965850830078,0.0587726831436157,1.349523901939392
1,block3_h72_seed14,3791,small_full,3,forward,1,0.9983298182487488,1.9978097677230835,2.126714944839477,0.128905177116394,1.9978097677230835
1,block3_h72_seed14,3793,small_full,1,right,1,0.9856091141700744,1.2459763288497925,1.3314083814620972,0.0854320526123046,1.2459763288497925
1,block3_h72_seed14,3794,small_full,3,forward,1,0.9974398612976074,0.8788830637931824,1.0112872123718262,0.1324041485786438,0.8788830637931824
1,block3_h72_seed14,3796,small_full,2,left,0,0.8727744817733765,1.5503841638565063,1.5957139730453491,0.0453298091888427,1.5957139730453491
1,block3_h72_seed14,3797,small_full,4,backward,1,0.9999994039535522,0.9297125339508056,1.218616962432861,0.2889044284820556,0.9297125339508056
1,block3_h72_seed14,3798,small_full,2,left,1,0.8551040887832642,1.246609807014465,1.2917898893356323,0.0451800823211669,1.246609807014465
1,block3_h72_seed14,3799,small_full,2,left,1,0.9981983304023744,1.6319847106933594,1.7593282461166382,0.1273435354232788,1.6319847106933594
1,block3_h72_seed14,3800,small_full,4,backward,1,0.9999510049819946,1.1163755655288696,1.3202924728393557,0.2039169073104858,1.1163755655288696
1,block3_h72_seed14,3801,small_full,2,left,1,0.9999547004699708,0.8975673317909241,1.1114758253097534,0.2139084935188293,0.8975673317909241
1,block3_h72_seed14,3802,small_full,2,left,0,0.9871377944946288,0.8515467643737793,0.940933644771576,0.0893868803977966,0.9831262230873108
1,block3_h72_seed14,3804,small_full,4,backward,1,0.9919482469558716,1.3053001165390017,1.4147697687149048,0.1094696521759033,1.3053001165390017
1,block3_h72_seed14,3805,small_full,1,right,1,0.7618883848190308,1.6563844680786133,1.6817008256912231,0.0253163576126098,1.6563844680786133
1,block3_h72_seed14,3806,small_full,1,right,1,0.9976296424865724,1.0727111101150513,1.204574704170227,0.1318635940551757,1.0727111101150513
1,block3_h72_seed14,3807,small_full,4,backward,1,0.996119499206543,1.6661863327026367,1.778419852256775,0.1122335195541381,1.6661863327026367
1,block3_h72_seed14,3808,small_full,2,left,1,0.9904877543449402,2.46254563331604,2.5555765628814697,0.0930309295654296,2.46254563331604
1,block3_h72_seed14,3809,small_full,1,right,1,0.9565519094467164,1.7238985300064087,1.79595947265625,0.0720609426498413,1.7238985300064087
1,block3_h72_seed14,3810,small_full,4,backward,1,0.8307018280029297,1.4199118614196775,1.456464409828186,0.0365525484085083,1.4199118614196775
1,block3_h72_seed14,3811,small_full,3,forward,1,0.9957200884819032,1.543155550956726,1.664149284362793,0.1209937334060669,1.543155550956726
1,block3_h72_seed14,3813,small_full,3,forward,1,0.929491400718689,1.4361062049865725,1.4945069551467896,0.0584007501602172,1.4361062049865725
1,block3_h72_seed14,3815,small_full,3,forward,1,0.9790493249893188,1.4765644073486328,1.5690008401870728,0.0924364328384399,1.4765644073486328
1,block3_h72_seed14,3816,small_full,4,backward,1,0.8436303734779358,1.1001384258270264,1.1353671550750732,0.0352287292480468,1.1001384258270264
1,block3_h72_seed14,3817,small_full,3,forward,1,0.9721593260765076,1.666521668434143,1.7428569793701172,0.0763353109359741,1.666521668434143
1,block3_h72_seed14,3818,small_full,2,left,1,0.8200950622558594,1.4422922134399414,1.474216341972351,0.0319241285324096,1.4422922134399414
1,block3_h72_seed14,3819,small_full,4,backward,1,0.996549129486084,1.4435135126113892,1.5721107721328735,0.1285972595214843,1.4435135126113892
1,block3_h72_seed14,3820,small_full,3,forward,1,0.9999957084655762,0.9914760589599608,1.247392177581787,0.2559161186218261,0.9914760589599608
1,block3_h72_seed14,3821,small_full,1,right,1,0.9728007912635804,1.077852725982666,1.1595638990402222,0.0817111730575561,1.077852725982666
1,block3_h72_seed14,3822,small_full,2,left,0,0.8110851645469666,1.134346604347229,1.1751134395599363,0.0407668352127075,1.1980801820755005
1,block3_h72_seed14,3823,small_full,1,right,0,0.6944394111633301,1.9624830484390257,1.9793901443481443,0.0169070959091186,1.9793901443481443
1,block3_h72_seed14,3824,small_full,3,forward,1,0.9357836842536926,0.7366275787353516,0.7979138493537903,0.0612862706184387,0.7366275787353516
1,block3_h72_seed14,3825,small_full,1,right,1,0.9932090640068054,1.840926170349121,1.942420601844788,0.1014944314956665,1.840926170349121
1,block3_h72_seed14,3826,small_full,3,forward,1,0.929491400718689,1.4361062049865725,1.4945069551467896,0.0584007501602172,1.4361062049865725
1,block3_h72_seed14,3828,small_full,4,backward,0,0.7011451721191406,1.1576433181762695,1.1753779649734497,0.0177346467971801,1.1753779649734497
1,block3_h72_seed14,3829,small_full,3,forward,1,0.9362091422080994,0.8515064120292664,0.9076892733573914,0.056182861328125,0.8515064120292664
1,block3_h72_seed14,3830,small_full,2,left,1,0.9970754384994508,1.009235978126526,1.1298576593399048,0.1206216812133789,1.009235978126526
1,block3_h72_seed14,3831,small_full,4,backward,1,0.9999971389770508,1.118792176246643,1.3932929039001465,0.2745007276535034,1.118792176246643
1,block3_h72_seed14,3832,small_full,2,left,1,0.6785046458244324,1.072927474975586,1.1052404642105105,0.0323129892349243,1.072927474975586
1,block3_h72_seed14,3833,small_full,2,left,0,0.9515960216522216,0.7891600728034973,0.8510013222694397,0.0618412494659423,0.8510013222694397
1,block3_h72_seed14,3835,small_full,3,forward,1,0.9947116374969482,1.684740662574768,1.7903674840927124,0.1056268215179443,1.684740662574768
1,block3_h72_seed14,3836,small_full,1,right,1,0.9999144077301024,1.0747848749160769,1.2641417980194092,0.1893569231033325,1.0747848749160769
1,block3_h72_seed14,3838,small_full,3,forward,1,0.9796591997146606,1.5749489068984983,1.6630620956420898,0.0881131887435913,1.5749489068984983
1,block3_h72_seed14,3839,small_full,1,right,1,0.8171394467353821,1.4522823095321655,1.4965394735336304,0.0442571640014648,1.4522823095321655
1,block3_h72_seed14,3841,small_full,3,forward,1,0.9901049733161926,1.4526910781860352,1.545156478881836,0.0924654006958007,1.4526910781860352
1,block3_h72_seed14,3842,small_full,3,forward,1,0.9988219141960144,1.954358696937561,2.090587854385376,0.1362291574478149,1.954358696937561
1,block3_h72_seed14,3843,small_full,4,backward,0,0.6245273947715759,1.36007821559906,1.3710767030715942,0.0109984874725341,1.4357048273086548
1,block3_h72_seed14,3844,small_full,2,left,0,0.6665661334991455,1.2317646741867063,1.2475610971450806,0.015796422958374,1.296242117881775
1,block3_h72_seed14,3846,small_full,4,backward,1,0.9999823570251464,1.0156420469284058,1.2492567300796509,0.2336146831512451,1.0156420469284058
1,block3_h72_seed14,3847,small_full,1,right,1,0.9944167137145996,1.545320987701416,1.6680259704589844,0.1227049827575683,1.545320987701416
1,block3_h72_seed14,3848,small_full,3,forward,0,0.5680975317955017,1.0833590030670166,1.0926169157028198,0.0092579126358032,1.0926169157028198
1,block3_h72_seed14,3849,small_full,2,left,1,0.4751587212085724,1.4866479635238647,1.4934992790222168,0.006851315498352,1.4866479635238647
1,block3_h72_seed14,3850,small_full,3,forward,1,0.991508960723877,1.7136939764022827,1.8143424987792969,0.1006485223770141,1.7136939764022827
1,block3_h72_seed14,3851,small_full,4,backward,1,0.3640182912349701,1.261359691619873,1.2653793096542358,0.0040196180343627,1.261359691619873
1,block3_h72_seed14,3852,small_full,1,right,1,0.3538614213466644,1.1656008958816528,1.169360637664795,0.003759741783142,1.1656008958816528
1,block3_h72_seed14,3853,small_full,2,left,1,0.9077988862991332,1.3572410345077517,1.4050569534301758,0.0478159189224243,1.3572410345077517
1,block3_h72_seed14,3854,small_full,2,left,1,0.9863698482513428,1.0315693616867063,1.1222628355026243,0.0906934738159179,1.0315693616867063
1,block3_h72_seed14,3855,small_full,1,right,1,0.9889611601829528,1.0690536499023438,1.175592064857483,0.1065384149551391,1.0690536499023438
1,block3_h72_seed14,3856,small_full,1,right,1,0.6729136109352112,1.7744355201721191,1.7905009984970093,0.0160654783248901,1.7744355201721191
1,block3_h72_seed14,3857,small_full,1,right,0,0.8911150693893433,1.84398090839386,1.8991581201553345,0.0551772117614746,1.8991581201553345
1,block3_h72_seed14,3858,small_full,1,right,1,0.9999972581863404,1.0746763944625854,1.3471933603286743,0.2725169658660888,1.0746763944625854
1,block3_h72_seed14,3859,small_full,1,right,1,0.4226949512958526,1.4093079566955566,1.412167191505432,0.0028592348098754,1.4093079566955566
1,block3_h72_seed14,3860,small_full,3,forward,1,0.9996734857559204,1.1848880052566528,1.345986247062683,0.1610982418060302,1.1848880052566528
1,block3_h72_seed14,3862,small_full,3,forward,1,0.9624817371368408,1.2662853002548218,1.3338327407836914,0.0675474405288696,1.2662853002548218
1,block3_h72_seed14,3863,small_full,3,forward,1,0.96072655916214,1.3073935508728027,1.375491499900818,0.0680979490280151,1.3073935508728027
1,block3_h72_seed14,3864,small_full,1,right,1,0.9948017597198486,1.0723642110824585,1.1821171045303345,0.1097528934478759,1.0723642110824585
1,block3_h72_seed14,3865,small_full,2,left,1,0.9828316569328308,1.9553390741348269,2.036379814147949,0.0810407400131225,1.9553390741348269
1,block3_h72_seed14,3866,small_full,2,left,1,0.9998855590820312,1.0633312463760376,1.2545639276504517,0.191232681274414,1.0633312463760376
1,block3_h72_seed14,3868,small_full,4,backward,0,0.5627778172492981,0.9299657344818116,0.9367297291755676,0.0067639946937561,0.9367297291755676
1,block3_h72_seed14,3869,small_full,3,forward,1,0.9994823932647704,1.743227481842041,1.8992685079574585,0.1560410261154174,1.743227481842041
1,block3_h72_seed14,3870,small_full,3,forward,1,0.9886322617530824,1.6548376083374023,1.749950885772705,0.0951132774353027,1.6548376083374023
1,block3_h72_seed14,3871,small_full,3,forward,1,0.904472589492798,1.2465437650680542,1.3074116706848145,0.0608679056167602,1.2465437650680542
1,block3_h72_seed14,3872,small_full,2,left,1,0.9989867806434632,2.060396432876587,2.198659658432007,0.1382632255554199,2.060396432876587
1,block3_h72_seed14,3874,small_full,1,right,1,0.9978566765785216,1.1066356897354126,1.2377444505691528,0.1311087608337402,1.1066356897354126
1,block3_h72_seed14,3876,small_full,4,backward,1,0.8166705369949341,1.1907939910888672,1.2286256551742554,0.0378316640853881,1.1907939910888672
1,block3_h72_seed14,3877,small_full,1,right,1,0.9971318244934082,1.4365674257278442,1.5569652318954468,0.1203978061676025,1.4365674257278442
1,block3_h72_seed14,3878,small_full,1,right,1,0.9998528957366944,1.1974996328353882,1.3874317407608032,0.189932107925415,1.1974996328353882
1,block3_h72_seed14,3879,small_full,2,left,0,0.5052127838134766,0.9641647338867188,0.9646202921867372,0.0004555583000183,1.0950709581375122
1,block3_h72_seed14,3880,small_full,1,right,1,0.980455219745636,1.7427703142166138,1.8230630159378047,0.0802927017211914,1.7427703142166138
1,block3_h72_seed14,3881,small_full,1,right,1,0.9998124241828918,1.1295174360275269,1.3125362396240234,0.1830188035964965,1.1295174360275269
1,block3_h72_seed14,3882,small_full,3,forward,1,0.960307002067566,1.917467474937439,1.9850894212722776,0.0676219463348388,1.917467474937439
1,block3_h72_seed14,3884,small_full,4,backward,1,0.9939753413200378,1.2705029249191284,1.382501244544983,0.1119983196258544,1.2705029249191284
1,block3_h72_seed14,3885,small_full,3,forward,1,0.9952087998390198,1.7669073343276978,1.8843307495117188,0.117423415184021,1.7669073343276978
1,block3_h72_seed14,3886,small_full,1,right,1,0.6885795593261719,1.0669453144073486,1.10856294631958,0.0416176319122314,1.0669453144073486
1,block3_h72_seed14,3887,small_full,3,forward,0,0.512161910533905,1.467206358909607,1.4729480743408203,0.0057417154312133,1.4729480743408203
1,block3_h72_seed14,3888,small_full,3,forward,1,0.981165051460266,1.680843949317932,1.7691220045089722,0.08827805519104,1.680843949317932
1,block3_h72_seed14,3889,small_full,3,forward,1,0.906911849975586,1.876988768577576,1.9226961135864256,0.0457073450088501,1.876988768577576
1,block3_h72_seed14,3890,small_full,3,forward,1,0.9959024786949158,1.7301607131958008,1.8491382598876955,0.1189775466918945,1.7301607131958008
1,block3_h72_seed14,3891,small_full,3,forward,1,0.9969770908355712,1.7665952444076538,1.883689522743225,0.1170942783355712,1.7665952444076538
1,block3_h72_seed14,3892,small_full,3,forward,1,0.9991449117660522,1.3034285306930542,1.4535397291183472,0.1501111984252929,1.3034285306930542
1,block3_h72_seed14,3893,small_full,1,right,1,0.9991098046302797,1.004392385482788,1.1563730239868164,0.1519806385040283,1.004392385482788
1,block3_h72_seed14,3894,small_full,1,right,1,0.9992979764938354,1.93929386138916,2.0908658504486084,0.1515719890594482,1.93929386138916
1,block3_h72_seed14,3895,small_full,4,backward,1,0.9601547718048096,1.4739599227905271,1.539452075958252,0.0654921531677246,1.4739599227905271
1,block3_h72_seed14,3896,small_full,4,backward,1,0.9977053999900818,1.3036433458328247,1.440311312675476,0.1366679668426513,1.3036433458328247
1,block3_h72_seed14,3897,small_full,2,left,1,0.489673763513565,1.736859917640686,1.7506295442581177,0.0137696266174316,1.736859917640686
1,block3_h72_seed14,3898,small_full,2,left,1,0.982324481010437,1.712462067604065,1.8078693151474,0.0954072475433349,1.712462067604065
1,block3_h72_seed14,3899,small_full,4,backward,1,0.6965801119804382,1.320308804512024,1.3370386362075806,0.0167298316955566,1.320308804512024
1,block3_h72_seed14,3900,small_full,2,left,1,0.6365552544593811,1.018477201461792,1.0348635911941528,0.0163863897323608,1.018477201461792
1,block3_h72_seed14,3901,small_full,2,left,0,0.3533307015895843,0.8481462597846985,0.8538579940795898,0.0057117342948913,0.8538579940795898
1,block3_h72_seed14,3902,small_full,1,right,0,0.5155342817306519,1.6568409204483032,1.6583963632583618,0.0015554428100585,1.6583963632583618
1,block3_h72_seed14,3904,small_full,4,backward,1,0.5641044974327087,1.3035327196121216,1.3095083236694336,0.005975604057312,1.3035327196121216
1,block3_h72_seed14,3905,small_full,3,forward,1,0.9817173480987548,1.3878034353256226,1.4772882461547852,0.0894848108291626,1.3878034353256226
1,block3_h72_seed14,3907,small_full,3,forward,1,0.9999810457229614,1.0820002555847168,1.3022372722625732,0.2202370166778564,1.0820002555847168
1,block3_h72_seed14,3909,small_full,3,forward,0,0.7467080354690552,1.373255729675293,1.3950849771499634,0.0218292474746704,1.3950849771499634
1,block3_h72_seed14,3910,small_full,2,left,1,0.9852661490440368,1.861230492591858,1.9608336687088013,0.0996031761169433,1.861230492591858
1,block3_h72_seed14,3911,small_full,1,right,1,0.897853434085846,1.7075434923171997,1.751689314842224,0.0441458225250244,1.7075434923171997
1,block3_h72_seed14,3912,small_full,1,right,1,0.4138566255569458,1.268700122833252,1.2751824855804443,0.0064823627471923,1.268700122833252
1,block3_h72_seed14,3913,small_full,4,backward,1,0.833129346370697,1.1000992059707642,1.1436642408370972,0.043565034866333,1.1000992059707642
1,block3_h72_seed14,3914,small_full,1,right,1,0.8133635520935059,1.8236116170883176,1.863277554512024,0.039665937423706,1.8236116170883176
1,block3_h72_seed14,3915,small_full,1,right,1,0.9997759461402892,0.9335381388664246,1.1110353469848633,0.1774972081184387,0.9335381388664246
1,block3_h72_seed14,3916,small_full,3,forward,1,0.8370700478553772,1.0811444520950315,1.1185375452041626,0.0373930931091308,1.0811444520950315
1,block3_h72_seed14,3918,small_full,4,backward,1,0.9999982118606568,1.1087456941604614,1.3782711029052734,0.269525408744812,1.1087456941604614
1,block3_h72_seed14,3919,small_full,1,right,1,0.9267811179161072,1.913998246192932,1.964964866638184,0.0509666204452514,1.913998246192932
1,block3_h72_seed14,3921,small_full,1,right,1,0.7891145348548889,1.6723623275756836,1.700586199760437,0.0282238721847534,1.6723623275756836
1,block3_h72_seed14,3922,small_full,2,left,1,0.7488759160041809,1.3943233489990234,1.4202289581298828,0.0259056091308593,1.3943233489990234
1,block3_h72_seed14,3923,small_full,3,forward,1,0.968862235546112,1.6666784286499023,1.7359427213668823,0.0692642927169799,1.6666784286499023
1,block3_h72_seed14,3924,small_full,2,left,1,0.9284496903419496,1.8501356840133667,1.9072564840316768,0.0571208000183105,1.8501356840133667
1,block3_h72_seed14,3925,small_full,2,left,1,0.3838235139846802,0.9030776619911194,0.9121952056884766,0.0091175436973571,0.9030776619911194
1,block3_h72_seed14,3926,small_full,2,left,1,0.991973876953125,1.6395689249038696,1.749308943748474,0.1097400188446044,1.6395689249038696
1,block3_h72_seed14,3927,small_full,1,right,1,0.8658965229988098,1.318388819694519,1.35891854763031,0.040529727935791,1.318388819694519
1,block3_h72_seed14,3928,small_full,2,left,1,0.6328406929969788,1.2014344930648804,1.214481234550476,0.0130467414855957,1.2014344930648804
1,block3_h72_seed14,3929,small_full,1,right,0,0.8111515641212463,1.1086483001708984,1.1394509077072144,0.0308026075363159,1.1938117742538452
1,block3_h72_seed14,3930,small_full,3,forward,1,0.7329738140106201,0.9292228817939758,0.9564469456672668,0.027224063873291,0.9292228817939758
1,block3_h72_seed14,3931,small_full,3,forward,0,0.5976677536964417,0.8738627433776855,0.8818309903144836,0.007968246936798,1.0062874555587769
1,block3_h72_seed14,3932,small_full,1,right,1,0.9638969302177428,1.074844241142273,1.1553800106048584,0.0805357694625854,1.074844241142273
1,block3_h72_seed14,3933,small_full,2,left,1,0.685907244682312,0.953239381313324,0.9809126853942872,0.0276733040809631,0.953239381313324
1,block3_h72_seed14,3934,small_full,1,right,0,0.9900164008140564,1.6472524404525757,1.7488852739334106,0.1016328334808349,1.7488852739334106
1,block3_h72_seed14,3935,small_full,2,left,1,0.9868373870849608,1.877477049827576,1.9794260263442995,0.1019489765167236,1.877477049827576
1,block3_h72_seed14,3936,small_full,2,left,1,0.9828256964683532,1.9553390741348269,2.036379814147949,0.0810407400131225,1.9553390741348269
1,block3_h72_seed14,3937,small_full,1,right,1,0.979379177093506,1.7706202268600464,1.8517228364944456,0.0811026096343994,1.7706202268600464
1,block3_h72_seed14,3938,small_full,1,right,1,0.996687948703766,0.996210753917694,1.120655536651611,0.1244447827339172,0.996210753917694
1,block3_h72_seed14,3940,small_full,3,forward,1,0.9999130964279176,1.5766229629516602,1.7741800546646118,0.1975570917129516,1.5766229629516602
1,block3_h72_seed14,3941,small_full,4,backward,1,0.9856502413749696,1.4220491647720337,1.507315993309021,0.0852668285369873,1.4220491647720337
1,block3_h72_seed14,3942,small_full,2,left,1,0.9923028945922852,0.9942936301231384,1.0935083627700806,0.0992147326469421,0.9942936301231384
1,block3_h72_seed14,3943,small_full,1,right,0,0.5813969373703003,0.991728127002716,1.006755232810974,0.015027105808258,1.006755232810974
1,block3_h72_seed14,3944,small_full,2,left,1,0.9999154806137084,1.1167612075805664,1.3147988319396973,0.1980376243591308,1.1167612075805664
1,block3_h72_seed14,3945,small_full,4,backward,1,0.552560031414032,1.1753779649734497,1.18083393573761,0.0054559707641601,1.1753779649734497
1,block3_h72_seed14,3946,small_full,2,left,1,0.9921185970306396,1.009235978126526,1.117836833000183,0.1086008548736572,1.009235978126526
1,block3_h72_seed14,3949,small_full,3,forward,0,0.6696515679359436,1.0594946146011353,1.0824092626571655,0.0229146480560302,1.0946546792984009
1,block3_h72_seed14,3951,small_full,1,right,1,0.8840808272361755,1.5872951745986938,1.6282987594604492,0.0410035848617553,1.5872951745986938
1,block3_h72_seed14,3952,small_full,3,forward,1,0.996310293674469,1.543155550956726,1.664149284362793,0.1209937334060669,1.543155550956726
1,block3_h72_seed14,3953,small_full,4,backward,0,0.5893710851669312,1.363317370414734,1.3811821937561035,0.0178648233413696,1.3811821937561035
1,block3_h72_seed14,3954,small_full,2,left,1,0.7645747065544128,1.569337248802185,1.6015888452529907,0.0322515964508056,1.569337248802185
1,block3_h72_seed14,3955,small_full,4,backward,1,0.999969482421875,1.0312093496322632,1.2546058893203735,0.2233965396881103,1.0312093496322632
1,block3_h72_seed14,3956,small_full,4,backward,1,0.9722442626953124,1.224101185798645,1.2981224060058594,0.0740212202072143,1.224101185798645
1,block3_h72_seed14,3957,small_full,1,right,1,0.9245114326477052,1.600573182106018,1.66311514377594,0.0625419616699218,1.600573182106018
1,block3_h72_seed14,3958,small_full,4,backward,1,0.9999046325683594,0.8989513516426086,1.097482204437256,0.1985308527946472,0.8989513516426086
1,block3_h72_seed14,3959,small_full,1,right,1,0.9085575342178344,1.318388819694519,1.374563694000244,0.0561748743057251,1.318388819694519
1,block3_h72_seed14,3960,small_full,1,right,1,0.5466493964195251,1.6423896551132202,1.6496272087097168,0.0072375535964965,1.6423896551132202
1,block3_h72_seed14,3961,small_full,1,right,1,0.8027482628822327,0.9701879620552064,1.0026216506958008,0.0324336886405944,0.9701879620552064
1,block3_h72_seed14,3963,small_full,4,backward,1,0.9999369382858276,0.999704360961914,1.204105257987976,0.204400897026062,0.999704360961914
1,block3_h72_seed14,3964,small_full,3,forward,0,0.6170986890792847,1.1617237329483032,1.176374077796936,0.0146503448486328,1.2012916803359983
1,block3_h72_seed14,3965,small_full,4,backward,1,0.9238876700401306,1.043317437171936,1.0951586961746216,0.0518412590026855,1.043317437171936
1,block3_h72_seed14,3967,small_full,1,right,1,0.5625565648078918,1.1127831935882568,1.1247504949569702,0.0119673013687133,1.1127831935882568
1,block3_h72_seed14,3968,small_full,4,backward,1,0.9999642372131348,1.0312093496322632,1.2404017448425293,0.2091923952102661,1.0312093496322632
1,block3_h72_seed14,3969,small_full,3,forward,1,0.999890685081482,0.9638419151306152,1.1614036560058594,0.1975617408752441,0.9638419151306152
1,block3_h72_seed14,3970,small_full,1,right,1,0.9882799386978148,1.770620346069336,1.866846203804016,0.0962258577346801,1.770620346069336
1,block3_h72_seed14,3971,small_full,4,backward,1,0.9976577758789062,1.007325530052185,1.1445660591125488,0.1372405290603637,1.007325530052185
1,block3_h72_seed14,3972,small_full,2,left,1,0.918045461177826,1.4402986764907837,1.4938669204711914,0.0535682439804077,1.4402986764907837
1,block3_h72_seed14,3973,small_full,3,forward,1,0.9984473586082458,0.789219081401825,0.9301969408988952,0.1409778594970703,0.789219081401825
1,block3_h72_seed14,3975,small_full,3,forward,1,0.518464982509613,1.401221752166748,1.409591794013977,0.008370041847229,1.401221752166748
1,block3_h72_seed14,3976,small_full,2,left,1,0.7838853597640991,1.353947639465332,1.3827489614486694,0.0288013219833374,1.353947639465332
1,block3_h72_seed14,3977,small_full,4,backward,1,0.999975085258484,0.8374661803245544,1.0616211891174316,0.2241550087928772,0.8374661803245544
1,block3_h72_seed14,3978,small_full,4,backward,1,0.5465408563613892,1.246455192565918,1.2509194612503052,0.0044642686843872,1.246455192565918
1,block3_h72_seed14,3982,small_full,1,right,1,0.944175660610199,1.7002911567687988,1.7718915939331057,0.0716004371643066,1.7002911567687988
1,block3_h72_seed14,3984,small_full,3,forward,1,0.9999939203262328,0.849014937877655,1.0977646112442017,0.2487496733665466,0.849014937877655
1,block3_h72_seed14,3985,small_full,4,backward,1,0.9998664855957032,1.1626733541488647,1.3611135482788086,0.1984401941299438,1.1626733541488647
1,block3_h72_seed14,3987,small_full,3,forward,1,0.99994957447052,0.799800455570221,1.0053719282150269,0.2055714726448059,0.799800455570221
1,block3_h72_seed14,3988,small_full,3,forward,1,0.5327436923980713,1.7123595476150513,1.7162679433822632,0.0039083957672119,1.7123595476150513
1,block3_h72_seed14,3989,small_full,3,forward,1,0.9999984502792358,0.9914760589599608,1.2735081911087036,0.2820321321487427,0.9914760589599608
1,block3_h72_seed14,3990,small_full,4,backward,1,0.8188187479972839,1.4121862649917605,1.4494949579238892,0.0373086929321289,1.4121862649917605
1,block3_h72_seed14,3992,small_full,4,backward,1,0.99424147605896,1.5414152145385742,1.6447337865829468,0.1033185720443725,1.5414152145385742
1,block3_h72_seed14,3993,small_full,3,forward,0,0.6650682687759399,1.0594943761825562,1.082408785820007,0.0229144096374511,1.0946544408798218
1,block3_h72_seed14,3994,small_full,3,forward,1,0.7371237277984619,0.9195871353149414,0.9484862685203552,0.0288991332054138,0.9195871353149414
1,block3_h72_seed14,3997,small_full,2,left,1,0.9994601607322692,1.475704550743103,1.6440820693969729,0.1683775186538696,1.475704550743103
1,block3_h72_seed14,3998,small_full,2,left,0,0.5503000020980835,1.086495041847229,1.0912381410598757,0.0047430992126464,1.1588770151138306
1,block3_h72_seed14,3500,full,2,left,0,0.5755341053009033,1.099049687385559,1.1067508459091189,0.0077011585235595,1.1067508459091189
1,block3_h72_seed14,3501,full,2,left,1,0.9182124733924866,1.4019638299942017,1.4670172929763794,0.0650534629821777,1.4019638299942017
1,block3_h72_seed14,3502,full,4,backward,1,0.62510085105896,0.9517423510551452,0.9728131890296936,0.0210708379745483,0.9517423510551452
1,block3_h72_seed14,3503,full,4,backward,1,0.9899857044219972,1.1009339094161987,1.2010082006454468,0.100074291229248,1.1009339094161987
1,block3_h72_seed14,3504,full,2,left,1,0.4893236756324768,1.2128342390060425,1.2140494585037231,0.0012152194976806,1.2128342390060425
1,block3_h72_seed14,3505,full,4,backward,1,0.6478371620178223,1.2275257110595703,1.2445212602615356,0.0169955492019653,1.2275257110595703
1,block3_h72_seed14,3507,full,4,backward,1,0.9998080134391784,0.5992999076843262,0.7844303250312805,0.1851304173469543,0.5992999076843262
1,block3_h72_seed14,3508,full,2,left,1,0.9809752702713012,1.2988367080688477,1.380101203918457,0.0812644958496093,1.2988367080688477
1,block3_h72_seed14,3509,full,2,left,1,0.998779833316803,0.6181468367576599,0.7626312375068665,0.1444844007492065,0.6181468367576599
1,block3_h72_seed14,3510,full,3,forward,1,0.999526023864746,1.1124306917190552,1.277537226676941,0.1651065349578857,1.1124306917190552
1,block3_h72_seed14,3511,full,2,left,1,0.8143723607063293,1.4019638299942017,1.4429172277450562,0.0409533977508544,1.4019638299942017
1,block3_h72_seed14,3513,full,4,backward,1,0.998581051826477,1.088149905204773,1.2311619520187378,0.1430120468139648,1.088149905204773
1,block3_h72_seed14,3514,full,2,left,1,0.823522686958313,1.2868690490722656,1.317699313163757,0.0308302640914917,1.2868690490722656
1,block3_h72_seed14,3515,full,3,forward,1,0.9788036942481996,0.5189631581306458,0.6045757532119751,0.0856125950813293,0.5189631581306458
1,block3_h72_seed14,3516,full,1,right,0,0.6159031391143799,1.0737123489379885,1.086444854736328,0.0127325057983398,1.121843934059143
1,block3_h72_seed14,3518,full,3,forward,1,0.9802400469779968,1.491188645362854,1.5807366371154783,0.0895479917526245,1.491188645362854
1,block3_h72_seed14,3519,full,4,backward,1,0.9940834641456604,1.2401256561279297,1.3479790687561035,0.1078534126281738,1.2401256561279297
1,block3_h72_seed14,3520,full,2,left,1,0.9804020524024964,0.5018947720527649,0.5881238579750061,0.0862290859222412,0.5018947720527649
1,block3_h72_seed14,3521,full,3,forward,0,0.7725437879562378,0.8771600723266602,0.9019796252250672,0.0248195528984069,0.984812080860138
1,block3_h72_seed14,3522,full,1,right,1,0.9979464411735536,0.5251464247703552,0.6566126942634583,0.131466269493103,0.5251464247703552
1,block3_h72_seed14,3524,full,3,forward,0,0.5392565727233887,0.5149020552635193,0.5184149146080017,0.0035128593444824,0.5184149146080017
1,block3_h72_seed14,3525,full,2,left,1,0.8053291440010071,1.0946791172027588,1.1280733346939087,0.0333942174911499,1.0946791172027588
1,block3_h72_seed14,3526,full,3,forward,0,0.7168616652488708,0.7124249339103699,0.7318562865257263,0.0194313526153564,0.7318562865257263
1,block3_h72_seed14,3527,full,2,left,1,0.9549509286880492,1.150046706199646,1.2292736768722534,0.0792269706726074,1.150046706199646
1,block3_h72_seed14,3528,full,3,forward,1,0.9532769918441772,1.106586456298828,1.168411374092102,0.0618249177932739,1.106586456298828
1,block3_h72_seed14,3529,full,4,backward,1,0.9947450160980223,0.4579863548278808,0.5762996077537537,0.1183132529258728,0.4579863548278808
1,block3_h72_seed14,3530,full,2,left,1,0.9999921321868896,0.4481311738491058,0.7024980187416077,0.2543668448925018,0.4481311738491058
1,block3_h72_seed14,3531,full,2,left,0,0.607653796672821,1.1849309206008911,1.1939030885696411,0.00897216796875,1.1939030885696411
1,block3_h72_seed14,3533,full,2,left,1,0.9782986044883728,1.2445034980773926,1.3312383890151978,0.0867348909378051,1.2445034980773926
1,block3_h72_seed14,3535,full,1,right,1,0.7950873374938965,1.7850799560546875,1.8127679824829104,0.0276880264282226,1.7850799560546875
1,block3_h72_seed14,3536,full,1,right,1,0.9984728693962096,0.5749524235725403,0.7195592522621155,0.1446068286895752,0.5749524235725403
1,block3_h72_seed14,3537,full,2,left,0,0.7754984498023987,0.6798310875892639,0.7162908911705017,0.0364598035812377,0.7162908911705017
1,block3_h72_seed14,3538,full,2,left,1,0.9996919631958008,1.201607584953308,1.364484190940857,0.1628766059875488,1.201607584953308
1,block3_h72_seed14,3539,full,1,right,1,0.9934481978416444,1.7276792526245115,1.8389253616333008,0.111246109008789,1.7276792526245115
1,block3_h72_seed14,3540,full,4,backward,1,0.9887569546699524,0.9232500195503236,1.0148154497146606,0.0915654301643371,0.9232500195503236
1,block3_h72_seed14,3541,full,3,forward,0,0.7255915403366089,0.4864866733551025,0.5059378147125244,0.0194511413574218,0.6978084444999695
1,block3_h72_seed14,3542,full,3,forward,1,0.9869728684425354,1.2026816606521606,1.2974773645401,0.0947957038879394,1.2026816606521606
1,block3_h72_seed14,3543,full,4,backward,1,0.973440647125244,0.6784411072731018,0.7536384463310242,0.0751973390579223,0.6784411072731018
1,block3_h72_seed14,3544,full,2,left,1,0.5572029948234558,1.6292604207992554,1.6447328329086304,0.015472412109375,1.6292604207992554
1,block3_h72_seed14,3545,full,4,backward,1,0.99990975856781,0.4721167087554931,0.6669668555259705,0.1948501467704773,0.4721167087554931
1,block3_h72_seed14,3546,full,4,backward,1,0.9534004330635072,0.9731674194335938,1.0528239011764526,0.0796564817428588,0.9731674194335938
1,block3_h72_seed14,3547,full,1,right,1,0.9995872378349304,1.1522109508514404,1.3186317682266235,0.1664208173751831,1.1522109508514404
1,block3_h72_seed14,3549,full,4,backward,1,0.8547780513763428,0.5842859745025635,0.6343304514884949,0.0500444769859313,0.5842859745025635
1,block3_h72_seed14,3551,full,3,forward,1,0.9487482309341432,1.1082980632781982,1.17769193649292,0.0693938732147216,1.1082980632781982
1,block3_h72_seed14,3552,full,3,forward,1,0.9993317723274232,0.5674754977226257,0.7252735495567322,0.1577980518341064,0.5674754977226257
1,block3_h72_seed14,3553,full,2,left,1,0.9962348341941832,1.2600926160812378,1.3848600387573242,0.1247674226760864,1.2600926160812378
1,block3_h72_seed14,3554,full,2,left,1,0.9993498921394348,0.6191068291664124,0.7671524882316589,0.1480456590652465,0.6191068291664124
1,block3_h72_seed14,3555,full,4,backward,1,0.990471363067627,1.1040606498718262,1.1970287561416626,0.0929681062698364,1.1040606498718262
1,block3_h72_seed14,3556,full,4,backward,1,0.8557900190353394,1.1767204999923706,1.21632182598114,0.0396013259887695,1.1767204999923706
1,block3_h72_seed14,3557,full,1,right,1,0.9982684850692748,0.5439521074295044,0.6763628125190735,0.1324107050895691,0.5439521074295044
1,block3_h72_seed14,3559,full,3,forward,1,0.9982905983924866,0.6107965707778931,0.742287814617157,0.1314912438392639,0.6107965707778931
1,block3_h72_seed14,3560,full,2,left,1,0.8893575668334961,1.150046706199646,1.2075300216674805,0.0574833154678344,1.150046706199646
1,block3_h72_seed14,3561,full,3,forward,0,0.6303845047950745,0.9399152398109436,0.9635395407676696,0.023624300956726,0.9673500061035156
1,block3_h72_seed14,3563,full,4,backward,1,0.9186413884162904,0.8086037039756775,0.8726161122322083,0.0640124082565307,0.8086037039756775
1,block3_h72_seed14,3564,full,1,right,1,0.9989727735519408,1.2224644422531128,1.3781124353408811,0.1556479930877685,1.2224644422531128
1,block3_h72_seed14,3565,full,2,left,1,0.9998766183853148,0.3971823155879974,0.5913905501365662,0.1942082345485687,0.3971823155879974
1,block3_h72_seed14,3566,full,3,forward,1,0.9699845910072328,0.7275331020355225,0.799704372882843,0.0721712708473205,0.7275331020355225
1,block3_h72_seed14,3568,full,3,forward,1,0.999716579914093,1.166587233543396,1.330091118812561,0.163503885269165,1.166587233543396
1,block3_h72_seed14,3569,full,1,right,1,0.9976844787597656,0.4304645359516144,0.557200014591217,0.1267354786396026,0.4304645359516144
1,block3_h72_seed14,3570,full,3,forward,1,0.9996004700660706,0.6828925013542175,0.8401532173156738,0.1572607159614563,0.6828925013542175
1,block3_h72_seed14,3571,full,1,right,0,0.7725353837013245,0.645170271396637,0.6700776219367981,0.0249073505401611,0.746854305267334
1,block3_h72_seed14,3572,full,2,left,1,0.9971248507499696,1.1017662286758425,1.222301006317139,0.1205347776412963,1.1017662286758425
1,block3_h72_seed14,3573,full,2,left,0,0.7119535207748413,0.8274319767951965,0.8485785126686096,0.021146535873413,0.8485785126686096
1,block3_h72_seed14,3574,full,2,left,0,0.92222660779953,0.9662094116210938,1.0162076950073242,0.0499982833862304,1.1007455587387085
1,block3_h72_seed14,3575,full,4,backward,1,0.9995716214179992,0.4204345941543579,0.58185213804245,0.161417543888092,0.4204345941543579
1,block3_h72_seed14,3576,full,2,left,0,0.5659099221229553,1.0210939645767212,1.0265129804611206,0.0054190158843994,1.1374342441558838
1,block3_h72_seed14,3578,full,4,backward,1,0.989388108253479,0.9313335418701172,1.0231289863586426,0.0917954444885253,0.9313335418701172
1,block3_h72_seed14,3579,full,3,forward,1,0.8707006573677063,1.0190685987472534,1.0774331092834473,0.0583645105361938,1.0190685987472534
1,block3_h72_seed14,3580,full,1,right,1,0.9947891235351562,0.5116386413574219,0.619448721408844,0.1078100800514221,0.5116386413574219
1,block3_h72_seed14,3581,full,1,right,1,0.9841563105583192,1.88164746761322,1.96691370010376,0.0852662324905395,1.88164746761322
1,block3_h72_seed14,3582,full,1,right,1,0.9908952713012696,0.5251464247703552,0.6319275498390198,0.1067811250686645,0.5251464247703552
1,block3_h72_seed14,3583,full,3,forward,1,0.982862651348114,0.5189631581306458,0.6226106286048889,0.1036474704742431,0.5189631581306458
1,block3_h72_seed14,3584,full,2,left,1,0.9280148148536682,1.30447518825531,1.3561493158340454,0.0516741275787353,1.30447518825531
1,block3_h72_seed14,3585,full,4,backward,1,0.9662363529205322,1.021352767944336,1.089996337890625,0.068643569946289,1.021352767944336
1,block3_h72_seed14,3586,full,1,right,1,0.9999886751174928,0.5471027493476868,0.792943000793457,0.2458402514457702,0.5471027493476868
1,block3_h72_seed14,3587,full,4,backward,1,0.998118817806244,0.3945547044277191,0.5242369771003723,0.1296822726726532,0.3945547044277191
1,block3_h72_seed14,3588,full,4,backward,1,0.9999386072158812,0.524439811706543,0.7260187268257141,0.2015789151191711,0.524439811706543
1,block3_h72_seed14,3589,full,4,backward,1,0.9942849278450012,0.99566388130188,1.1081676483154297,0.1125037670135498,0.99566388130188
1,block3_h72_seed14,3590,full,3,forward,1,0.9941802024841307,1.4097884893417358,1.5241466760635376,0.1143581867218017,1.4097884893417358
1,block3_h72_seed14,3591,full,3,forward,0,0.3661058843135834,1.0179249048233032,1.0186165571212769,0.0006916522979736,1.0251048803329468
1,block3_h72_seed14,3593,full,4,backward,1,0.9999945163726808,0.4894134104251861,0.7377696633338928,0.2483562529087066,0.4894134104251861
1,block3_h72_seed14,3594,full,4,backward,1,0.9999568462371826,0.5615176558494568,0.7656726837158203,0.2041550278663635,0.5615176558494568
1,block3_h72_seed14,3595,full,4,backward,1,0.9994879961013794,0.3945547044277191,0.5534670352935791,0.1589123308658599,0.3945547044277191
1,block3_h72_seed14,3596,full,2,left,1,0.9967139959335328,1.16266667842865,1.2940117120742798,0.1313450336456298,1.16266667842865
1,block3_h72_seed14,3597,full,1,right,1,0.9968453049659728,1.0345269441604614,1.1557574272155762,0.1212304830551147,1.0345269441604614
1,block3_h72_seed14,3598,full,1,right,0,0.4816967248916626,0.5971919894218445,0.6147467494010925,0.017554759979248,0.630110502243042
1,block3_h72_seed14,3599,full,1,right,0,0.4220978617668152,1.1389373540878296,1.1396912336349487,0.0007538795471191,1.158002495765686
1,block3_h72_seed14,3600,full,1,right,1,0.9852317571640016,1.88164746761322,1.96691370010376,0.0852662324905395,1.88164746761322
1,block3_h72_seed14,3601,full,2,left,1,0.5918079018592834,1.1303406953811646,1.1384457349777222,0.0081050395965576,1.1303406953811646
1,block3_h72_seed14,3602,full,3,forward,0,0.8692095279693604,0.7416661381721497,0.7795628905296326,0.0378967523574829,0.9238317012786864
1,block3_h72_seed14,3603,full,2,left,1,0.6906279921531677,0.6728696227073669,0.6994245648384094,0.0265549421310424,0.6728696227073669
1,block3_h72_seed14,3604,full,4,backward,1,0.9941993951797484,1.2401256561279297,1.3479790687561035,0.1078534126281738,1.2401256561279297
1,block3_h72_seed14,3606,full,2,left,1,0.9971420168876648,0.3279951512813568,0.4553925693035126,0.1273974180221557,0.3279951512813568
1,block3_h72_seed14,3608,full,3,forward,1,0.9996956586837769,0.451299101114273,0.6157888770103455,0.1644897758960724,0.451299101114273
1,block3_h72_seed14,3609,full,1,right,1,0.9912376403808594,1.148092269897461,1.2547818422317505,0.1066895723342895,1.148092269897461
1,block3_h72_seed14,3610,full,4,backward,1,0.992443859577179,1.0889517068862915,1.1865179538726809,0.0975662469863891,1.0889517068862915
1,block3_h72_seed14,3611,full,3,forward,1,0.7769361138343811,1.1541012525558472,1.183182716369629,0.0290814638137817,1.1541012525558472
1,block3_h72_seed14,3612,full,4,backward,1,0.9999748468399048,0.4593702852725982,0.6896671652793884,0.2302968800067901,0.4593702852725982
1,block3_h72_seed14,3613,full,3,forward,1,0.9925875067710876,0.8383278846740723,0.948249340057373,0.1099214553833007,0.8383278846740723
1,block3_h72_seed14,3614,full,1,right,1,0.9999263286590576,0.4595755636692047,0.6630566716194153,0.2034811079502105,0.4595755636692047
1,block3_h72_seed14,3615,full,1,right,1,0.9131998419761658,1.319310188293457,1.3688055276870728,0.0494953393936157,1.319310188293457
1,block3_h72_seed14,3616,full,3,forward,1,0.9997144341468812,0.5857158303260803,0.7627688050270081,0.1770529747009277,0.5857158303260803
1,block3_h72_seed14,3617,full,2,left,0,0.5116040706634521,0.5707126259803772,0.5816963315010071,0.0109837055206298,0.5816963315010071
1,block3_h72_seed14,3618,full,3,forward,1,0.9582860469818116,0.7275331020355225,0.799704372882843,0.0721712708473205,0.7275331020355225
1,block3_h72_seed14,3619,full,1,right,1,0.9814789295196532,1.1469714641571045,1.247705101966858,0.1007336378097534,1.1469714641571045
1,block3_h72_seed14,3620,full,3,forward,0,0.4205486476421356,1.2072010040283203,1.2130793333053589,0.0058783292770385,1.2210408449172974
1,block3_h72_seed14,3621,full,3,forward,1,0.9979220032691956,0.5077057480812073,0.6415380835533142,0.1338323354721069,0.5077057480812073
1,block3_h72_seed14,3622,full,3,forward,1,0.9994182586669922,1.2778960466384888,1.4401050806045532,0.1622090339660644,1.2778960466384888
1,block3_h72_seed14,3623,full,1,right,1,0.9918754696846008,1.26799213886261,1.3687676191329956,0.1007754802703857,1.26799213886261
1,block3_h72_seed14,3624,full,4,backward,1,0.9998425245285034,0.4593702852725982,0.6361644864082336,0.1767942011356353,0.4593702852725982
1,block3_h72_seed14,3625,full,2,left,1,0.969054639339447,1.1452642679214478,1.2149189710617063,0.0696547031402587,1.1452642679214478
1,block3_h72_seed14,3626,full,2,left,0,0.7481697797775269,1.296223282814026,1.3185328245162964,0.0223095417022705,1.3912273645401
1,block3_h72_seed14,3627,full,2,left,1,0.9817342758178712,1.2868690490722656,1.3668127059936523,0.0799436569213867,1.2868690490722656
1,block3_h72_seed14,3628,full,1,right,1,0.9997102618217468,0.5170072317123413,0.6893492341041565,0.1723420023918151,0.5170072317123413
1,block3_h72_seed14,3629,full,4,backward,0,0.88907390832901,1.6039146184921265,1.6461249589920044,0.0422103404998779,1.6461249589920044
1,block3_h72_seed14,3631,full,1,right,1,0.999722421169281,1.1133676767349243,1.2860256433486938,0.1726579666137695,1.1133676767349243
1,block3_h72_seed14,3633,full,4,backward,1,0.9997127652168274,0.4210013449192047,0.5899671912193298,0.1689658463001251,0.4210013449192047
1,block3_h72_seed14,3634,full,4,backward,1,0.9897382855415344,0.7228667140007019,0.8251336216926575,0.1022669076919555,0.7228667140007019
1,block3_h72_seed14,3637,full,4,backward,1,0.907458484172821,1.2445603609085083,1.290887713432312,0.0463273525238037,1.2445603609085083
1,block3_h72_seed14,3638,full,3,forward,1,0.9999816417694092,0.5482736229896545,0.7827139496803284,0.2344403266906738,0.5482736229896545
1,block3_h72_seed14,3639,full,3,forward,1,0.999919295310974,1.315192461013794,1.5080567598342896,0.1928642988204956,1.315192461013794
1,block3_h72_seed14,3640,full,4,backward,1,0.4714921414852142,0.8086037039756775,0.8164262771606445,0.007822573184967,0.8086037039756775
1,block3_h72_seed14,3642,full,1,right,1,0.9880061745643616,1.050487399101257,1.1436022520065308,0.0931148529052734,1.050487399101257
1,block3_h72_seed14,3643,full,1,right,0,0.7936546802520752,0.5819945335388184,0.6092270016670227,0.0272324681282043,0.6959088444709778
1,block3_h72_seed14,3644,full,1,right,1,0.9984967708587646,1.2224644422531128,1.359302997589111,0.1368385553359985,1.2224644422531128
1,block3_h72_seed14,3645,full,1,right,1,0.9954423904418944,0.4489336907863617,0.569221556186676,0.1202878654003143,0.4489336907863617
1,block3_h72_seed14,3646,full,3,forward,1,0.962364375591278,1.2987462282180786,1.3772295713424685,0.0784833431243896,1.2987462282180786
1,block3_h72_seed14,3647,full,3,forward,1,0.9999995231628418,0.6749258041381836,0.9763598442077636,0.3014340400695801,0.6749258041381836
1,block3_h72_seed14,3648,full,4,backward,1,0.9596847295761108,0.9731674194335938,1.0528239011764526,0.0796564817428588,0.9731674194335938
1,block3_h72_seed14,3649,full,3,forward,0,0.6192651391029358,0.6231338381767273,0.6538949608802795,0.0307611227035522,0.6538949608802795
1,block3_h72_seed14,3651,full,4,backward,1,0.9982956051826476,0.7160894870758057,0.8472135663032532,0.1311240792274475,0.7160894870758057
1,block3_h72_seed14,3652,full,4,backward,1,0.9999994039535522,0.373077392578125,0.6603257060050964,0.2872483134269714,0.373077392578125
1,block3_h72_seed14,3653,full,3,forward,1,0.99925297498703,1.1124306917190552,1.2689272165298462,0.156496524810791,1.1124306917190552
1,block3_h72_seed14,3654,full,4,backward,1,0.999863862991333,0.4593702852725982,0.6396918892860413,0.180321604013443,0.4593702852725982
1,block3_h72_seed14,3655,full,2,left,1,0.8735226988792419,1.150046706199646,1.2075300216674805,0.0574833154678344,1.150046706199646
1,block3_h72_seed14,3656,full,1,right,1,0.9853222370147704,1.88164746761322,1.96691370010376,0.0852662324905395,1.88164746761322
1,block3_h72_seed14,3657,full,4,backward,1,0.9630998373031616,1.1786664724349976,1.248696208000183,0.0700297355651855,1.1786664724349976
1,block3_h72_seed14,3660,full,1,right,1,0.9733509421348572,2.1021151542663574,2.17495059967041,0.0728354454040527,2.1021151542663574
1,block3_h72_seed14,3661,full,2,left,1,0.8328098654747009,1.0946791172027588,1.1368098258972168,0.042130708694458,1.0946791172027588
1,block3_h72_seed14,3662,full,1,right,1,0.9814836382865906,1.35939359664917,1.4411077499389648,0.0817141532897949,1.35939359664917
1,block3_h72_seed14,3665,full,2,left,0,0.6010972261428833,1.1849309206008911,1.1939030885696411,0.00897216796875,1.1939030885696411
1,block3_h72_seed14,3666,full,3,forward,1,0.9028854966163636,1.3309321403503418,1.3852683305740356,0.0543361902236938,1.3309321403503418
1,block3_h72_seed14,3667,full,3,forward,1,0.9965685606002808,1.3640464544296265,1.4881900548934937,0.1241436004638671,1.3640464544296265
1,block3_h72_seed14,3670,full,2,left,1,0.9980090260505676,0.3279951512813568,0.4553925693035126,0.1273974180221557,0.3279951512813568
1,block3_h72_seed14,3671,full,1,right,1,0.9788447022438048,1.3208051919937134,1.4084806442260742,0.0876754522323608,1.3208051919937134
1,block3_h72_seed14,3674,full,1,right,1,0.9421705603599548,1.60549795627594,1.673172116279602,0.0676741600036621,1.60549795627594
1,block3_h72_seed14,3675,full,3,forward,1,0.9999945163726808,1.1269506216049194,1.3706674575805664,0.2437168359756469,1.1269506216049194
1,block3_h72_seed14,3676,full,1,right,0,0.462232381105423,1.3036346435546875,1.3110078573226929,0.0073732137680053,1.3110078573226929
1,block3_h72_seed14,3677,full,2,left,1,0.985565721988678,1.5088742971420288,1.5991743803024292,0.0903000831604003,1.5088742971420288
1,block3_h72_seed14,3678,full,4,backward,1,0.9571725726127625,0.8119117617607117,0.8825147151947021,0.0706029534339904,0.8119117617607117
1,block3_h72_seed14,3679,full,2,left,1,0.9156726598739624,1.6905478239059448,1.740147590637207,0.0495997667312622,1.6905478239059448
1,block3_h72_seed14,3680,full,2,left,1,0.8358887434005737,1.5267928838729858,1.5610865354537964,0.0342936515808105,1.5267928838729858
1,block3_h72_seed14,3681,full,2,left,1,0.9987565279006958,0.6181468367576599,0.7676555514335632,0.1495087146759033,0.6181468367576599
1,block3_h72_seed14,3682,full,2,left,1,0.9208236932754515,1.679250717163086,1.735653281211853,0.056402564048767,1.679250717163086
1,block3_h72_seed14,3683,full,4,backward,1,0.8265175223350525,1.1767204999923706,1.21632182598114,0.0396013259887695,1.1767204999923706
1,block3_h72_seed14,3684,full,1,right,1,0.9994924068450928,0.7035703659057617,0.8613243103027344,0.1577539443969726,0.7035703659057617
1,block3_h72_seed14,3685,full,4,backward,1,0.9999936819076538,0.4912090003490448,0.7386083602905273,0.2473993599414825,0.4912090003490448
1,block3_h72_seed14,3686,full,3,forward,1,0.9894990921020508,1.2268280982971191,1.319472312927246,0.0926442146301269,1.2268280982971191
1,block3_h72_seed14,3689,full,4,backward,1,0.9999579191207886,0.5615176558494568,0.7656726837158203,0.2041550278663635,0.5615176558494568
1,block3_h72_seed14,3690,full,1,right,1,0.9992571473121644,1.0272067785263062,1.1742678880691528,0.1470611095428466,1.0272067785263062
1,block3_h72_seed14,3691,full,2,left,1,0.9916634559631348,1.0002268552780151,1.0960108041763306,0.0957839488983154,1.0002268552780151
1,block3_h72_seed14,3692,full,3,forward,1,0.9999990463256836,0.6749258041381836,0.9750170707702636,0.3000912666320801,0.6749258041381836
1,block3_h72_seed14,3693,full,4,backward,1,0.9976625442504884,0.7160894870758057,0.8514628410339355,0.1353733539581298,0.7160894870758057
1,block3_h72_seed14,3694,full,1,right,1,0.9635219573974608,0.4781743288040161,0.5524745583534241,0.0743002295494079,0.4781743288040161
1,block3_h72_seed14,3695,full,2,left,1,0.999366581439972,0.6181468367576599,0.7722916007041931,0.1541447639465332,0.6181468367576599
1,block3_h72_seed14,3696,full,1,right,0,0.6283629536628723,0.9148820042610168,0.9290847778320312,0.0142027735710144,0.9290847778320312
1,block3_h72_seed14,3697,full,2,left,1,0.9702578783035278,1.1537903547286987,1.2353023290634155,0.0815119743347168,1.1537903547286987
1,block3_h72_seed14,3698,full,1,right,1,0.9998111128807068,0.5170072317123413,0.7084205746650696,0.1914133429527282,0.5170072317123413
1,block3_h72_seed14,3699,full,4,backward,1,0.7893266081809998,0.9373471140861512,0.9742918014526368,0.0369446873664855,0.9373471140861512
1,block3_h72_seed14,3700,full,4,backward,1,0.9955053329467772,0.9249040484428406,1.0410436391830444,0.1161395907402038,0.9249040484428406
1,block3_h72_seed14,3701,full,4,backward,1,0.9007065296173096,0.9524495005607604,0.9968182444572448,0.0443687438964843,0.9524495005607604
1,block3_h72_seed14,3703,full,1,right,1,0.6420145034790039,1.1570038795471191,1.1823062896728516,0.0253024101257324,1.1570038795471191
1,block3_h72_seed14,3704,full,4,backward,1,0.9480305910110474,1.143318772315979,1.201403021812439,0.0580842494964599,1.143318772315979
1,block3_h72_seed14,3705,full,1,right,1,0.9996353387832642,0.5218423008918762,0.6945751309394836,0.1727328300476074,0.5218423008918762
1,block3_h72_seed14,3706,full,1,right,1,0.9998019337654114,0.3640813827514648,0.5467818975448608,0.182700514793396,0.3640813827514648
1,block3_h72_seed14,3707,full,4,backward,1,0.7635436058044434,1.0850781202316284,1.1135772466659546,0.0284991264343261,1.0850781202316284
1,block3_h72_seed14,3708,full,3,forward,1,0.9994694590568542,0.5416411757469177,0.710982084274292,0.1693409085273742,0.5416411757469177
1,block3_h72_seed14,3709,full,2,left,1,0.9896644949913024,1.321414589881897,1.4147838354110718,0.0933692455291748,1.321414589881897
1,block3_h72_seed14,3710,full,3,forward,0,0.7255915403366089,0.4864866733551025,0.5059378147125244,0.0194511413574218,0.6978084444999695
1,block3_h72_seed14,3712,full,2,left,0,0.8839597105979919,0.9878605008125304,1.0295943021774292,0.0417338013648986,1.0908833742141724
1,block3_h72_seed14,3713,full,4,backward,1,0.9417521357536316,1.0209317207336426,1.078084945678711,0.0571532249450683,1.0209317207336426
1,block3_h72_seed14,3716,full,3,forward,1,0.991330862045288,1.3864654302597046,1.481742262840271,0.0952768325805664,1.3864654302597046
1,block3_h72_seed14,3717,full,1,right,1,0.9999223947525024,0.5098934173583984,0.7199602127075195,0.2100667953491211,0.5098934173583984
1,block3_h72_seed14,3718,full,4,backward,1,0.9720582365989684,0.7524362206459045,0.8244723677635193,0.0720361471176147,0.7524362206459045
1,block3_h72_seed14,3719,full,3,forward,1,0.9331901669502258,1.1261495351791382,1.187036395072937,0.0608868598937988,1.1261495351791382
1,block3_h72_seed14,3720,full,2,left,1,0.938950777053833,1.187144756317139,1.2459927797317505,0.0588480234146118,1.187144756317139
1,block3_h72_seed14,3721,full,1,right,0,0.5880547165870667,0.9549501538276672,0.9755499958992004,0.0205998420715332,0.9766881465911864
1,block3_h72_seed14,3722,full,3,forward,1,0.998497724533081,0.9296810626983644,1.0666414499282837,0.1369603872299194,0.9296810626983644
1,block3_h72_seed14,3724,full,4,backward,1,0.9784462451934814,1.2818340063095093,1.370926856994629,0.0890928506851196,1.2818340063095093
1,block3_h72_seed14,3726,full,1,right,1,0.9938794374465942,1.35939359664917,1.4681291580200195,0.1087355613708496,1.35939359664917
1,block3_h72_seed14,3727,full,2,left,1,0.4529061317443847,0.9137709140777588,0.9257287979125975,0.0119578838348388,0.9137709140777588
1,block3_h72_seed14,3728,full,4,backward,1,0.966254711151123,0.4463405907154083,0.5164601802825928,0.0701195895671844,0.4463405907154083
1,block3_h72_seed14,3729,full,1,right,1,0.999870538711548,0.4595755636692047,0.6571416258811951,0.1975660622119903,0.4595755636692047
1,block3_h72_seed14,3730,full,3,forward,0,0.6870049238204956,0.4376202523708343,0.4533439576625824,0.015723705291748,0.6784273982048035
1,block3_h72_seed14,3731,full,3,forward,1,0.9968511462211608,1.614108681678772,1.7403444051742554,0.1262357234954834,1.614108681678772
1,block3_h72_seed14,3732,full,4,backward,1,0.9985023736953736,0.873350203037262,1.0066202878952026,0.1332700848579406,0.873350203037262
1,block3_h72_seed14,3733,full,2,left,0,0.7537966370582581,0.4426964819431305,0.4652678966522217,0.0225714147090911,0.5717961192131042
1,block3_h72_seed14,3734,full,2,left,1,0.99027681350708,1.049439787864685,1.1451084613800049,0.0956686735153198,1.049439787864685
1,block3_h72_seed14,3735,full,3,forward,1,0.99992036819458,0.451299101114273,0.650276243686676,0.1989771425724029,0.451299101114273
1,block3_h72_seed14,3736,full,1,right,1,0.9901498556137084,1.050487399101257,1.1436022520065308,0.0931148529052734,1.050487399101257
1,block3_h72_seed14,3737,full,1,right,1,0.5172079801559448,1.304040551185608,1.307059407234192,0.0030188560485839,1.304040551185608
1,block3_h72_seed14,3738,full,3,forward,1,0.847763180732727,0.967475414276123,1.0066946744918823,0.0392192602157592,0.967475414276123
1,block3_h72_seed14,3739,full,3,forward,1,0.9932069182395936,1.2667948007583618,1.3725961446762085,0.1058013439178466,1.2667948007583618
1,block3_h72_seed14,3741,full,2,left,1,0.9901524186134338,1.4064451456069946,1.5004183053970337,0.093973159790039,1.4064451456069946
1,block3_h72_seed14,3743,full,4,backward,1,0.9627277851104736,1.0056437253952026,1.0765050649642944,0.0708613395690918,1.0056437253952026
1,block3_h72_seed14,3744,full,2,left,1,0.8334925174713135,1.6581178903579712,1.7072010040283203,0.0490831136703491,1.6581178903579712
1,block3_h72_seed14,3746,full,1,right,1,0.99746572971344,0.4224238097667694,0.5558497309684753,0.1334259212017059,0.4224238097667694
1,block3_h72_seed14,3749,full,2,left,1,0.9860008358955384,1.321414589881897,1.4147838354110718,0.0933692455291748,1.321414589881897
1,block3_h72_seed14,3750,full,3,forward,1,0.8378563523292542,0.9118239283561708,0.9642453789711,0.0524214506149292,0.9118239283561708
1,block3_h72_seed14,3751,full,4,backward,1,0.9891144037246704,1.306644320487976,1.3991785049438477,0.0925341844558715,1.306644320487976
1,block3_h72_seed14,3753,full,1,right,1,0.9334668517112732,1.114060401916504,1.1752572059631348,0.0611968040466308,1.114060401916504
1,block3_h72_seed14,3756,full,4,backward,1,0.9916580319404602,1.1040606498718262,1.1997259855270386,0.0956653356552124,1.1040606498718262
1,block3_h72_seed14,3757,full,1,right,1,0.9965478777885436,0.6330031752586365,0.7562940716743469,0.1232908964157104,0.6330031752586365
1,block3_h72_seed14,3758,full,3,forward,1,0.787700355052948,0.9227617383003236,0.9503366947174072,0.0275749564170837,0.9227617383003236
1,block3_h72_seed14,3759,full,1,right,0,0.9329309463500975,1.1541833877563477,1.2069185972213743,0.0527352094650268,1.3314515352249146
1,block3_h72_seed14,3760,full,1,right,1,0.9918017983436584,0.4681169688701629,0.5742679238319397,0.1061509549617767,0.4681169688701629
1,block3_h72_seed14,3761,full,1,right,1,0.8998987674713135,0.5295074582099915,0.5868684649467468,0.0573610067367553,0.5295074582099915
1,block3_h72_seed14,3762,full,1,right,0,0.7148315906524658,0.7866329550743103,0.805170476436615,0.0185375213623046,0.9034563899040222
1,block3_h72_seed14,3763,full,3,forward,1,0.9031773209571838,1.0506227016448977,1.1043182611465454,0.0536955595016479,1.0506227016448977
1,block3_h72_seed14,3765,full,4,backward,1,0.9999264478683472,0.4707860052585602,0.6723735928535461,0.2015875875949859,0.4707860052585602
1,block3_h72_seed14,3768,full,4,backward,0,0.5971067547798157,0.4652562141418457,0.4732385575771332,0.0079823434352874,0.581056535243988
1,block3_h72_seed14,3769,full,4,backward,0,0.8604627251625061,1.0540554523468018,1.0946420431137085,0.0405865907669067,1.0946420431137085
1,block3_h72_seed14,3770,full,2,left,1,0.6092967987060547,1.54981529712677,1.5826958417892456,0.0328805446624755,1.54981529712677
1,block3_h72_seed14,3771,full,3,forward,0,0.4128682315349579,0.6101331114768982,0.6193774342536926,0.0092443227767944,0.6238974928855896
1,block3_h72_seed14,3772,full,2,left,0,0.93389892578125,0.8639881014823914,0.9170975685119628,0.0531094670295715,1.0309239625930786
1,block3_h72_seed14,3773,full,4,backward,1,0.9976547956466676,0.754963219165802,0.8878057599067688,0.1328425407409668,0.754963219165802
1,block3_h72_seed14,3774,full,2,left,1,0.9637890458106996,1.424502968788147,1.5058656930923462,0.0813627243041992,1.424502968788147
1,block3_h72_seed14,3775,full,3,forward,1,0.990796685218811,1.1152291297912598,1.2255812883377075,0.1103521585464477,1.1152291297912598
1,block3_h72_seed14,3776,full,1,right,0,0.829581618309021,1.0483336448669434,1.092131495475769,0.0437978506088256,1.095737099647522
1,block3_h72_seed14,3777,full,1,right,1,0.6871904730796814,0.7030767798423767,0.7299426198005676,0.0268658399581909,0.7030767798423767
1,block3_h72_seed14,3778,full,4,backward,1,0.8247838020324707,1.0606826543807983,1.092536449432373,0.0318537950515747,1.0606826543807983
1,block3_h72_seed14,3779,full,1,right,1,0.9198142290115356,1.0164974927902222,1.0701498985290527,0.0536524057388305,1.0164974927902222
1,block3_h72_seed14,3780,full,2,left,1,0.9968762397766112,1.0490411520004272,1.1695088148117063,0.1204676628112793,1.0490411520004272
1,block3_h72_seed14,3781,full,1,right,1,0.7199103832244873,1.3350648880004885,1.3681296110153198,0.0330647230148315,1.3350648880004885
1,block3_h72_seed14,3782,full,3,forward,1,0.9851919412612916,1.2870484590530396,1.3815816640853882,0.0945332050323486,1.2870484590530396
1,block3_h72_seed14,3783,full,2,left,0,0.993511974811554,0.627400815486908,0.7285749912261963,0.1011741757392883,0.7285749912261963
1,block3_h72_seed14,3786,full,2,left,1,0.9996395111083984,0.4310062825679779,0.6086332201957703,0.1776269376277923,0.4310062825679779
1,block3_h72_seed14,3788,full,2,left,1,0.9813432097434998,1.3667563199996948,1.4476820230484009,0.080925703048706,1.3667563199996948
1,block3_h72_seed14,3789,full,4,backward,1,0.9985297918319702,0.4123066961765289,0.551794707775116,0.139488011598587,0.4123066961765289
1,block3_h72_seed14,3790,full,2,left,1,0.9185917973518372,1.2098259925842283,1.2585426568984983,0.04871666431427,1.2098259925842283
1,block3_h72_seed14,3791,full,3,forward,1,0.9973022937774658,1.177214503288269,1.3001749515533447,0.1229604482650756,1.177214503288269
1,block3_h72_seed14,3793,full,1,right,1,0.9969146251678468,0.6086066961288452,0.7310072779655457,0.1224005818367004,0.6086066961288452
1,block3_h72_seed14,3794,full,3,forward,1,0.999367892742157,0.6038783192634583,0.7551627159118652,0.1512843966484069,0.6038783192634583
1,block3_h72_seed14,3796,full,2,left,0,0.5359947085380554,1.1438223123550415,1.1497894525527954,0.0059671401977539,1.1497894525527954
1,block3_h72_seed14,3797,full,4,backward,1,0.9999524354934692,0.3328604996204376,0.5458552837371826,0.212994784116745,0.3328604996204376
1,block3_h72_seed14,3798,full,2,left,1,0.9966520667076112,1.049439787864685,1.1782851219177246,0.1288453340530395,1.049439787864685
1,block3_h72_seed14,3799,full,2,left,1,0.999964714050293,1.0743955373764038,1.2865314483642578,0.212135910987854,1.0743955373764038
1,block3_h72_seed14,3800,full,4,backward,1,0.999823033809662,0.4865463674068451,0.6677170395851135,0.1811706721782684,0.4865463674068451
1,block3_h72_seed14,3801,full,2,left,1,0.9996838569641112,0.6099751591682434,0.7805085182189941,0.1705333590507507,0.6099751591682434
1,block3_h72_seed14,3802,full,2,left,0,0.9532004594802856,0.3936490714550018,0.4542630016803741,0.0606139302253723,0.54225754737854
1,block3_h72_seed14,3804,full,4,backward,1,0.99494606256485,1.088149905204773,1.198460817337036,0.1103109121322631,1.088149905204773
1,block3_h72_seed14,3805,full,1,right,1,0.8210662603378296,1.3155750036239624,1.3467828035354614,0.031207799911499,1.3155750036239624
1,block3_h72_seed14,3806,full,1,right,1,0.9999417066574096,0.6854907870292664,0.8963978886604309,0.2109071016311645,0.6854907870292664
1,block3_h72_seed14,3807,full,4,backward,1,0.9985089898109436,1.064595341682434,1.1950331926345823,0.1304378509521484,1.064595341682434
1,block3_h72_seed14,3808,full,2,left,1,0.9920250177383424,1.366812229156494,1.4638699293136597,0.0970577001571655,1.366812229156494
1,block3_h72_seed14,3809,full,1,right,1,0.9548780918121338,1.2788256406784058,1.3562005758285522,0.0773749351501464,1.2788256406784058
1,block3_h72_seed14,3810,full,4,backward,1,0.9638580679893494,1.3664287328720093,1.4409480094909668,0.0745192766189575,1.3664287328720093
1,block3_h72_seed14,3811,full,3,forward,0,0.9809211492538452,0.7488402724266052,0.8285055160522461,0.0796652436256408,0.8915386199951172
1,block3_h72_seed14,3813,full,3,forward,1,0.9325884580612184,1.1261495351791382,1.187036395072937,0.0608868598937988,1.1261495351791382
1,block3_h72_seed14,3815,full,3,forward,1,0.994959592819214,0.9829992651939392,1.1066150665283203,0.1236158013343811,0.9829992651939392
1,block3_h72_seed14,3816,full,4,backward,1,0.9009361863136292,0.9524495005607604,0.9968182444572448,0.0443687438964843,0.9524495005607604
1,block3_h72_seed14,3817,full,3,forward,1,0.979868233203888,1.4191957712173462,1.5014861822128296,0.0822904109954834,1.4191957712173462
1,block3_h72_seed14,3818,full,2,left,1,0.9295970797538756,1.2988367080688477,1.3511451482772827,0.052308440208435,1.2988367080688477
1,block3_h72_seed14,3819,full,4,backward,1,0.9981655478477478,0.9313335418701172,1.0691174268722534,0.1377838850021362,0.9313335418701172
1,block3_h72_seed14,3820,full,3,forward,1,0.998474895954132,0.6107965707778931,0.7582792639732361,0.147482693195343,0.6107965707778931
1,block3_h72_seed14,3821,full,1,right,1,0.9981829524040222,0.4224238097667694,0.5558497309684753,0.1334259212017059,0.4224238097667694
1,block3_h72_seed14,3822,full,2,left,0,0.6426125764846802,1.1723984479904177,1.1843980550765991,0.0119996070861816,1.2841542959213257
1,block3_h72_seed14,3823,full,1,right,0,0.4143731296062469,1.3075257539749146,1.3110078573226929,0.0034821033477783,1.3110078573226929
1,block3_h72_seed14,3824,full,3,forward,1,0.9911003708839417,0.5504947304725647,0.6560943722724915,0.1055996417999267,0.5504947304725647
1,block3_h72_seed14,3825,full,1,right,1,0.9958904385566713,1.7276792526245115,1.8389253616333008,0.111246109008789,1.7276792526245115
1,block3_h72_seed14,3826,full,3,forward,1,0.9325884580612184,1.1261495351791382,1.187036395072937,0.0608868598937988,1.1261495351791382
1,block3_h72_seed14,3828,full,4,backward,1,0.9992165565490724,0.6671163439750671,0.8146340250968933,0.1475176811218261,0.6671163439750671
1,block3_h72_seed14,3829,full,3,forward,1,0.9916975498199464,0.6811662316322327,0.7919109463691711,0.1107447147369384,0.6811662316322327
1,block3_h72_seed14,3830,full,2,left,1,0.9926902651786804,0.5902340412139893,0.6919997334480286,0.1017656922340393,0.5902340412139893
1,block3_h72_seed14,3831,full,4,backward,1,0.9999982118606568,0.427521139383316,0.7039999961853027,0.2764788568019867,0.427521139383316
1,block3_h72_seed14,3832,full,2,left,1,0.6160097122192383,0.7226042151451111,0.7445605397224426,0.0219563245773315,0.7226042151451111
1,block3_h72_seed14,3833,full,2,left,0,0.950946033000946,0.8195222020149231,0.879871666431427,0.0603494644165039,0.879871666431427
1,block3_h72_seed14,3835,full,3,forward,1,0.998072862625122,1.2316380739212036,1.356956124305725,0.1253180503845214,1.2316380739212036
1,block3_h72_seed14,3836,full,1,right,1,0.99955815076828,0.5170072317123413,0.6761136651039124,0.159106433391571,0.5170072317123413
1,block3_h72_seed14,3838,full,3,forward,1,0.9902623295783995,1.2435396909713743,1.3389015197753906,0.0953618288040161,1.2435396909713743
1,block3_h72_seed14,3839,full,1,right,1,0.9985815286636353,1.5123363733291626,1.6555811166763306,0.1432447433471679,1.5123363733291626
1,block3_h72_seed14,3841,full,3,forward,1,0.9894947409629822,1.2268280982971191,1.319472312927246,0.0926442146301269,1.2268280982971191
1,block3_h72_seed14,3842,full,3,forward,1,0.9928467869758606,1.3640464544296265,1.4731124639511108,0.1090660095214843,1.3640464544296265
1,block3_h72_seed14,3843,full,4,backward,0,0.970553696155548,0.8379510045051575,0.9144022464752196,0.0764512419700622,0.9373471140861512
1,block3_h72_seed14,3844,full,2,left,1,0.9211011528968812,1.7092498540878296,1.7678707838058472,0.0586209297180175,1.7092498540878296
1,block3_h72_seed14,3846,full,4,backward,1,0.9999842643737792,0.5505540370941162,0.7796101570129395,0.2290561199188232,0.5505540370941162
1,block3_h72_seed14,3847,full,1,right,1,0.9930532574653624,1.3127336502075195,1.4282197952270508,0.1154861450195312,1.3127336502075195
1,block3_h72_seed14,3848,full,3,forward,0,0.7348840236663818,0.6799079775810242,0.7009232640266418,0.0210152864456176,0.7806832790374756
1,block3_h72_seed14,3849,full,2,left,0,0.657966136932373,1.0347014665603638,1.0603933334350586,0.0256918668746948,1.0603933334350586
1,block3_h72_seed14,3850,full,3,forward,1,0.9948301911354064,1.4434112310409546,1.5539730787277222,0.1105618476867675,1.4434112310409546
1,block3_h72_seed14,3851,full,4,backward,1,0.7609062790870667,1.0426006317138672,1.074081301689148,0.0314806699752807,1.0426006317138672
1,block3_h72_seed14,3852,full,1,right,0,0.8462746143341064,0.5993236303329468,0.63738614320755,0.0380625128746032,0.6779531836509705
1,block3_h72_seed14,3853,full,2,left,1,0.9483030438423156,1.1610907316207886,1.2229318618774414,0.0618411302566528,1.1610907316207886
1,block3_h72_seed14,3854,full,2,left,1,0.9908409118652344,0.4542207717895508,0.5613072514533997,0.1070864796638488,0.4542207717895508
1,block3_h72_seed14,3855,full,1,right,1,0.9942957758903505,0.4958504736423492,0.6032636761665344,0.1074132025241851,0.4958504736423492
1,block3_h72_seed14,3856,full,1,right,1,0.7163640856742859,1.4926551580429075,1.5149799585342407,0.022324800491333,1.4926551580429075
1,block3_h72_seed14,3857,full,1,right,0,0.865380585193634,2.086120843887329,2.1296656131744385,0.0435447692871093,2.1296656131744385
1,block3_h72_seed14,3858,full,1,right,1,0.999980330467224,0.4837351739406585,0.7144332528114319,0.2306980788707733,0.4837351739406585
1,block3_h72_seed14,3859,full,1,right,1,0.6397408246994019,1.3350648880004885,1.3681296110153198,0.0330647230148315,1.3350648880004885
1,block3_h72_seed14,3860,full,3,forward,1,0.9999674558639526,1.1888070106506348,1.3987289667129517,0.2099219560623169,1.1888070106506348
1,block3_h72_seed14,3862,full,3,forward,1,0.8429772257804871,1.0337947607040403,1.070450782775879,0.0366560220718383,1.0337947607040403
1,block3_h72_seed14,3863,full,3,forward,0,0.7701092958450317,0.8196826577186584,0.8447734713554382,0.0250908136367797,0.907773733139038
1,block3_h72_seed14,3864,full,1,right,1,0.9978905320167542,0.5031306147575378,0.6382899880409241,0.1351593732833862,0.5031306147575378
1,block3_h72_seed14,3865,full,2,left,1,0.9816235303878784,1.2521320581436155,1.3317304849624634,0.0795984268188476,1.2521320581436155
1,block3_h72_seed14,3866,full,2,left,1,0.9998273253440856,0.3636063635349273,0.5451049208641052,0.1814985573291778,0.3636063635349273
1,block3_h72_seed14,3868,full,4,backward,1,0.4563137888908386,0.7786986827850342,0.7831025719642639,0.0044038891792297,0.7786986827850342
1,block3_h72_seed14,3869,full,3,forward,1,0.9996696710586548,1.1124306917190552,1.2886146306991575,0.1761839389801025,1.1124306917190552
1,block3_h72_seed14,3870,full,3,forward,1,0.9758545756340028,1.1571286916732788,1.2347161769866943,0.0775874853134155,1.1571286916732788
1,block3_h72_seed14,3871,full,3,forward,0,0.7564114928245544,0.5114361643791199,0.5341036915779114,0.0226675271987915,0.7251642346382141
1,block3_h72_seed14,3872,full,2,left,1,0.9994007349014282,1.278092384338379,1.4315885305404663,0.1534961462020874,1.278092384338379
1,block3_h72_seed14,3874,full,1,right,1,0.9975691437721252,0.5542321801185608,0.6864827275276184,0.1322505474090576,0.5542321801185608
1,block3_h72_seed14,3876,full,4,backward,1,0.986730694770813,0.8082847595214844,0.9040490984916688,0.0957643389701843,0.8082847595214844
1,block3_h72_seed14,3877,full,1,right,1,0.9886044263839722,1.1018826961517334,1.1933245658874512,0.0914418697357177,1.1018826961517334
1,block3_h72_seed14,3878,full,1,right,1,0.9999327659606934,0.5098934173583984,0.7199602127075195,0.2100667953491211,0.5098934173583984
1,block3_h72_seed14,3879,full,2,left,0,0.5711644887924194,0.4592392444610595,0.4652047157287597,0.0059654712677001,0.5647903084754944
1,block3_h72_seed14,3880,full,1,right,1,0.9520558714866638,1.60549795627594,1.6744974851608276,0.0689995288848877,1.60549795627594
1,block3_h72_seed14,3881,full,1,right,1,0.9995406866073608,0.4488968849182129,0.6199583411216736,0.1710614562034607,0.4488968849182129
1,block3_h72_seed14,3882,full,3,forward,1,0.9986578226089478,1.614108681678772,1.7568674087524414,0.1427587270736694,1.614108681678772
1,block3_h72_seed14,3884,full,4,backward,1,0.9832614064216614,0.8678891062736511,0.9513177871704102,0.083428680896759,0.8678891062736511
1,block3_h72_seed14,3885,full,3,forward,1,0.9891496300697328,0.9888351559638976,1.0877037048339844,0.0988685488700866,0.9888351559638976
1,block3_h72_seed14,3886,full,1,right,0,0.6274992227554321,0.5356238484382629,0.5466821789741516,0.0110583305358886,0.6217347979545593
1,block3_h72_seed14,3887,full,3,forward,1,0.7500483393669128,1.1541012525558472,1.183182716369629,0.0290814638137817,1.1541012525558472
1,block3_h72_seed14,3888,full,3,forward,1,0.9615578055381776,0.6239112615585327,0.6914494633674622,0.0675382018089294,0.6239112615585327
1,block3_h72_seed14,3889,full,3,forward,0,0.496955394744873,1.4382597208023071,1.4389276504516602,0.000667929649353,1.4389276504516602
1,block3_h72_seed14,3890,full,3,forward,1,0.9895963072776794,1.129534125328064,1.2316666841506958,0.1021325588226318,1.129534125328064
1,block3_h72_seed14,3891,full,3,forward,1,0.9983639121055604,1.195964813232422,1.3256127834320068,0.1296479701995849,1.195964813232422
1,block3_h72_seed14,3892,full,3,forward,1,0.9914421439170836,1.2987462282180786,1.402495265007019,0.1037490367889404,1.2987462282180786
1,block3_h72_seed14,3893,full,1,right,1,0.9993091821670532,0.7035703659057617,0.8613243103027344,0.1577539443969726,0.7035703659057617
1,block3_h72_seed14,3894,full,1,right,1,0.9991835951805116,1.2224644422531128,1.3687750101089478,0.1463105678558349,1.2224644422531128
1,block3_h72_seed14,3895,full,4,backward,1,0.9989111423492432,1.2362176179885864,1.3735824823379517,0.1373648643493652,1.2362176179885864
1,block3_h72_seed14,3896,full,4,backward,1,0.9915176033973694,1.214466571807861,1.3122183084487915,0.0977517366409301,1.214466571807861
1,block3_h72_seed14,3897,full,2,left,1,0.6414748430252075,1.3704601526260376,1.3932307958602903,0.0227706432342529,1.3704601526260376
1,block3_h72_seed14,3898,full,2,left,1,0.9814121723175048,1.0954664945602417,1.1876143217086792,0.0921478271484375,1.0954664945602417
1,block3_h72_seed14,3899,full,4,backward,1,0.8054963946342468,1.0850781202316284,1.1135772466659546,0.0284991264343261,1.0850781202316284
1,block3_h72_seed14,3900,full,2,left,0,0.7257365584373474,0.8490062355995178,0.8788987994194031,0.0298925638198852,0.8788987994194031
1,block3_h72_seed14,3901,full,2,left,0,0.5236393809318542,0.7534554600715637,0.7554044723510742,0.0019490122795104,0.8791996836662292
1,block3_h72_seed14,3902,full,1,right,0,0.7045440077781677,1.223149657249451,1.2412620782852173,0.0181124210357666,1.2412620782852173
1,block3_h72_seed14,3904,full,4,backward,1,0.9945618510246276,0.7576019167900085,0.8668527007102966,0.109250783920288,0.7576019167900085
1,block3_h72_seed14,3905,full,3,forward,1,0.995004951953888,0.8899590969085693,1.0156606435775757,0.1257015466690063,0.8899590969085693
1,block3_h72_seed14,3907,full,3,forward,1,0.9995625615119934,0.595512866973877,0.7549143433570862,0.1594014763832092,0.595512866973877
1,block3_h72_seed14,3909,full,3,forward,1,0.9752177000045776,1.359788417816162,1.4403915405273438,0.0806031227111816,1.359788417816162
1,block3_h72_seed14,3910,full,2,left,1,0.9783929586410522,1.2445034980773926,1.3312383890151978,0.0867348909378051,1.2445034980773926
1,block3_h72_seed14,3911,full,1,right,1,0.9211151003837584,1.5710960626602173,1.6216284036636353,0.0505323410034179,1.5710960626602173
1,block3_h72_seed14,3912,full,1,right,0,0.5518445372581482,0.5550660490989685,0.5594040751457214,0.0043380260467529,0.6710694432258606
1,block3_h72_seed14,3913,full,4,backward,1,0.8084812164306641,0.9459444880485536,0.9853916764259338,0.0394471883773803,0.9459444880485536
1,block3_h72_seed14,3914,full,1,right,1,0.5518072843551636,0.9129667282104492,0.9313244819641112,0.0183577537536621,0.9129667282104492
1,block3_h72_seed14,3915,full,1,right,1,0.9997219443321228,0.3640813827514648,0.5467818975448608,0.182700514793396,0.3640813827514648
1,block3_h72_seed14,3916,full,3,forward,1,0.7811413407325745,0.4968587458133697,0.5332598090171814,0.0364010632038116,0.4968587458133697
1,block3_h72_seed14,3918,full,4,backward,1,0.999957799911499,0.3339605331420898,0.5508857369422913,0.2169252038002014,0.3339605331420898
1,block3_h72_seed14,3919,full,1,right,1,0.935027003288269,1.3646713495254517,1.4189924001693726,0.0543210506439209,1.3646713495254517
1,block3_h72_seed14,3921,full,1,right,1,0.5703189969062805,1.2036237716674805,1.2118831872940063,0.0082594156265258,1.2036237716674805
1,block3_h72_seed14,3922,full,2,left,0,0.5041285753250122,1.4209295511245728,1.4236921072006226,0.0027625560760498,1.4236921072006226
1,block3_h72_seed14,3923,full,3,forward,0,0.7630747556686401,1.202985167503357,1.2308406829833984,0.0278555154800415,1.2308406829833984
1,block3_h72_seed14,3924,full,2,left,1,0.885114848613739,1.3709512948989868,1.4128690958023071,0.0419178009033203,1.3709512948989868
1,block3_h72_seed14,3925,full,2,left,0,0.6666393876075745,0.822237491607666,0.836371660232544,0.0141341686248779,0.9596197009086608
1,block3_h72_seed14,3926,full,2,left,1,0.9992595314979552,1.1098737716674805,1.2621102333068848,0.1522364616394043,1.1098737716674805
1,block3_h72_seed14,3927,full,1,right,1,0.996957302093506,1.2164560556411743,1.3452081680297852,0.1287521123886108,1.2164560556411743
1,block3_h72_seed14,3928,full,2,left,1,0.9900168776512146,1.6763347387313845,1.7846282720565796,0.1082935333251953,1.6763347387313845
1,block3_h72_seed14,3929,full,1,right,0,0.7221276760101318,0.5805032253265381,0.599606990814209,0.0191037654876709,0.7907549738883972
1,block3_h72_seed14,3930,full,3,forward,1,0.987122118473053,1.2507325410842896,1.354312300682068,0.1035797595977783,1.2507325410842896
1,block3_h72_seed14,3931,full,3,forward,0,0.5980033278465271,0.4151253998279571,0.4230689108371734,0.0079435110092163,0.6679516434669495
1,block3_h72_seed14,3932,full,1,right,1,0.9881845712661744,0.5275160074234009,0.6318220496177673,0.1043060421943664,0.5275160074234009
1,block3_h72_seed14,3933,full,2,left,1,0.7065340876579285,0.8397366404533386,0.8741976618766785,0.0344610214233398,0.8397366404533386
1,block3_h72_seed14,3934,full,1,right,0,0.9359566569328308,1.2137094736099243,1.268450379371643,0.0547409057617187,1.268450379371643
1,block3_h72_seed14,3935,full,2,left,1,0.9064033627510072,1.0946791172027588,1.1561373472213743,0.0614582300186157,1.0946791172027588
1,block3_h72_seed14,3936,full,2,left,1,0.9816229343414308,1.2521320581436155,1.3317304849624634,0.0795984268188476,1.2521320581436155
1,block3_h72_seed14,3937,full,1,right,1,0.9912770986557008,1.2862805128097534,1.3896822929382324,0.103401780128479,1.2862805128097534
1,block3_h72_seed14,3938,full,1,right,1,0.8780427575111389,0.5295074582099915,0.5823532938957214,0.0528458356857299,0.5295074582099915
1,block3_h72_seed14,3940,full,3,forward,1,0.9295870065689088,1.2441867589950562,1.2973144054412842,0.053127646446228,1.2441867589950562
1,block3_h72_seed14,3941,full,4,backward,1,0.9993093013763428,0.9600871205329896,1.118216872215271,0.1581297516822815,0.9600871205329896
1,block3_h72_seed14,3942,full,2,left,1,0.6205388903617859,0.5610161423683167,0.5716850757598877,0.010668933391571,0.5610161423683167
1,block3_h72_seed14,3943,full,1,right,0,0.8001685738563538,0.6488725543022156,0.6772470474243164,0.0283744931221008,0.746854305267334
1,block3_h72_seed14,3944,full,2,left,1,0.999704897403717,0.3882259130477905,0.5611212253570557,0.1728953123092651,0.3882259130477905
1,block3_h72_seed14,3945,full,4,backward,1,0.9945977926254272,0.6671163439750671,0.7803418040275574,0.1132254600524902,0.6671163439750671
1,block3_h72_seed14,3946,full,2,left,1,0.9823983311653136,0.5902340412139893,0.6845893859863281,0.0943553447723388,0.5902340412139893
1,block3_h72_seed14,3949,full,3,forward,0,0.7392523288726807,0.772127628326416,0.7930083274841309,0.0208806991577148,0.9211263656616212
1,block3_h72_seed14,3951,full,1,right,1,0.8230611681938171,1.0493391752243042,1.0878900289535522,0.038550853729248,1.0493391752243042
1,block3_h72_seed14,3952,full,3,forward,0,0.8307996988296509,0.7488402724266052,0.7807469367980957,0.0319066643714904,0.8915386199951172
1,block3_h72_seed14,3953,full,4,backward,1,0.8978630900382996,1.2818340063095093,1.329969048500061,0.0481350421905517,1.2818340063095093
1,block3_h72_seed14,3954,full,2,left,1,0.9761165380477904,1.424502968788147,1.5058656930923462,0.0813627243041992,1.424502968788147
1,block3_h72_seed14,3955,full,4,backward,1,0.9999732971191406,0.4718924462795257,0.6976108551025391,0.2257184088230133,0.4718924462795257
1,block3_h72_seed14,3956,full,4,backward,1,0.980413258075714,1.3824630975723269,1.461168885231018,0.0787057876586914,1.3824630975723269
1,block3_h72_seed14,3957,full,1,right,1,0.969951033592224,2.1021151542663574,2.17495059967041,0.0728354454040527,2.1021151542663574
1,block3_h72_seed14,3958,full,4,backward,1,0.9997015595436096,0.508508026599884,0.6800374984741211,0.171529471874237,0.508508026599884
1,block3_h72_seed14,3959,full,1,right,1,0.9979870319366456,1.2164559364318848,1.3433295488357544,0.1268736124038696,1.2164559364318848
1,block3_h72_seed14,3960,full,1,right,0,0.8313189148902893,1.377629280090332,1.411096215248108,0.0334669351577758,1.462397575378418
1,block3_h72_seed14,3961,full,1,right,0,0.9680551290512084,0.6325569748878479,0.7047349810600281,0.0721780061721801,0.7365756034851074
1,block3_h72_seed14,3963,full,4,backward,1,0.9997130036354064,0.4593702852725982,0.6352629065513611,0.1758926212787628,0.4593702852725982
1,block3_h72_seed14,3964,full,3,forward,0,0.3334133327007293,0.4731266498565674,0.4746071398258209,0.0014804899692535,0.4828905761241913
1,block3_h72_seed14,3965,full,4,backward,1,0.9998859167099,0.6620908975601196,0.8458750247955322,0.1837841272354126,0.6620908975601196
1,block3_h72_seed14,3967,full,1,right,0,0.5875345468521118,0.4116154015064239,0.4187121391296386,0.0070967376232147,0.5590947270393372
1,block3_h72_seed14,3968,full,4,backward,1,0.999958634376526,0.4718923568725586,0.6758478283882141,0.2039554715156555,0.4718923568725586
1,block3_h72_seed14,3969,full,3,forward,1,0.999322772026062,0.5674753785133362,0.7252734303474426,0.1577980518341064,0.5674753785133362
1,block3_h72_seed14,3970,full,1,right,1,0.98931223154068,1.2862805128097534,1.383643627166748,0.0973631143569946,1.2862805128097534
1,block3_h72_seed14,3971,full,4,backward,1,0.9985454082489014,0.4204345941543579,0.5650308132171631,0.1445962190628051,0.4204345941543579
1,block3_h72_seed14,3972,full,2,left,1,0.992071568965912,1.3633524179458618,1.4677187204360962,0.1043663024902343,1.3633524179458618
1,block3_h72_seed14,3973,full,3,forward,1,0.998854398727417,0.4677538871765136,0.6186199188232422,0.1508660316467285,0.4677538871765136
1,block3_h72_seed14,3975,full,3,forward,1,0.7232931852340698,1.2857646942138672,1.3184736967086792,0.032709002494812,1.2857646942138672
1,block3_h72_seed14,3976,full,2,left,1,0.6453500986099243,1.3158708810806274,1.3281550407409668,0.0122841596603393,1.3158708810806274
1,block3_h72_seed14,3977,full,4,backward,1,0.9999074935913086,0.4721169471740722,0.6669671535491943,0.194850206375122,0.4721169471740722
1,block3_h72_seed14,3978,full,4,backward,1,0.6946299076080322,1.1907739639282229,1.2078958749771118,0.0171219110488891,1.1907739639282229
1,block3_h72_seed14,3982,full,1,right,0,0.9188042283058168,0.7866328358650208,0.835902214050293,0.0492693781852722,0.9034563899040222
1,block3_h72_seed14,3984,full,3,forward,1,0.9999700784683228,0.5482735633850098,0.7643382549285889,0.2160646915435791,0.5482735633850098
1,block3_h72_seed14,3985,full,4,backward,1,0.9993334412574768,0.6265296339988708,0.7806662917137146,0.1541366577148437,0.6265296339988708
1,block3_h72_seed14,3987,full,3,forward,1,0.9997979998588562,0.682892382144928,0.8600521683692932,0.1771597862243652,0.682892382144928
1,block3_h72_seed14,3988,full,3,forward,1,0.7970325946807861,1.0433714389801023,1.073452115058899,0.0300806760787963,1.0433714389801023
1,block3_h72_seed14,3989,full,3,forward,1,0.9992899894714355,0.6107966303825378,0.7747898101806641,0.1639931797981262,0.6107966303825378
1,block3_h72_seed14,3990,full,4,backward,1,0.9740340113639832,0.7228667736053467,0.8026785850524902,0.0798118114471435,0.7228667736053467
1,block3_h72_seed14,3992,full,4,backward,1,0.9985195994377136,1.1275802850723269,1.2587138414382937,0.1311335563659668,1.1275802850723269
1,block3_h72_seed14,3993,full,3,forward,0,0.7392151355743408,0.7721278071403503,0.7930083870887756,0.0208805799484252,0.9211263656616212
1,block3_h72_seed14,3994,full,3,forward,0,0.6083078384399414,0.4376202821731567,0.4464246332645416,0.0088043510913848,0.6784273982048035
1,block3_h72_seed14,3997,full,2,left,1,0.5965557098388672,1.1303404569625854,1.1386886835098269,0.0083482265472412,1.1303404569625854
1,block3_h72_seed14,3998,full,2,left,1,0.922749936580658,1.4451948404312134,1.497460961341858,0.0522661209106445,1.4451948404312134
