cheap_seed,variant,group_id,mode,action_id,action_name,correct,confidence,best_distance,second_best_distance,pred_margin,correct_distance
2,id_block2_h36_seed0,9000,small_full,1,right,1,0.999854326248169,1.12741219997406,1.310001015663147,0.1825888156890869,1.12741219997406
2,id_block2_h36_seed0,9001,small_full,1,right,1,0.9999526739120485,1.440698266029358,1.655962586402893,0.2152643203735351,1.440698266029358
2,id_block2_h36_seed0,9002,small_full,1,right,1,0.998602569103241,0.9906010627746582,1.1222554445266724,0.1316543817520141,0.9906010627746582
2,id_block2_h36_seed0,9003,small_full,4,backward,1,0.9997145533561708,0.7616822123527527,0.9412276744842528,0.1795454621315002,0.7616822123527527
2,id_block2_h36_seed0,9004,small_full,3,forward,1,0.9740866422653198,1.8383771181106567,1.9118019342422483,0.0734248161315918,1.8383771181106567
2,id_block2_h36_seed0,9005,small_full,4,backward,1,0.980180561542511,1.81600284576416,1.89443838596344,0.0784355401992797,1.81600284576416
2,id_block2_h36_seed0,9006,small_full,3,forward,1,0.9995655417442322,0.9734759330749512,1.1368974447250366,0.1634215116500854,0.9734759330749512
2,id_block2_h36_seed0,9007,small_full,2,left,1,0.9989230036735536,1.7443361282348633,1.8873218297958372,0.1429857015609741,1.7443361282348633
2,id_block2_h36_seed0,9008,small_full,2,left,1,0.9940229058265686,0.8990307450294495,1.015738010406494,0.1167072653770446,0.8990307450294495
2,id_block2_h36_seed0,9009,small_full,3,forward,1,0.9998953342437744,0.9629058837890624,1.153797268867493,0.1908913850784301,0.9629058837890624
2,id_block2_h36_seed0,9010,small_full,3,forward,1,0.9996685981750488,0.8298287391662598,1.0085961818695068,0.178767442703247,0.8298287391662598
2,id_block2_h36_seed0,9011,small_full,2,left,1,0.9999537467956544,1.001759052276611,1.204962968826294,0.2032039165496826,1.001759052276611
2,id_block2_h36_seed0,9012,small_full,4,backward,1,0.999942660331726,0.9965021014213562,1.192834496498108,0.1963323950767517,0.9965021014213562
2,id_block2_h36_seed0,9015,small_full,4,backward,1,0.9996405839920044,0.98380708694458,1.14521324634552,0.1614061594009399,0.98380708694458
2,id_block2_h36_seed0,9016,small_full,1,right,1,0.9994762539863586,1.9681743383407595,2.12030291557312,0.1521285772323608,1.9681743383407595
2,id_block2_h36_seed0,9017,small_full,2,left,1,0.9995933175086976,0.749403715133667,0.90781569480896,0.1584119796752929,0.749403715133667
2,id_block2_h36_seed0,9018,small_full,2,left,1,0.999946355819702,0.9519068598747252,1.1618467569351196,0.2099398970603943,0.9519068598747252
2,id_block2_h36_seed0,9019,small_full,2,left,1,0.999566376209259,0.9926919937133788,1.1504429578781128,0.1577509641647339,0.9926919937133788
2,id_block2_h36_seed0,9020,small_full,2,left,1,0.9989984631538392,1.3861756324768066,1.5308250188827517,0.1446493864059448,1.3861756324768066
2,id_block2_h36_seed0,9021,small_full,4,backward,1,0.9997419714927672,0.8492910861968994,1.0170457363128662,0.1677546501159668,0.8492910861968994
2,id_block2_h36_seed0,9024,small_full,1,right,1,0.9999924898147584,1.1835981607437134,1.4267996549606323,0.2432014942169189,1.1835981607437134
2,id_block2_h36_seed0,9026,small_full,2,left,1,0.9714949131011964,1.610311508178711,1.6811994314193726,0.0708879232406616,1.610311508178711
2,id_block2_h36_seed0,9029,small_full,1,right,1,0.9999102354049684,0.992990791797638,1.1843422651290894,0.1913514733314514,0.992990791797638
2,id_block2_h36_seed0,9030,small_full,2,left,1,0.9957031607627868,1.6312440633773804,1.7510414123535156,0.1197973489761352,1.6312440633773804
2,id_block2_h36_seed0,9031,small_full,2,left,1,0.987046241760254,1.8267539739608765,1.922913074493408,0.0961591005325317,1.8267539739608765
2,id_block2_h36_seed0,9032,small_full,3,forward,1,0.9949147701263428,1.8325320482254028,1.943877339363098,0.1113452911376953,1.8325320482254028
2,id_block2_h36_seed0,9036,small_full,1,right,1,0.9998831748962402,2.061073064804077,2.243594169616699,0.182521104812622,2.061073064804077
2,id_block2_h36_seed0,9037,small_full,2,left,1,0.9997157454490662,1.0508259534835815,1.2162097692489624,0.1653838157653808,1.0508259534835815
2,id_block2_h36_seed0,9038,small_full,4,backward,1,0.9997994303703308,0.8390557169914246,1.0242727994918823,0.1852170825004577,0.8390557169914246
2,id_block2_h36_seed0,9041,small_full,3,forward,1,0.9994083642959596,0.7550408244132996,0.9116354584693908,0.1565946340560913,0.7550408244132996
2,id_block2_h36_seed0,9042,small_full,1,right,1,0.9947671890258788,2.160240173339844,2.2724609375,0.1122207641601562,2.160240173339844
2,id_block2_h36_seed0,9043,small_full,4,backward,1,0.9998766183853148,0.9548845291137696,1.1514476537704468,0.1965631246566772,0.9548845291137696
2,id_block2_h36_seed0,9045,small_full,1,right,1,0.969412088394165,2.318636894226074,2.391885995864868,0.0732491016387939,2.318636894226074
2,id_block2_h36_seed0,9046,small_full,1,right,1,0.999845027923584,1.0595245361328125,1.243009090423584,0.1834845542907714,1.0595245361328125
2,id_block2_h36_seed0,9048,small_full,2,left,1,0.999932050704956,1.8253473043441768,2.0241124629974365,0.1987651586532592,1.8253473043441768
2,id_block2_h36_seed0,9049,small_full,2,left,1,0.9995645880699158,1.8760390281677248,2.032418966293335,0.1563799381256103,1.8760390281677248
2,id_block2_h36_seed0,9050,small_full,2,left,1,0.99976247549057,0.8810784220695496,1.0533348321914673,0.1722564101219177,0.8810784220695496
2,id_block2_h36_seed0,9051,small_full,2,left,1,0.8500001430511475,2.0955581665039062,2.131054162979126,0.0354959964752197,2.0955581665039062
2,id_block2_h36_seed0,9052,small_full,3,forward,1,0.998805284500122,0.9447994232177734,1.0839508771896362,0.1391514539718628,0.9447994232177734
2,id_block2_h36_seed0,9053,small_full,2,left,1,0.9642953872680664,2.203041315078736,2.2689943313598637,0.0659530162811279,2.203041315078736
2,id_block2_h36_seed0,9054,small_full,2,left,1,0.999876856803894,0.8931276202201843,1.0941654443740845,0.2010378241539001,0.8931276202201843
2,id_block2_h36_seed0,9055,small_full,3,forward,1,0.9894158840179444,0.6806283593177795,0.7752034068107605,0.0945750474929809,0.6806283593177795
2,id_block2_h36_seed0,9056,small_full,4,backward,1,0.9979689717292786,0.6756455898284912,0.8097335696220398,0.1340879797935485,0.6756455898284912
2,id_block2_h36_seed0,9057,small_full,4,backward,1,0.9998931884765624,0.9778099656105042,1.1713868379592896,0.1935768723487854,0.9778099656105042
2,id_block2_h36_seed0,9060,small_full,3,forward,1,0.9991917014122008,1.740799069404602,1.8835855722427368,0.1427865028381347,1.740799069404602
2,id_block2_h36_seed0,9061,small_full,4,backward,1,0.999908685684204,0.7616822123527527,0.9546217918395996,0.1929395794868469,0.7616822123527527
2,id_block2_h36_seed0,9062,small_full,3,forward,0,0.7075835466384888,1.072632908821106,1.1070795059204102,0.0344465970993042,1.111444115638733
2,id_block2_h36_seed0,9063,small_full,2,left,1,0.9962440729141236,1.8345580101013184,1.952970147132873,0.1184121370315551,1.8345580101013184
2,id_block2_h36_seed0,9064,small_full,4,backward,1,0.9998323917388916,0.7891057133674622,0.9728062748908995,0.1837005615234375,0.7891057133674622
2,id_block2_h36_seed0,9065,small_full,4,backward,1,0.9975211024284364,1.521844744682312,1.6424885988235474,0.1206438541412353,1.521844744682312
2,id_block2_h36_seed0,9066,small_full,3,forward,1,0.9997654557228088,0.7294986844062805,0.9079222679138184,0.1784235835075378,0.7294986844062805
2,id_block2_h36_seed0,9067,small_full,2,left,1,0.9860407114028932,0.794682502746582,0.8836898803710938,0.0890073776245117,0.794682502746582
2,id_block2_h36_seed0,9068,small_full,2,left,1,0.9999113082885742,1.0380209684371948,1.2348724603652954,0.1968514919281005,1.0380209684371948
2,id_block2_h36_seed0,9069,small_full,2,left,1,0.9999289512634276,1.0304040908813477,1.2272650003433228,0.1968609094619751,1.0304040908813477
2,id_block2_h36_seed0,9070,small_full,2,left,1,0.9997485280036926,2.128369092941284,2.294677734375,0.1663086414337158,2.128369092941284
2,id_block2_h36_seed0,9071,small_full,1,right,1,0.9998751878738404,1.1515413522720337,1.3395951986312866,0.1880538463592529,1.1515413522720337
2,id_block2_h36_seed0,9072,small_full,2,left,1,0.9989834427833556,0.8638923764228821,1.0136195421218872,0.1497271656990051,0.8638923764228821
2,id_block2_h36_seed0,9073,small_full,1,right,1,0.9998435974121094,1.0899088382720947,1.276651382446289,0.1867425441741943,1.0899088382720947
2,id_block2_h36_seed0,9074,small_full,4,backward,1,0.9996899366378784,0.7938475012779236,0.955632507801056,0.1617850065231323,0.7938475012779236
2,id_block2_h36_seed0,9075,small_full,3,forward,1,0.9999822378158568,0.9068333506584167,1.1289173364639282,0.2220839858055114,0.9068333506584167
2,id_block2_h36_seed0,9077,small_full,2,left,1,0.9835458993911744,1.2109860181808472,1.2946897745132446,0.0837037563323974,1.2109860181808472
2,id_block2_h36_seed0,9078,small_full,3,forward,1,0.9872647523880004,1.8050428628921509,1.8951095342636108,0.0900666713714599,1.8050428628921509
2,id_block2_h36_seed0,9079,small_full,4,backward,1,0.9999494552612304,1.7743340730667114,1.973446249961853,0.1991121768951416,1.7743340730667114
2,id_block2_h36_seed0,9080,small_full,1,right,1,0.999959111213684,1.0068129301071167,1.2164701223373413,0.2096571922302246,1.0068129301071167
2,id_block2_h36_seed0,9081,small_full,1,right,1,0.9999402761459352,0.9075281023979188,1.1040518283843994,0.1965237259864807,0.9075281023979188
2,id_block2_h36_seed0,9082,small_full,4,backward,1,0.9835916757583618,1.3642727136611938,1.4461935758590698,0.0819208621978759,1.3642727136611938
2,id_block2_h36_seed0,9086,small_full,3,forward,1,0.9997629523277284,2.0372354984283447,2.2045767307281494,0.1673412322998047,2.0372354984283447
2,id_block2_h36_seed0,9087,small_full,4,backward,1,0.9999927282333374,1.8781614303588867,2.127274513244629,0.2491130828857422,1.8781614303588867
2,id_block2_h36_seed0,9089,small_full,4,backward,1,0.9997344613075256,1.5435000658035278,1.7197208404541016,0.1762207746505737,1.5435000658035278
2,id_block2_h36_seed0,9090,small_full,1,right,1,0.9999964237213136,1.5945171117782593,1.8478742837905884,0.2533571720123291,1.5945171117782593
2,id_block2_h36_seed0,9091,small_full,4,backward,1,0.9814485907554626,1.0762149095535278,1.1632825136184692,0.0870676040649414,1.0762149095535278
2,id_block2_h36_seed0,9092,small_full,2,left,1,0.9808737635612488,2.0781455039978027,2.158652067184448,0.0805065631866455,2.0781455039978027
2,id_block2_h36_seed0,9093,small_full,1,right,1,0.999784767627716,1.0588921308517456,1.2282780408859253,0.1693859100341797,1.0588921308517456
2,id_block2_h36_seed0,9095,small_full,4,backward,1,0.9992024302482604,1.716143250465393,1.8589369058609009,0.1427936553955078,1.716143250465393
2,id_block2_h36_seed0,9096,small_full,3,forward,1,0.9990888833999634,0.9488539695739746,1.0973716974258425,0.1485177278518676,0.9488539695739746
2,id_block2_h36_seed0,9097,small_full,1,right,1,0.9899218678474426,1.1994110345840454,1.2920833826065063,0.0926723480224609,1.1994110345840454
2,id_block2_h36_seed0,9099,small_full,1,right,1,0.9767298102378844,1.311508059501648,1.3958373069763184,0.0843292474746704,1.311508059501648
2,id_block2_h36_seed0,9100,small_full,2,left,1,0.9987130165100098,0.9905996918678284,1.1322331428527832,0.1416334509849548,0.9905996918678284
2,id_block2_h36_seed0,9102,small_full,1,right,1,0.9999749660491944,1.1059852838516235,1.3262031078338623,0.2202178239822387,1.1059852838516235
2,id_block2_h36_seed0,9103,small_full,1,right,1,0.9984769225120544,2.3347322940826416,2.4648444652557373,0.1301121711730957,2.3347322940826416
2,id_block2_h36_seed0,9104,small_full,3,forward,1,0.9998334646224976,1.0282596349716189,1.2061829566955566,0.177923321723938,1.0282596349716189
2,id_block2_h36_seed0,9105,small_full,4,backward,1,0.999974489212036,1.7231049537658691,1.9402920007705688,0.2171870470046997,1.7231049537658691
2,id_block2_h36_seed0,9108,small_full,2,left,1,0.9900575280189514,2.128369092941284,2.220982789993286,0.0926136970520019,2.128369092941284
2,id_block2_h36_seed0,9109,small_full,2,left,1,0.99998676776886,0.9757019877433776,1.2177681922912598,0.242066204547882,0.9757019877433776
2,id_block2_h36_seed0,9110,small_full,3,forward,1,0.9997196793556212,1.678730607032776,1.843265175819397,0.1645345687866211,1.678730607032776
2,id_block2_h36_seed0,9111,small_full,2,left,1,0.9996520280838012,0.9229257702827454,1.0885380506515503,0.1656122803688049,0.9229257702827454
2,id_block2_h36_seed0,9112,small_full,4,backward,1,0.9999157190322876,1.178916335105896,1.3676577806472778,0.1887414455413818,1.178916335105896
2,id_block2_h36_seed0,9113,small_full,2,left,1,0.955246925354004,0.9997098445892334,1.0684996843338013,0.0687898397445678,0.9997098445892334
2,id_block2_h36_seed0,9114,small_full,2,left,1,0.9971304535865784,1.517269492149353,1.634391188621521,0.1171216964721679,1.517269492149353
2,id_block2_h36_seed0,9115,small_full,4,backward,1,0.9992838501930236,1.791516900062561,1.947508215904236,0.1559913158416748,1.791516900062561
2,id_block2_h36_seed0,9117,small_full,4,backward,1,0.9978814721107484,1.7069741487503052,1.8300975561141968,0.1231234073638916,1.7069741487503052
2,id_block2_h36_seed0,9118,small_full,3,forward,1,0.999674677848816,1.6423145532608032,1.8045258522033687,0.1622112989425659,1.6423145532608032
2,id_block2_h36_seed0,9119,small_full,3,forward,1,0.9999490976333618,0.8755517601966858,1.0860042572021484,0.2104524970054626,0.8755517601966858
2,id_block2_h36_seed0,9120,small_full,4,backward,1,0.920423984527588,1.917414665222168,1.9665218591690063,0.0491071939468383,1.917414665222168
2,id_block2_h36_seed0,9122,small_full,3,forward,1,0.9999959468841552,0.6798518300056458,0.937309741973877,0.2574579119682312,0.6798518300056458
2,id_block2_h36_seed0,9123,small_full,3,forward,1,0.9995238780975342,1.793434500694275,1.9481325149536133,0.1546980142593383,1.793434500694275
2,id_block2_h36_seed0,9125,small_full,2,left,1,0.9983178377151488,1.0209169387817385,1.1597576141357422,0.1388406753540039,1.0209169387817385
2,id_block2_h36_seed0,9126,small_full,1,right,1,0.9903212189674376,1.0552600622177124,1.155311942100525,0.1000518798828125,1.0552600622177124
2,id_block2_h36_seed0,9127,small_full,1,right,1,0.9782228469848632,2.128885269165039,2.2054760456085205,0.0765907764434814,2.128885269165039
2,id_block2_h36_seed0,9128,small_full,4,backward,1,0.9998375177383424,0.6747143864631653,0.8662629127502441,0.1915485262870788,0.6747143864631653
2,id_block2_h36_seed0,9129,small_full,4,backward,1,0.9998884201049804,1.808069348335266,2.002845048904419,0.1947757005691528,1.808069348335266
2,id_block2_h36_seed0,9131,small_full,4,backward,1,0.998139500617981,1.5041428804397583,1.6377121210098269,0.1335692405700683,1.5041428804397583
2,id_block2_h36_seed0,9133,small_full,1,right,1,0.9998538494110109,0.8974917531013489,1.0757488012313845,0.1782570481300354,0.8974917531013489
2,id_block2_h36_seed0,9134,small_full,3,forward,1,0.9999569654464722,1.0058199167251587,1.20933735370636,0.2035174369812011,1.0058199167251587
2,id_block2_h36_seed0,9135,small_full,2,left,1,0.9984684586524964,2.3651108741760254,2.5035154819488525,0.1384046077728271,2.3651108741760254
2,id_block2_h36_seed0,9136,small_full,3,forward,1,0.9994805455207824,0.9127590656280518,1.0818322896957395,0.169073224067688,0.9127590656280518
2,id_block2_h36_seed0,9137,small_full,2,left,1,0.9963866472244264,2.1174156665802,2.2330148220062256,0.1155991554260253,2.1174156665802
2,id_block2_h36_seed0,9139,small_full,2,left,1,0.9825878739356996,1.297173023223877,1.378508448600769,0.081335425376892,1.297173023223877
2,id_block2_h36_seed0,9142,small_full,1,right,1,0.9988092184066772,1.1590114831924438,1.2951581478118896,0.1361466646194458,1.1590114831924438
2,id_block2_h36_seed0,9143,small_full,3,forward,1,0.9983539581298828,1.860679626464844,1.9921517372131348,0.131472110748291,1.860679626464844
2,id_block2_h36_seed0,9144,small_full,4,backward,1,0.999955415725708,1.6463508605957031,1.853424072265625,0.2070732116699218,1.6463508605957031
2,id_block2_h36_seed0,9146,small_full,4,backward,1,0.999964475631714,0.6964945793151855,0.9178870320320128,0.2213924527168274,0.6964945793151855
2,id_block2_h36_seed0,9149,small_full,3,forward,1,0.9992285966873168,1.7487891912460327,1.8933454751968384,0.1445562839508056,1.7487891912460327
2,id_block2_h36_seed0,9150,small_full,3,forward,1,0.9999775886535645,1.12968909740448,1.3586044311523438,0.2289153337478637,1.12968909740448
2,id_block2_h36_seed0,9151,small_full,1,right,1,0.9938355088233948,2.318636894226074,2.421354055404663,0.1027171611785888,2.318636894226074
2,id_block2_h36_seed0,9152,small_full,4,backward,1,0.998902440071106,0.9444472193717957,1.0964915752410889,0.1520443558692932,0.9444472193717957
2,id_block2_h36_seed0,9154,small_full,4,backward,1,0.999992847442627,1.8014841079711916,2.0387086868286133,0.2372245788574218,1.8014841079711916
2,id_block2_h36_seed0,9155,small_full,2,left,1,0.9956589937210084,1.6312440633773804,1.7510414123535156,0.1197973489761352,1.6312440633773804
2,id_block2_h36_seed0,9156,small_full,4,backward,1,0.9974810481071472,1.06840980052948,1.188053011894226,0.1196432113647461,1.06840980052948
2,id_block2_h36_seed0,9157,small_full,3,forward,1,0.9999600648880004,0.8327649235725403,1.0366687774658203,0.20390385389328,0.8327649235725403
2,id_block2_h36_seed0,9160,small_full,4,backward,1,0.9999961853027344,1.5172038078308103,1.7665420770645142,0.2493382692337036,1.5172038078308103
2,id_block2_h36_seed0,9161,small_full,2,left,1,0.9980657696723938,1.672759175300598,1.7981690168380735,0.1254098415374755,1.672759175300598
2,id_block2_h36_seed0,9162,small_full,4,backward,1,0.9993614554405212,1.6866925954818726,1.834535002708435,0.1478424072265625,1.6866925954818726
2,id_block2_h36_seed0,9163,small_full,4,backward,1,0.969595730304718,1.766891598701477,1.8362683057785036,0.0693767070770263,1.766891598701477
2,id_block2_h36_seed0,9164,small_full,1,right,1,0.9999247789382936,0.8554749488830566,1.0534062385559082,0.1979312896728515,0.8554749488830566
2,id_block2_h36_seed0,9165,small_full,2,left,1,0.9998984336853028,1.1468147039413452,1.3309935331344604,0.1841788291931152,1.1468147039413452
2,id_block2_h36_seed0,9166,small_full,2,left,1,0.6181403398513794,1.937697410583496,1.9474090337753296,0.0097116231918334,1.937697410583496
2,id_block2_h36_seed0,9167,small_full,3,forward,1,0.9999597072601318,0.8396892547607422,1.0559369325637815,0.2162476778030395,0.8396892547607422
2,id_block2_h36_seed0,9169,small_full,2,left,1,0.9999783039093018,1.0508259534835815,1.273289442062378,0.2224634885787964,1.0508259534835815
2,id_block2_h36_seed0,9170,small_full,3,forward,1,0.9999301433563232,1.7771486043930054,1.9696741104125977,0.1925255060195922,1.7771486043930054
2,id_block2_h36_seed0,9171,small_full,2,left,1,0.9999902248382568,0.923557698726654,1.1715534925460815,0.2479957938194275,0.923557698726654
2,id_block2_h36_seed0,9173,small_full,2,left,1,0.9721039533615112,2.2041335105896,2.2770912647247314,0.0729577541351318,2.2041335105896
2,id_block2_h36_seed0,9174,small_full,3,forward,1,0.9996466636657716,0.8202212452888489,0.9796951413154602,0.1594738960266113,0.8202212452888489
2,id_block2_h36_seed0,9175,small_full,2,left,1,0.9900810122489928,0.9997098445892334,1.0968016386032104,0.097091794013977,0.9997098445892334
2,id_block2_h36_seed0,9176,small_full,3,forward,1,0.9999661445617676,0.9577100872993468,1.170256495475769,0.2125464081764221,0.9577100872993468
2,id_block2_h36_seed0,9177,small_full,4,backward,1,0.9145066142082214,1.891507148742676,1.9389480352401731,0.0474408864974975,1.891507148742676
2,id_block2_h36_seed0,9178,small_full,4,backward,1,0.9999074935913086,0.8138028979301453,1.0130152702331543,0.199212372303009,0.8138028979301453
2,id_block2_h36_seed0,9179,small_full,4,backward,1,0.9978862404823304,1.6722983121871948,1.7955573797225952,0.1232590675354003,1.6722983121871948
2,id_block2_h36_seed0,9180,small_full,4,backward,1,0.9993858337402344,1.833476424217224,1.982022881507873,0.1485464572906494,1.833476424217224
2,id_block2_h36_seed0,9181,small_full,2,left,1,0.9999971389770508,1.8461666107177732,2.1012566089630127,0.2550899982452392,1.8461666107177732
2,id_block2_h36_seed0,9184,small_full,4,backward,1,0.991734743118286,1.6990267038345337,1.7949323654174805,0.0959056615829467,1.6990267038345337
2,id_block2_h36_seed0,9185,small_full,1,right,1,0.992201566696167,2.348378419876098,2.447242498397827,0.0988640785217285,2.348378419876098
2,id_block2_h36_seed0,9186,small_full,1,right,1,0.9992002844810486,0.9740163683891296,1.1281520128250122,0.1541356444358825,0.9740163683891296
2,id_block2_h36_seed0,9187,small_full,4,backward,1,0.999588906764984,1.5864044427871704,1.7432069778442385,0.1568025350570678,1.5864044427871704
2,id_block2_h36_seed0,9188,small_full,3,forward,1,0.9991081357002258,1.834790825843811,1.9752296209335327,0.1404387950897216,1.834790825843811
2,id_block2_h36_seed0,9189,small_full,2,left,1,0.99980491399765,1.1636050939559937,1.344381332397461,0.1807762384414672,1.1636050939559937
2,id_block2_h36_seed0,9191,small_full,1,right,1,0.9925365447998048,1.3355804681777954,1.451042652130127,0.1154621839523315,1.3355804681777954
2,id_block2_h36_seed0,9192,small_full,2,left,1,0.999992609024048,0.8942933082580566,1.139468789100647,0.2451754808425903,0.8942933082580566
2,id_block2_h36_seed0,9193,small_full,3,forward,1,0.976867139339447,1.944660186767578,2.020650863647461,0.0759906768798828,1.944660186767578
2,id_block2_h36_seed0,9194,small_full,3,forward,1,0.9985920786857604,1.678730607032776,1.822433829307556,0.1437032222747802,1.678730607032776
2,id_block2_h36_seed0,9195,small_full,1,right,1,0.990516722202301,0.9907811284065248,1.0937530994415283,0.1029719710350036,0.9907811284065248
2,id_block2_h36_seed0,9196,small_full,4,backward,1,0.9990334510803224,1.785529613494873,1.924380660057068,0.1388510465621948,1.785529613494873
2,id_block2_h36_seed0,9197,small_full,4,backward,1,0.9993160963058472,0.8109574317932129,0.9586346745491028,0.1476772427558899,0.8109574317932129
2,id_block2_h36_seed0,9198,small_full,2,left,1,0.9829975366592408,2.524198293685913,2.6054463386535645,0.0812480449676513,2.524198293685913
2,id_block2_h36_seed0,9200,small_full,2,left,1,0.9301262497901917,2.160938262939453,2.2127130031585693,0.0517747402191162,2.160938262939453
2,id_block2_h36_seed0,9201,small_full,2,left,1,0.9969159364700316,1.8345580101013184,1.952970147132873,0.1184121370315551,1.8345580101013184
2,id_block2_h36_seed0,9202,small_full,1,right,1,0.9979562759399414,1.0704554319381714,1.202466368675232,0.1320109367370605,1.0704554319381714
2,id_block2_h36_seed0,9203,small_full,3,forward,1,0.9995155334472656,0.9736220240592957,1.126752853393555,0.153130829334259,0.9736220240592957
2,id_block2_h36_seed0,9204,small_full,3,forward,1,0.9892598390579224,1.8299058675765991,1.9219870567321775,0.0920811891555786,1.8299058675765991
2,id_block2_h36_seed0,9205,small_full,3,forward,1,0.9936665892601012,1.929770588874817,2.03088927268982,0.1011186838150024,1.929770588874817
2,id_block2_h36_seed0,9207,small_full,3,forward,1,0.9993626475334167,0.8022193312644958,0.9627012610435486,0.1604819297790527,0.8022193312644958
2,id_block2_h36_seed0,9208,small_full,4,backward,1,0.9999932050704956,0.9006968140602112,1.1429306268692017,0.2422338128089904,0.9006968140602112
2,id_block2_h36_seed0,9209,small_full,4,backward,1,0.9995216131210328,0.7496662735939026,0.9026123881340028,0.1529461145401001,0.7496662735939026
2,id_block2_h36_seed0,9210,small_full,2,left,1,0.999406099319458,0.8588300347328186,1.0170809030532837,0.1582508683204651,0.8588300347328186
2,id_block2_h36_seed0,9211,small_full,3,forward,1,0.9991043210029602,1.834790825843811,1.9752296209335327,0.1404387950897216,1.834790825843811
2,id_block2_h36_seed0,9212,small_full,2,left,1,0.9999988079071044,1.9160481691360476,2.199716329574585,0.2836681604385376,1.9160481691360476
2,id_block2_h36_seed0,9214,small_full,3,forward,1,0.9991732239723206,0.7859177589416504,0.9284951090812684,0.1425773501396179,0.7859177589416504
2,id_block2_h36_seed0,9215,small_full,3,forward,1,0.994705617427826,2.061475992202759,2.1663198471069336,0.1048438549041748,2.061475992202759
2,id_block2_h36_seed0,9218,small_full,4,backward,1,0.998596727848053,1.6637786626815796,1.80313241481781,0.1393537521362304,1.6637786626815796
2,id_block2_h36_seed0,9219,small_full,1,right,1,0.9972293972969056,1.9390357732772827,2.067321538925171,0.1282857656478881,1.9390357732772827
2,id_block2_h36_seed0,9220,small_full,3,forward,1,0.9994402527809144,0.7896992564201355,0.9405207633972168,0.1508215069770813,0.7896992564201355
2,id_block2_h36_seed0,9221,small_full,3,forward,1,0.9963501691818236,1.2977343797683716,1.4141842126846311,0.1164498329162597,1.2977343797683716
2,id_block2_h36_seed0,9222,small_full,3,forward,1,0.9999995231628418,1.7417865991592407,2.047947645187378,0.3061610460281372,1.7417865991592407
2,id_block2_h36_seed0,9225,small_full,1,right,1,0.9998654127120972,1.2787994146347046,1.4588171243667605,0.1800177097320556,1.2787994146347046
2,id_block2_h36_seed0,9226,small_full,1,right,1,0.9999951124191284,1.038677215576172,1.2870018482208252,0.2483246326446533,1.038677215576172
2,id_block2_h36_seed0,9227,small_full,3,forward,1,0.9997410178184508,1.9139509201049805,2.0796446800231934,0.1656937599182129,1.9139509201049805
2,id_block2_h36_seed0,9228,small_full,3,forward,1,0.9989863038063048,0.7120685577392578,0.8590776920318604,0.1470091342926025,0.7120685577392578
2,id_block2_h36_seed0,9230,small_full,2,left,1,0.9999996423721312,1.5640236139297483,1.8636115789413448,0.2995879650115967,1.5640236139297483
2,id_block2_h36_seed0,9231,small_full,3,forward,1,0.9999290704727172,0.9202855229377748,1.128308892250061,0.2080233693122863,0.9202855229377748
2,id_block2_h36_seed0,9232,small_full,1,right,1,0.951429545879364,1.6236227750778198,1.6873327493667605,0.0637099742889404,1.6236227750778198
2,id_block2_h36_seed0,9233,small_full,4,backward,1,0.999987244606018,0.9354888796806335,1.1619442701339722,0.2264553904533386,0.9354888796806335
2,id_block2_h36_seed0,9234,small_full,3,forward,1,0.9996567964553832,0.8927860260009766,1.0541585683822632,0.1613725423812866,0.8927860260009766
2,id_block2_h36_seed0,9235,small_full,4,backward,1,0.9998737573623656,0.98380708694458,1.164383053779602,0.1805759668350219,0.98380708694458
2,id_block2_h36_seed0,9236,small_full,3,forward,1,0.9995450377464294,1.5826114416122437,1.7402315139770508,0.1576200723648071,1.5826114416122437
2,id_block2_h36_seed0,9237,small_full,2,left,1,0.9998119473457336,2.44838547706604,2.621030330657959,0.1726448535919189,2.44838547706604
2,id_block2_h36_seed0,9239,small_full,2,left,1,0.999169945716858,1.1141624450683594,1.2710753679275513,0.1569129228591919,1.1141624450683594
2,id_block2_h36_seed0,9240,small_full,1,right,1,0.9999933242797852,1.4066473245620728,1.6493433713912964,0.2426960468292236,1.4066473245620728
2,id_block2_h36_seed0,9241,small_full,4,backward,1,0.992132604122162,1.842230439186096,1.938998818397522,0.0967683792114257,1.842230439186096
2,id_block2_h36_seed0,9242,small_full,1,right,1,0.9148715138435364,1.501900553703308,1.5688518285751345,0.0669512748718261,1.501900553703308
2,id_block2_h36_seed0,9243,small_full,2,left,1,0.9997201561927797,1.096427321434021,1.2710496187210083,0.1746222972869873,1.096427321434021
2,id_block2_h36_seed0,9244,small_full,4,backward,1,0.999909281730652,1.4575914144515991,1.6442623138427734,0.1866708993911743,1.4575914144515991
2,id_block2_h36_seed0,9245,small_full,2,left,1,0.9993388056755066,1.7125029563903809,1.867448210716248,0.1549452543258667,1.7125029563903809
2,id_block2_h36_seed0,9247,small_full,4,backward,1,0.9995989203453064,0.7934949994087219,0.9587059020996094,0.1652109026908874,0.7934949994087219
2,id_block2_h36_seed0,9249,small_full,4,backward,1,0.9996689558029176,1.7284883260726929,1.8888229131698608,0.1603345870971679,1.7284883260726929
2,id_block2_h36_seed0,9250,small_full,1,right,1,0.989719033241272,2.014403820037842,2.114906311035156,0.1005024909973144,2.014403820037842
2,id_block2_h36_seed0,9251,small_full,2,left,1,0.9997755885124208,1.9700437784194944,2.1381819248199463,0.1681381464004516,1.9700437784194944
2,id_block2_h36_seed0,9252,small_full,4,backward,1,0.994848370552063,1.6843671798706057,1.791525959968567,0.1071587800979614,1.6843671798706057
2,id_block2_h36_seed0,9254,small_full,3,forward,1,0.9708020091056824,1.6873270273208618,1.7576990127563477,0.0703719854354858,1.6873270273208618
2,id_block2_h36_seed0,9256,small_full,3,forward,1,0.9997567534446716,0.8333751559257507,1.0067185163497925,0.1733433604240417,0.8333751559257507
2,id_block2_h36_seed0,9258,small_full,3,forward,1,0.9946520328521729,1.066929817199707,1.178540825843811,0.111611008644104,1.066929817199707
2,id_block2_h36_seed0,9259,small_full,3,forward,1,0.9999206066131592,1.6173391342163086,1.807996392250061,0.1906572580337524,1.6173391342163086
2,id_block2_h36_seed0,9260,small_full,1,right,1,0.988826870918274,1.0329842567443848,1.1336489915847778,0.100664734840393,1.0329842567443848
2,id_block2_h36_seed0,9261,small_full,1,right,1,0.9956430196762084,1.0930368900299072,1.2073317766189575,0.1142948865890502,1.0930368900299072
2,id_block2_h36_seed0,9262,small_full,3,forward,1,0.9995854496955872,0.7916716933250427,0.964709460735321,0.1730377674102783,0.7916716933250427
2,id_block2_h36_seed0,9263,small_full,1,right,1,0.9999796152114868,1.420868754386902,1.641180157661438,0.2203114032745361,1.420868754386902
2,id_block2_h36_seed0,9266,small_full,4,backward,1,0.9996830224990844,0.9276089072227478,1.0993469953536987,0.1717380881309509,0.9276089072227478
2,id_block2_h36_seed0,9267,small_full,3,forward,1,0.9988678693771362,0.6363402009010315,0.7822505831718445,0.145910382270813,0.6363402009010315
2,id_block2_h36_seed0,9268,small_full,1,right,1,0.999539852142334,1.5307356119155884,1.6844396591186523,0.1537040472030639,1.5307356119155884
2,id_block2_h36_seed0,9269,small_full,1,right,1,0.9966250658035278,0.9678829312324524,1.0816832780838013,0.1138003468513488,0.9678829312324524
2,id_block2_h36_seed0,9270,small_full,4,backward,1,0.999992847442627,1.6458978652954102,1.883216857910156,0.2373189926147461,1.6458978652954102
2,id_block2_h36_seed0,9271,small_full,1,right,1,0.9999974966049194,1.9138126373291016,2.1742827892303467,0.2604701519012451,1.9138126373291016
2,id_block2_h36_seed0,9272,small_full,4,backward,1,0.9997819066047668,1.8425830602645876,2.012835741043091,0.1702526807785034,1.8425830602645876
2,id_block2_h36_seed0,9273,small_full,3,forward,1,0.9997524619102478,0.790412425994873,0.9716160893440248,0.1812036633491516,0.790412425994873
2,id_block2_h36_seed0,9274,small_full,4,backward,1,0.9972971081733704,1.0837024450302124,1.212718844413757,0.1290163993835449,1.0837024450302124
2,id_block2_h36_seed0,9276,small_full,1,right,1,0.9996252059936525,2.2185535430908203,2.376454591751098,0.1579010486602783,2.2185535430908203
2,id_block2_h36_seed0,9277,small_full,3,forward,1,0.9998621940612792,0.7294986844062805,0.9079222679138184,0.1784235835075378,0.7294986844062805
2,id_block2_h36_seed0,9278,small_full,2,left,1,0.9950630068778992,1.4144965410232544,1.5293160676956177,0.1148195266723632,1.4144965410232544
2,id_block2_h36_seed0,9279,small_full,2,left,1,0.9998043179512024,1.1761974096298218,1.3518986701965332,0.1757012605667114,1.1761974096298218
2,id_block2_h36_seed0,9282,small_full,4,backward,1,0.9999556541442872,0.759185254573822,0.9739108085632324,0.2147255539894104,0.759185254573822
2,id_block2_h36_seed0,9283,small_full,4,backward,1,0.9990240335464478,1.3462187051773071,1.4913053512573242,0.1450866460800171,1.3462187051773071
2,id_block2_h36_seed0,9284,small_full,2,left,1,0.9904246926307678,0.9020902514457704,1.007462739944458,0.1053724884986877,0.9020902514457704
2,id_block2_h36_seed0,9286,small_full,3,forward,1,0.9997891783714294,1.0176223516464231,1.1897741556167605,0.1721518039703369,1.0176223516464231
2,id_block2_h36_seed0,9288,small_full,1,right,1,0.9999333620071412,1.0906363725662231,1.2872925996780396,0.1966562271118164,1.0906363725662231
2,id_block2_h36_seed0,9290,small_full,2,left,1,0.9997219443321228,0.8212597370147705,0.998402774333954,0.1771430373191833,0.8212597370147705
2,id_block2_h36_seed0,9292,small_full,4,backward,1,0.9981268048286438,0.886359691619873,1.022169828414917,0.1358101367950439,0.886359691619873
2,id_block2_h36_seed0,9293,small_full,2,left,1,0.9981620907783508,0.8663630485534668,0.9925890564918518,0.126226007938385,0.8663630485534668
2,id_block2_h36_seed0,9294,small_full,3,forward,1,0.9997521042823792,1.797784447669983,1.963911175727844,0.1661267280578613,1.797784447669983
2,id_block2_h36_seed0,9295,small_full,4,backward,1,0.99515038728714,1.8460774421691892,1.9555846452713013,0.1095072031021118,1.8460774421691892
2,id_block2_h36_seed0,9296,small_full,4,backward,1,0.9888209104537964,1.5922740697860718,1.687586784362793,0.0953127145767211,1.5922740697860718
2,id_block2_h36_seed0,9297,small_full,3,forward,1,0.996800422668457,0.8373517990112305,0.959839642047882,0.1224878430366516,0.8373517990112305
2,id_block2_h36_seed0,9298,small_full,1,right,1,0.9971914887428284,1.1160845756530762,1.2339481115341189,0.1178635358810424,1.1160845756530762
2,id_block2_h36_seed0,9299,small_full,3,forward,1,0.9999626874923706,1.0084384679794312,1.2129151821136477,0.2044767141342163,1.0084384679794312
2,id_block2_h36_seed0,9300,small_full,4,backward,1,0.9996312856674194,0.6383095383644104,0.8030259013175964,0.164716362953186,0.6383095383644104
2,id_block2_h36_seed0,9301,small_full,1,right,1,0.9999281167984008,1.0023113489151,1.2053333520889282,0.2030220031738281,1.0023113489151
2,id_block2_h36_seed0,9302,small_full,1,right,1,0.9953994154930116,1.2777270078659058,1.391073226928711,0.1133462190628051,1.2777270078659058
2,id_block2_h36_seed0,9303,small_full,3,forward,1,0.9964814186096193,1.9697540998458865,2.085813283920288,0.1160591840744018,1.9697540998458865
2,id_block2_h36_seed0,9304,small_full,2,left,1,0.9999233484268188,0.7923110127449036,0.9838783144950868,0.1915673017501831,0.7923110127449036
2,id_block2_h36_seed0,9305,small_full,3,forward,1,0.9995775818824768,1.9139509201049805,2.0796446800231934,0.1656937599182129,1.9139509201049805
2,id_block2_h36_seed0,9306,small_full,2,left,1,0.9999414682388306,1.531585693359375,1.7312606573104858,0.1996749639511108,1.531585693359375
2,id_block2_h36_seed0,9307,small_full,3,forward,1,0.9997439980506896,1.9139509201049805,2.0796446800231934,0.1656937599182129,1.9139509201049805
2,id_block2_h36_seed0,9308,small_full,1,right,1,0.9935733675956726,1.1160845756530762,1.2265558242797852,0.1104712486267089,1.1160845756530762
2,id_block2_h36_seed0,9309,small_full,4,backward,1,0.999919891357422,1.34736967086792,1.546261191368103,0.1988915205001831,1.34736967086792
2,id_block2_h36_seed0,9310,small_full,3,forward,1,0.999996781349182,1.7343602180480957,1.9872454404830933,0.2528852224349975,1.7343602180480957
2,id_block2_h36_seed0,9312,small_full,4,backward,1,0.9991844296455384,0.9562144875526428,1.0997236967086792,0.1435092091560363,0.9562144875526428
2,id_block2_h36_seed0,9313,small_full,1,right,1,0.9994907379150392,1.0509759187698364,1.2072850465774536,0.1563091278076172,1.0509759187698364
2,id_block2_h36_seed0,9315,small_full,3,forward,1,0.9996730089187622,0.779914915561676,0.9468307495117188,0.1669158339500427,0.779914915561676
2,id_block2_h36_seed0,9316,small_full,3,forward,1,0.999870538711548,1.7883762121200562,1.9676014184951784,0.179225206375122,1.7883762121200562
2,id_block2_h36_seed0,9317,small_full,1,right,1,0.9992153644561768,0.932263195514679,1.088802933692932,0.1565397381782531,0.932263195514679
2,id_block2_h36_seed0,9318,small_full,1,right,1,0.996830403804779,1.2074607610702517,1.32595956325531,0.1184988021850586,1.2074607610702517
2,id_block2_h36_seed0,9319,small_full,4,backward,1,0.9999895095825196,0.7916090488433838,1.029589056968689,0.2379800081253051,0.7916090488433838
2,id_block2_h36_seed0,9320,small_full,2,left,1,0.9999799728393556,1.0163671970367432,1.2337037324905396,0.2173365354537964,1.0163671970367432
2,id_block2_h36_seed0,9321,small_full,2,left,1,0.917707860469818,1.809802532196045,1.8671852350234983,0.0573827028274536,1.809802532196045
2,id_block2_h36_seed0,9322,small_full,2,left,1,0.9993988275527954,2.461344957351685,2.610405206680298,0.1490602493286132,2.461344957351685
2,id_block2_h36_seed0,9325,small_full,2,left,1,0.9999161958694458,1.0938687324523926,1.2944278717041016,0.2005591392517089,1.0938687324523926
2,id_block2_h36_seed0,9326,small_full,4,backward,1,0.9982457160949708,0.8342960476875305,0.9621642231941224,0.1278681755065918,0.8342960476875305
2,id_block2_h36_seed0,9327,small_full,3,forward,1,0.9988195300102234,1.0669431686401367,1.2132060527801514,0.1462628841400146,1.0669431686401367
2,id_block2_h36_seed0,9328,small_full,2,left,1,0.9999902248382568,0.9153108596801758,1.1582412719726562,0.2429304122924804,0.9153108596801758
2,id_block2_h36_seed0,9329,small_full,1,right,1,0.994967758655548,1.5258766412734983,1.6417745351791382,0.1158978939056396,1.5258766412734983
2,id_block2_h36_seed0,9330,small_full,4,backward,1,0.9999505281448364,0.7441868782043457,0.94534832239151,0.2011614441871643,0.7441868782043457
2,id_block2_h36_seed0,9331,small_full,2,left,1,0.9987940788269044,1.7959705591201782,1.9439600706100464,0.1479895114898681,1.7959705591201782
2,id_block2_h36_seed0,9332,small_full,2,left,1,0.9914773106575012,2.212642908096313,2.307784080505371,0.0951411724090576,2.212642908096313
2,id_block2_h36_seed0,9333,small_full,2,left,1,0.9999957084655762,1.1328177452087402,1.396968960762024,0.2641512155532837,1.1328177452087402
2,id_block2_h36_seed0,9334,small_full,1,right,1,0.9999518394470216,2.184436798095703,2.3841629028320312,0.1997261047363281,2.184436798095703
2,id_block2_h36_seed0,9335,small_full,3,forward,1,0.9999942779541016,1.672833800315857,1.930919051170349,0.2580852508544922,1.672833800315857
2,id_block2_h36_seed0,9337,small_full,1,right,1,0.9998859167099,1.0002301931381226,1.1908577680587769,0.1906275749206543,1.0002301931381226
2,id_block2_h36_seed0,9338,small_full,2,left,1,0.9999539852142334,1.6445192098617554,1.844563603401184,0.2000443935394287,1.6445192098617554
2,id_block2_h36_seed0,9339,small_full,4,backward,1,0.9997029900550842,0.9353377223014832,1.1168402433395386,0.1815025210380554,0.9353377223014832
2,id_block2_h36_seed0,9340,small_full,1,right,1,0.9984809756278992,1.2074607610702517,1.339956283569336,0.1324955224990844,1.2074607610702517
2,id_block2_h36_seed0,9341,small_full,4,backward,1,0.9980839490890504,1.188774585723877,1.319562315940857,0.1307877302169799,1.188774585723877
2,id_block2_h36_seed0,9342,small_full,4,backward,1,0.9999879598617554,0.9751074314117432,1.2031102180480957,0.2280027866363525,0.9751074314117432
2,id_block2_h36_seed0,9343,small_full,3,forward,1,0.9999881982803344,1.6173391342163086,1.8642463684082031,0.2469072341918945,1.6173391342163086
2,id_block2_h36_seed0,9344,small_full,4,backward,1,0.9987579584121704,1.4062355756759644,1.540328025817871,0.1340924501419067,1.4062355756759644
2,id_block2_h36_seed0,9346,small_full,3,forward,1,0.999675989151001,1.9481745958328247,2.114338159561157,0.1661635637283325,1.9481745958328247
2,id_block2_h36_seed0,9347,small_full,1,right,1,0.9996684789657592,1.0899088382720947,1.2577675580978394,0.1678587198257446,1.0899088382720947
2,id_block2_h36_seed0,9348,small_full,2,left,1,0.9944453835487366,1.588007569313049,1.6923326253890991,0.1043250560760498,1.588007569313049
2,id_block2_h36_seed0,9350,small_full,4,backward,1,0.9987653493881226,1.917414665222168,2.0530688762664795,0.1356542110443115,1.917414665222168
2,id_block2_h36_seed0,9351,small_full,4,backward,1,0.9999675750732422,0.9616313576698304,1.1770830154418943,0.2154516577720642,0.9616313576698304
2,id_block2_h36_seed0,9352,small_full,1,right,1,0.9996581077575684,1.6639245748519895,1.826588749885559,0.1626641750335693,1.6639245748519895
2,id_block2_h36_seed0,9353,small_full,2,left,1,0.999991536140442,1.1761974096298218,1.4180091619491575,0.2418117523193359,1.1761974096298218
2,id_block2_h36_seed0,9354,small_full,1,right,1,0.9999784231185912,1.0068129301071167,1.2338491678237915,0.2270362377166748,1.0068129301071167
2,id_block2_h36_seed0,9355,small_full,4,backward,1,0.9996875524520874,1.092363357543945,1.2558579444885254,0.16349458694458,1.092363357543945
2,id_block2_h36_seed0,9357,small_full,4,backward,1,0.9999785423278807,1.6923223733901978,1.9075502157211304,0.2152278423309326,1.6923223733901978
2,id_block2_h36_seed0,9359,small_full,1,right,1,0.9942409992218018,1.0232559442520142,1.1353203058242798,0.1120643615722656,1.0232559442520142
2,id_block2_h36_seed0,9360,small_full,4,backward,1,0.9982678890228271,0.8342960476875305,0.9621642231941224,0.1278681755065918,0.8342960476875305
2,id_block2_h36_seed0,9361,small_full,3,forward,1,0.999979853630066,2.0572049617767334,2.281419038772583,0.2242140769958496,2.0572049617767334
2,id_block2_h36_seed0,9362,small_full,3,forward,1,0.9996858835220336,0.9447994232177734,1.1195780038833618,0.1747785806655883,0.9447994232177734
2,id_block2_h36_seed0,9363,small_full,1,right,1,0.9999595880508424,1.873983383178711,2.0869953632354736,0.2130119800567627,1.873983383178711
2,id_block2_h36_seed0,9364,small_full,4,backward,1,0.9999154806137084,1.7692285776138306,1.9585976600646973,0.1893690824508667,1.7692285776138306
2,id_block2_h36_seed0,9366,small_full,4,backward,1,0.9999948740005492,1.06840980052948,1.3162115812301636,0.2478017807006836,1.06840980052948
2,id_block2_h36_seed0,9367,small_full,4,backward,1,0.7317374348640442,1.885959506034851,1.906327724456787,0.020368218421936,1.885959506034851
2,id_block2_h36_seed0,9369,small_full,4,backward,1,0.9998143315315248,0.9867005944252014,1.1739665269851685,0.187265932559967,0.9867005944252014
2,id_block2_h36_seed0,9370,small_full,2,left,1,0.9993863105773926,0.8677816987037659,1.0196064710617063,0.1518247723579406,0.8677816987037659
2,id_block2_h36_seed0,9371,small_full,2,left,1,0.999647855758667,0.7508347630500793,0.9149574637413024,0.1641227006912231,0.7508347630500793
2,id_block2_h36_seed0,9372,small_full,1,right,1,0.9926795959472656,1.0552600622177124,1.155311942100525,0.1000518798828125,1.0552600622177124
2,id_block2_h36_seed0,9373,small_full,3,forward,1,0.9654632806777954,1.437300205230713,1.505632400512695,0.0683321952819824,1.437300205230713
2,id_block2_h36_seed0,9374,small_full,4,backward,1,0.8361483216285706,1.199957251548767,1.2330931425094604,0.0331358909606933,1.199957251548767
2,id_block2_h36_seed0,9375,small_full,1,right,1,0.9999459981918336,1.0499598979949951,1.2472115755081177,0.1972516775131225,1.0499598979949951
2,id_block2_h36_seed0,9376,small_full,2,left,1,0.9975284934043884,1.9636712074279783,2.0837173461914062,0.1200461387634277,1.9636712074279783
2,id_block2_h36_seed0,9377,small_full,2,left,1,0.99995756149292,0.7923110127449036,0.9963772296905518,0.2040662169456482,0.7923110127449036
2,id_block2_h36_seed0,9378,small_full,3,forward,1,0.9999063014984132,0.8887384533882141,1.0885878801345823,0.1998494267463684,0.8887384533882141
2,id_block2_h36_seed0,9380,small_full,3,forward,1,0.9995217323303224,0.9734759330749512,1.1323169469833374,0.1588410139083862,0.9734759330749512
2,id_block2_h36_seed0,9381,small_full,1,right,1,0.9994900226593018,1.2643424272537231,1.4274314641952517,0.1630890369415283,1.2643424272537231
2,id_block2_h36_seed0,9382,small_full,4,backward,1,0.99988055229187,1.5310564041137695,1.7117352485656738,0.1806788444519043,1.5310564041137695
2,id_block2_h36_seed0,9383,small_full,2,left,1,0.9982365369796752,1.1169196367263794,1.246106743812561,0.1291871070861816,1.1169196367263794
2,id_block2_h36_seed0,9384,small_full,3,forward,1,0.9999786615371704,1.7172266244888306,1.9339696168899536,0.216742992401123,1.7172266244888306
2,id_block2_h36_seed0,9385,small_full,2,left,1,0.999997615814209,1.890570044517517,2.156972885131836,0.2664028406143188,1.890570044517517
2,id_block2_h36_seed0,9386,small_full,1,right,1,0.9993634819984436,1.9998316764831543,2.147287130355835,0.1474554538726806,1.9998316764831543
2,id_block2_h36_seed0,9387,small_full,3,forward,1,0.9994346499443054,1.7787164449691772,1.9308258295059204,0.1521093845367431,1.7787164449691772
2,id_block2_h36_seed0,9388,small_full,2,left,1,0.9993498921394348,1.1923705339431765,1.348276138305664,0.1559056043624878,1.1923705339431765
2,id_block2_h36_seed0,9389,small_full,2,left,1,0.9997037053108216,0.837381899356842,1.0033031702041626,0.1659212708473205,0.837381899356842
2,id_block2_h36_seed0,9390,small_full,2,left,1,0.9829443097114564,2.524198293685913,2.6054463386535645,0.0812480449676513,2.524198293685913
2,id_block2_h36_seed0,9391,small_full,4,backward,1,0.9997668862342834,0.7871139049530029,0.9682533144950868,0.1811394095420837,0.7871139049530029
2,id_block2_h36_seed0,9392,small_full,3,forward,1,0.9993705153465272,1.5921891927719116,1.7426080703735352,0.1504188776016235,1.5921891927719116
2,id_block2_h36_seed0,9393,small_full,1,right,1,0.9981751441955566,1.0170964002609253,1.1513763666152954,0.1342799663543701,1.0170964002609253
2,id_block2_h36_seed0,9394,small_full,3,forward,1,0.9961603879928588,0.9447994232177734,1.0569918155670166,0.1121923923492431,0.9447994232177734
2,id_block2_h36_seed0,9395,small_full,4,backward,1,0.9998080134391784,0.9353377223014832,1.113728642463684,0.1783909201622009,0.9353377223014832
2,id_block2_h36_seed0,9396,small_full,2,left,1,0.5432201623916626,1.693668246269226,1.7092528343200684,0.0155845880508422,1.693668246269226
2,id_block2_h36_seed0,9397,small_full,2,left,1,0.9999319314956664,1.874582290649414,2.068479061126709,0.1938967704772949,1.874582290649414
2,id_block2_h36_seed0,9398,small_full,3,forward,1,0.999361217021942,0.9835678935050964,1.1484366655349731,0.1648687720298767,0.9835678935050964
2,id_block2_h36_seed0,9399,small_full,3,forward,1,0.9876960515975952,1.7133804559707642,1.8047586679458616,0.0913782119750976,1.7133804559707642
2,id_block2_h36_seed0,9400,small_full,2,left,1,0.9946740865707396,1.9189695119857788,2.0236291885375977,0.1046596765518188,1.9189695119857788
2,id_block2_h36_seed0,9401,small_full,1,right,1,0.9389726519584656,1.919386863708496,1.9805073738098145,0.0611205101013183,1.919386863708496
2,id_block2_h36_seed0,9402,small_full,1,right,1,0.9984009861946106,1.1590114831924438,1.2951581478118896,0.1361466646194458,1.1590114831924438
2,id_block2_h36_seed0,9404,small_full,4,backward,1,0.998464584350586,0.9273037910461426,1.0582822561264038,0.1309784650802612,0.9273037910461426
2,id_block2_h36_seed0,9405,small_full,4,backward,1,0.9978424310684204,1.6306883096694946,1.757184982299805,0.12649667263031,1.6306883096694946
2,id_block2_h36_seed0,9406,small_full,3,forward,1,0.9999388456344604,1.7083741426467896,1.9034366607666016,0.195062518119812,1.7083741426467896
2,id_block2_h36_seed0,9407,small_full,3,forward,1,0.9559098482131958,1.7972952127456665,1.8625339269638064,0.0652387142181396,1.7972952127456665
2,id_block2_h36_seed0,9409,small_full,4,backward,1,0.999983549118042,1.6447452306747437,1.8651920557022093,0.2204468250274658,1.6447452306747437
2,id_block2_h36_seed0,9410,small_full,2,left,1,0.9999306201934814,1.6888843774795532,1.8803863525390625,0.1915019750595092,1.6888843774795532
2,id_block2_h36_seed0,9411,small_full,4,backward,1,0.99633526802063,0.7872017025947571,0.9033510088920592,0.1161493062973022,0.7872017025947571
2,id_block2_h36_seed0,9412,small_full,1,right,1,0.9997305274009703,1.5138713121414185,1.6895653009414673,0.1756939888000488,1.5138713121414185
2,id_block2_h36_seed0,9413,small_full,1,right,1,0.9993956089019777,1.0143178701400757,1.1644246578216553,0.1501067876815796,1.0143178701400757
2,id_block2_h36_seed0,9415,small_full,3,forward,1,0.9996243715286256,2.1373603343963623,2.295570135116577,0.1582098007202148,2.1373603343963623
2,id_block2_h36_seed0,9416,small_full,2,left,1,0.9932779669761658,1.3104368448257446,1.4196786880493164,0.1092418432235717,1.3104368448257446
2,id_block2_h36_seed0,9417,small_full,2,left,1,0.9998100399971008,2.2068889141082764,2.37972092628479,0.1728320121765136,2.2068889141082764
2,id_block2_h36_seed0,9419,small_full,4,backward,1,0.9992824196815492,1.34736967086792,1.493553638458252,0.146183967590332,1.34736967086792
2,id_block2_h36_seed0,9421,small_full,3,forward,1,0.9474834203720092,1.8399521112442017,1.897826075553894,0.0578739643096923,1.8399521112442017
2,id_block2_h36_seed0,9422,small_full,1,right,1,0.9900727272033693,2.1010658740997314,2.196624517440796,0.0955586433410644,2.1010658740997314
2,id_block2_h36_seed0,9424,small_full,2,left,1,0.9999946355819702,1.8711390495300293,2.121378183364868,0.2502391338348388,1.8711390495300293
2,id_block2_h36_seed0,9425,small_full,3,forward,1,0.999991536140442,0.94781893491745,1.1895002126693726,0.2416812777519226,0.94781893491745
2,id_block2_h36_seed0,9426,small_full,1,right,1,0.9991268515586852,1.5641144514083862,1.7136703729629517,0.1495559215545654,1.5641144514083862
2,id_block2_h36_seed0,9428,small_full,2,left,1,0.9874113202095032,1.7954931259155271,1.8827495574951167,0.0872564315795898,1.7954931259155271
2,id_block2_h36_seed0,9429,small_full,3,forward,1,0.9999643564224244,2.000785112380981,2.20765233039856,0.2068672180175781,2.000785112380981
2,id_block2_h36_seed0,9430,small_full,1,right,1,0.7807561755180359,2.0040206909179688,2.029433250427246,0.0254125595092773,2.0040206909179688
2,id_block2_h36_seed0,9431,small_full,4,backward,1,0.9976406097412108,1.378738522529602,1.513266921043396,0.1345283985137939,1.378738522529602
2,id_block2_h36_seed0,9432,small_full,2,left,1,0.9938619136810304,2.0552337169647217,2.158489227294922,0.1032555103302002,2.0552337169647217
2,id_block2_h36_seed0,9433,small_full,4,backward,1,0.9998801946640016,0.973689079284668,1.1595745086669922,0.1858854293823242,0.973689079284668
2,id_block2_h36_seed0,9434,small_full,2,left,1,0.9622642397880554,2.203041315078736,2.2689943313598637,0.0659530162811279,2.203041315078736
2,id_block2_h36_seed0,9435,small_full,2,left,0,0.5233343243598938,1.986387848854065,1.988841533660889,0.0024536848068237,1.988841533660889
2,id_block2_h36_seed0,9436,small_full,2,left,1,0.9978360533714294,2.072139978408813,2.1948347091674805,0.1226947307586669,2.072139978408813
2,id_block2_h36_seed0,9437,small_full,4,backward,1,0.993539035320282,0.9425315856933594,1.0506197214126587,0.1080881357192993,0.9425315856933594
2,id_block2_h36_seed0,9438,small_full,2,left,1,0.9999325275421144,0.9766116738319396,1.1842294931411743,0.2076178193092346,0.9766116738319396
2,id_block2_h36_seed0,9439,small_full,1,right,1,0.9665415287017822,1.501900553703308,1.5711270570755005,0.0692265033721923,1.501900553703308
2,id_block2_h36_seed0,9440,small_full,4,backward,1,0.9992759823799132,1.6033563613891602,1.7506252527236938,0.1472688913345337,1.6033563613891602
2,id_block2_h36_seed0,9441,small_full,2,left,1,0.9998233914375304,1.1761974096298218,1.3518986701965332,0.1757012605667114,1.1761974096298218
2,id_block2_h36_seed0,9442,small_full,1,right,1,0.9996558427810668,1.5402441024780271,1.699724793434143,0.1594806909561157,1.5402441024780271
2,id_block2_h36_seed0,9443,small_full,3,forward,1,0.9970972537994384,1.766702651977539,1.888044357299805,0.1213417053222656,1.766702651977539
2,id_block2_h36_seed0,9444,small_full,2,left,1,0.9950868487358092,0.8009058833122253,0.9075185656547546,0.1066126823425293,0.8009058833122253
2,id_block2_h36_seed0,9445,small_full,2,left,1,0.999955415725708,1.1143053770065308,1.3299330472946167,0.2156276702880859,1.1143053770065308
2,id_block2_h36_seed0,9446,small_full,2,left,1,0.9990373849868774,1.1941426992416382,1.349331974983215,0.1551892757415771,1.1941426992416382
2,id_block2_h36_seed0,9448,small_full,1,right,1,0.6052796840667725,1.6084375381469729,1.6227045059204102,0.0142669677734375,1.6084375381469729
2,id_block2_h36_seed0,9449,small_full,3,forward,1,0.9989067316055298,1.0554931163787842,1.2074693441390991,0.1519762277603149,1.0554931163787842
2,id_block2_h36_seed0,9450,small_full,4,backward,1,0.9971773624420166,1.730072021484375,1.8485106229782104,0.1184386014938354,1.730072021484375
2,id_block2_h36_seed0,9453,small_full,1,right,1,0.9852160215377808,1.7931060791015625,1.878034591674805,0.0849285125732421,1.7931060791015625
2,id_block2_h36_seed0,9454,small_full,3,forward,1,0.9997864365577698,0.7445275783538818,0.917277991771698,0.1727504134178161,0.7445275783538818
2,id_block2_h36_seed0,9455,small_full,1,right,1,0.9989352822303772,1.7755918502807615,1.913731932640076,0.1381400823593139,1.7755918502807615
2,id_block2_h36_seed0,9457,small_full,3,forward,1,0.9998894929885864,0.8482493758201599,1.0351446866989136,0.1868953108787536,0.8482493758201599
2,id_block2_h36_seed0,9458,small_full,1,right,1,0.9994137287139891,1.119320273399353,1.274664282798767,0.155344009399414,1.119320273399353
2,id_block2_h36_seed0,9459,small_full,1,right,1,0.9753986597061156,1.9390357732772827,2.0243923664093018,0.085356593132019,1.9390357732772827
2,id_block2_h36_seed0,9460,small_full,4,backward,1,0.988690197467804,1.4356142282485962,1.52923583984375,0.0936216115951538,1.4356142282485962
2,id_block2_h36_seed0,9461,small_full,1,right,1,0.999954104423523,1.0595245361328125,1.271975874900818,0.2124513387680053,1.0595245361328125
2,id_block2_h36_seed0,9462,small_full,1,right,1,0.9997780919075012,1.2787994146347046,1.4588171243667605,0.1800177097320556,1.2787994146347046
2,id_block2_h36_seed0,9463,small_full,3,forward,1,0.997738242149353,0.9039435386657716,1.032366394996643,0.1284228563308715,0.9039435386657716
2,id_block2_h36_seed0,9465,small_full,3,forward,1,0.9988860487937928,1.7428821325302124,1.8791718482971191,0.1362897157669067,1.7428821325302124
2,id_block2_h36_seed0,9466,small_full,4,backward,1,0.9982287287712096,0.9273037910461426,1.0582822561264038,0.1309784650802612,0.9273037910461426
2,id_block2_h36_seed0,9467,small_full,1,right,1,0.9985590577125548,1.1757651567459106,1.321698546409607,0.1459333896636963,1.1757651567459106
2,id_block2_h36_seed0,9468,small_full,4,backward,1,0.9996615648269652,1.805627703666687,1.9656895399093628,0.1600618362426757,1.805627703666687
2,id_block2_h36_seed0,9469,small_full,2,left,1,0.9356621503829956,2.001218557357788,2.0563528537750244,0.0551342964172363,2.001218557357788
2,id_block2_h36_seed0,9470,small_full,1,right,1,0.995406985282898,1.1097811460494995,1.2252440452575684,0.1154628992080688,1.1097811460494995
2,id_block2_h36_seed0,9471,small_full,3,forward,1,0.9994969367980956,0.8632521629333496,1.0316822528839111,0.1684300899505615,0.8632521629333496
2,id_block2_h36_seed0,9472,small_full,1,right,1,0.9881823658943176,1.196089267730713,1.2964059114456177,0.1003166437149047,1.196089267730713
2,id_block2_h36_seed0,9474,small_full,1,right,1,0.9993429780006408,1.816267967224121,1.9735336303710935,0.1572656631469726,1.816267967224121
2,id_block2_h36_seed0,9475,small_full,2,left,1,0.9941348433494568,1.6312440633773804,1.7510414123535156,0.1197973489761352,1.6312440633773804
2,id_block2_h36_seed0,9476,small_full,2,left,1,0.9986542463302612,2.3075287342071533,2.440479040145874,0.1329503059387207,2.3075287342071533
2,id_block2_h36_seed0,9477,small_full,3,forward,1,0.997831404209137,0.9274578094482422,1.062166690826416,0.1347088813781738,0.9274578094482422
2,id_block2_h36_seed0,9478,small_full,2,left,1,0.9997802376747132,1.0859662294387815,1.2555218935012815,0.1695556640625,1.0859662294387815
2,id_block2_h36_seed0,9479,small_full,3,forward,1,0.99970680475235,0.7804603576660156,0.9528455138206482,0.1723851561546325,0.7804603576660156
2,id_block2_h36_seed0,9480,small_full,4,backward,1,0.9989054203033448,1.701003909111023,1.840304255485535,0.1393003463745117,1.701003909111023
2,id_block2_h36_seed0,9481,small_full,3,forward,1,0.9999123811721802,0.9201335310935974,1.113378405570984,0.1932448744773864,0.9201335310935974
2,id_block2_h36_seed0,9482,small_full,3,forward,1,0.9990172386169434,0.9006857872009277,1.05204975605011,0.1513639688491821,0.9006857872009277
2,id_block2_h36_seed0,9483,small_full,2,left,1,0.999910831451416,0.8265455365180969,1.0157036781311035,0.1891581416130066,0.8265455365180969
2,id_block2_h36_seed0,9484,small_full,4,backward,1,0.999988317489624,0.7209103107452393,0.9553653597831726,0.2344550490379333,0.7209103107452393
2,id_block2_h36_seed0,9485,small_full,2,left,1,0.9999525547027588,1.056463599205017,1.2625242471694946,0.2060606479644775,1.056463599205017
2,id_block2_h36_seed0,9486,small_full,4,backward,1,0.9198610782623292,1.917414665222168,1.9665218591690063,0.0491071939468383,1.917414665222168
2,id_block2_h36_seed0,9487,small_full,4,backward,1,0.9999996423721312,1.2252730131149292,1.5368510484695437,0.3115780353546142,1.2252730131149292
2,id_block2_h36_seed0,9488,small_full,1,right,1,0.9999392032623292,1.2704353332519531,1.4723185300827026,0.2018831968307495,1.2704353332519531
2,id_block2_h36_seed0,9489,small_full,4,backward,1,0.9997064471244812,0.789822518825531,0.9537927508354188,0.1639702320098877,0.789822518825531
2,id_block2_h36_seed0,9490,small_full,1,right,1,0.9991050362586976,1.9637259244918823,2.105774164199829,0.1420482397079467,1.9637259244918823
2,id_block2_h36_seed0,9492,small_full,1,right,1,0.9996457099914552,1.2643424272537231,1.4274314641952517,0.1630890369415283,1.2643424272537231
2,id_block2_h36_seed0,9493,small_full,4,backward,1,0.9991509914398192,1.8747248649597168,2.0308048725128174,0.1560800075531005,1.8747248649597168
2,id_block2_h36_seed0,9494,small_full,4,backward,1,0.999984860420227,0.6518056988716125,0.8758096694946289,0.2240039706230163,0.6518056988716125
2,id_block2_h36_seed0,9496,small_full,3,forward,1,0.9992997646331788,1.3345189094543457,1.4956254959106443,0.1611065864562988,1.3345189094543457
2,id_block2_h36_seed0,9498,small_full,2,left,1,0.9998722076416016,1.7327133417129517,1.925754189491272,0.1930408477783203,1.7327133417129517
2,id_block2_h36_seed0,9500,small_full,3,forward,1,0.9999657869338988,0.7464582324028015,0.9585061073303224,0.2120478749275207,0.7464582324028015
2,id_block2_h36_seed0,9501,small_full,4,backward,1,0.9910544753074646,1.859474778175354,1.9536675214767456,0.0941927433013916,1.859474778175354
2,id_block2_h36_seed0,9502,small_full,1,right,1,0.9975664615631104,1.7782806158065796,1.906408667564392,0.1281280517578125,1.7782806158065796
2,id_block2_h36_seed0,9503,small_full,2,left,1,0.9998939037322998,0.8931276202201843,1.076642394065857,0.1835147738456726,0.8931276202201843
2,id_block2_h36_seed0,9504,small_full,4,backward,1,0.9999947547912598,1.755080223083496,2.000446081161499,0.2453658580780029,1.755080223083496
2,id_block2_h36_seed0,9505,small_full,4,backward,1,0.9795476198196412,1.5922740697860718,1.687586784362793,0.0953127145767211,1.5922740697860718
2,id_block2_h36_seed0,9506,small_full,1,right,1,0.997306227684021,1.092898964881897,1.212121844291687,0.11922287940979,1.092898964881897
2,id_block2_h36_seed0,9508,small_full,1,right,1,0.7570856809616089,1.3711681365966797,1.4093128442764282,0.0381447076797485,1.3711681365966797
2,id_block2_h36_seed0,9510,small_full,2,left,1,0.9993908405303956,0.8810784220695496,1.0329289436340332,0.1518505215644836,0.8810784220695496
2,id_block2_h36_seed0,9511,small_full,2,left,1,0.999951958656311,1.001759052276611,1.2046400308609009,0.2028809785842895,1.001759052276611
2,id_block2_h36_seed0,9512,small_full,2,left,1,0.9996637105941772,1.5435892343521118,1.7036008834838867,0.1600116491317749,1.5435892343521118
2,id_block2_h36_seed0,9513,small_full,4,backward,1,0.9998239874839784,1.0255674123764038,1.2003871202468872,0.1748197078704834,1.0255674123764038
2,id_block2_h36_seed0,9514,small_full,2,left,1,0.8273435831069946,2.401527404785156,2.43288516998291,0.0313577651977539,2.401527404785156
2,id_block2_h36_seed0,9515,small_full,2,left,1,0.9999932050704956,1.6888843774795532,1.927338004112244,0.2384536266326904,1.6888843774795532
2,id_block2_h36_seed0,9516,small_full,4,backward,1,0.9997515082359314,1.618607521057129,1.7848678827285769,0.1662603616714477,1.618607521057129
2,id_block2_h36_seed0,9517,small_full,1,right,1,0.9880335927009584,1.6073213815689087,1.7040876150131226,0.0967662334442138,1.6073213815689087
2,id_block2_h36_seed0,9518,small_full,3,forward,1,0.9999773502349854,0.9335867762565612,1.1674110889434814,0.2338243126869201,0.9335867762565612
2,id_block2_h36_seed0,9520,small_full,4,backward,1,0.999614119529724,0.9605234265327454,1.1287716627120972,0.1682482361793518,0.9605234265327454
2,id_block2_h36_seed0,9521,small_full,3,forward,1,0.9981250166893004,1.903810143470764,2.043416976928711,0.1396068334579467,1.903810143470764
2,id_block2_h36_seed0,9522,small_full,3,forward,1,0.9999451637268066,1.7771486043930054,1.9795159101486208,0.2023673057556152,1.7771486043930054
2,id_block2_h36_seed0,9523,small_full,4,backward,1,0.9999785423278807,0.974121391773224,1.193960189819336,0.219838798046112,0.974121391773224
2,id_block2_h36_seed0,9525,small_full,3,forward,1,0.9999665021896362,0.9228940606117249,1.142746925354004,0.219852864742279,0.9228940606117249
2,id_block2_h36_seed0,9526,small_full,4,backward,1,0.9999910593032836,0.7141413688659668,0.9472964406013488,0.233155071735382,0.7141413688659668
2,id_block2_h36_seed0,9527,small_full,3,forward,1,0.999927282333374,1.012230396270752,1.2071012258529663,0.1948708295822143,1.012230396270752
2,id_block2_h36_seed0,9529,small_full,1,right,1,0.9991419315338136,1.0170964002609253,1.1740732192993164,0.1569768190383911,1.0170964002609253
2,id_block2_h36_seed0,9530,small_full,2,left,1,0.9996154308319092,1.9382085800170896,2.096996068954468,0.1587874889373779,1.9382085800170896
2,id_block2_h36_seed0,9531,small_full,2,left,1,0.9998910427093506,1.0113401412963867,1.202216625213623,0.1908764839172363,1.0113401412963867
2,id_block2_h36_seed0,9532,small_full,3,forward,1,0.9997277855873108,1.8383771181106567,2.003854751586914,0.1654776334762573,1.8383771181106567
2,id_block2_h36_seed0,9533,small_full,2,left,1,0.990638017654419,1.032586693763733,1.131485939025879,0.098899245262146,1.032586693763733
2,id_block2_h36_seed0,9535,small_full,1,right,1,0.9998540878295898,1.420868754386902,1.603289008140564,0.1824202537536621,1.420868754386902
2,id_block2_h36_seed0,9536,small_full,1,right,1,0.9999561309814452,1.2542952299118042,1.464651107788086,0.2103558778762817,1.2542952299118042
2,id_block2_h36_seed0,9537,small_full,3,forward,1,0.9999399185180664,1.5379616022109983,1.737247347831726,0.1992857456207275,1.5379616022109983
2,id_block2_h36_seed0,9538,small_full,3,forward,1,0.9825698733329772,1.9591695070266724,2.0430362224578857,0.0838667154312133,1.9591695070266724
2,id_block2_h36_seed0,9539,small_full,1,right,1,0.996510684490204,1.9535201787948608,2.0775809288024902,0.1240607500076294,1.9535201787948608
2,id_block2_h36_seed0,9541,small_full,2,left,1,0.99966299533844,0.941342830657959,1.1133979558944702,0.1720551252365112,0.941342830657959
2,id_block2_h36_seed0,9542,small_full,4,backward,1,0.9996045231819152,0.92339688539505,1.0862364768981934,0.1628395915031433,0.92339688539505
2,id_block2_h36_seed0,9543,small_full,3,forward,1,0.9659265279769896,1.5071231126785278,1.5794395208358765,0.0723164081573486,1.5071231126785278
2,id_block2_h36_seed0,9544,small_full,2,left,1,0.9903406500816344,1.9961775541305544,2.100395441055298,0.1042178869247436,1.9961775541305544
2,id_block2_h36_seed0,9545,small_full,4,backward,1,0.9994664788246156,0.887378454208374,1.0533987283706665,0.1660202741622924,0.887378454208374
2,id_block2_h36_seed0,9546,small_full,2,left,1,0.9999754428863524,1.1636050939559937,1.392598032951355,0.2289929389953613,1.1636050939559937
2,id_block2_h36_seed0,9547,small_full,4,backward,1,0.9999990463256836,0.7485706210136414,1.032058835029602,0.2834882140159607,0.7485706210136414
2,id_block2_h36_seed0,9548,small_full,2,left,1,0.9996646642684937,2.1526479721069336,2.325385808944702,0.1727378368377685,2.1526479721069336
2,id_block2_h36_seed0,9549,small_full,1,right,1,0.9993122816085817,0.9422659277915956,1.0985571146011353,0.1562911868095398,0.9422659277915956
2,id_block2_h36_seed0,9550,small_full,4,backward,1,0.9982951283454896,1.937677383422852,2.0683610439300537,0.1306836605072021,1.937677383422852
2,id_block2_h36_seed0,9551,small_full,3,forward,1,0.9999656677246094,0.9567852020263672,1.1668294668197632,0.210044264793396,0.9567852020263672
2,id_block2_h36_seed0,9553,small_full,4,backward,1,0.9998064637184144,1.6447452306747437,1.8175201416015625,0.1727749109268188,1.6447452306747437
2,id_block2_h36_seed0,9556,small_full,1,right,1,0.999693751335144,1.038677215576172,1.2008002996444702,0.1621230840682983,1.038677215576172
2,id_block2_h36_seed0,9558,small_full,3,forward,1,0.9999986886978148,1.7198156118392944,1.99439799785614,0.2745823860168457,1.7198156118392944
2,id_block2_h36_seed0,9559,small_full,4,backward,1,0.9998955726623536,0.7088375687599182,0.9065661430358888,0.1977285742759704,0.7088375687599182
2,id_block2_h36_seed0,9560,small_full,1,right,1,0.9996306896209716,1.1334601640701294,1.301521897315979,0.1680617332458496,1.1334601640701294
2,id_block2_h36_seed0,9561,small_full,1,right,1,0.9682995080947876,1.5906823873519895,1.6616345643997192,0.0709521770477294,1.5906823873519895
2,id_block2_h36_seed0,9562,small_full,2,left,1,0.99369615316391,2.4144625663757324,2.516729593276977,0.1022670269012451,2.4144625663757324
2,id_block2_h36_seed0,9563,small_full,3,forward,1,0.9967846870422364,1.7785701751708984,1.9051593542099,0.1265891790390014,1.7785701751708984
2,id_block2_h36_seed0,9564,small_full,2,left,1,0.999304175376892,0.9781484603881836,1.1271716356277466,0.149023175239563,0.9781484603881836
2,id_block2_h36_seed0,9565,small_full,3,forward,1,0.9999380111694336,1.0144068002700806,1.2187294960021973,0.2043226957321167,1.0144068002700806
2,id_block2_h36_seed0,9566,small_full,4,backward,1,0.9982207417488098,1.6585439443588257,1.7852178812026978,0.126673936843872,1.6585439443588257
2,id_block2_h36_seed0,9567,small_full,3,forward,1,0.9999006986618042,1.1039341688156128,1.3010576963424685,0.1971235275268554,1.1039341688156128
2,id_block2_h36_seed0,9568,small_full,1,right,1,0.9996496438980104,1.7755918502807615,1.937416672706604,0.1618248224258422,1.7755918502807615
2,id_block2_h36_seed0,9570,small_full,4,backward,1,0.9999945163726808,0.7272486686706543,0.9800012707710266,0.2527526021003723,0.7272486686706543
2,id_block2_h36_seed0,9572,small_full,4,backward,1,0.992237389087677,1.8320802450180051,1.9291294813156128,0.0970492362976074,1.8320802450180051
2,id_block2_h36_seed0,9573,small_full,4,backward,1,0.9986194372177124,1.771026611328125,1.903172492980957,0.132145881652832,1.771026611328125
2,id_block2_h36_seed0,9574,small_full,1,right,1,0.9993446469306946,1.0412517786026,1.1985297203063965,0.1572779417037964,1.0412517786026
2,id_block2_h36_seed0,9575,small_full,4,backward,1,0.9988879561424256,1.6463508605957031,1.7860360145568848,0.1396851539611816,1.6463508605957031
2,id_block2_h36_seed0,9576,small_full,4,backward,1,0.9965104460716248,1.6614140272140503,1.7762703895568848,0.1148563623428344,1.6614140272140503
2,id_block2_h36_seed0,9577,small_full,4,backward,1,0.9999403953552246,1.6525310277938845,1.847232222557068,0.1947011947631836,1.6525310277938845
2,id_block2_h36_seed0,9578,small_full,2,left,1,0.999794900417328,0.9366250038146972,1.1178733110427856,0.1812483072280883,0.9366250038146972
2,id_block2_h36_seed0,9579,small_full,3,forward,1,0.999402642250061,0.8039014935493469,0.9685989022254944,0.1646974086761474,0.8039014935493469
2,id_block2_h36_seed0,9580,small_full,4,backward,1,0.9992879033088684,0.9444472193717957,1.0964915752410889,0.1520443558692932,0.9444472193717957
2,id_block2_h36_seed0,9581,small_full,2,left,1,0.9995704293251038,1.2977226972579956,1.4672698974609375,0.1695472002029419,1.2977226972579956
2,id_block2_h36_seed0,9582,small_full,1,right,1,0.9998551607131958,1.118233561515808,1.3121567964553833,0.1939232349395752,1.118233561515808
2,id_block2_h36_seed0,9583,small_full,3,forward,1,0.9991607666015624,1.4125279188156128,1.5683513879776,0.1558234691619873,1.4125279188156128
2,id_block2_h36_seed0,9584,small_full,1,right,1,0.9979708790779114,1.693720817565918,1.8189643621444704,0.1252435445785522,1.693720817565918
2,id_block2_h36_seed0,9585,small_full,4,backward,1,0.997835338115692,0.96779865026474,1.1058335304260254,0.1380348801612854,0.96779865026474
2,id_block2_h36_seed0,9587,small_full,2,left,1,0.9910921454429626,2.11295485496521,2.208355665206909,0.0954008102416992,2.11295485496521
2,id_block2_h36_seed0,9588,small_full,2,left,1,0.9999291896820068,0.8638923764228821,1.0625022649765017,0.1986098885536193,0.8638923764228821
2,id_block2_h36_seed0,9589,small_full,1,right,1,0.9984732270240784,1.6202306747436523,1.753116250038147,0.1328855752944946,1.6202306747436523
2,id_block2_h36_seed0,9590,small_full,1,right,1,0.9766805768013,2.3209121227264404,2.395653486251831,0.0747413635253906,2.3209121227264404
2,id_block2_h36_seed0,9591,small_full,3,forward,1,0.9999552965164183,1.7096691131591797,1.9239009618759155,0.2142318487167358,1.7096691131591797
2,id_block2_h36_seed0,9592,small_full,2,left,1,0.924469530582428,2.524198293685913,2.58022141456604,0.0560231208801269,2.524198293685913
2,id_block2_h36_seed0,9593,small_full,2,left,1,0.998519003391266,0.7455849647521973,0.8829577565193176,0.1373727917671203,0.7455849647521973
2,id_block2_h36_seed0,9594,small_full,3,forward,1,0.9998981952667236,0.8425478935241699,1.0348421335220337,0.1922942399978637,0.8425478935241699
2,id_block2_h36_seed0,9595,small_full,1,right,1,0.9989081621170044,1.6073213815689087,1.7634302377700806,0.1561088562011718,1.6073213815689087
2,id_block2_h36_seed0,9596,small_full,3,forward,1,0.99970680475235,1.6143676042556765,1.780142307281494,0.1657747030258178,1.6143676042556765
2,id_block2_h36_seed0,9597,small_full,4,backward,1,0.99949049949646,1.825940012931824,1.9817453622817995,0.1558053493499755,1.825940012931824
2,id_block2_h36_seed0,9598,small_full,3,forward,1,0.8922043442726135,1.740134835243225,1.79094660282135,0.050811767578125,1.740134835243225
2,id_block2_h36_seed0,9599,small_full,1,right,1,0.999404788017273,1.118233561515808,1.2698885202407837,0.1516549587249755,1.118233561515808
2,id_block2_h36_seed0,9600,small_full,4,backward,1,0.9954643845558168,1.6104635000228882,1.7199264764785769,0.1094629764556884,1.6104635000228882
2,id_block2_h36_seed0,9601,small_full,2,left,1,0.9988654851913452,1.512930989265442,1.6498011350631714,0.1368701457977295,1.512930989265442
2,id_block2_h36_seed0,9602,small_full,4,backward,1,0.9902870655059814,1.8107365369796755,1.9045934677124023,0.093856930732727,1.8107365369796755
2,id_block2_h36_seed0,9603,small_full,3,forward,1,0.99908709526062,0.962421715259552,1.110927939414978,0.148506224155426,0.962421715259552
2,id_block2_h36_seed0,9604,small_full,2,left,1,0.991486430168152,1.6709394454956057,1.7711397409439087,0.1002002954483032,1.6709394454956057
2,id_block2_h36_seed0,9605,small_full,1,right,1,0.9693817496299744,2.318636894226074,2.391885995864868,0.0732491016387939,2.318636894226074
2,id_block2_h36_seed0,9606,small_full,1,right,1,0.9995695948600768,2.1671338081359863,2.3223001956939697,0.1551663875579834,2.1671338081359863
2,id_block2_h36_seed0,9607,small_full,2,left,1,0.9998387098312378,0.9892112612724304,1.1834876537322998,0.1942763924598693,0.9892112612724304
2,id_block2_h36_seed0,9608,small_full,3,forward,1,0.9998942613601683,1.0099868774414062,1.193646788597107,0.1836599111557006,1.0099868774414062
2,id_block2_h36_seed0,9609,small_full,1,right,1,0.9984943866729736,1.0487812757492063,1.1807398796081543,0.1319586038589477,1.0487812757492063
2,id_block2_h36_seed0,9610,small_full,4,backward,1,0.9999988079071044,1.7927303314208984,2.082540512084961,0.2898101806640625,1.7927303314208984
2,id_block2_h36_seed0,9611,small_full,2,left,1,0.885296642780304,2.347963094711304,2.389182806015014,0.0412197113037109,2.347963094711304
2,id_block2_h36_seed0,9612,small_full,2,left,1,0.998145580291748,1.4144965410232544,1.5564231872558594,0.1419266462326049,1.4144965410232544
2,id_block2_h36_seed0,9613,small_full,3,forward,1,0.9983819723129272,1.7324773073196411,1.8614095449447632,0.128932237625122,1.7324773073196411
2,id_block2_h36_seed0,9615,small_full,1,right,1,0.9849975109100342,1.9498411417007449,2.0414772033691406,0.091636061668396,1.9498411417007449
2,id_block2_h36_seed0,9617,small_full,3,forward,1,0.998040497303009,1.0013189315795898,1.1294323205947876,0.1281133890151977,1.0013189315795898
2,id_block2_h36_seed0,9618,small_full,4,backward,1,0.9999921321868896,0.6699657440185547,0.9153306484222412,0.2453649044036865,0.6699657440185547
2,id_block2_h36_seed0,9620,small_full,4,backward,1,0.9998518228530884,0.8993544578552246,1.0775060653686523,0.1781516075134277,0.8993544578552246
2,id_block2_h36_seed0,9621,small_full,4,backward,1,0.9999353885650636,0.8934114575386047,1.0875226259231567,0.194111168384552,0.8934114575386047
2,id_block2_h36_seed0,9622,small_full,1,right,1,0.9859929084777832,1.337100625038147,1.4404293298721311,0.1033287048339843,1.337100625038147
2,id_block2_h36_seed0,9623,small_full,2,left,1,0.9994988441467284,1.1421698331832886,1.3074108362197876,0.165241003036499,1.1421698331832886
2,id_block2_h36_seed0,9624,small_full,1,right,1,0.9329418540000916,2.030728340148926,2.083953619003296,0.0532252788543701,2.030728340148926
2,id_block2_h36_seed0,9629,small_full,1,right,1,0.9825997352600098,1.615106225013733,1.7006746530532837,0.0855684280395507,1.615106225013733
2,id_block2_h36_seed0,9630,small_full,1,right,1,0.998530387878418,0.9441661238670348,1.0827232599258425,0.1385571360588073,0.9441661238670348
2,id_block2_h36_seed0,9631,small_full,3,forward,1,0.9998514652252196,0.9241241812705994,1.112384796142578,0.1882606148719787,0.9241241812705994
2,id_block2_h36_seed0,9632,small_full,1,right,1,0.9893941283226012,1.9921579360961916,2.086381673812866,0.0942237377166748,1.9921579360961916
2,id_block2_h36_seed0,9634,small_full,4,backward,1,0.9998898506164552,0.7867785096168518,0.9856805801391602,0.1989020705223083,0.7867785096168518
2,id_block2_h36_seed0,9635,small_full,1,right,1,0.999793827533722,1.162187576293945,1.3453506231307983,0.183163046836853,1.162187576293945
2,id_block2_h36_seed0,9637,small_full,4,backward,1,0.9999885559082032,1.1304172277450562,1.3595975637435913,0.2291803359985351,1.1304172277450562
2,id_block2_h36_seed0,9638,small_full,2,left,1,0.9967593550682068,1.7529077529907229,1.8675159215927124,0.1146081686019897,1.7529077529907229
2,id_block2_h36_seed0,9639,small_full,1,right,1,0.9999568462371826,1.0499598979949951,1.2518037557601929,0.2018438577651977,1.0499598979949951
2,id_block2_h36_seed0,9640,small_full,3,forward,1,0.9999556541442872,0.9485140442848206,1.1590542793273926,0.210540235042572,0.9485140442848206
2,id_block2_h36_seed0,9642,small_full,4,backward,1,0.9994366765022278,1.7290855646133425,1.879012107849121,0.1499265432357788,1.7290855646133425
2,id_block2_h36_seed0,9644,small_full,3,forward,1,0.9999455213546752,0.7760078310966492,0.975403130054474,0.1993952989578247,0.7760078310966492
2,id_block2_h36_seed0,9645,small_full,1,right,1,0.9939109086990356,2.318636894226074,2.421354055404663,0.1027171611785888,2.318636894226074
2,id_block2_h36_seed0,9646,small_full,1,right,1,0.9985970854759216,1.1854217052459717,1.331798076629639,0.146376371383667,1.1854217052459717
2,id_block2_h36_seed0,9647,small_full,3,forward,1,0.9788339734077454,1.928017020225525,2.005623817443848,0.0776067972183227,1.928017020225525
2,id_block2_h36_seed0,9648,small_full,4,backward,1,0.9999430179595948,0.9794555306434632,1.1828254461288452,0.203369915485382,0.9794555306434632
2,id_block2_h36_seed0,9649,small_full,3,forward,1,0.9983716607093812,1.505101203918457,1.6469144821166992,0.1418132781982422,1.505101203918457
2,id_block2_h36_seed0,9650,small_full,2,left,1,0.9995429515838624,2.0552337169647217,2.209779024124145,0.1545453071594238,2.0552337169647217
2,id_block2_h36_seed0,9651,small_full,3,forward,1,0.999909281730652,0.8409419655799866,1.0310282707214355,0.1900863051414489,0.8409419655799866
2,id_block2_h36_seed0,9653,small_full,4,backward,1,0.9999966621398926,1.661151885986328,1.91671621799469,0.2555643320083618,1.661151885986328
2,id_block2_h36_seed0,9655,small_full,1,right,1,0.99347186088562,1.638438701629639,1.7412934303283691,0.1028547286987304,1.638438701629639
2,id_block2_h36_seed0,9656,small_full,2,left,1,0.9995763897895812,1.7072744369506836,1.8664356470108032,0.1591612100601196,1.7072744369506836
2,id_block2_h36_seed0,9658,small_full,2,left,1,0.9976359605789183,1.7564321756362915,1.8782191276550293,0.1217869520187377,1.7564321756362915
2,id_block2_h36_seed0,9659,small_full,3,forward,1,0.9998201727867126,0.824561595916748,1.0102511644363403,0.1856895685195922,0.824561595916748
2,id_block2_h36_seed0,9660,small_full,1,right,1,0.8919904232025146,2.277583360671997,2.3199970722198486,0.0424137115478515,2.277583360671997
2,id_block2_h36_seed0,9661,small_full,3,forward,1,0.9999700784683228,0.735401451587677,0.964285135269165,0.228883683681488,0.735401451587677
2,id_block2_h36_seed0,9662,small_full,4,backward,1,0.9993544220924376,1.188774585723877,1.3360716104507446,0.1472970247268676,1.188774585723877
2,id_block2_h36_seed0,9664,small_full,1,right,1,0.999992847442627,1.0734378099441528,1.3162389993667605,0.2428011894226074,1.0734378099441528
2,id_block2_h36_seed0,9666,small_full,2,left,1,0.9963499307632446,1.6312440633773804,1.7510414123535156,0.1197973489761352,1.6312440633773804
2,id_block2_h36_seed0,9668,small_full,1,right,1,0.9996551275253296,1.5402441024780271,1.699724793434143,0.1594806909561157,1.5402441024780271
2,id_block2_h36_seed0,9669,small_full,2,left,1,0.9830111265182496,1.2109860181808472,1.2947871685028076,0.0838011503219604,1.2109860181808472
2,id_block2_h36_seed0,9670,small_full,1,right,1,0.9402539134025574,1.196245193481445,1.253597855567932,0.0573526620864868,1.196245193481445
2,id_block2_h36_seed0,9671,small_full,1,right,1,0.9955044388771056,1.0354620218276978,1.1441152095794678,0.10865318775177,1.0354620218276978
2,id_block2_h36_seed0,9673,small_full,3,forward,1,0.99628084897995,0.8249552845954895,0.9457542300224304,0.1207989454269409,0.8249552845954895
2,id_block2_h36_seed0,9675,small_full,4,backward,1,0.9983407258987428,1.6414896249771118,1.7694844007492063,0.1279947757720947,1.6414896249771118
2,id_block2_h36_seed0,9676,small_full,2,left,1,0.9621753096580504,1.9189695119857788,1.986627221107483,0.0676577091217041,1.9189695119857788
2,id_block2_h36_seed0,9678,small_full,4,backward,1,0.99078631401062,1.730072021484375,1.8463646173477173,0.1162925958633422,1.730072021484375
2,id_block2_h36_seed0,9679,small_full,2,left,1,0.9940033555030824,1.178737759590149,1.285880446434021,0.107142686843872,1.178737759590149
2,id_block2_h36_seed0,9680,small_full,2,left,1,0.9996622800827026,0.6940782070159912,0.8592538833618164,0.1651756763458252,0.6940782070159912
2,id_block2_h36_seed0,9681,small_full,2,left,1,0.9997001886367798,0.906965672969818,1.0711711645126345,0.1642054915428161,0.906965672969818
2,id_block2_h36_seed0,9682,small_full,2,left,1,0.9997453093528748,1.27920401096344,1.4508943557739258,0.1716903448104858,1.27920401096344
2,id_block2_h36_seed0,9684,small_full,2,left,1,0.9925947785377502,1.6354213953018188,1.733672261238098,0.0982508659362793,1.6354213953018188
2,id_block2_h36_seed0,9685,small_full,3,forward,1,0.9991804957389832,1.8796695470809937,2.0256543159484863,0.1459847688674926,1.8796695470809937
2,id_block2_h36_seed0,9686,small_full,2,left,1,0.9975541234016418,1.9647060632705688,2.086294889450073,0.1215888261795044,1.9647060632705688
2,id_block2_h36_seed0,9687,small_full,4,backward,1,0.9925006031990052,0.8280026316642761,0.9331957697868348,0.1051931381225586,0.8280026316642761
2,id_block2_h36_seed0,9688,small_full,3,forward,1,0.9999939203262328,0.8547608256340027,1.1053725481033323,0.2506117224693298,0.8547608256340027
2,id_block2_h36_seed0,9689,small_full,2,left,1,0.9991921782493592,1.8305511474609373,1.973191857337952,0.1426407098770141,1.8305511474609373
2,id_block2_h36_seed0,9690,small_full,2,left,1,0.968985676765442,1.4291435480117798,1.5034465789794922,0.0743030309677124,1.4291435480117798
2,id_block2_h36_seed0,9691,small_full,4,backward,1,0.9999083280563354,0.8315584063529968,1.0280998945236206,0.1965414881706237,0.8315584063529968
2,id_block2_h36_seed0,9693,small_full,2,left,1,0.9948694705963136,1.3719482421875,1.4837223291397097,0.1117740869522094,1.3719482421875
2,id_block2_h36_seed0,9697,small_full,2,left,1,0.9987965822219848,0.7508347630500793,0.8872547149658203,0.1364199519157409,0.7508347630500793
2,id_block2_h36_seed0,9698,small_full,1,right,1,0.9972973465919496,1.565811038017273,1.6844407320022583,0.1186296939849853,1.565811038017273
2,id_block2_h36_seed0,9699,small_full,4,backward,1,0.999958038330078,1.7255096435546875,1.9289277791976929,0.2034181356430053,1.7255096435546875
2,id_block2_h36_seed0,9700,small_full,1,right,1,0.9861547350883484,2.0186808109283447,2.104940176010132,0.0862593650817871,2.0186808109283447
2,id_block2_h36_seed0,9701,small_full,3,forward,1,0.9894797205924988,1.6497918367385864,1.7469419240951538,0.0971500873565673,1.6497918367385864
2,id_block2_h36_seed0,9702,small_full,2,left,1,0.9996726512908936,1.1370779275894165,1.2997722625732422,0.1626943349838256,1.1370779275894165
2,id_block2_h36_seed0,9703,small_full,4,backward,1,0.9832547307014464,1.521844744682312,1.6081126928329468,0.0862679481506347,1.521844744682312
2,id_block2_h36_seed0,9704,small_full,2,left,1,0.8947417140007019,1.5690687894821167,1.6301679611206057,0.0610991716384887,1.5690687894821167
2,id_block2_h36_seed0,9705,small_full,4,backward,1,0.9999693632125854,0.7441868782043457,0.9526811242103576,0.2084942460060119,0.7441868782043457
2,id_block2_h36_seed0,9706,small_full,1,right,1,0.998822033405304,1.5644007921218872,1.7007689476013184,0.1363681554794311,1.5644007921218872
2,id_block2_h36_seed0,9707,small_full,1,right,1,0.9999339580535888,2.131428003311157,2.3261830806732178,0.1947550773620605,2.131428003311157
2,id_block2_h36_seed0,9708,small_full,4,backward,1,0.99992036819458,1.755080223083496,1.9440399408340452,0.1889597177505493,1.755080223083496
2,id_block2_h36_seed0,9710,small_full,3,forward,1,0.9961775541305542,1.5185123682022097,1.631555676460266,0.1130433082580566,1.5185123682022097
2,id_block2_h36_seed0,9711,small_full,3,forward,1,0.9999569654464722,0.9778766632080078,1.1963313817977903,0.2184547185897827,0.9778766632080078
2,id_block2_h36_seed0,9712,small_full,1,right,1,0.999734342098236,1.0713688135147097,1.2504702806472778,0.1791014671325683,1.0713688135147097
2,id_block2_h36_seed0,9713,small_full,3,forward,1,0.9982051849365234,1.7785701751708984,1.9051593542099,0.1265891790390014,1.7785701751708984
2,id_block2_h36_seed0,9716,small_full,4,backward,1,0.9974793791770936,1.6306883096694946,1.757184982299805,0.12649667263031,1.6306883096694946
2,id_block2_h36_seed0,9717,small_full,4,backward,1,0.9986885190010072,0.96307635307312,1.0961930751800537,0.1331167221069336,0.96307635307312
2,id_block2_h36_seed0,9718,small_full,3,forward,1,0.9629788398742676,1.7972952127456665,1.8625339269638064,0.0652387142181396,1.7972952127456665
2,id_block2_h36_seed0,9719,small_full,3,forward,1,0.9982991814613342,0.9201335310935974,1.0483386516571045,0.128205120563507,0.9201335310935974
2,id_block2_h36_seed0,9720,small_full,4,backward,1,0.9999738931655884,1.040725827217102,1.2588967084884644,0.2181708812713623,1.040725827217102
2,id_block2_h36_seed0,9721,small_full,1,right,1,0.9999194145202636,1.721577286720276,1.9190877676010127,0.1975104808807373,1.721577286720276
2,id_block2_h36_seed0,9723,small_full,2,left,1,0.9990394711494446,1.9178375005722048,2.0568501949310303,0.1390126943588256,1.9178375005722048
2,id_block2_h36_seed0,9724,small_full,1,right,1,0.9085522890090942,2.171693086624145,2.226437568664551,0.0547444820404052,2.171693086624145
2,id_block2_h36_seed0,9725,small_full,3,forward,1,0.9991779923439026,0.824561595916748,0.9702258110046388,0.1456642150878906,0.824561595916748
2,id_block2_h36_seed0,9726,small_full,3,forward,1,0.9990113973617554,1.5088049173355105,1.6585278511047363,0.149722933769226,1.5088049173355105
2,id_block2_h36_seed0,9727,small_full,1,right,1,0.999921441078186,1.0591566562652588,1.26322340965271,0.2040667533874511,1.0591566562652588
2,id_block2_h36_seed0,9728,small_full,1,right,1,0.826632022857666,1.3637224435806274,1.4035078287124634,0.0397853851318359,1.3637224435806274
2,id_block2_h36_seed0,9729,small_full,2,left,1,0.9998306035995485,1.7488771677017212,1.9233587980270384,0.1744816303253173,1.7488771677017212
2,id_block2_h36_seed0,9730,small_full,3,forward,1,0.9999558925628662,1.0339394807815552,1.2422480583190918,0.2083085775375366,1.0339394807815552
2,id_block2_h36_seed0,9731,small_full,1,right,1,0.9970055222511292,1.0355850458145142,1.1587597131729126,0.1231746673583984,1.0355850458145142
2,id_block2_h36_seed0,9732,small_full,3,forward,1,0.9822348952293396,1.4004793167114258,1.4813343286514282,0.0808550119400024,1.4004793167114258
2,id_block2_h36_seed0,9733,small_full,2,left,1,0.9849595427513124,1.618327021598816,1.7102375030517578,0.0919104814529419,1.618327021598816
2,id_block2_h36_seed0,9734,small_full,1,right,1,0.998465061187744,2.3347322940826416,2.4648444652557373,0.1301121711730957,2.3347322940826416
2,id_block2_h36_seed0,9735,small_full,1,right,1,0.9999556541442872,1.522507667541504,1.7251662015914917,0.2026585340499878,1.522507667541504
2,id_block2_h36_seed0,9736,small_full,4,backward,1,0.9998148083686828,0.923398733139038,1.1000949144363403,0.1766961812973022,0.923398733139038
2,id_block2_h36_seed0,9737,small_full,3,forward,1,0.998296320438385,1.0669431686401367,1.200162410736084,0.1332192420959472,1.0669431686401367
2,id_block2_h36_seed0,9738,small_full,4,backward,1,0.9996702671051024,0.9015228748321532,1.074122428894043,0.1725995540618896,0.9015228748321532
2,id_block2_h36_seed0,9739,small_full,3,forward,1,0.9990962743759156,0.8488326072692871,0.9960476756095886,0.1472150683403015,0.8488326072692871
2,id_block2_h36_seed0,9740,small_full,1,right,1,0.99996817111969,1.049735188484192,1.2605972290039062,0.2108620405197143,1.049735188484192
2,id_block2_h36_seed0,9741,small_full,1,right,1,0.999891996383667,1.1310371160507202,1.3252936601638794,0.1942565441131591,1.1310371160507202
2,id_block2_h36_seed0,9742,small_full,2,left,1,0.9986748695373536,0.7508347630500793,0.8872547149658203,0.1364199519157409,0.7508347630500793
2,id_block2_h36_seed0,9745,small_full,4,backward,1,0.999958634376526,0.9206230044364928,1.1404434442520142,0.2198204398155212,0.9206230044364928
2,id_block2_h36_seed0,9747,small_full,4,backward,1,0.9999746084213256,1.7284883260726929,1.940494537353516,0.2120062112808227,1.7284883260726929
2,id_block2_h36_seed0,9750,small_full,2,left,1,0.9991281628608704,1.250843167304993,1.4034175872802734,0.1525744199752807,1.250843167304993
2,id_block2_h36_seed0,9751,small_full,4,backward,1,0.9999947547912598,1.6025590896606443,1.8455580472946167,0.2429989576339721,1.6025590896606443
2,id_block2_h36_seed0,9752,small_full,2,left,1,0.9975864887237548,1.1130343675613403,1.2364734411239624,0.123439073562622,1.1130343675613403
2,id_block2_h36_seed0,9753,small_full,3,forward,1,0.9999295473098756,0.9556689262390136,1.1514897346496582,0.1958208084106445,0.9556689262390136
2,id_block2_h36_seed0,9754,small_full,3,forward,1,0.9930710196495056,1.740134835243225,1.856665134429932,0.1165302991867065,1.740134835243225
2,id_block2_h36_seed0,9755,small_full,3,forward,1,0.999919891357422,1.093939185142517,1.3025425672531128,0.2086033821105957,1.093939185142517
2,id_block2_h36_seed0,9757,small_full,1,right,1,0.9897129535675048,2.0357353687286377,2.1271979808807373,0.0914626121520996,2.0357353687286377
2,id_block2_h36_seed0,9758,small_full,3,forward,1,0.999992847442627,1.012230396270752,1.2501217126846311,0.2378913164138794,1.012230396270752
2,id_block2_h36_seed0,9759,small_full,3,forward,1,0.9999758005142212,1.065919041633606,1.3005646467208862,0.2346456050872802,1.065919041633606
2,id_block2_h36_seed0,9760,small_full,4,backward,1,0.999958872795105,1.0358541011810305,1.247584581375122,0.2117304801940918,1.0358541011810305
2,id_block2_h36_seed0,9761,small_full,4,backward,1,0.9861414432525636,1.736261963844299,1.8215612173080444,0.0852992534637451,1.736261963844299
2,id_block2_h36_seed0,9762,small_full,3,forward,1,0.9962309002876282,1.2980742454528809,1.4264732599258425,0.1283990144729614,1.2980742454528809
2,id_block2_h36_seed0,9763,small_full,4,backward,1,0.999990940093994,0.8109574317932129,1.0474274158477783,0.2364699840545654,0.8109574317932129
2,id_block2_h36_seed0,9764,small_full,4,backward,1,0.9974660873413086,1.7743340730667114,1.893848419189453,0.1195143461227417,1.7743340730667114
2,id_block2_h36_seed0,9765,small_full,2,left,1,0.9883286952972412,0.9020902514457704,1.0026534795761108,0.1005632281303405,0.9020902514457704
2,id_block2_h36_seed0,9766,small_full,1,right,1,0.9997205138206482,1.1160845756530762,1.2844067811965942,0.168322205543518,1.1160845756530762
2,id_block2_h36_seed0,9767,small_full,4,backward,1,0.9836099147796632,1.3642727136611938,1.4461935758590698,0.0819208621978759,1.3642727136611938
2,id_block2_h36_seed0,9768,small_full,4,backward,1,0.9967325925827026,1.7017459869384766,1.8251218795776367,0.1233758926391601,1.7017459869384766
2,id_block2_h36_seed0,9770,small_full,4,backward,1,0.9848108291625975,1.521844744682312,1.6081126928329468,0.0862679481506347,1.521844744682312
2,id_block2_h36_seed0,9773,small_full,3,forward,1,0.9999573230743408,0.9202855229377748,1.128308892250061,0.2080233693122863,0.9202855229377748
2,id_block2_h36_seed0,9774,small_full,4,backward,1,0.9996028542518616,0.6845876574516296,0.8533055186271667,0.1687178611755371,0.6845876574516296
2,id_block2_h36_seed0,9775,small_full,1,right,1,0.998799204826355,0.849574089050293,0.993683099746704,0.1441090106964111,0.849574089050293
2,id_block2_h36_seed0,9776,small_full,4,backward,1,0.9994538426399232,1.7560981512069702,1.9063644409179688,0.1502662897109985,1.7560981512069702
2,id_block2_h36_seed0,9777,small_full,1,right,1,0.9994158744812012,1.276566982269287,1.4325183629989624,0.1559513807296753,1.276566982269287
2,id_block2_h36_seed0,9778,small_full,2,left,1,0.9997510313987732,1.873551368713379,2.039836883544922,0.1662855148315429,1.873551368713379
2,id_block2_h36_seed0,9779,small_full,2,left,1,0.9906713962554932,2.0349583625793457,2.138458490371704,0.1035001277923584,2.0349583625793457
2,id_block2_h36_seed0,9780,small_full,1,right,1,0.9967713952064514,0.9422659277915956,1.0586227178573608,0.1163567900657653,0.9422659277915956
2,id_block2_h36_seed0,9782,small_full,3,forward,1,0.9924564361572266,1.4615589380264282,1.5735307931900024,0.1119718551635742,1.4615589380264282
2,id_block2_h36_seed0,9783,small_full,4,backward,1,0.9990284442901612,1.8014841079711916,1.9403647184371948,0.1388806104660034,1.8014841079711916
2,id_block2_h36_seed0,9784,small_full,2,left,1,0.9994801878929138,0.8547770380973816,1.0198054313659668,0.1650283932685852,0.8547770380973816
2,id_block2_h36_seed0,9785,small_full,3,forward,1,0.999926209449768,0.9427227973937988,1.1383501291275024,0.1956273317337036,0.9427227973937988
2,id_block2_h36_seed0,9786,small_full,4,backward,1,0.9999808073043824,0.9553316235542296,1.183969497680664,0.2286378741264343,0.9553316235542296
2,id_block2_h36_seed0,9788,small_full,2,left,1,0.9853253960609436,2.317300319671631,2.4052913188934326,0.0879909992218017,2.317300319671631
2,id_block2_h36_seed0,9789,small_full,4,backward,1,0.9995525479316713,1.5331951379776,1.6874603033065796,0.1542651653289795,1.5331951379776
2,id_block2_h36_seed0,9790,small_full,1,right,1,0.9999040365219116,0.9687519669532776,1.159460425376892,0.1907084584236145,0.9687519669532776
2,id_block2_h36_seed0,9791,small_full,2,left,1,0.9981485605239868,0.920460879802704,1.0497668981552124,0.1293060183525085,0.920460879802704
2,id_block2_h36_seed0,9792,small_full,4,backward,1,0.999990463256836,0.9006968140602112,1.1429306268692017,0.2422338128089904,0.9006968140602112
2,id_block2_h36_seed0,9793,small_full,1,right,1,0.9999604225158693,1.528233528137207,1.7454017400741575,0.2171682119369506,1.528233528137207
2,id_block2_h36_seed0,9794,small_full,2,left,1,0.9992074370384216,1.1810601949691772,1.3254848718643188,0.1444246768951416,1.1810601949691772
2,id_block2_h36_seed0,9795,small_full,1,right,1,0.9962682127952576,2.163499593734741,2.2813374996185303,0.117837905883789,2.163499593734741
2,id_block2_h36_seed0,9796,small_full,4,backward,1,0.9961583018302916,1.4474468231201172,1.559845805168152,0.1123989820480346,1.4474468231201172
2,id_block2_h36_seed0,9797,small_full,4,backward,1,0.9999271631240844,0.7550000548362732,0.951627254486084,0.1966271996498108,0.7550000548362732
2,id_block2_h36_seed0,9799,small_full,3,forward,1,0.9988377690315248,1.7807378768920898,1.920838713645935,0.1401008367538452,1.7807378768920898
2,id_block2_h36_seed0,9800,small_full,4,backward,1,0.99808669090271,1.0159133672714231,1.1429039239883425,0.1269905567169189,1.0159133672714231
2,id_block2_h36_seed0,9801,small_full,4,backward,1,0.999913215637207,1.6851345300674438,1.8721832036972048,0.1870486736297607,1.6851345300674438
2,id_block2_h36_seed0,9802,small_full,3,forward,1,0.9996737241744996,0.7799922823905945,0.9494080543518066,0.1694157719612121,0.7799922823905945
2,id_block2_h36_seed0,9803,small_full,2,left,1,0.9999897480010986,1.0627028942108154,1.2986643314361572,0.2359614372253418,1.0627028942108154
2,id_block2_h36_seed0,9805,small_full,3,forward,1,0.996074676513672,1.950326919555664,2.0610721111297607,0.1107451915740966,1.950326919555664
2,id_block2_h36_seed0,9806,small_full,4,backward,1,0.99662846326828,1.833476424217224,1.9473806619644165,0.1139042377471923,1.833476424217224
2,id_block2_h36_seed0,9807,small_full,4,backward,1,0.99988055229187,0.9605234265327454,1.1461056470870972,0.1855822205543518,0.9605234265327454
2,id_block2_h36_seed0,9809,small_full,3,forward,1,0.9999468326568604,0.7965158820152283,1.0058339834213257,0.2093181014060974,0.7965158820152283
2,id_block2_h36_seed0,9810,small_full,4,backward,1,0.9999593496322632,1.0349318981170654,1.2434911727905271,0.2085592746734619,1.0349318981170654
2,id_block2_h36_seed0,9811,small_full,4,backward,1,0.9880064129829408,1.7403106689453125,1.8293153047561648,0.089004635810852,1.7403106689453125
2,id_block2_h36_seed0,9812,small_full,1,right,1,0.9993016719818116,1.0913357734680176,1.2505813837051392,0.1592456102371215,1.0913357734680176
2,id_block2_h36_seed0,9813,small_full,4,backward,1,0.9998888969421388,0.9543830752372742,1.1477631330490112,0.193380057811737,0.9543830752372742
2,id_block2_h36_seed0,9814,small_full,2,left,1,0.9987103939056396,1.9162837266922,2.05678939819336,0.1405056715011596,1.9162837266922
2,id_block2_h36_seed0,9815,small_full,3,forward,1,0.998525083065033,1.9392601251602173,2.069685697555542,0.1304255723953247,1.9392601251602173
2,id_block2_h36_seed0,9816,small_full,1,right,1,0.9999412298202516,1.6554635763168335,1.8589428663253784,0.2034792900085449,1.6554635763168335
2,id_block2_h36_seed0,9817,small_full,1,right,1,0.95809143781662,1.947567343711853,2.017014265060425,0.0694469213485717,1.947567343711853
2,id_block2_h36_seed0,9818,small_full,1,right,1,0.9995217323303224,1.1334601640701294,1.3053932189941406,0.1719330549240112,1.1334601640701294
2,id_block2_h36_seed0,9819,small_full,3,forward,1,0.9589301943778992,1.9653291702270508,2.032335996627808,0.0670068264007568,1.9653291702270508
2,id_block2_h36_seed0,9820,small_full,3,forward,1,0.9957355260849,1.9415397644042969,2.0535013675689697,0.1119616031646728,1.9415397644042969
2,id_block2_h36_seed0,9821,small_full,4,backward,1,0.9994383454322816,1.295467972755432,1.4602776765823364,0.1648097038269043,1.295467972755432
2,id_block2_h36_seed0,9822,small_full,2,left,1,0.999980092048645,1.0329304933547974,1.258306622505188,0.2253761291503906,1.0329304933547974
2,id_block2_h36_seed0,9823,small_full,1,right,1,0.9999152421951294,1.0595245361328125,1.2586524486541748,0.1991279125213623,1.0595245361328125
2,id_block2_h36_seed0,9824,small_full,4,backward,1,0.9999451637268066,0.8851890563964844,1.0835987329483032,0.1984096765518188,0.8851890563964844
2,id_block2_h36_seed0,9826,small_full,3,forward,1,0.999982476234436,1.7977384328842163,2.020608425140381,0.2228699922561645,1.7977384328842163
2,id_block2_h36_seed0,9827,small_full,3,forward,1,0.9998791217803956,0.8330231308937073,1.0161559581756592,0.1831328272819519,0.8330231308937073
2,id_block2_h36_seed0,9828,small_full,1,right,1,0.9990450739860536,2.0895755290985107,2.2328338623046875,0.1432583332061767,2.0895755290985107
2,id_block2_h36_seed0,9829,small_full,3,forward,1,0.9325323700904846,1.6536784172058103,1.709603190422058,0.0559247732162475,1.6536784172058103
2,id_block2_h36_seed0,9831,small_full,1,right,1,0.99982351064682,1.0143178701400757,1.1900182962417605,0.1757004261016845,1.0143178701400757
2,id_block2_h36_seed0,9832,small_full,2,left,1,0.9991101622581482,0.9348077774047852,1.0808483362197876,0.1460405588150024,0.9348077774047852
2,id_block2_h36_seed0,9834,small_full,3,forward,1,0.9989323019981384,1.9419180154800413,2.083242654800415,0.1413246393203735,1.9419180154800413
2,id_block2_h36_seed0,9835,small_full,1,right,1,0.9998123049736024,1.116818904876709,1.2999460697174072,0.1831271648406982,1.116818904876709
2,id_block2_h36_seed0,9836,small_full,1,right,1,0.9997472167015076,1.119320273399353,1.2950860261917114,0.1757657527923584,1.119320273399353
2,id_block2_h36_seed0,9837,small_full,3,forward,1,0.9990274906158448,0.8249552845954895,0.97568017244339,0.1507248878479004,0.8249552845954895
2,id_block2_h36_seed0,9838,small_full,4,backward,1,0.9998375177383424,1.6544898748397827,1.8296185731887815,0.175128698348999,1.6544898748397827
2,id_block2_h36_seed0,9839,small_full,4,backward,1,0.999902367591858,1.6009994745254517,1.7858165502548218,0.1848170757293701,1.6009994745254517
2,id_block2_h36_seed0,9840,small_full,4,backward,1,0.9999204874038696,0.7807786464691162,0.9735383987426758,0.1927597522735595,0.7807786464691162
2,id_block2_h36_seed0,9841,small_full,3,forward,1,0.9995834231376648,1.0687589645385742,1.249001145362854,0.1802421808242797,1.0687589645385742
2,id_block2_h36_seed0,9842,small_full,2,left,1,0.9995086193084716,1.0142208337783811,1.1676759719848633,0.1534551382064819,1.0142208337783811
2,id_block2_h36_seed0,9843,small_full,2,left,1,0.999931812286377,0.7897201180458069,0.9918965697288512,0.2021764516830444,0.7897201180458069
2,id_block2_h36_seed0,9844,small_full,1,right,1,0.989917814731598,0.9431535601615906,1.036113739013672,0.0929601788520813,0.9431535601615906
2,id_block2_h36_seed0,9846,small_full,4,backward,1,0.9985256791114808,1.0057082176208496,1.1443182229995728,0.1386100053787231,1.0057082176208496
2,id_block2_h36_seed0,9847,small_full,2,left,1,0.9999949932098388,2.1307361125946045,2.3789284229278564,0.2481923103332519,2.1307361125946045
2,id_block2_h36_seed0,9848,small_full,4,backward,1,0.9999535083770752,0.9794555306434632,1.1828254461288452,0.203369915485382,0.9794555306434632
2,id_block2_h36_seed0,9849,small_full,1,right,1,0.921677589416504,1.9335217475891116,1.9828590154647827,0.0493372678756713,1.9335217475891116
2,id_block2_h36_seed0,9851,small_full,3,forward,1,0.99995756149292,0.9155160784721376,1.1240922212600708,0.2085761427879333,0.9155160784721376
2,id_block2_h36_seed0,9852,small_full,4,backward,1,0.9917690753936768,1.6990267038345337,1.7949323654174805,0.0959056615829467,1.6990267038345337
2,id_block2_h36_seed0,9853,small_full,1,right,1,0.9982851147651672,2.14487361907959,2.273677110671997,0.1288034915924072,2.14487361907959
2,id_block2_h36_seed0,9854,small_full,2,left,1,0.9996516704559326,0.8081721663475037,0.9789013862609864,0.1707292199134826,0.8081721663475037
2,id_block2_h36_seed0,9855,small_full,2,left,1,0.9964610934257508,2.0256168842315674,2.149731159210205,0.1241142749786377,2.0256168842315674
2,id_block2_h36_seed0,9856,small_full,2,left,1,0.9991242289543152,1.0048562288284302,1.1511930227279663,0.1463367938995361,1.0048562288284302
2,id_block2_h36_seed0,9857,small_full,2,left,1,0.999435007572174,1.367971420288086,1.5208231210708618,0.1528517007827758,1.367971420288086
2,id_block2_h36_seed0,9858,small_full,4,backward,1,0.9996973276138306,1.721261501312256,1.8849786520004272,0.1637171506881714,1.721261501312256
2,id_block2_h36_seed0,9859,small_full,4,backward,1,0.9999665021896362,0.6344876885414124,0.8463523387908936,0.2118646502494812,0.6344876885414124
2,id_block2_h36_seed0,9861,small_full,1,right,1,0.9447618722915648,1.564163327217102,1.622724175453186,0.0585608482360839,1.564163327217102
2,id_block2_h36_seed0,9862,small_full,4,backward,1,0.9968817234039308,1.4875987768173218,1.605664610862732,0.1180658340454101,1.4875987768173218
2,id_block2_h36_seed0,9864,small_full,4,backward,1,0.9927688837051392,1.623407006263733,1.722517490386963,0.0991104841232299,1.623407006263733
2,id_block2_h36_seed0,9865,small_full,3,forward,1,0.999983549118042,1.6707080602645874,1.9054012298583984,0.234693169593811,1.6707080602645874
2,id_block2_h36_seed0,9866,small_full,2,left,1,0.9999767541885376,1.049943447113037,1.280241847038269,0.2302983999252319,1.049943447113037
2,id_block2_h36_seed0,9868,small_full,4,backward,1,0.9995802044868468,0.7981651425361633,0.9639386534690856,0.1657735109329223,0.7981651425361633
2,id_block2_h36_seed0,9869,small_full,3,forward,1,0.999969482421875,0.9335867762565612,1.1560863256454468,0.2224995493888855,0.9335867762565612
2,id_block2_h36_seed0,9870,small_full,2,left,1,0.9900109171867372,0.9405467510223388,1.039109468460083,0.0985627174377441,0.9405467510223388
2,id_block2_h36_seed0,9871,small_full,4,backward,1,0.999870777130127,0.6909975409507751,0.8823620676994324,0.1913645267486572,0.6909975409507751
2,id_block2_h36_seed0,9872,small_full,4,backward,1,0.998993456363678,1.0057082176208496,1.1443182229995728,0.1386100053787231,1.0057082176208496
2,id_block2_h36_seed0,9874,small_full,1,right,1,0.999672532081604,1.2704353332519531,1.4351545572280884,0.1647192239761352,1.2704353332519531
2,id_block2_h36_seed0,9875,small_full,4,backward,1,0.9998729228973388,0.8765649199485779,1.0683265924453735,0.1917616724967956,0.8765649199485779
2,id_block2_h36_seed0,9876,small_full,1,right,1,0.9998000264167786,0.990785539150238,1.1617381572723389,0.1709526181221008,0.990785539150238
2,id_block2_h36_seed0,9877,small_full,2,left,1,0.9518616199493408,1.7878293991088867,1.8476835489273071,0.0598541498184204,1.7878293991088867
2,id_block2_h36_seed0,9878,small_full,2,left,1,0.9959012866020204,1.3684223890304563,1.4871333837509155,0.1187109947204589,1.3684223890304563
2,id_block2_h36_seed0,9879,small_full,4,backward,1,0.9995469450950624,1.916470408439636,2.070508480072021,0.1540380716323852,1.916470408439636
2,id_block2_h36_seed0,9880,small_full,2,left,1,0.9996581077575684,0.8893454670906067,1.0498672723770142,0.1605218052864074,0.8893454670906067
2,id_block2_h36_seed0,9881,small_full,3,forward,1,0.9800273776054382,1.790727972984314,1.8775187730789185,0.0867908000946044,1.790727972984314
2,id_block2_h36_seed0,9882,small_full,4,backward,1,0.9995704293251038,0.8884328007698059,1.047893762588501,0.159460961818695,0.8884328007698059
2,id_block2_h36_seed0,9883,small_full,2,left,1,0.996762990951538,1.7529077529907229,1.8675159215927124,0.1146081686019897,1.7529077529907229
2,id_block2_h36_seed0,9884,small_full,4,backward,1,0.9996887445449828,0.7938475012779236,0.955632507801056,0.1617850065231323,0.7938475012779236
2,id_block2_h36_seed0,9885,small_full,3,forward,1,0.9933818578720092,1.8554435968399048,1.9567023515701292,0.1012587547302246,1.8554435968399048
2,id_block2_h36_seed0,9886,small_full,4,backward,1,0.999777376651764,1.7919405698776243,1.9601545333862305,0.1682139635086059,1.7919405698776243
2,id_block2_h36_seed0,9887,small_full,2,left,1,0.9995805621147156,1.0380209684371948,1.1970142126083374,0.1589932441711425,1.0380209684371948
2,id_block2_h36_seed0,9888,small_full,4,backward,1,0.9994469285011292,1.9104199409484863,2.0615599155426025,0.1511399745941162,1.9104199409484863
2,id_block2_h36_seed0,9889,small_full,2,left,1,0.9998831748962402,1.0681415796279907,1.2496799230575562,0.1815383434295654,1.0681415796279907
2,id_block2_h36_seed0,9890,small_full,1,right,1,0.9996259212493896,1.0932531356811523,1.2671788930892944,0.1739257574081421,1.0932531356811523
2,id_block2_h36_seed0,9891,small_full,2,left,1,0.9898518323898317,1.0870319604873655,1.1797627210617063,0.0927307605743408,1.0870319604873655
2,id_block2_h36_seed0,9892,small_full,2,left,1,0.9988528490066528,1.0282384157180786,1.1682924032211304,0.1400539875030517,1.0282384157180786
2,id_block2_h36_seed0,9894,small_full,3,forward,1,0.9988202452659608,0.8621405959129333,0.999497890472412,0.1373572945594787,0.8621405959129333
2,id_block2_h36_seed0,9895,small_full,1,right,1,0.9997547268867492,1.615414261817932,1.7829169034957886,0.1675026416778564,1.615414261817932
2,id_block2_h36_seed0,9896,small_full,1,right,1,0.9993224143981934,1.913771629333496,2.069394111633301,0.1556224822998047,1.913771629333496
2,id_block2_h36_seed0,9897,small_full,3,forward,1,0.9982746839523317,1.8541702032089236,1.9928630590438845,0.1386928558349609,1.8541702032089236
2,id_block2_h36_seed0,9898,small_full,1,right,1,0.9964555501937866,2.003175973892212,2.1160337924957275,0.1128578186035156,2.003175973892212
2,id_block2_h36_seed0,9899,small_full,3,forward,1,0.9988239407539368,1.9344210624694824,2.0720086097717285,0.1375875473022461,1.9344210624694824
2,id_block2_h36_seed0,9901,small_full,4,backward,1,0.9999855756759644,0.7162418365478516,0.942746102809906,0.2265042662620544,0.7162418365478516
2,id_block2_h36_seed0,9902,small_full,3,forward,1,0.999948263168335,1.0382194519042969,1.2471214532852173,0.2089020013809204,1.0382194519042969
2,id_block2_h36_seed0,9903,small_full,3,forward,1,0.9997794032096864,0.6911563277244568,0.8746408820152283,0.1834845542907714,0.6911563277244568
2,id_block2_h36_seed0,9904,small_full,2,left,1,0.9918799996376038,0.9405467510223388,1.039109468460083,0.0985627174377441,0.9405467510223388
2,id_block2_h36_seed0,9905,small_full,3,forward,1,0.9971932768821716,1.3345189094543457,1.456750750541687,0.1222318410873413,1.3345189094543457
2,id_block2_h36_seed0,9906,small_full,1,right,1,0.9983602166175842,2.002375364303589,2.132814645767212,0.130439281463623,2.002375364303589
2,id_block2_h36_seed0,9908,small_full,4,backward,1,0.9999721050262452,0.7272486686706543,0.9378560185432434,0.2106073498725891,0.7272486686706543
2,id_block2_h36_seed0,9909,small_full,1,right,1,0.9998310804367064,1.0143178701400757,1.197895884513855,0.1835780143737793,1.0143178701400757
2,id_block2_h36_seed0,9910,small_full,4,backward,1,0.9995558857917786,0.7597197890281677,0.9245020747184752,0.1647822856903076,0.7597197890281677
2,id_block2_h36_seed0,9912,small_full,4,backward,1,0.9997808337211608,1.6252435445785522,1.793789267539978,0.1685457229614257,1.6252435445785522
2,id_block2_h36_seed0,9913,small_full,3,forward,1,0.9709933996200562,1.5100847482681274,1.5874395370483398,0.0773547887802124,1.5100847482681274
2,id_block2_h36_seed0,9914,small_full,3,forward,1,0.9992450475692748,1.680927872657776,1.8362754583358765,0.1553475856781005,1.680927872657776
2,id_block2_h36_seed0,9915,small_full,4,backward,1,0.9997946619987488,0.974121391773224,1.146424412727356,0.172303020954132,0.974121391773224
2,id_block2_h36_seed0,9916,small_full,2,left,1,0.9997681975364684,1.8305511474609373,1.9987446069717407,0.1681934595108032,1.8305511474609373
2,id_block2_h36_seed0,9917,small_full,1,right,1,0.9451143145561218,1.564163327217102,1.6211410760879517,0.0569777488708496,1.564163327217102
2,id_block2_h36_seed0,9918,small_full,2,left,1,0.999497413635254,0.8663630485534668,1.019593596458435,0.1532305479049682,0.8663630485534668
2,id_block2_h36_seed0,9919,small_full,2,left,1,0.9980081915855408,0.9348077774047852,1.0598030090332031,0.1249952316284179,0.9348077774047852
2,id_block2_h36_seed0,9920,small_full,3,forward,1,0.998158037662506,1.992605209350586,2.1189756393432617,0.1263704299926757,1.992605209350586
2,id_block2_h36_seed0,9921,small_full,2,left,1,0.9979307651519777,0.855562686920166,0.9916439056396484,0.1360812187194824,0.855562686920166
2,id_block2_h36_seed0,9922,small_full,1,right,1,0.999711811542511,1.6202306747436523,1.786603927612305,0.1663732528686523,1.6202306747436523
2,id_block2_h36_seed0,9923,small_full,1,right,1,0.9998759031295776,0.927824318408966,1.1103750467300415,0.1825507283210754,0.927824318408966
2,id_block2_h36_seed0,9924,small_full,4,backward,1,0.9996090531349182,1.808069348335266,1.972661137580872,0.1645917892456054,1.808069348335266
2,id_block2_h36_seed0,9926,small_full,4,backward,1,0.9997625946998596,1.6471234560012815,1.8140716552734373,0.1669481992721557,1.6471234560012815
2,id_block2_h36_seed0,9927,small_full,2,left,1,0.999711573123932,1.0508259534835815,1.2162097692489624,0.1653838157653808,1.0508259534835815
2,id_block2_h36_seed0,9928,small_full,3,forward,1,0.9999771118164062,2.0446059703826904,2.266037702560425,0.2214317321777343,2.0446059703826904
2,id_block2_h36_seed0,9929,small_full,2,left,1,0.9994656443595886,1.007048726081848,1.1581190824508667,0.1510703563690185,1.007048726081848
2,id_block2_h36_seed0,9930,small_full,1,right,1,0.9999083280563354,1.0801682472229004,1.2791448831558228,0.1989766359329223,1.0801682472229004
2,id_block2_h36_seed0,9931,small_full,3,forward,1,0.9999439716339112,1.6673542261123655,1.8673092126846316,0.1999549865722656,1.6673542261123655
2,id_block2_h36_seed0,9932,small_full,3,forward,1,0.9919840693473816,1.6497918367385864,1.7559118270874023,0.1061199903488159,1.6497918367385864
2,id_block2_h36_seed0,9933,small_full,3,forward,1,0.9999918937683104,1.8908542394638064,2.134023427963257,0.2431691884994506,1.8908542394638064
2,id_block2_h36_seed0,9934,small_full,4,backward,1,0.9999477863311768,1.7295055389404297,1.926770806312561,0.1972652673721313,1.7295055389404297
2,id_block2_h36_seed0,9935,small_full,1,right,1,0.9998239874839784,1.276566982269287,1.4557172060012815,0.1791502237319946,1.276566982269287
2,id_block2_h36_seed0,9936,small_full,4,backward,1,0.9999790191650392,0.6550975441932678,0.882853090763092,0.2277555465698242,0.6550975441932678
2,id_block2_h36_seed0,9938,small_full,2,left,1,0.9999748468399048,1.0257610082626345,1.2440489530563354,0.2182879447937011,1.0257610082626345
2,id_block2_h36_seed0,9939,small_full,4,backward,1,0.9999938011169434,1.6559311151504517,1.901361346244812,0.2454302310943603,1.6559311151504517
2,id_block2_h36_seed0,9940,small_full,2,left,1,0.999293088912964,1.096058964729309,1.2529771327972412,0.1569181680679321,1.096058964729309
2,id_block2_h36_seed0,9942,small_full,4,backward,1,0.9993163347244264,1.6092277765274048,1.772592544555664,0.1633647680282592,1.6092277765274048
2,id_block2_h36_seed0,9943,small_full,4,backward,1,0.96191668510437,1.9104199409484863,1.9753084182739256,0.0648884773254394,1.9104199409484863
2,id_block2_h36_seed0,9945,small_full,2,left,1,0.9997218251228333,1.0733227729797363,1.249383568763733,0.1760607957839965,1.0733227729797363
2,id_block2_h36_seed0,9948,small_full,3,forward,1,0.9996293783187866,1.8405691385269165,2.005391359329224,0.1648222208023071,1.8405691385269165
2,id_block2_h36_seed0,9950,small_full,4,backward,1,0.9999152421951294,1.755080223083496,1.9440399408340452,0.1889597177505493,1.755080223083496
2,id_block2_h36_seed0,9951,small_full,2,left,1,0.9999066591262816,0.8265455365180969,1.0157036781311035,0.1891581416130066,0.8265455365180969
2,id_block2_h36_seed0,9952,small_full,1,right,1,0.9997590184211732,1.252285361289978,1.4228729009628296,0.1705875396728515,1.252285361289978
2,id_block2_h36_seed0,9953,small_full,3,forward,1,0.9993680119514464,0.8199412822723389,0.9851821064949036,0.1652408242225647,0.8199412822723389
2,id_block2_h36_seed0,9954,small_full,1,right,1,0.9999403953552246,1.0068129301071167,1.2164701223373413,0.2096571922302246,1.0068129301071167
2,id_block2_h36_seed0,9955,small_full,1,right,1,0.9996562004089355,1.038677215576172,1.1986578702926636,0.1599806547164917,1.038677215576172
2,id_block2_h36_seed0,9956,small_full,1,right,1,0.999822199344635,1.5458070039749146,1.7336069345474243,0.1877999305725097,1.5458070039749146
2,id_block2_h36_seed0,9957,small_full,3,forward,1,0.9994827508926392,1.7417865991592407,1.8932512998580933,0.1514647006988525,1.7417865991592407
2,id_block2_h36_seed0,9958,small_full,4,backward,1,0.9982253909111024,1.0159133672714231,1.143157958984375,0.1272445917129516,1.0159133672714231
2,id_block2_h36_seed0,9959,small_full,4,backward,1,0.9994215965270996,0.8390557169914246,0.9923558235168456,0.1533001065254211,0.8390557169914246
2,id_block2_h36_seed0,9961,small_full,3,forward,1,0.9999935626983644,0.9437594413757324,1.185874104499817,0.2421146631240844,0.9437594413757324
2,id_block2_h36_seed0,9962,small_full,4,backward,1,0.9995450377464294,1.0417137145996094,1.2100296020507812,0.1683158874511718,1.0417137145996094
2,id_block2_h36_seed0,9963,small_full,1,right,1,0.9998564720153807,0.9764633774757384,1.1542633771896362,0.1777999997138977,0.9764633774757384
2,id_block2_h36_seed0,9965,small_full,1,right,1,0.9998927116394044,2.133850336074829,2.3366520404815674,0.2028017044067382,2.133850336074829
2,id_block2_h36_seed0,9966,small_full,4,backward,1,0.9998601675033568,1.112416386604309,1.297709584236145,0.1852931976318359,1.112416386604309
2,id_block2_h36_seed0,9967,small_full,2,left,1,0.996660590171814,1.6312440633773804,1.7510414123535156,0.1197973489761352,1.6312440633773804
2,id_block2_h36_seed0,9968,small_full,2,left,1,0.999987006187439,1.049943447113037,1.280241847038269,0.2302983999252319,1.049943447113037
2,id_block2_h36_seed0,9971,small_full,3,forward,1,0.9996236562728882,0.9207929968833924,1.0829472541809082,0.1621542572975158,0.9207929968833924
2,id_block2_h36_seed0,9972,small_full,4,backward,1,0.9997209906578064,1.6525310277938845,1.8209733963012693,0.1684423685073852,1.6525310277938845
2,id_block2_h36_seed0,9973,small_full,3,forward,1,0.9997448325157166,1.038305640220642,1.2249524593353271,0.186646819114685,1.038305640220642
2,id_block2_h36_seed0,9975,small_full,1,right,1,0.9985646605491638,2.003175973892212,2.134697914123535,0.1315219402313232,2.003175973892212
2,id_block2_h36_seed0,9976,small_full,3,forward,1,0.9999375343322754,0.9437594413757324,1.138905644416809,0.1951462030410766,0.9437594413757324
2,id_block2_h36_seed0,9977,small_full,3,forward,1,0.9995088577270508,0.8207400441169739,0.988719880580902,0.1679798364639282,0.8207400441169739
2,id_block2_h36_seed0,9978,small_full,3,forward,1,0.9972078204154968,1.984663128852844,2.102388620376587,0.1177254915237426,1.984663128852844
2,id_block2_h36_seed0,9979,small_full,1,right,1,0.9914588928222656,2.0603182315826416,2.155428647994995,0.0951104164123535,2.0603182315826416
2,id_block2_h36_seed0,9980,small_full,2,left,1,0.9963008165359496,2.5806729793548584,2.7018632888793945,0.1211903095245361,2.5806729793548584
2,id_block2_h36_seed0,9981,small_full,2,left,1,0.9940510392189026,2.3947913646698,2.497522115707397,0.1027307510375976,2.3947913646698
2,id_block2_h36_seed0,9982,small_full,1,right,1,0.9783642888069152,1.6084375381469729,1.695033073425293,0.0865955352783203,1.6084375381469729
2,id_block2_h36_seed0,9984,small_full,3,forward,1,0.999980092048645,0.7178268432617188,0.9486870765686036,0.2308602333068847,0.7178268432617188
2,id_block2_h36_seed0,9985,small_full,1,right,1,0.999906063079834,0.990785539150238,1.177254319190979,0.1864687800407409,0.990785539150238
2,id_block2_h36_seed0,9986,small_full,3,forward,1,0.9999979734420776,0.8478773236274719,1.116031527519226,0.2681542038917541,0.8478773236274719
2,id_block2_h36_seed0,9987,small_full,4,backward,1,0.9997734427452089,0.8879202008247375,1.0589655637741089,0.1710453629493713,0.8879202008247375
2,id_block2_h36_seed0,9988,small_full,1,right,1,0.9999200105667114,1.1188238859176636,1.3179547786712646,0.199130892753601,1.1188238859176636
2,id_block2_h36_seed0,9989,small_full,2,left,1,0.999384880065918,1.9700437784194944,2.119243860244751,0.1492000818252563,1.9700437784194944
2,id_block2_h36_seed0,9990,small_full,2,left,1,0.7740022540092468,1.393049240112305,1.4231934547424316,0.0301442146301269,1.393049240112305
2,id_block2_h36_seed0,9992,small_full,3,forward,1,0.999931573867798,0.6993196606636047,0.9093375205993652,0.2100178599357605,0.6993196606636047
2,id_block2_h36_seed0,9993,small_full,1,right,1,0.9997102618217468,1.8480567932128904,2.011035919189453,0.1629791259765625,1.8480567932128904
2,id_block2_h36_seed0,9994,small_full,1,right,1,0.9978172779083252,1.0755704641342163,1.2108532190322876,0.1352827548980713,1.0755704641342163
2,id_block2_h36_seed0,9995,small_full,1,right,1,0.9996241331100464,1.2746819257736206,1.4349595308303833,0.1602776050567627,1.2746819257736206
2,id_block2_h36_seed0,9996,small_full,4,backward,1,0.9999310970306396,0.8749797344207764,1.0777077674865725,0.2027280330657959,0.8749797344207764
2,id_block2_h36_seed0,9997,small_full,4,backward,1,0.9998878240585328,1.502081274986267,1.6840496063232422,0.1819683313369751,1.502081274986267
2,id_block2_h36_seed0,9998,small_full,4,backward,1,0.8704012632369995,1.9331868886947632,1.973501682281494,0.0403147935867309,1.9331868886947632
2,id_block2_h36_seed0,9999,small_full,1,right,1,0.9999496936798096,1.0713688135147097,1.2810417413711548,0.2096729278564453,1.0713688135147097
2,id_block2_h36_seed0,9000,full,1,right,1,0.9995593428611756,0.7934797406196594,0.9619736075401306,0.1684938669204712,0.7934797406196594
2,id_block2_h36_seed0,9001,full,1,right,1,0.9998401403427124,0.550370454788208,0.7367423176765442,0.1863718628883361,0.550370454788208
2,id_block2_h36_seed0,9002,full,1,right,1,0.9997891783714294,0.432896226644516,0.604972779750824,0.1720765531063079,0.432896226644516
2,id_block2_h36_seed0,9003,full,4,backward,1,0.999891996383667,0.3116133213043213,0.5122166275978088,0.2006033062934875,0.3116133213043213
2,id_block2_h36_seed0,9004,full,3,forward,1,0.95699942111969,1.107401967048645,1.1723700761795044,0.0649681091308593,1.107401967048645
2,id_block2_h36_seed0,9005,full,4,backward,1,0.9882038831710817,0.9765665531158448,1.0671766996383667,0.0906101465225219,0.9765665531158448
2,id_block2_h36_seed0,9006,full,3,forward,1,0.9994854927062988,0.4725652635097503,0.6246841549873352,0.1521188914775848,0.4725652635097503
2,id_block2_h36_seed0,9007,full,2,left,1,0.9921795129776,0.8983446955680847,0.9960153698921204,0.0976706743240356,0.8983446955680847
2,id_block2_h36_seed0,9008,full,2,left,1,0.9988574981689452,0.4087671041488647,0.5549350380897522,0.1461679339408874,0.4087671041488647
2,id_block2_h36_seed0,9009,full,3,forward,1,0.9998639822006226,0.4666841030120849,0.6594882011413574,0.1928040981292724,0.4666841030120849
2,id_block2_h36_seed0,9010,full,3,forward,1,0.9998390674591064,0.4430385828018188,0.627177894115448,0.1841393113136291,0.4430385828018188
2,id_block2_h36_seed0,9011,full,2,left,1,0.9999054670333862,0.3847392797470093,0.5825238227844238,0.1977845430374145,0.3847392797470093
2,id_block2_h36_seed0,9012,full,4,backward,1,0.9999673366546632,0.6558943390846252,0.8628494143486023,0.206955075263977,0.6558943390846252
2,id_block2_h36_seed0,9015,full,4,backward,1,0.9998331069946288,0.4999050199985504,0.6770968437194824,0.177191823720932,0.4999050199985504
2,id_block2_h36_seed0,9016,full,1,right,1,0.9986385703086852,1.284593939781189,1.417591214179993,0.1329972743988037,1.284593939781189
2,id_block2_h36_seed0,9017,full,2,left,1,0.9998480081558228,0.4705102741718292,0.650567352771759,0.1800570785999298,0.4705102741718292
2,id_block2_h36_seed0,9018,full,2,left,1,0.999843955039978,0.3929074704647064,0.580132007598877,0.1872245371341705,0.3929074704647064
2,id_block2_h36_seed0,9019,full,2,left,1,0.9987758994102478,0.6009114384651184,0.7398830056190491,0.1389715671539306,0.6009114384651184
2,id_block2_h36_seed0,9020,full,2,left,1,0.9999065399169922,1.232024908065796,1.4183244705200195,0.1862995624542236,1.232024908065796
2,id_block2_h36_seed0,9021,full,4,backward,1,0.9999239444732666,0.547204315662384,0.7413894534111023,0.1941851377487182,0.547204315662384
2,id_block2_h36_seed0,9024,full,1,right,1,0.9999948740005492,0.3864292204380035,0.638974666595459,0.2525454461574554,0.3864292204380035
2,id_block2_h36_seed0,9026,full,2,left,1,0.9920118451118468,1.1825190782546997,1.279433250427246,0.0969141721725463,1.1825190782546997
2,id_block2_h36_seed0,9029,full,1,right,1,0.9999715089797974,0.4161849915981293,0.6336240172386169,0.2174390256404876,0.4161849915981293
2,id_block2_h36_seed0,9030,full,2,left,1,0.9990994930267334,0.9117889404296876,1.0610491037368774,0.1492601633071899,0.9117889404296876
2,id_block2_h36_seed0,9031,full,2,left,1,0.9801454544067384,1.3955522775650024,1.4772783517837524,0.08172607421875,1.3955522775650024
2,id_block2_h36_seed0,9032,full,3,forward,1,0.9961650371551514,1.2627387046813965,1.3821245431900024,0.1193858385086059,1.2627387046813965
2,id_block2_h36_seed0,9036,full,1,right,1,0.999462068080902,1.048823356628418,1.1994434595108032,0.1506201028823852,1.048823356628418
2,id_block2_h36_seed0,9037,full,2,left,1,0.99974924325943,0.3901387751102447,0.5599124431610107,0.169773668050766,0.3901387751102447
2,id_block2_h36_seed0,9038,full,4,backward,1,0.9999561309814452,0.499097466468811,0.7083609700202942,0.2092635035514831,0.499097466468811
2,id_block2_h36_seed0,9041,full,3,forward,1,0.9997422099113464,0.5812618136405945,0.7564682960510254,0.1752064824104309,0.5812618136405945
2,id_block2_h36_seed0,9042,full,1,right,1,0.9947295784950256,1.662721037864685,1.7694350481033323,0.1067140102386474,1.662721037864685
2,id_block2_h36_seed0,9043,full,4,backward,1,0.9999511241912842,0.5623671412467957,0.7695261836051941,0.2071590423583984,0.5623671412467957
2,id_block2_h36_seed0,9045,full,1,right,1,0.995944082736969,2.3896703720092773,2.503739595413208,0.1140692234039306,2.3896703720092773
2,id_block2_h36_seed0,9046,full,1,right,1,0.9993578791618348,0.469015508890152,0.6279770731925964,0.1589615643024444,0.469015508890152
2,id_block2_h36_seed0,9048,full,2,left,1,0.9998202919960022,0.9696558117866516,1.1488033533096311,0.1791475415229797,0.9696558117866516
2,id_block2_h36_seed0,9049,full,2,left,1,0.999806821346283,1.505566120147705,1.6776498556137085,0.1720837354660034,1.505566120147705
2,id_block2_h36_seed0,9050,full,2,left,1,0.9998700618743896,0.4977396428585052,0.6916060447692871,0.1938664019107818,0.4977396428585052
2,id_block2_h36_seed0,9051,full,2,left,1,0.9246858954429626,1.6743841171264648,1.7267392873764038,0.0523551702499389,1.6743841171264648
2,id_block2_h36_seed0,9052,full,3,forward,1,0.9999288320541382,0.4109185636043548,0.6137521862983704,0.2028336226940155,0.4109185636043548
2,id_block2_h36_seed0,9053,full,2,left,1,0.9969925880432128,1.2088899612426758,1.3249726295471191,0.1160826683044433,1.2088899612426758
2,id_block2_h36_seed0,9054,full,2,left,1,0.9996786117553712,0.3205702006816864,0.4893761575222015,0.1688059568405151,0.3205702006816864
2,id_block2_h36_seed0,9055,full,3,forward,1,0.998741090297699,0.4433414041996002,0.584077775478363,0.1407363712787628,0.4433414041996002
2,id_block2_h36_seed0,9056,full,4,backward,1,0.99375182390213,0.3659229278564453,0.4699159562587738,0.1039930284023284,0.3659229278564453
2,id_block2_h36_seed0,9057,full,4,backward,1,0.9997866749763488,0.4631555378437042,0.6401830315589905,0.1770274937152862,0.4631555378437042
2,id_block2_h36_seed0,9060,full,3,forward,1,0.9927440881729126,0.8468644022941589,0.95669823884964,0.1098338365554809,0.8468644022941589
2,id_block2_h36_seed0,9061,full,4,backward,1,0.9999574422836304,0.3116133213043213,0.5207158923149109,0.2091025710105896,0.3116133213043213
2,id_block2_h36_seed0,9062,full,3,forward,1,0.9543046355247498,0.6240439414978027,0.7015438079833984,0.0774998664855957,0.6240439414978027
2,id_block2_h36_seed0,9063,full,2,left,1,0.9990492463111876,2.1859302520751958,2.325606107711792,0.1396758556365966,2.1859302520751958
2,id_block2_h36_seed0,9064,full,4,backward,1,0.999986171722412,0.4201596677303314,0.6474661231040955,0.227306455373764,0.4201596677303314
2,id_block2_h36_seed0,9065,full,4,backward,1,0.9987284541130066,1.0441700220108032,1.178653120994568,0.1344830989837646,1.0441700220108032
2,id_block2_h36_seed0,9066,full,3,forward,1,0.9993007183074952,0.3802342712879181,0.5315527319908142,0.1513184607028961,0.3802342712879181
2,id_block2_h36_seed0,9067,full,2,left,1,0.9985998272895812,0.4372595250606537,0.5733595490455627,0.136100023984909,0.4372595250606537
2,id_block2_h36_seed0,9068,full,2,left,1,0.9998517036437988,0.4426409304141998,0.621173083782196,0.1785321533679962,0.4426409304141998
2,id_block2_h36_seed0,9069,full,2,left,1,0.9996929168701172,0.6356735825538635,0.7987566590309143,0.1630830764770507,0.6356735825538635
2,id_block2_h36_seed0,9070,full,2,left,1,0.9993220567703248,0.965369999408722,1.1188782453536987,0.1535082459449768,0.965369999408722
2,id_block2_h36_seed0,9071,full,1,right,1,0.9998243451118468,0.523737370967865,0.7005116939544678,0.1767743229866027,0.523737370967865
2,id_block2_h36_seed0,9072,full,2,left,1,0.99755859375,0.4555884897708893,0.5919963717460632,0.1364078819751739,0.4555884897708893
2,id_block2_h36_seed0,9073,full,1,right,1,0.9994484782218932,0.4657866954803467,0.6313977837562561,0.1656110882759094,0.4657866954803467
2,id_block2_h36_seed0,9074,full,4,backward,1,0.9999535083770752,0.5086026191711426,0.7110753059387207,0.2024726867675781,0.5086026191711426
2,id_block2_h36_seed0,9075,full,3,forward,1,0.999881386756897,0.4096721708774566,0.5960944890975952,0.1864223182201385,0.4096721708774566
2,id_block2_h36_seed0,9077,full,2,left,1,0.9997228980064392,0.7560043334960938,0.9279451370239258,0.171940803527832,0.7560043334960938
2,id_block2_h36_seed0,9078,full,3,forward,1,0.9865421056747437,1.1221479177474976,1.2186121940612793,0.0964642763137817,1.1221479177474976
2,id_block2_h36_seed0,9079,full,4,backward,1,0.999661922454834,1.1161197423934937,1.276247501373291,0.1601277589797973,1.1161197423934937
2,id_block2_h36_seed0,9080,full,1,right,1,0.9999593496322632,0.385358065366745,0.5908918380737305,0.2055337727069854,0.385358065366745
2,id_block2_h36_seed0,9081,full,1,right,1,0.9999533891677856,0.3941468298435211,0.5980697274208069,0.2039228975772857,0.3941468298435211
2,id_block2_h36_seed0,9082,full,4,backward,1,0.9849171042442322,0.986894190311432,1.0723553895950315,0.0854611992835998,0.986894190311432
2,id_block2_h36_seed0,9086,full,3,forward,1,0.9992757439613342,1.151227355003357,1.2962857484817505,0.1450583934783935,1.151227355003357
2,id_block2_h36_seed0,9087,full,4,backward,1,0.9999951124191284,0.9898260235786438,1.243184208869934,0.2533581852912903,0.9898260235786438
2,id_block2_h36_seed0,9089,full,4,backward,1,0.999629020690918,0.7623137831687927,0.9234461188316344,0.1611323356628418,0.7623137831687927
2,id_block2_h36_seed0,9090,full,1,right,1,0.9999797344207764,1.0355314016342163,1.2579995393753052,0.2224681377410888,1.0355314016342163
2,id_block2_h36_seed0,9091,full,4,backward,1,0.9929094314575196,0.7108970284461975,0.8126751780509949,0.1017781496047973,0.7108970284461975
2,id_block2_h36_seed0,9092,full,2,left,1,0.9983139038085938,1.73092782497406,1.859379768371582,0.1284519433975219,1.73092782497406
2,id_block2_h36_seed0,9093,full,1,right,1,0.9999200105667114,0.621028482913971,0.8126413226127625,0.1916128396987915,0.621028482913971
2,id_block2_h36_seed0,9095,full,4,backward,1,0.9974017143249512,0.9446857571601868,1.0639630556106567,0.1192772984504699,0.9446857571601868
2,id_block2_h36_seed0,9096,full,3,forward,1,0.9985910058021544,0.5757059454917908,0.712242603302002,0.1365366578102111,0.5757059454917908
2,id_block2_h36_seed0,9097,full,1,right,1,0.9942387342453004,1.0647530555725098,1.1683837175369265,0.1036306619644165,1.0647530555725098
2,id_block2_h36_seed0,9099,full,1,right,1,0.9870909452438354,1.553951859474182,1.646349549293518,0.0923976898193359,1.553951859474182
2,id_block2_h36_seed0,9100,full,2,left,1,0.9999451637268066,0.5320876240730286,0.7374782562255859,0.2053906321525573,0.5320876240730286
2,id_block2_h36_seed0,9102,full,1,right,1,0.9999598264694214,0.503387987613678,0.7107844352722168,0.2073964476585388,0.503387987613678
2,id_block2_h36_seed0,9103,full,1,right,1,0.9792925119400024,1.6302059888839722,1.707471251487732,0.0772652626037597,1.6302059888839722
2,id_block2_h36_seed0,9104,full,3,forward,1,0.9998674392700196,0.5829563140869141,0.7753755450248718,0.1924192309379577,0.5829563140869141
2,id_block2_h36_seed0,9105,full,4,backward,1,0.999419331550598,1.032811999320984,1.1829429864883425,0.1501309871673584,1.032811999320984
2,id_block2_h36_seed0,9108,full,2,left,1,0.9967387318611144,0.965369999408722,1.0814350843429563,0.1160650849342346,0.965369999408722
2,id_block2_h36_seed0,9109,full,2,left,1,0.9998791217803956,0.4912378787994385,0.680334746837616,0.1890968680381775,0.4912378787994385
2,id_block2_h36_seed0,9110,full,3,forward,1,0.9998812675476074,1.2776755094528198,1.4589109420776367,0.1812354326248169,1.2776755094528198
2,id_block2_h36_seed0,9111,full,2,left,1,0.9969285130500792,0.3521091639995575,0.4683040678501129,0.1161949038505554,0.3521091639995575
2,id_block2_h36_seed0,9112,full,4,backward,1,0.9996484518051147,0.3705235421657562,0.5299968123435974,0.1594732701778412,0.3705235421657562
2,id_block2_h36_seed0,9113,full,2,left,1,0.9442314505577089,0.4034308493137359,0.465092271566391,0.061661422252655,0.4034308493137359
2,id_block2_h36_seed0,9114,full,2,left,1,0.999055564403534,1.3347225189208984,1.4742188453674316,0.1394963264465332,1.3347225189208984
2,id_block2_h36_seed0,9115,full,4,backward,1,0.9983312487602234,0.9347297549247742,1.073936104774475,0.1392063498497009,0.9347297549247742
2,id_block2_h36_seed0,9117,full,4,backward,1,0.997895359992981,1.162338376045227,1.2856850624084473,0.1233466863632202,1.162338376045227
2,id_block2_h36_seed0,9118,full,3,forward,1,0.999910831451416,1.0233737230300903,1.21994948387146,0.1965757608413696,1.0233737230300903
2,id_block2_h36_seed0,9119,full,3,forward,1,0.9999569654464722,0.4446187913417816,0.6578588485717773,0.2132400572299957,0.4446187913417816
2,id_block2_h36_seed0,9120,full,4,backward,1,0.8984825611114502,1.0961360931396484,1.1397877931594849,0.0436517000198364,1.0961360931396484
2,id_block2_h36_seed0,9122,full,3,forward,1,0.999998927116394,0.406693696975708,0.6870303153991699,0.2803366184234619,0.406693696975708
2,id_block2_h36_seed0,9123,full,3,forward,1,0.9996185302734376,0.9612032771110536,1.1208645105361938,0.1596612334251403,0.9612032771110536
2,id_block2_h36_seed0,9125,full,2,left,1,0.997735857963562,0.4240967929363251,0.5616132616996765,0.1375164687633514,0.4240967929363251
2,id_block2_h36_seed0,9126,full,1,right,1,0.9963276982307434,0.6085739731788635,0.7333579063415527,0.1247839331626892,0.6085739731788635
2,id_block2_h36_seed0,9127,full,1,right,1,0.8469606041908264,1.524112343788147,1.558638572692871,0.0345262289047241,1.524112343788147
2,id_block2_h36_seed0,9128,full,4,backward,1,0.9999748468399048,0.3693409264087677,0.5931271314620972,0.2237862050533294,0.3693409264087677
2,id_block2_h36_seed0,9129,full,4,backward,1,0.9998775720596312,1.0755184888839722,1.2611948251724243,0.1856763362884521,1.0755184888839722
2,id_block2_h36_seed0,9131,full,4,backward,1,0.9986773133277892,0.8228815197944641,0.9634422659873962,0.1405607461929321,0.8228815197944641
2,id_block2_h36_seed0,9133,full,1,right,1,0.9999445676803588,0.6790967583656311,0.88419508934021,0.2050983309745788,0.6790967583656311
2,id_block2_h36_seed0,9134,full,3,forward,1,0.9999574422836304,0.390658974647522,0.594896137714386,0.204237163066864,0.390658974647522
2,id_block2_h36_seed0,9135,full,2,left,1,0.9985488057136536,2.336184501647949,2.475421190261841,0.1392366886138916,2.336184501647949
2,id_block2_h36_seed0,9136,full,3,forward,1,0.9998619556427002,0.3727914094924927,0.555184543132782,0.1823931336402893,0.3727914094924927
2,id_block2_h36_seed0,9137,full,2,left,1,0.99948251247406,1.206218123435974,1.3647676706314087,0.1585495471954345,1.206218123435974
2,id_block2_h36_seed0,9139,full,2,left,1,0.9943904280662536,0.6681852340698242,0.7792585492134094,0.1110733151435852,0.6681852340698242
2,id_block2_h36_seed0,9142,full,1,right,1,0.9995937943458556,0.390187531709671,0.5483121275901794,0.1581245958805084,0.390187531709671
2,id_block2_h36_seed0,9143,full,3,forward,1,0.9969707727432252,1.299887776374817,1.4162803888320925,0.1163926124572753,1.299887776374817
2,id_block2_h36_seed0,9144,full,4,backward,1,0.9999481439590454,1.1845744848251345,1.3894500732421875,0.2048755884170532,1.1845744848251345
2,id_block2_h36_seed0,9146,full,4,backward,1,0.99999737739563,0.3791171014308929,0.6474444270133972,0.2683273255825043,0.3791171014308929
2,id_block2_h36_seed0,9149,full,3,forward,1,0.9992115497589112,1.406720757484436,1.5527796745300293,0.1460589170455932,1.406720757484436
2,id_block2_h36_seed0,9150,full,3,forward,1,0.9999587535858154,0.4161765575408935,0.6193990111351013,0.2032224535942077,0.4161765575408935
2,id_block2_h36_seed0,9151,full,1,right,1,0.9992333650588988,2.3896703720092773,2.533900499343872,0.1442301273345947,2.3896703720092773
2,id_block2_h36_seed0,9152,full,4,backward,1,0.9998660087585448,0.5210466980934143,0.7069622874259949,0.1859155893325805,0.5210466980934143
2,id_block2_h36_seed0,9154,full,4,backward,1,0.9999958276748656,1.1012617349624634,1.3503093719482422,0.2490476369857788,1.1012617349624634
2,id_block2_h36_seed0,9155,full,2,left,1,0.99838125705719,0.9117889404296876,1.053936004638672,0.1421470642089843,0.9117889404296876
2,id_block2_h36_seed0,9156,full,4,backward,1,0.9999569654464722,0.3306868076324463,0.5330017805099487,0.2023149728775024,0.3306868076324463
2,id_block2_h36_seed0,9157,full,3,forward,1,0.9998681545257568,0.4677895009517669,0.648398756980896,0.180609256029129,0.4677895009517669
2,id_block2_h36_seed0,9160,full,4,backward,1,0.9998589754104614,0.6816009879112244,0.8592348098754883,0.1776338219642639,0.6816009879112244
2,id_block2_h36_seed0,9161,full,2,left,1,0.9972497820854188,1.424250245094299,1.5422507524490356,0.1180005073547363,1.424250245094299
2,id_block2_h36_seed0,9162,full,4,backward,1,0.999836802482605,0.7310001254081726,0.9159676432609558,0.1849675178527832,0.7310001254081726
2,id_block2_h36_seed0,9163,full,4,backward,1,0.9784157872200012,1.1640161275863647,1.2403857707977295,0.0763696432113647,1.1640161275863647
2,id_block2_h36_seed0,9164,full,1,right,1,0.9999836683273317,0.3491898775100708,0.5869314074516296,0.2377415299415588,0.3491898775100708
2,id_block2_h36_seed0,9165,full,2,left,1,0.999701201915741,0.3325656950473785,0.4956591129302978,0.1630934178829193,0.3325656950473785
2,id_block2_h36_seed0,9166,full,2,left,1,0.9206717014312744,1.7318391799926758,1.7822750806808472,0.0504359006881713,1.7318391799926758
2,id_block2_h36_seed0,9167,full,3,forward,1,0.9999693632125854,0.5204198956489563,0.7322370409965515,0.2118171453475952,0.5204198956489563
2,id_block2_h36_seed0,9169,full,2,left,1,0.9999383687973022,0.3901387751102447,0.5916326642036438,0.201493889093399,0.3901387751102447
2,id_block2_h36_seed0,9170,full,3,forward,1,0.9999796152114868,0.8268526196479797,1.0638083219528198,0.2369557023048401,0.8268526196479797
2,id_block2_h36_seed0,9171,full,2,left,1,0.9999819993972778,0.3989474773406982,0.6240665316581726,0.2251190543174743,0.3989474773406982
2,id_block2_h36_seed0,9173,full,2,left,1,0.8746194243431091,1.7391411066055298,1.7780107259750366,0.0388696193695068,1.7391411066055298
2,id_block2_h36_seed0,9174,full,3,forward,1,0.9999216794967652,0.4634307324886322,0.660075843334198,0.1966451108455658,0.4634307324886322
2,id_block2_h36_seed0,9175,full,2,left,1,0.9940544962882996,0.4034308493137359,0.5160000920295715,0.1125692427158355,0.4034308493137359
2,id_block2_h36_seed0,9176,full,3,forward,1,0.9998183846473694,0.4941078722476959,0.6697600483894348,0.1756521761417389,0.4941078722476959
2,id_block2_h36_seed0,9177,full,4,backward,1,0.9828566908836364,1.0727845430374146,1.153826117515564,0.0810415744781494,1.0727845430374146
2,id_block2_h36_seed0,9178,full,4,backward,1,0.9977887868881226,0.4823151528835296,0.6053838133811951,0.1230686604976654,0.4823151528835296
2,id_block2_h36_seed0,9179,full,4,backward,1,0.9998807907104492,0.7504267692565918,0.9324133992195128,0.1819866299629211,0.7504267692565918
2,id_block2_h36_seed0,9180,full,4,backward,1,0.9989390969276428,1.0498725175857544,1.1887229681015017,0.138850450515747,1.0498725175857544
2,id_block2_h36_seed0,9181,full,2,left,1,0.9999992847442628,0.8691944479942322,1.1542870998382568,0.2850926518440246,0.8691944479942322
2,id_block2_h36_seed0,9184,full,4,backward,1,0.9955207109451294,1.0453730821609497,1.1535634994506836,0.1081904172897338,1.0453730821609497
2,id_block2_h36_seed0,9185,full,1,right,1,0.9962700605392456,1.85891854763031,1.9744058847427368,0.1154873371124267,1.85891854763031
2,id_block2_h36_seed0,9186,full,1,right,1,0.998780071735382,0.4069093465805053,0.546215832233429,0.1393064856529235,0.4069093465805053
2,id_block2_h36_seed0,9187,full,4,backward,1,0.9990122318267822,0.8990959525108337,1.0376664400100708,0.138570487499237,0.8990959525108337
2,id_block2_h36_seed0,9188,full,3,forward,1,0.9997188448905944,0.9492118954658508,1.112972378730774,0.1637604832649231,0.9492118954658508
2,id_block2_h36_seed0,9189,full,2,left,1,0.999967098236084,0.3644906282424927,0.5815773010253906,0.2170866727828979,0.3644906282424927
2,id_block2_h36_seed0,9191,full,1,right,1,0.9996964931488036,0.6270580887794495,0.7955708503723145,0.168512761592865,0.6270580887794495
2,id_block2_h36_seed0,9192,full,2,left,1,0.9999208450317384,0.3077679574489593,0.5015133619308472,0.1937454044818878,0.3077679574489593
2,id_block2_h36_seed0,9193,full,3,forward,1,0.9951223731040956,1.1237086057662964,1.2386969327926636,0.1149883270263671,1.1237086057662964
2,id_block2_h36_seed0,9194,full,3,forward,1,0.9985669255256652,1.2776755094528198,1.4153432846069336,0.1376677751541137,1.2776755094528198
2,id_block2_h36_seed0,9195,full,1,right,1,0.99695885181427,0.3670922815799713,0.4871335327625274,0.1200412511825561,0.3670922815799713
2,id_block2_h36_seed0,9196,full,4,backward,1,0.9992458820343018,0.8734654784202576,1.0177723169326782,0.1443068385124206,0.8734654784202576
2,id_block2_h36_seed0,9197,full,4,backward,1,0.9999833106994628,0.2774232923984527,0.5100021958351135,0.2325789034366607,0.2774232923984527
2,id_block2_h36_seed0,9198,full,2,left,1,0.9959486722946168,1.9658406972885127,2.0760087966918945,0.1101680994033813,1.9658406972885127
2,id_block2_h36_seed0,9200,full,2,left,1,0.7198019623756409,1.4769372940063477,1.495807647705078,0.0188703536987304,1.4769372940063477
2,id_block2_h36_seed0,9201,full,2,left,1,0.9987393021583556,2.1859302520751958,2.325606107711792,0.1396758556365966,2.1859302520751958
2,id_block2_h36_seed0,9202,full,1,right,1,0.9999637603759766,0.6617741584777832,0.8764287829399109,0.2146546244621276,0.6617741584777832
2,id_block2_h36_seed0,9203,full,3,forward,1,0.999674916267395,0.532254159450531,0.6933698654174805,0.1611157059669494,0.532254159450531
2,id_block2_h36_seed0,9204,full,3,forward,1,0.985183596611023,1.4114681482315063,1.49742591381073,0.0859577655792236,1.4114681482315063
2,id_block2_h36_seed0,9205,full,3,forward,1,0.9903464913368224,1.216713786125183,1.3093419075012207,0.0926281213760376,1.216713786125183
2,id_block2_h36_seed0,9207,full,3,forward,1,0.9995937943458556,0.5069125890731812,0.6796002388000488,0.1726876497268676,0.5069125890731812
2,id_block2_h36_seed0,9208,full,4,backward,1,0.9998914003372192,0.4163693189620971,0.604269802570343,0.1879004836082458,0.4163693189620971
2,id_block2_h36_seed0,9209,full,4,backward,1,0.9999955892562866,0.4494194984436035,0.7085995674133301,0.2591800689697265,0.4494194984436035
2,id_block2_h36_seed0,9210,full,2,left,1,0.9989780187606812,0.4996908605098724,0.6530346274375916,0.1533437669277191,0.4996908605098724
2,id_block2_h36_seed0,9211,full,3,forward,1,0.9997124075889589,0.9492118954658508,1.112972378730774,0.1637604832649231,0.9492118954658508
2,id_block2_h36_seed0,9212,full,2,left,1,0.9999799728393556,1.021316409111023,1.2480382919311523,0.2267218828201294,1.021316409111023
2,id_block2_h36_seed0,9214,full,3,forward,1,0.999954342842102,0.4208836257457733,0.6330099701881409,0.2121263444423675,0.4208836257457733
2,id_block2_h36_seed0,9215,full,3,forward,1,0.997489333152771,1.316311597824097,1.4361495971679688,0.119837999343872,1.316311597824097
2,id_block2_h36_seed0,9218,full,4,backward,1,0.9982191920280457,1.096361756324768,1.228118062019348,0.13175630569458,1.096361756324768
2,id_block2_h36_seed0,9219,full,1,right,1,0.9993647933006288,1.1816667318344116,1.3330785036087036,0.151411771774292,1.1816667318344116
2,id_block2_h36_seed0,9220,full,3,forward,1,0.9996719360351562,0.477629691362381,0.6418704390525818,0.1642407476902008,0.477629691362381
2,id_block2_h36_seed0,9221,full,3,forward,1,0.9965135455131532,0.4053386151790619,0.5217408537864685,0.1164022386074066,0.4053386151790619
2,id_block2_h36_seed0,9222,full,3,forward,1,0.9999972581863404,1.134050726890564,1.4018120765686035,0.2677613496780395,1.134050726890564
2,id_block2_h36_seed0,9225,full,1,right,1,0.9999387264251708,0.461608737707138,0.6590450406074524,0.1974363029003143,0.461608737707138
2,id_block2_h36_seed0,9226,full,1,right,1,0.999990701675415,0.4256645143032074,0.6653332114219666,0.2396686971187591,0.4256645143032074
2,id_block2_h36_seed0,9227,full,3,forward,1,0.9997089505195618,1.0058597326278689,1.169376254081726,0.1635165214538574,1.0058597326278689
2,id_block2_h36_seed0,9228,full,3,forward,1,0.999679446220398,0.4234936237335205,0.5910515785217285,0.167557954788208,0.4234936237335205
2,id_block2_h36_seed0,9230,full,2,left,1,0.9999961853027344,0.9318422675132751,1.1814767122268677,0.2496344447135925,0.9318422675132751
2,id_block2_h36_seed0,9231,full,3,forward,1,0.9999409914016724,0.568474292755127,0.7808132171630859,0.2123389244079589,0.568474292755127
2,id_block2_h36_seed0,9232,full,1,right,1,0.9948089122772216,1.1280179023742676,1.2384910583496094,0.1104731559753418,1.1280179023742676
2,id_block2_h36_seed0,9233,full,4,backward,1,0.999963641166687,0.4772241115570068,0.6831400990486145,0.2059159874916076,0.4772241115570068
2,id_block2_h36_seed0,9234,full,3,forward,1,0.9990816116333008,0.342835932970047,0.4909718930721283,0.1481359601020813,0.342835932970047
2,id_block2_h36_seed0,9235,full,4,backward,1,0.9999645948410034,0.4999050199985504,0.7089369893074036,0.2090319693088531,0.4999050199985504
2,id_block2_h36_seed0,9236,full,3,forward,1,0.9981984496116638,0.990358293056488,1.119513988494873,0.129155695438385,0.990358293056488
2,id_block2_h36_seed0,9237,full,2,left,1,0.9998942613601683,2.040738821029663,2.225324869155884,0.1845860481262207,2.040738821029663
2,id_block2_h36_seed0,9239,full,2,left,1,0.9990053772926332,0.3952485024929046,0.5388737320899963,0.1436252295970916,0.3952485024929046
2,id_block2_h36_seed0,9240,full,1,right,1,0.9999794960021972,0.6564239859580994,0.8848156929016113,0.2283917069435119,0.6564239859580994
2,id_block2_h36_seed0,9241,full,4,backward,1,0.9978942275047302,0.8334769606590271,0.9572908282279968,0.1238138675689697,0.8334769606590271
2,id_block2_h36_seed0,9242,full,1,right,1,0.9917804598808287,1.267045497894287,1.3767632246017456,0.1097177267074585,1.267045497894287
2,id_block2_h36_seed0,9243,full,2,left,1,0.9997599720954896,0.4067219197750091,0.5809661149978638,0.1742441952228546,0.4067219197750091
2,id_block2_h36_seed0,9244,full,4,backward,1,0.996758997440338,0.7925872802734375,0.9075329899787904,0.1149457097053527,0.7925872802734375
2,id_block2_h36_seed0,9245,full,2,left,1,0.9999228715896606,1.2810397148132324,1.4738019704818726,0.1927622556686401,1.2810397148132324
2,id_block2_h36_seed0,9247,full,4,backward,1,0.9997231364250184,0.452999860048294,0.6207776069641113,0.1677777469158172,0.452999860048294
2,id_block2_h36_seed0,9249,full,4,backward,1,0.9980748891830444,0.9385401606559752,1.0637961626052856,0.1252560019493103,0.9385401606559752
2,id_block2_h36_seed0,9250,full,1,right,1,0.987371563911438,1.1925160884857178,1.2868492603302002,0.0943331718444824,1.1925160884857178
2,id_block2_h36_seed0,9251,full,2,left,1,0.9999157190322876,0.8470067977905273,1.0377148389816284,0.190708041191101,0.8470067977905273
2,id_block2_h36_seed0,9252,full,4,backward,1,0.9964829683303832,1.0604006052017212,1.1807103157043457,0.1203097105026245,1.0604006052017212
2,id_block2_h36_seed0,9254,full,3,forward,1,0.983972430229187,1.217821717262268,1.300490379333496,0.082668662071228,1.217821717262268
2,id_block2_h36_seed0,9256,full,3,forward,1,0.999966025352478,0.3891514241695404,0.610058605670929,0.2209071815013885,0.3891514241695404
2,id_block2_h36_seed0,9258,full,3,forward,1,0.9979977011680604,1.1554585695266724,1.2905205488204956,0.1350619792938232,1.1554585695266724
2,id_block2_h36_seed0,9259,full,3,forward,1,0.9999592304229736,1.0761069059371948,1.288034439086914,0.2119275331497192,1.0761069059371948
2,id_block2_h36_seed0,9260,full,1,right,1,0.9993002414703368,0.6301243901252747,0.7861924767494202,0.1560680866241455,0.6301243901252747
2,id_block2_h36_seed0,9261,full,1,right,1,0.7902624011039734,0.489225298166275,0.5159914493560791,0.026766151189804,0.489225298166275
2,id_block2_h36_seed0,9262,full,3,forward,1,0.9998723268508912,0.6357101798057556,0.8281866908073425,0.1924765110015869,0.6357101798057556
2,id_block2_h36_seed0,9263,full,1,right,1,0.9999850988388062,0.4286341667175293,0.6653111577033997,0.2366769909858703,0.4286341667175293
2,id_block2_h36_seed0,9266,full,4,backward,1,0.999816596508026,0.5958398580551147,0.7808728814125061,0.1850330233573913,0.5958398580551147
2,id_block2_h36_seed0,9267,full,3,forward,1,0.9998756647109984,0.3959045112133026,0.5881063342094421,0.1922018229961395,0.3959045112133026
2,id_block2_h36_seed0,9268,full,1,right,1,0.9991052746772766,0.9968932271003724,1.1373101472854614,0.1404169201850891,0.9968932271003724
2,id_block2_h36_seed0,9269,full,1,right,1,0.9995971322059632,0.528871476650238,0.6897807717323303,0.1609092950820922,0.528871476650238
2,id_block2_h36_seed0,9270,full,4,backward,1,0.999869465827942,0.8268583416938782,1.0104440450668335,0.1835857033729553,0.8268583416938782
2,id_block2_h36_seed0,9271,full,1,right,1,0.9999827146530152,0.9749132990837096,1.197916865348816,0.2230035662651062,0.9749132990837096
2,id_block2_h36_seed0,9272,full,4,backward,1,0.9999200105667114,1.2840771675109863,1.4732990264892578,0.1892218589782714,1.2840771675109863
2,id_block2_h36_seed0,9273,full,3,forward,1,0.999200999736786,0.3490473926067352,0.5062259435653687,0.1571785509586334,0.3490473926067352
2,id_block2_h36_seed0,9274,full,4,backward,1,0.99955552816391,0.5167774558067322,0.6759708523750305,0.1591933965682983,0.5167774558067322
2,id_block2_h36_seed0,9276,full,1,right,1,0.9992120265960692,1.5129340887069702,1.6569217443466189,0.1439876556396484,1.5129340887069702
2,id_block2_h36_seed0,9277,full,3,forward,1,0.9994688630104064,0.3802342712879181,0.5315527319908142,0.1513184607028961,0.3802342712879181
2,id_block2_h36_seed0,9278,full,2,left,1,0.979955792427063,0.4628247022628784,0.5505523681640625,0.087727665901184,0.4628247022628784
2,id_block2_h36_seed0,9279,full,2,left,1,0.9999843835830688,0.4065669476985931,0.635827898979187,0.2292609512805938,0.4065669476985931
2,id_block2_h36_seed0,9282,full,4,backward,1,0.999681830406189,0.4525333940982818,0.6221210956573486,0.1695877015590667,0.4525333940982818
2,id_block2_h36_seed0,9283,full,4,backward,1,0.999545395374298,0.7932634353637695,0.9665470123291016,0.173283576965332,0.7932634353637695
2,id_block2_h36_seed0,9284,full,2,left,1,0.9985836744308472,0.5779969096183777,0.7188388705253601,0.1408419609069824,0.5779969096183777
2,id_block2_h36_seed0,9286,full,3,forward,1,0.9998218417167664,0.5384790897369385,0.7187890410423279,0.1803099513053894,0.5384790897369385
2,id_block2_h36_seed0,9288,full,1,right,1,0.999951720237732,0.4919310808181762,0.6989577412605286,0.2070266604423523,0.4919310808181762
2,id_block2_h36_seed0,9290,full,2,left,1,0.9999594688415528,0.4140879809856415,0.6199946403503418,0.2059066593647003,0.4140879809856415
2,id_block2_h36_seed0,9292,full,4,backward,1,0.9995028972625732,0.4923514127731323,0.653992235660553,0.1616408228874206,0.4923514127731323
2,id_block2_h36_seed0,9293,full,2,left,1,0.998817503452301,0.4997765123844147,0.6386519074440002,0.1388753950595855,0.4997765123844147
2,id_block2_h36_seed0,9294,full,3,forward,1,0.9999676942825316,1.2182382345199585,1.4262586832046509,0.2080204486846923,1.2182382345199585
2,id_block2_h36_seed0,9295,full,4,backward,1,0.9856491684913636,1.1200650930404663,1.210224986076355,0.0901598930358886,1.1200650930404663
2,id_block2_h36_seed0,9296,full,4,backward,1,0.9938251972198486,1.015468955039978,1.1194119453430176,0.1039429903030395,1.015468955039978
2,id_block2_h36_seed0,9297,full,3,forward,1,0.9998612403869628,0.6930490136146545,0.8752077221870422,0.1821587085723877,0.6930490136146545
2,id_block2_h36_seed0,9298,full,1,right,1,0.9997935891151428,0.5481879115104675,0.72707200050354,0.1788840889930725,0.5481879115104675
2,id_block2_h36_seed0,9299,full,3,forward,1,0.9999738931655884,0.4091211259365082,0.6286712288856506,0.2195501029491424,0.4091211259365082
2,id_block2_h36_seed0,9300,full,4,backward,1,0.9997994303703308,0.3849119842052459,0.5620002150535583,0.1770882308483123,0.3849119842052459
2,id_block2_h36_seed0,9301,full,1,right,1,0.9999229907989502,0.3486185073852539,0.5619035363197327,0.2132850289344787,0.3486185073852539
2,id_block2_h36_seed0,9302,full,1,right,1,0.9923072457313538,0.5122480392456055,0.6124934554100037,0.1002454161643982,0.5122480392456055
2,id_block2_h36_seed0,9303,full,3,forward,1,0.9995579123497008,1.2427319288253784,1.408394455909729,0.1656625270843505,1.2427319288253784
2,id_block2_h36_seed0,9304,full,2,left,1,0.9997372031211852,0.3031171858310699,0.4764549732208252,0.1733377873897552,0.3031171858310699
2,id_block2_h36_seed0,9305,full,3,forward,1,0.999373972415924,1.0058597326278689,1.165601372718811,0.1597416400909423,1.0058597326278689
2,id_block2_h36_seed0,9306,full,2,left,1,0.9999539852142334,0.951569139957428,1.154802322387695,0.2032331824302673,0.951569139957428
2,id_block2_h36_seed0,9307,full,3,forward,1,0.9997143149375916,1.0058597326278689,1.169376254081726,0.1635165214538574,1.0058597326278689
2,id_block2_h36_seed0,9308,full,1,right,1,0.9988757967948914,0.5481879115104675,0.6937706470489502,0.1455827355384826,0.5481879115104675
2,id_block2_h36_seed0,9309,full,4,backward,1,0.9999887943267822,1.0099433660507202,1.2399441003799438,0.2300007343292236,1.0099433660507202
2,id_block2_h36_seed0,9310,full,3,forward,1,0.9999908208847046,0.7951138019561768,1.036336064338684,0.2412222623825073,0.7951138019561768
2,id_block2_h36_seed0,9312,full,4,backward,1,0.99950110912323,0.5064597129821777,0.665009081363678,0.1585493683815002,0.5064597129821777
2,id_block2_h36_seed0,9313,full,1,right,1,0.9996289014816284,0.7020745277404785,0.8626225590705872,0.1605480313301086,0.7020745277404785
2,id_block2_h36_seed0,9315,full,3,forward,1,0.9999392032623292,0.5774382948875427,0.7909256815910339,0.2134873867034912,0.5774382948875427
2,id_block2_h36_seed0,9316,full,3,forward,1,0.9997592568397522,1.0927685499191284,1.2594925165176392,0.1667239665985107,1.0927685499191284
2,id_block2_h36_seed0,9317,full,1,right,1,0.9994900226593018,0.7889037132263184,0.9539758563041688,0.1650721430778503,0.7889037132263184
2,id_block2_h36_seed0,9318,full,1,right,1,0.9994775652885436,0.5897342562675476,0.7433211207389832,0.1535868644714355,0.5897342562675476
2,id_block2_h36_seed0,9319,full,4,backward,1,0.999963641166687,0.5113346576690674,0.7296841740608215,0.2183495163917541,0.5113346576690674
2,id_block2_h36_seed0,9320,full,2,left,1,0.9999202489852904,0.32924684882164,0.5208637118339539,0.1916168630123138,0.32924684882164
2,id_block2_h36_seed0,9321,full,2,left,1,0.951483190059662,1.9073930978775024,1.9786227941513064,0.0712296962738037,1.9073930978775024
2,id_block2_h36_seed0,9322,full,2,left,1,0.9998137354850768,2.0132007598876958,2.1879472732543945,0.1747465133666992,2.0132007598876958
2,id_block2_h36_seed0,9325,full,2,left,1,0.997387707233429,0.4024078845977783,0.5404476523399353,0.1380397677421569,0.4024078845977783
2,id_block2_h36_seed0,9326,full,4,backward,1,0.9998149275779724,0.5082112550735474,0.6857717633247375,0.1775605082511901,0.5082112550735474
2,id_block2_h36_seed0,9327,full,3,forward,1,0.998984158039093,0.6887149214744568,0.8349840044975281,0.1462690830230713,0.6887149214744568
2,id_block2_h36_seed0,9328,full,2,left,1,0.9999669790267944,0.3908757865428924,0.6126938462257385,0.221818059682846,0.3908757865428924
2,id_block2_h36_seed0,9329,full,1,right,1,0.9984201192855836,0.5317832827568054,0.6702377796173096,0.1384544968605041,0.5317832827568054
2,id_block2_h36_seed0,9330,full,4,backward,1,0.9996013045310974,0.4351965487003326,0.5951518416404724,0.1599552929401397,0.4351965487003326
2,id_block2_h36_seed0,9331,full,2,left,1,0.9995203018188475,1.5061925649642944,1.6625862121582031,0.1563936471939087,1.5061925649642944
2,id_block2_h36_seed0,9332,full,2,left,1,0.9942623376846312,1.951087951660156,2.055070638656616,0.1039826869964599,1.951087951660156
2,id_block2_h36_seed0,9333,full,2,left,1,0.9999916553497314,0.4008179605007171,0.646205723285675,0.2453877627849578,0.4008179605007171
2,id_block2_h36_seed0,9334,full,1,right,1,0.9998677968978882,1.4123516082763672,1.5912386178970337,0.1788870096206665,1.4123516082763672
2,id_block2_h36_seed0,9335,full,3,forward,1,0.9998179078102112,1.2778270244598389,1.450234055519104,0.1724070310592651,1.2778270244598389
2,id_block2_h36_seed0,9337,full,1,right,1,0.9999523162841796,0.3240512907505035,0.5293588042259216,0.2053075134754181,0.3240512907505035
2,id_block2_h36_seed0,9338,full,2,left,1,0.9999865293502808,0.9134264588356018,1.1383882761001587,0.2249618172645568,0.9134264588356018
2,id_block2_h36_seed0,9339,full,4,backward,1,0.99996817111969,0.4300552606582641,0.6509761810302734,0.2209209203720092,0.4300552606582641
2,id_block2_h36_seed0,9340,full,1,right,1,0.9999074935913086,0.5897342562675476,0.7881008982658386,0.198366641998291,0.5897342562675476
2,id_block2_h36_seed0,9341,full,4,backward,1,0.9995991587638856,0.6642366647720337,0.8341166377067566,0.1698799729347229,0.6642366647720337
2,id_block2_h36_seed0,9342,full,4,backward,1,0.999980092048645,0.5064961910247803,0.7256023287773132,0.2191061377525329,0.5064961910247803
2,id_block2_h36_seed0,9343,full,3,forward,1,0.999975562095642,1.0761069059371948,1.297827959060669,0.2217210531234741,1.0761069059371948
2,id_block2_h36_seed0,9344,full,4,backward,1,0.9997140765190125,0.8086898922920227,0.976778209209442,0.1680883169174194,0.8086898922920227
2,id_block2_h36_seed0,9346,full,3,forward,1,0.9999226331710817,0.9158250689506532,1.1153180599212646,0.1994929909706115,0.9158250689506532
2,id_block2_h36_seed0,9347,full,1,right,1,0.9990076422691344,0.4657866954803467,0.6110580563545227,0.145271360874176,0.4657866954803467
2,id_block2_h36_seed0,9348,full,2,left,1,0.9995747208595276,0.749805212020874,0.9166209697723388,0.1668157577514648,0.749805212020874
2,id_block2_h36_seed0,9350,full,4,backward,1,0.990898847579956,1.0961360931396484,1.1901841163635254,0.0940480232238769,1.0961360931396484
2,id_block2_h36_seed0,9351,full,4,backward,1,0.999923586845398,0.4454318583011627,0.6370747685432434,0.1916429102420807,0.4454318583011627
2,id_block2_h36_seed0,9352,full,1,right,1,0.9999501705169678,1.160023808479309,1.3753976821899414,0.2153738737106323,1.160023808479309
2,id_block2_h36_seed0,9353,full,2,left,1,0.9999958276748656,0.4065669476985931,0.6593868732452393,0.2528199255466461,0.4065669476985931
2,id_block2_h36_seed0,9354,full,1,right,1,0.9999815225601196,0.385358065366745,0.6159283518791199,0.2305702865123748,0.385358065366745
2,id_block2_h36_seed0,9355,full,4,backward,1,0.9998703002929688,0.3832772672176361,0.5690403580665588,0.1857630908489227,0.3832772672176361
2,id_block2_h36_seed0,9357,full,4,backward,1,0.999793827533722,0.9819682240486144,1.1523969173431396,0.1704286932945251,0.9819682240486144
2,id_block2_h36_seed0,9359,full,1,right,1,0.9947803020477296,0.5578194260597229,0.6673312783241272,0.1095118522644043,0.5578194260597229
2,id_block2_h36_seed0,9360,full,4,backward,1,0.99982750415802,0.5082112550735474,0.6857717633247375,0.1775605082511901,0.5082112550735474
2,id_block2_h36_seed0,9361,full,3,forward,1,0.9998842477798462,1.0308626890182495,1.212988018989563,0.1821253299713134,1.0308626890182495
2,id_block2_h36_seed0,9362,full,3,forward,1,0.9999656677246094,0.4109185636043548,0.6241092085838318,0.2131906449794769,0.4109185636043548
2,id_block2_h36_seed0,9363,full,1,right,1,0.9999592304229736,1.4509299993515017,1.653398871421814,0.2024688720703125,1.4509299993515017
2,id_block2_h36_seed0,9364,full,4,backward,1,0.9998003840446472,1.0786651372909546,1.2516974210739136,0.1730322837829589,1.0786651372909546
2,id_block2_h36_seed0,9366,full,4,backward,1,0.999996304512024,0.3306868076324463,0.5970519185066223,0.266365110874176,0.3306868076324463
2,id_block2_h36_seed0,9367,full,4,backward,1,0.9981378316879272,0.8522782325744629,0.9808761477470398,0.1285979151725769,0.8522782325744629
2,id_block2_h36_seed0,9369,full,4,backward,1,0.999942183494568,0.530409574508667,0.7337208390235901,0.2033112645149231,0.530409574508667
2,id_block2_h36_seed0,9370,full,2,left,1,0.9996558427810668,0.4624544680118561,0.6291810870170593,0.1667266190052032,0.4624544680118561
2,id_block2_h36_seed0,9371,full,2,left,1,0.9992578625679016,0.4519400596618652,0.5983470678329468,0.1464070081710815,0.4519400596618652
2,id_block2_h36_seed0,9372,full,1,right,1,0.9977549910545348,0.6085739731788635,0.7333579063415527,0.1247839331626892,0.6085739731788635
2,id_block2_h36_seed0,9373,full,3,forward,1,0.971286118030548,1.0081586837768557,1.0795683860778809,0.0714097023010253,1.0081586837768557
2,id_block2_h36_seed0,9374,full,4,backward,1,0.9956331849098206,0.9280338287353516,1.0425136089324951,0.1144797801971435,0.9280338287353516
2,id_block2_h36_seed0,9375,full,1,right,1,0.9996956586837769,0.5372278094291687,0.7020289897918701,0.1648011803627014,0.5372278094291687
2,id_block2_h36_seed0,9376,full,2,left,1,0.9943952560424804,1.0685145854949951,1.1722346544265747,0.1037200689315795,1.0685145854949951
2,id_block2_h36_seed0,9377,full,2,left,1,0.9994720816612244,0.3031171858310699,0.4571367502212524,0.1540195643901825,0.3031171858310699
2,id_block2_h36_seed0,9378,full,3,forward,1,0.9998227953910828,0.4465927183628082,0.6243073344230652,0.1777146160602569,0.4465927183628082
2,id_block2_h36_seed0,9380,full,3,forward,1,0.9999470710754396,0.4725652635097503,0.6794431805610657,0.2068779170513153,0.4725652635097503
2,id_block2_h36_seed0,9381,full,1,right,1,0.9996944665908812,0.4771291315555572,0.6415239572525024,0.1643948256969452,0.4771291315555572
2,id_block2_h36_seed0,9382,full,4,backward,1,0.999943733215332,0.7052000164985657,0.9013091921806335,0.1961091756820678,0.7052000164985657
2,id_block2_h36_seed0,9383,full,2,left,1,0.9998574256896972,0.4779779016971588,0.6643128991127014,0.1863349974155426,0.4779779016971588
2,id_block2_h36_seed0,9384,full,3,forward,1,0.9998732805252076,1.043246865272522,1.2231872081756592,0.1799403429031372,1.043246865272522
2,id_block2_h36_seed0,9385,full,2,left,1,0.9999946355819702,1.0052069425582886,1.268513321876526,0.2633063793182373,1.0052069425582886
2,id_block2_h36_seed0,9386,full,1,right,1,0.9984890222549438,1.5361677408218384,1.6672550439834597,0.1310873031616211,1.5361677408218384
2,id_block2_h36_seed0,9387,full,3,forward,1,0.999823033809662,1.019519329071045,1.2048420906066897,0.1853227615356445,1.019519329071045
2,id_block2_h36_seed0,9388,full,2,left,1,0.9995872378349304,0.3689238131046295,0.5378870368003845,0.168963223695755,0.3689238131046295
2,id_block2_h36_seed0,9389,full,2,left,1,0.9999723434448242,0.3436806201934814,0.5593574643135071,0.2156768441200256,0.3436806201934814
2,id_block2_h36_seed0,9390,full,2,left,1,0.9959457516670228,1.9658406972885127,2.0760087966918945,0.1101680994033813,1.9658406972885127
2,id_block2_h36_seed0,9391,full,4,backward,1,0.9998879432678224,0.4072619974613189,0.5971738696098328,0.1899118721485138,0.4072619974613189
2,id_block2_h36_seed0,9392,full,3,forward,1,0.984074592590332,1.0947043895721436,1.1839101314544678,0.0892057418823242,1.0947043895721436
2,id_block2_h36_seed0,9393,full,1,right,1,0.9996883869171144,0.4783168733119964,0.6530918478965759,0.1747749745845794,0.4783168733119964
2,id_block2_h36_seed0,9394,full,3,forward,1,0.999872088432312,0.4109185636043548,0.5951704382896423,0.1842518746852874,0.4109185636043548
2,id_block2_h36_seed0,9395,full,4,backward,1,0.999974250793457,0.4300552606582641,0.6519895792007446,0.2219343185424804,0.4300552606582641
2,id_block2_h36_seed0,9396,full,2,left,1,0.9959484934806824,1.7695003747940063,1.8923605680465696,0.1228601932525634,1.7695003747940063
2,id_block2_h36_seed0,9397,full,2,left,1,0.9997349381446838,1.0698858499526978,1.2388981580734253,0.1690123081207275,1.0698858499526978
2,id_block2_h36_seed0,9398,full,3,forward,1,0.9996966123580932,0.6026341915130615,0.786124050617218,0.1834898591041565,0.6026341915130615
2,id_block2_h36_seed0,9399,full,3,forward,1,0.9336658716201782,1.0217338800430298,1.0749114751815796,0.0531775951385498,1.0217338800430298
2,id_block2_h36_seed0,9400,full,2,left,1,0.9848095774650574,1.11884868144989,1.2029024362564087,0.0840537548065185,1.11884868144989
2,id_block2_h36_seed0,9401,full,1,right,1,0.9660872220993042,1.6532284021377563,1.7270941734313965,0.0738657712936401,1.6532284021377563
2,id_block2_h36_seed0,9402,full,1,right,1,0.9992607235908508,0.390187531709671,0.5483121275901794,0.1581245958805084,0.390187531709671
2,id_block2_h36_seed0,9404,full,4,backward,1,0.9998083710670472,0.4072678387165069,0.5874949097633362,0.1802270710468292,0.4072678387165069
2,id_block2_h36_seed0,9405,full,4,backward,1,0.9948291182518004,0.9214338660240172,1.0271085500717163,0.1056746840476989,0.9214338660240172
2,id_block2_h36_seed0,9406,full,3,forward,1,0.9999616146087646,1.6911693811416626,1.8955990076065063,0.2044296264648437,1.6911693811416626
2,id_block2_h36_seed0,9407,full,3,forward,1,0.9909350275993348,1.1662994623184204,1.265299677848816,0.0990002155303955,1.1662994623184204
2,id_block2_h36_seed0,9409,full,4,backward,1,0.9998425245285034,0.7799845337867737,0.9555360674858092,0.1755515336990356,0.7799845337867737
2,id_block2_h36_seed0,9410,full,2,left,1,0.9999161958694458,1.257081151008606,1.4448442459106443,0.1877630949020385,1.257081151008606
2,id_block2_h36_seed0,9411,full,4,backward,1,0.9856561422348022,0.5474316477775574,0.63421231508255,0.0867806673049926,0.5474316477775574
2,id_block2_h36_seed0,9412,full,1,right,1,0.9999449253082277,0.9854329228401184,1.1978055238723757,0.212372601032257,0.9854329228401184
2,id_block2_h36_seed0,9413,full,1,right,1,0.999932050704956,0.6109941005706787,0.8054038882255554,0.1944097876548767,0.6109941005706787
2,id_block2_h36_seed0,9415,full,3,forward,1,0.9990023970603944,1.1908445358276367,1.3300236463546753,0.1391791105270385,1.1908445358276367
2,id_block2_h36_seed0,9416,full,2,left,1,0.9988002777099608,0.613665759563446,0.7566657066345215,0.1429999470710754,0.613665759563446
2,id_block2_h36_seed0,9417,full,2,left,1,0.9993294477462769,1.0230482816696167,1.1719369888305664,0.1488887071609497,1.0230482816696167
2,id_block2_h36_seed0,9419,full,4,backward,1,0.999853491783142,1.0099433660507202,1.1879714727401731,0.1780281066894531,1.0099433660507202
2,id_block2_h36_seed0,9421,full,3,forward,1,0.9669350385665894,1.2817124128341677,1.3492517471313477,0.0675393342971801,1.2817124128341677
2,id_block2_h36_seed0,9422,full,1,right,1,0.993752658367157,1.7938156127929688,1.8969312906265257,0.1031156778335571,1.7938156127929688
2,id_block2_h36_seed0,9424,full,2,left,1,0.9998078942298888,1.0056027173995972,1.1858241558074951,0.1802214384078979,1.0056027173995972
2,id_block2_h36_seed0,9425,full,3,forward,1,0.9999960660934448,0.5550386905670166,0.8140568733215332,0.2590181827545166,0.5550386905670166
2,id_block2_h36_seed0,9426,full,1,right,1,0.999700665473938,1.1213032007217407,1.288319110870361,0.1670159101486206,1.1213032007217407
2,id_block2_h36_seed0,9428,full,2,left,1,0.9940779209136964,1.297252535820007,1.3997184038162231,0.1024658679962158,1.297252535820007
2,id_block2_h36_seed0,9429,full,3,forward,1,0.9999690055847168,0.8888519406318665,1.113402009010315,0.2245500683784485,0.8888519406318665
2,id_block2_h36_seed0,9430,full,1,right,1,0.963683784008026,1.3756779432296753,1.4413875341415403,0.0657095909118652,1.3756779432296753
2,id_block2_h36_seed0,9431,full,4,backward,1,0.9998774528503418,1.141282081604004,1.3232944011688232,0.1820123195648193,1.141282081604004
2,id_block2_h36_seed0,9432,full,2,left,1,0.9931657910346984,2.1170616149902344,2.2174789905548096,0.1004173755645752,2.1170616149902344
2,id_block2_h36_seed0,9433,full,4,backward,1,0.9999326467514038,0.4298538267612457,0.6281948089599609,0.1983409821987152,0.4298538267612457
2,id_block2_h36_seed0,9434,full,2,left,1,0.9969751834869384,1.2088899612426758,1.3249726295471191,0.1160826683044433,1.2088899612426758
2,id_block2_h36_seed0,9435,full,2,left,0,0.5891360640525818,1.4248924255371094,1.4323889017105105,0.0074964761734008,1.4323889017105105
2,id_block2_h36_seed0,9436,full,2,left,1,0.9946216344833374,1.354670524597168,1.459073543548584,0.104403018951416,1.354670524597168
2,id_block2_h36_seed0,9437,full,4,backward,1,0.999819815158844,0.3714420795440674,0.5502437353134155,0.1788016557693481,0.3714420795440674
2,id_block2_h36_seed0,9438,full,2,left,1,0.999969482421875,0.4294949471950531,0.6498554348945618,0.2203604876995086,0.4294949471950531
2,id_block2_h36_seed0,9439,full,1,right,1,0.9994526505470276,1.267045497894287,1.437375545501709,0.1703300476074218,1.267045497894287
2,id_block2_h36_seed0,9440,full,4,backward,1,0.9991737008094788,0.8789810538291931,1.0259791612625122,0.1469981074333191,0.8789810538291931
2,id_block2_h36_seed0,9441,full,2,left,1,0.9999854564666748,0.4065669476985931,0.635827898979187,0.2292609512805938,0.4065669476985931
2,id_block2_h36_seed0,9442,full,1,right,1,0.99964702129364,0.9926210045814514,1.1516259908676147,0.1590049862861633,0.9926210045814514
2,id_block2_h36_seed0,9443,full,3,forward,1,0.9930722117424012,1.2168450355529783,1.328413486480713,0.1115684509277343,1.2168450355529783
2,id_block2_h36_seed0,9444,full,2,left,1,0.9970717430114746,0.5322336554527283,0.649141252040863,0.1169075965881347,0.5322336554527283
2,id_block2_h36_seed0,9445,full,2,left,1,0.9999864101409912,0.7407270073890686,0.9778023362159728,0.2370753288269043,0.7407270073890686
2,id_block2_h36_seed0,9446,full,2,left,1,0.9999537467956544,0.3232116401195526,0.5383962392807007,0.215184599161148,0.3232116401195526
2,id_block2_h36_seed0,9448,full,1,right,1,0.6607534885406494,2.030184507369995,2.0471785068511963,0.0169939994812011,2.030184507369995
2,id_block2_h36_seed0,9449,full,3,forward,1,0.9989669322967528,0.4872669279575348,0.6307889819145203,0.1435220539569854,0.4872669279575348
2,id_block2_h36_seed0,9450,full,4,backward,1,0.9974976181983948,1.2314106225967407,1.3520275354385376,0.1206169128417968,1.2314106225967407
2,id_block2_h36_seed0,9453,full,1,right,1,0.9866256713867188,1.4051847457885742,1.4919809103012085,0.0867961645126342,1.4051847457885742
2,id_block2_h36_seed0,9454,full,3,forward,1,0.9993280172348022,0.3735459148883819,0.5269050002098083,0.1533590853214264,0.3735459148883819
2,id_block2_h36_seed0,9455,full,1,right,1,0.9998772144317628,1.1078405380249023,1.294273018836975,0.1864324808120727,1.1078405380249023
2,id_block2_h36_seed0,9457,full,3,forward,1,0.9999603033065796,0.4532719850540161,0.6578230261802673,0.2045510411262512,0.4532719850540161
2,id_block2_h36_seed0,9458,full,1,right,1,0.9986300468444824,0.4242280423641205,0.5581762194633484,0.1339481770992279,0.4242280423641205
2,id_block2_h36_seed0,9459,full,1,right,1,0.998915672302246,1.1816667318344116,1.3209211826324463,0.1392544507980346,1.1816667318344116
2,id_block2_h36_seed0,9460,full,4,backward,1,0.997901439666748,1.1867095232009888,1.3105303049087524,0.1238207817077636,1.1867095232009888
2,id_block2_h36_seed0,9461,full,1,right,1,0.9997665286064148,0.469015508890152,0.653920590877533,0.1849050819873809,0.469015508890152
2,id_block2_h36_seed0,9462,full,1,right,1,0.9997345805168152,0.461608737707138,0.6430050730705261,0.181396335363388,0.461608737707138
2,id_block2_h36_seed0,9463,full,3,forward,1,0.9984367489814758,0.5043941140174866,0.6440343260765076,0.139640212059021,0.5043941140174866
2,id_block2_h36_seed0,9465,full,3,forward,1,0.9998596906661988,1.0296043157577517,1.22067129611969,0.1910669803619384,1.0296043157577517
2,id_block2_h36_seed0,9466,full,4,backward,1,0.99965500831604,0.4072678387165069,0.5774208903312683,0.1701530516147613,0.4072678387165069
2,id_block2_h36_seed0,9467,full,1,right,1,0.9980304837226868,0.3451721668243408,0.4830667078495025,0.1378945410251617,0.3451721668243408
2,id_block2_h36_seed0,9468,full,4,backward,1,0.9997633099555968,1.064124345779419,1.231555461883545,0.1674311161041259,1.064124345779419
2,id_block2_h36_seed0,9469,full,2,left,1,0.9235246181488036,1.4999316930770874,1.5521570444107056,0.0522253513336181,1.4999316930770874
2,id_block2_h36_seed0,9470,full,1,right,1,0.9996947050094604,0.5596395134925842,0.7343153953552246,0.1746758818626403,0.5596395134925842
2,id_block2_h36_seed0,9471,full,3,forward,1,0.9986271858215332,0.4289510250091553,0.575148344039917,0.1461973190307617,0.4289510250091553
2,id_block2_h36_seed0,9472,full,1,right,1,0.9998520612716676,0.4712148904800415,0.6575698852539062,0.1863549947738647,0.4712148904800415
2,id_block2_h36_seed0,9474,full,1,right,1,0.9994378685951232,1.1486679315567017,1.3011847734451294,0.1525168418884277,1.1486679315567017
2,id_block2_h36_seed0,9475,full,2,left,1,0.9989778995513916,0.9117889404296876,1.0610491037368774,0.1492601633071899,0.9117889404296876
2,id_block2_h36_seed0,9476,full,2,left,1,0.9973723888397216,1.82639753818512,1.94572913646698,0.1193315982818603,1.82639753818512
2,id_block2_h36_seed0,9477,full,3,forward,1,0.9995532631874084,0.5241033434867859,0.6849614977836609,0.160858154296875,0.5241033434867859
2,id_block2_h36_seed0,9478,full,2,left,1,0.999969482421875,0.4837618768215179,0.6948814988136292,0.2111196219921112,0.4837618768215179
2,id_block2_h36_seed0,9479,full,3,forward,1,0.9999006986618042,0.4576926529407501,0.6523754596710205,0.1946828067302703,0.4576926529407501
2,id_block2_h36_seed0,9480,full,4,backward,1,0.9944091439247132,1.080705642700195,1.187633991241455,0.1069283485412597,1.080705642700195
2,id_block2_h36_seed0,9481,full,3,forward,1,0.9999791383743286,0.4610077440738678,0.6811919808387756,0.2201842367649078,0.4610077440738678
2,id_block2_h36_seed0,9482,full,3,forward,1,0.996310532093048,0.4652067124843597,0.5914145708084106,0.1262078583240509,0.4652067124843597
2,id_block2_h36_seed0,9483,full,2,left,1,0.9996682405471802,0.3787287473678589,0.5415546298027039,0.1628258824348449,0.3787287473678589
2,id_block2_h36_seed0,9484,full,4,backward,1,0.999861478805542,0.3684602677822113,0.5508500933647156,0.1823898255825042,0.3684602677822113
2,id_block2_h36_seed0,9485,full,2,left,1,0.9998643398284912,0.5191928744316101,0.7146296501159668,0.1954367756843567,0.5191928744316101
2,id_block2_h36_seed0,9486,full,4,backward,1,0.8912110924720764,1.0961360931396484,1.1397877931594849,0.0436517000198364,1.0961360931396484
2,id_block2_h36_seed0,9487,full,4,backward,1,0.9999953508377076,0.6638364791870117,0.9242628216743468,0.2604263424873352,0.6638364791870117
2,id_block2_h36_seed0,9488,full,1,right,1,0.9999525547027588,0.5053760409355164,0.7069494724273682,0.2015734314918518,0.5053760409355164
2,id_block2_h36_seed0,9489,full,4,backward,1,0.9996243715286256,0.2862944900989532,0.448767751455307,0.1624732613563537,0.2862944900989532
2,id_block2_h36_seed0,9490,full,1,right,1,0.999829649925232,1.306581974029541,1.4869184494018557,0.1803364753723144,1.306581974029541
2,id_block2_h36_seed0,9492,full,1,right,1,0.999618411064148,0.4771291315555572,0.6415239572525024,0.1643948256969452,0.4771291315555572
2,id_block2_h36_seed0,9493,full,4,backward,1,0.999427318572998,0.9826550483703612,1.144660472869873,0.1620054244995117,0.9826550483703612
2,id_block2_h36_seed0,9494,full,4,backward,1,0.9999040365219116,0.3547839820384979,0.5504133701324463,0.1956293880939483,0.3547839820384979
2,id_block2_h36_seed0,9496,full,3,forward,1,0.9984921216964722,1.028572916984558,1.178685426712036,0.150112509727478,1.028572916984558
2,id_block2_h36_seed0,9498,full,2,left,1,0.9992761015892028,0.9777705073356628,1.1296757459640503,0.1519052386283874,0.9777705073356628
2,id_block2_h36_seed0,9500,full,3,forward,1,0.9999674558639526,0.3468201160430908,0.5631130337715149,0.216292917728424,0.3468201160430908
2,id_block2_h36_seed0,9501,full,4,backward,1,0.9925464987754822,0.9843409657478333,1.0824501514434814,0.0981091856956482,0.9843409657478333
2,id_block2_h36_seed0,9502,full,1,right,1,0.9951826930046082,1.3987069129943848,1.5086294412612915,0.1099225282669067,1.3987069129943848
2,id_block2_h36_seed0,9503,full,2,left,1,0.999817430973053,0.3205702006816864,0.4931360185146332,0.1725658178329467,0.3205702006816864
2,id_block2_h36_seed0,9504,full,4,backward,1,0.9999793767929076,1.0273478031158447,1.2473927736282349,0.2200449705123901,1.0273478031158447
2,id_block2_h36_seed0,9505,full,4,backward,1,0.987496018409729,1.015468955039978,1.1172069311141968,0.1017379760742187,1.015468955039978
2,id_block2_h36_seed0,9506,full,1,right,1,0.9999130964279176,0.5175389051437378,0.7069076895713806,0.1893687844276428,0.5175389051437378
2,id_block2_h36_seed0,9508,full,1,right,1,0.9147214889526368,1.1742582321166992,1.2374762296676636,0.0632179975509643,1.1742582321166992
2,id_block2_h36_seed0,9510,full,2,left,1,0.999272644519806,0.4977396428585052,0.6526173949241638,0.1548777520656585,0.4977396428585052
2,id_block2_h36_seed0,9511,full,2,left,1,0.999804437160492,0.3847392797470093,0.5582462549209595,0.1735069751739502,0.3847392797470093
2,id_block2_h36_seed0,9512,full,2,left,1,0.9993222951889038,1.15896475315094,1.305205464363098,0.1462407112121582,1.15896475315094
2,id_block2_h36_seed0,9513,full,4,backward,1,0.9999494552612304,0.3966591358184814,0.6019397377967834,0.205280601978302,0.3966591358184814
2,id_block2_h36_seed0,9514,full,2,left,1,0.8711198568344116,2.262803077697754,2.3018453121185303,0.0390422344207763,2.262803077697754
2,id_block2_h36_seed0,9515,full,2,left,1,0.999990463256836,1.257081151008606,1.4934762716293335,0.2363951206207275,1.257081151008606
2,id_block2_h36_seed0,9516,full,4,backward,1,0.9990342855453492,0.8880688548088074,1.027804613113403,0.1397357583045959,0.8880688548088074
2,id_block2_h36_seed0,9517,full,1,right,1,0.9861089587211608,1.2610419988632202,1.3471704721450806,0.0861284732818603,1.2610419988632202
2,id_block2_h36_seed0,9518,full,3,forward,1,0.999991774559021,0.5227862000465393,0.7656821608543396,0.2428959608078003,0.5227862000465393
2,id_block2_h36_seed0,9520,full,4,backward,1,0.9999032020568848,0.4264065325260162,0.6206639409065247,0.1942574083805084,0.4264065325260162
2,id_block2_h36_seed0,9521,full,3,forward,1,0.9996329545974731,1.142974853515625,1.3039449453353882,0.1609700918197631,1.142974853515625
2,id_block2_h36_seed0,9522,full,3,forward,1,0.9998946189880372,0.8268526196479797,1.0206633806228638,0.193810760974884,0.8268526196479797
2,id_block2_h36_seed0,9523,full,4,backward,1,0.9999982118606568,0.5008479952812195,0.7671738266944885,0.266325831413269,0.5008479952812195
2,id_block2_h36_seed0,9525,full,3,forward,1,0.9998438358306884,0.4296731650829315,0.6129631400108337,0.1832899749279022,0.4296731650829315
2,id_block2_h36_seed0,9526,full,4,backward,1,0.9999063014984132,0.3078309595584869,0.4942753314971924,0.1864443719387054,0.3078309595584869
2,id_block2_h36_seed0,9527,full,3,forward,1,0.9996887445449828,0.5328018665313721,0.6954370141029358,0.1626351475715637,0.5328018665313721
2,id_block2_h36_seed0,9529,full,1,right,1,0.9997647404670716,0.4783168733119964,0.654453694820404,0.1761368215084076,0.4783168733119964
2,id_block2_h36_seed0,9530,full,2,left,1,0.9990737438201904,1.366754174232483,1.5135170221328735,0.1467628479003906,1.366754174232483
2,id_block2_h36_seed0,9531,full,2,left,1,0.9999494552612304,0.353636234998703,0.5685096383094788,0.2148734033107757,0.353636234998703
2,id_block2_h36_seed0,9532,full,3,forward,1,0.9994170665740968,1.107401967048645,1.2579385042190552,0.1505365371704101,1.107401967048645
2,id_block2_h36_seed0,9533,full,2,left,1,0.9794532656669616,0.4432957470417022,0.5258392691612244,0.0825435221195221,0.4432957470417022
2,id_block2_h36_seed0,9535,full,1,right,1,0.9999508857727052,0.4286341667175293,0.6428987979888916,0.2142646312713623,0.4286341667175293
2,id_block2_h36_seed0,9536,full,1,right,1,0.9997143149375916,0.4697507321834564,0.6446192860603333,0.1748685538768768,0.4697507321834564
2,id_block2_h36_seed0,9537,full,3,forward,1,0.9999773502349854,1.5471514463424685,1.763219714164734,0.2160682678222656,1.5471514463424685
2,id_block2_h36_seed0,9538,full,3,forward,1,0.9793835282325744,1.0848370790481567,1.1659564971923828,0.081119418144226,1.0848370790481567
2,id_block2_h36_seed0,9539,full,1,right,1,0.9991980195045472,1.6063896417617798,1.760295271873474,0.1539056301116943,1.6063896417617798
2,id_block2_h36_seed0,9541,full,2,left,1,0.999657154083252,0.565723180770874,0.7326438426971436,0.1669206619262695,0.565723180770874
2,id_block2_h36_seed0,9542,full,4,backward,1,0.9995797276496888,0.5402777791023254,0.7011215686798096,0.1608437895774841,0.5402777791023254
2,id_block2_h36_seed0,9543,full,3,forward,1,0.988552451133728,0.9677541851997375,1.0779434442520142,0.1101892590522766,0.9677541851997375
2,id_block2_h36_seed0,9544,full,2,left,1,0.9930552840232848,1.2012653350830078,1.3172402381896973,0.1159749031066894,1.2012653350830078
2,id_block2_h36_seed0,9545,full,4,backward,1,0.9995755553245544,0.4248531758785248,0.585432767868042,0.1605795919895172,0.4248531758785248
2,id_block2_h36_seed0,9546,full,2,left,1,0.9999657869338988,0.3644906282424927,0.5769930481910706,0.2125024199485778,0.3644906282424927
2,id_block2_h36_seed0,9547,full,4,backward,1,0.999976396560669,0.4449651539325714,0.6597998142242432,0.2148346602916717,0.4449651539325714
2,id_block2_h36_seed0,9548,full,2,left,1,0.9993777275085448,0.9795053601264954,1.1324036121368408,0.1528982520103454,0.9795053601264954
2,id_block2_h36_seed0,9549,full,1,right,1,0.9966520667076112,0.5612277984619141,0.6862275004386902,0.1249997019767761,0.5612277984619141
2,id_block2_h36_seed0,9550,full,4,backward,1,0.9958516359329224,1.106016755104065,1.2161107063293457,0.1100939512252807,1.106016755104065
2,id_block2_h36_seed0,9551,full,3,forward,1,0.9999381303787231,0.6342126131057739,0.8300752639770508,0.1958626508712768,0.6342126131057739
2,id_block2_h36_seed0,9553,full,4,backward,1,0.9997435212135316,0.7799845337867737,0.9555360674858092,0.1755515336990356,0.7799845337867737
2,id_block2_h36_seed0,9556,full,1,right,1,0.9999344348907472,0.4256645143032074,0.6213245987892151,0.1956600844860077,0.4256645143032074
2,id_block2_h36_seed0,9558,full,3,forward,1,0.9999990463256836,1.4593453407287598,1.7385950088500977,0.2792496681213379,1.4593453407287598
2,id_block2_h36_seed0,9559,full,4,backward,1,0.999761164188385,0.4282654523849487,0.6093679070472717,0.181102454662323,0.4282654523849487
2,id_block2_h36_seed0,9560,full,1,right,1,0.9993293285369872,0.4560804367065429,0.6178619861602783,0.1617815494537353,0.4560804367065429
2,id_block2_h36_seed0,9561,full,1,right,1,0.9989783763885498,0.4263828694820404,0.5783048868179321,0.1519220173358917,0.4263828694820404
2,id_block2_h36_seed0,9562,full,2,left,1,0.9964112639427184,1.9613078832626345,2.07454514503479,0.1132372617721557,1.9613078832626345
2,id_block2_h36_seed0,9563,full,3,forward,1,0.9986955523490906,1.3023937940597534,1.4370098114013672,0.1346160173416137,1.3023937940597534
2,id_block2_h36_seed0,9564,full,2,left,1,0.9972731471061708,0.41826131939888,0.5376948714256287,0.1194335520267486,0.41826131939888
2,id_block2_h36_seed0,9565,full,3,forward,1,0.9999266862869264,0.4367340505123138,0.6386999487876892,0.2019658982753753,0.4367340505123138
2,id_block2_h36_seed0,9566,full,4,backward,1,0.9966254234313964,1.1224489212036133,1.236258864402771,0.1138099431991577,1.1224489212036133
2,id_block2_h36_seed0,9567,full,3,forward,1,0.9999679327011108,0.599480926990509,0.817876398563385,0.2183954715728759,0.599480926990509
2,id_block2_h36_seed0,9568,full,1,right,1,0.9998308420181274,1.1078405380249023,1.294273018836975,0.1864324808120727,1.1078405380249023
2,id_block2_h36_seed0,9570,full,4,backward,1,0.999971866607666,0.3970004618167877,0.6268211007118225,0.2298206388950348,0.3970004618167877
2,id_block2_h36_seed0,9572,full,4,backward,1,0.9870314002037048,1.2089420557022097,1.2956169843673706,0.0866749286651611,1.2089420557022097
2,id_block2_h36_seed0,9573,full,4,backward,1,0.9970881342887878,0.9505597949028016,1.0678116083145142,0.1172518134117126,0.9505597949028016
2,id_block2_h36_seed0,9574,full,1,right,1,0.998055338859558,0.4458603858947754,0.5843090415000916,0.1384486556053161,0.4458603858947754
2,id_block2_h36_seed0,9575,full,4,backward,1,0.9993823766708374,1.1845744848251345,1.3334203958511353,0.1488459110260009,1.1845744848251345
2,id_block2_h36_seed0,9576,full,4,backward,1,0.999077320098877,1.030482292175293,1.171051859855652,0.1405695676803589,1.030482292175293
2,id_block2_h36_seed0,9577,full,4,backward,1,0.9999878406524658,1.0483291149139404,1.2749985456466677,0.226669430732727,1.0483291149139404
2,id_block2_h36_seed0,9578,full,2,left,1,0.9994850158691406,0.3954255580902099,0.5555914044380188,0.1601658463478088,0.3954255580902099
2,id_block2_h36_seed0,9579,full,3,forward,1,0.9997149109840392,0.4502572119235992,0.6315568089485168,0.1812995970249176,0.4502572119235992
2,id_block2_h36_seed0,9580,full,4,backward,1,0.9998818635940552,0.5210466980934143,0.7069622874259949,0.1859155893325805,0.5210466980934143
2,id_block2_h36_seed0,9581,full,2,left,1,0.9997060894966124,0.3824769258499145,0.565464437007904,0.1829875111579895,0.3824769258499145
2,id_block2_h36_seed0,9582,full,1,right,1,0.9998072981834412,0.3863592147827148,0.569313108921051,0.1829538941383361,0.3863592147827148
2,id_block2_h36_seed0,9583,full,3,forward,1,0.9996256828308104,1.1477103233337402,1.3206740617752075,0.1729637384414672,1.1477103233337402
2,id_block2_h36_seed0,9584,full,1,right,1,0.995753288269043,1.201565146446228,1.313628077507019,0.112062931060791,1.201565146446228
2,id_block2_h36_seed0,9585,full,4,backward,1,0.9995768666267396,0.5962392687797546,0.7547672390937805,0.1585279703140258,0.5962392687797546
2,id_block2_h36_seed0,9587,full,2,left,1,0.9982271790504456,2.10786509513855,2.2356836795806885,0.1278185844421386,2.10786509513855
2,id_block2_h36_seed0,9588,full,2,left,1,0.9998620748519896,0.4555884897708893,0.6469877362251282,0.1913992464542389,0.4555884897708893
2,id_block2_h36_seed0,9589,full,1,right,1,0.9992478489875792,0.9167178273200988,1.0607837438583374,0.1440659165382385,0.9167178273200988
2,id_block2_h36_seed0,9590,full,1,right,1,0.9777268767356871,2.037217378616333,2.1132009029388428,0.0759835243225097,2.037217378616333
2,id_block2_h36_seed0,9591,full,3,forward,1,0.9995591044425964,0.714710533618927,0.8866736888885498,0.1719631552696228,0.714710533618927
2,id_block2_h36_seed0,9592,full,2,left,1,0.9711450338363647,1.9658406972885127,2.0398504734039307,0.0740097761154174,1.9658406972885127
2,id_block2_h36_seed0,9593,full,2,left,1,0.9991135001182556,0.412921667098999,0.55885910987854,0.145937442779541,0.412921667098999
2,id_block2_h36_seed0,9594,full,3,forward,1,0.9997746348381042,0.375326544046402,0.5516766905784607,0.1763501465320587,0.375326544046402
2,id_block2_h36_seed0,9595,full,1,right,1,0.9996814727783204,1.2610419988632202,1.430953025817871,0.1699110269546508,1.2610419988632202
2,id_block2_h36_seed0,9596,full,3,forward,1,0.9991311430931092,1.2138594388961792,1.355554223060608,0.1416947841644287,1.2138594388961792
2,id_block2_h36_seed0,9597,full,4,backward,1,0.9995133876800536,1.10395085811615,1.2570090293884275,0.1530581712722778,1.10395085811615
2,id_block2_h36_seed0,9598,full,3,forward,1,0.9696794748306274,1.1143118143081665,1.18732488155365,0.0730130672454834,1.1143118143081665
2,id_block2_h36_seed0,9599,full,1,right,1,0.9998270869255066,0.3863592147827148,0.569313108921051,0.1829538941383361,0.3863592147827148
2,id_block2_h36_seed0,9600,full,4,backward,1,0.9974619150161744,1.1559497117996216,1.2774804830551147,0.1215307712554931,1.1559497117996216
2,id_block2_h36_seed0,9601,full,2,left,1,0.9996658563613892,0.9965330958366394,1.1585153341293335,0.1619822382926941,0.9965330958366394
2,id_block2_h36_seed0,9602,full,4,backward,1,0.8396775722503662,1.2197532653808594,1.253869891166687,0.0341166257858276,1.2197532653808594
2,id_block2_h36_seed0,9603,full,3,forward,1,0.9997783303260804,0.5047874450683594,0.6800177693367004,0.175230324268341,0.5047874450683594
2,id_block2_h36_seed0,9604,full,2,left,1,0.9945639371871948,1.027342677116394,1.1337809562683103,0.1064382791519165,1.027342677116394
2,id_block2_h36_seed0,9605,full,1,right,1,0.995932638645172,2.3896703720092773,2.503739595413208,0.1140692234039306,2.3896703720092773
2,id_block2_h36_seed0,9606,full,1,right,1,0.9992979764938354,1.6442865133285522,1.7896400690078735,0.1453535556793213,1.6442865133285522
2,id_block2_h36_seed0,9607,full,2,left,1,0.99988853931427,0.4499226808547973,0.637740969657898,0.1878182888031005,0.4499226808547973
2,id_block2_h36_seed0,9608,full,3,forward,1,0.9997301697731018,0.464061826467514,0.6287931799888611,0.164731353521347,0.464061826467514
2,id_block2_h36_seed0,9609,full,1,right,1,0.9997864365577698,0.5098026394844055,0.6803881525993347,0.1705855131149292,0.5098026394844055
2,id_block2_h36_seed0,9610,full,4,backward,1,0.9999934434890748,0.8428137302398682,1.0988738536834717,0.2560601234436035,0.8428137302398682
2,id_block2_h36_seed0,9611,full,2,left,1,0.8087769746780396,1.8180898427963257,1.8470925092697144,0.0290026664733886,1.8180898427963257
2,id_block2_h36_seed0,9612,full,2,left,1,0.9789568781852722,0.4628247022628784,0.5542014241218567,0.0913767218589782,0.4628247022628784
2,id_block2_h36_seed0,9613,full,3,forward,1,0.9986349940299988,1.3694545030593872,1.5019382238388062,0.1324837207794189,1.3694545030593872
2,id_block2_h36_seed0,9615,full,1,right,1,0.9635002613067628,1.4562228918075562,1.534670352935791,0.0784474611282348,1.4562228918075562
2,id_block2_h36_seed0,9617,full,3,forward,1,0.9997383952140808,0.5444405674934387,0.7206793427467346,0.1762387752532959,0.5444405674934387
2,id_block2_h36_seed0,9618,full,4,backward,1,0.9999735355377196,0.3050463497638702,0.5295078754425049,0.2244615256786346,0.3050463497638702
2,id_block2_h36_seed0,9620,full,4,backward,1,0.9999622106552124,0.397026389837265,0.6049831509590149,0.2079567611217498,0.397026389837265
2,id_block2_h36_seed0,9621,full,4,backward,1,0.9999525547027588,0.4910058677196502,0.6920037865638733,0.200997918844223,0.4910058677196502
2,id_block2_h36_seed0,9622,full,1,right,1,0.9999610185623168,0.4709543287754059,0.6895944476127625,0.2186401188373565,0.4709543287754059
2,id_block2_h36_seed0,9623,full,2,left,1,0.9999567270278932,0.5302743315696716,0.739016592502594,0.2087422609329223,0.5302743315696716
2,id_block2_h36_seed0,9624,full,1,right,1,0.9881724715232848,1.6020174026489258,1.7034125328063965,0.1013951301574707,1.6020174026489258
2,id_block2_h36_seed0,9629,full,1,right,1,0.9522466063499452,1.1789392232894895,1.2496508359909058,0.070711612701416,1.1789392232894895
2,id_block2_h36_seed0,9630,full,1,right,1,0.9988264441490172,0.4349147379398346,0.5823063254356384,0.1473915874958038,0.4349147379398346
2,id_block2_h36_seed0,9631,full,3,forward,1,0.9998132586479188,0.5210166573524475,0.6981474757194519,0.1771308183670044,0.5210166573524475
2,id_block2_h36_seed0,9632,full,1,right,1,0.975564181804657,1.236596703529358,1.3150614500045776,0.0784647464752197,1.236596703529358
2,id_block2_h36_seed0,9634,full,4,backward,1,0.999929904937744,0.4398163557052612,0.6449436545372009,0.2051272988319397,0.4398163557052612
2,id_block2_h36_seed0,9635,full,1,right,1,0.9999215602874756,0.5332787036895752,0.7323305606842041,0.1990518569946289,0.5332787036895752
2,id_block2_h36_seed0,9637,full,4,backward,1,0.9998884201049804,0.4005022048950195,0.583463191986084,0.1829609870910644,0.4005022048950195
2,id_block2_h36_seed0,9638,full,2,left,1,0.9957256317138672,1.1691625118255615,1.2784258127212524,0.1092633008956909,1.1691625118255615
2,id_block2_h36_seed0,9639,full,1,right,1,0.999537229537964,0.5372278094291687,0.6920948624610901,0.1548670530319214,0.5372278094291687
2,id_block2_h36_seed0,9640,full,3,forward,1,0.9999556541442872,0.5698073506355286,0.7875828742980957,0.2177755236625671,0.5698073506355286
2,id_block2_h36_seed0,9642,full,4,backward,1,0.9998784065246582,1.125803828239441,1.3063846826553345,0.1805808544158935,1.125803828239441
2,id_block2_h36_seed0,9644,full,3,forward,1,0.9999725818634032,0.4732962846755981,0.6904322504997253,0.2171359658241272,0.4732962846755981
2,id_block2_h36_seed0,9645,full,1,right,1,0.9991003274917604,2.3896703720092773,2.533900499343872,0.1442301273345947,2.3896703720092773
2,id_block2_h36_seed0,9646,full,1,right,1,0.9998923540115356,0.4475548267364502,0.6443962454795837,0.1968414187431335,0.4475548267364502
2,id_block2_h36_seed0,9647,full,3,forward,1,0.9886554479599,1.4871915578842163,1.5765818357467651,0.0893902778625488,1.4871915578842163
2,id_block2_h36_seed0,9648,full,4,backward,1,0.9996123909950256,0.5061704516410828,0.6650903820991516,0.1589199304580688,0.5061704516410828
2,id_block2_h36_seed0,9649,full,3,forward,1,0.998472273349762,1.155185341835022,1.2923593521118164,0.1371740102767944,1.155185341835022
2,id_block2_h36_seed0,9650,full,2,left,1,0.9996939897537231,2.1170616149902344,2.28122353553772,0.1641619205474853,2.1170616149902344
2,id_block2_h36_seed0,9651,full,3,forward,1,0.999841809272766,0.3393518030643463,0.5271854400634766,0.1878336369991302,0.3393518030643463
2,id_block2_h36_seed0,9653,full,4,backward,1,0.9999922513961792,0.7159221768379211,0.9516024589538574,0.2356802821159362,0.7159221768379211
2,id_block2_h36_seed0,9655,full,1,right,1,0.998727023601532,1.2789489030838013,1.412661910057068,0.1337130069732666,1.2789489030838013
2,id_block2_h36_seed0,9656,full,2,left,1,0.9991323351860046,0.8578475117683411,1.011128067970276,0.1532805562019348,0.8578475117683411
2,id_block2_h36_seed0,9658,full,2,left,1,0.9991453886032104,1.0294570922851562,1.180033564567566,0.1505764722824096,1.0294570922851562
2,id_block2_h36_seed0,9659,full,3,forward,1,0.9999027252197266,0.4478665888309479,0.6471470594406128,0.1992804706096649,0.4478665888309479
2,id_block2_h36_seed0,9660,full,1,right,1,0.9455556869506836,1.6811275482177734,1.7383546829223633,0.0572271347045898,1.6811275482177734
2,id_block2_h36_seed0,9661,full,3,forward,1,0.9999403953552246,0.4767671823501587,0.6841089129447937,0.207341730594635,0.4767671823501587
2,id_block2_h36_seed0,9662,full,4,backward,1,0.9998787641525269,0.6642366647720337,0.8455514907836914,0.1813148260116577,0.6642366647720337
2,id_block2_h36_seed0,9664,full,1,right,1,0.9999910593032836,0.3584340512752533,0.5993401408195496,0.2409060895442962,0.3584340512752533
2,id_block2_h36_seed0,9666,full,2,left,1,0.9990863800048828,0.9117889404296876,1.067999005317688,0.1562100648880005,0.9117889404296876
2,id_block2_h36_seed0,9668,full,1,right,1,0.9996318817138672,0.9926210045814514,1.1516259908676147,0.1590049862861633,0.9926210045814514
2,id_block2_h36_seed0,9669,full,2,left,1,0.9996556043624878,0.7560043334960938,0.9222910404205322,0.1662867069244384,0.7560043334960938
2,id_block2_h36_seed0,9670,full,1,right,1,0.9964908957481384,0.6998577117919922,0.8134675025939941,0.1136097908020019,0.6998577117919922
2,id_block2_h36_seed0,9671,full,1,right,1,0.9965050220489502,0.5160446763038635,0.6299264430999756,0.113881766796112,0.5160446763038635
2,id_block2_h36_seed0,9673,full,3,forward,1,0.998969793319702,0.4082016050815582,0.5517473220825195,0.1435457170009613,0.4082016050815582
2,id_block2_h36_seed0,9675,full,4,backward,1,0.9949178695678712,0.9111990332603456,1.0167380571365356,0.1055390238761901,0.9111990332603456
2,id_block2_h36_seed0,9676,full,2,left,1,0.9780076146125792,1.11884868144989,1.2029024362564087,0.0840537548065185,1.11884868144989
2,id_block2_h36_seed0,9678,full,4,backward,1,0.9965437054634094,1.2314106225967407,1.3520275354385376,0.1206169128417968,1.2314106225967407
2,id_block2_h36_seed0,9679,full,2,left,1,0.9997568726539612,0.3721280992031097,0.5537108778953552,0.1815827786922454,0.3721280992031097
2,id_block2_h36_seed0,9680,full,2,left,1,0.9998181462287904,0.4063690900802612,0.5889524817466736,0.1825833916664123,0.4063690900802612
2,id_block2_h36_seed0,9681,full,2,left,1,0.9970184564590454,0.4871560633182525,0.6043352484703064,0.1171791851520538,0.4871560633182525
2,id_block2_h36_seed0,9682,full,2,left,1,0.9998169541358948,0.4775878489017486,0.6503552794456482,0.1727674305438995,0.4775878489017486
2,id_block2_h36_seed0,9684,full,2,left,1,0.9970876574516296,1.0955394506454468,1.2123476266860962,0.1168081760406494,1.0955394506454468
2,id_block2_h36_seed0,9685,full,3,forward,1,0.9995285272598268,1.1869525909423828,1.3413575887680054,0.1544049978256225,1.1869525909423828
2,id_block2_h36_seed0,9686,full,2,left,1,0.9979252815246582,1.261900782585144,1.395107388496399,0.1332066059112548,1.261900782585144
2,id_block2_h36_seed0,9687,full,4,backward,1,0.9867764115333556,0.5398544669151306,0.6351739764213562,0.0953195095062255,0.5398544669151306
2,id_block2_h36_seed0,9688,full,3,forward,1,0.9999955892562866,0.5979912281036377,0.8662469983100891,0.2682557702064514,0.5979912281036377
2,id_block2_h36_seed0,9689,full,2,left,1,0.9985320568084716,1.2297688722610474,1.360831618309021,0.1310627460479736,1.2297688722610474
2,id_block2_h36_seed0,9690,full,2,left,1,0.9538176655769348,0.4519111216068268,0.5252893567085266,0.0733782351016998,0.4519111216068268
2,id_block2_h36_seed0,9691,full,4,backward,1,0.9925881028175354,0.5521364808082581,0.6503510475158691,0.098214566707611,0.5521364808082581
2,id_block2_h36_seed0,9693,full,2,left,1,0.9909090399742126,0.9455409049987792,1.0494481325149536,0.1039072275161743,0.9455409049987792
2,id_block2_h36_seed0,9697,full,2,left,1,0.9995458722114564,0.4519400596618652,0.6191479563713074,0.1672078967094421,0.4519400596618652
2,id_block2_h36_seed0,9698,full,1,right,1,0.9997245669364928,1.1074364185333252,1.274412989616394,0.1669765710830688,1.1074364185333252
2,id_block2_h36_seed0,9699,full,4,backward,1,0.9979481101036072,1.2371636629104614,1.3614856004714966,0.1243219375610351,1.2371636629104614
2,id_block2_h36_seed0,9700,full,1,right,1,0.9552481174468994,1.6170037984848022,1.6782809495925903,0.061277151107788,1.6170037984848022
2,id_block2_h36_seed0,9701,full,3,forward,1,0.9987887740135192,0.7648360729217529,0.9051012992858888,0.1402652263641357,0.7648360729217529
2,id_block2_h36_seed0,9702,full,2,left,1,0.999974012374878,0.3490340709686279,0.5611240863800049,0.2120900154113769,0.3490340709686279
2,id_block2_h36_seed0,9703,full,4,backward,1,0.9821333289146424,1.0441700220108032,1.1259782314300537,0.0818082094192504,1.0441700220108032
2,id_block2_h36_seed0,9704,full,2,left,1,0.9673489332199096,1.4089279174804688,1.4978084564208984,0.0888805389404296,1.4089279174804688
2,id_block2_h36_seed0,9705,full,4,backward,1,0.9999088048934937,0.4351965487003326,0.6234763264656067,0.188279777765274,0.4351965487003326
2,id_block2_h36_seed0,9706,full,1,right,1,0.9925662279129028,1.024991512298584,1.1283360719680786,0.1033445596694946,1.024991512298584
2,id_block2_h36_seed0,9707,full,1,right,1,0.9999498128890992,1.437878966331482,1.6386533975601196,0.2007744312286377,1.437878966331482
2,id_block2_h36_seed0,9708,full,4,backward,1,0.9991094470024108,1.0273478031158447,1.167857050895691,0.1405092477798462,1.0273478031158447
2,id_block2_h36_seed0,9710,full,3,forward,1,0.9985567927360536,1.1471061706542969,1.280343532562256,0.1332373619079589,1.1471061706542969
2,id_block2_h36_seed0,9711,full,3,forward,1,0.999904990196228,0.5588504672050476,0.756035327911377,0.1971848607063293,0.5588504672050476
2,id_block2_h36_seed0,9712,full,1,right,1,0.9991552829742432,0.5676270127296448,0.714417040348053,0.1467900276184082,0.5676270127296448
2,id_block2_h36_seed0,9713,full,3,forward,1,0.9998937845230104,1.3023937940597534,1.486727595329285,0.1843338012695312,1.3023937940597534
2,id_block2_h36_seed0,9716,full,4,backward,1,0.9930851459503174,0.9214338660240172,1.0271085500717163,0.1056746840476989,0.9214338660240172
2,id_block2_h36_seed0,9717,full,4,backward,1,0.9996128678321838,0.3899239003658294,0.5508182644844055,0.160894364118576,0.3899239003658294
2,id_block2_h36_seed0,9718,full,3,forward,1,0.997980773448944,1.1662994623184204,1.2955385446548462,0.1292390823364257,1.1662994623184204
2,id_block2_h36_seed0,9719,full,3,forward,1,0.999980926513672,0.4610077440738678,0.6878207325935364,0.2268129885196685,0.4610077440738678
2,id_block2_h36_seed0,9720,full,4,backward,1,0.9998791217803956,0.6048246026039124,0.7874390482902527,0.1826144456863403,0.6048246026039124
2,id_block2_h36_seed0,9721,full,1,right,1,0.9998537302017212,1.1882425546646118,1.3786945343017578,0.190451979637146,1.1882425546646118
2,id_block2_h36_seed0,9723,full,2,left,1,0.9984402060508728,1.0651997327804563,1.1960018873214722,0.1308021545410156,1.0651997327804563
2,id_block2_h36_seed0,9724,full,1,right,1,0.8819088935852051,1.903945803642273,1.9446401596069336,0.0406943559646606,1.903945803642273
2,id_block2_h36_seed0,9725,full,3,forward,1,0.9998993873596193,0.4478665888309479,0.6465427279472351,0.1986761391162872,0.4478665888309479
2,id_block2_h36_seed0,9726,full,3,forward,1,0.9964069724082948,0.973055899143219,1.0955771207809448,0.1225212216377258,0.973055899143219
2,id_block2_h36_seed0,9727,full,1,right,1,0.9999300241470336,0.3359226882457733,0.5378612875938416,0.2019385993480682,0.3359226882457733
2,id_block2_h36_seed0,9728,full,1,right,1,0.9794298410415648,1.31598961353302,1.3985484838485718,0.0825588703155517,1.31598961353302
2,id_block2_h36_seed0,9729,full,2,left,1,0.999537229537964,1.0419871807098389,1.1963050365447998,0.1543178558349609,1.0419871807098389
2,id_block2_h36_seed0,9730,full,3,forward,1,0.9998410940170288,0.4755850732326507,0.6599591374397278,0.184374064207077,0.4755850732326507
2,id_block2_h36_seed0,9731,full,1,right,1,0.995776355266571,0.4925335347652435,0.6078459620475769,0.1153124272823333,0.4925335347652435
2,id_block2_h36_seed0,9732,full,3,forward,1,0.8323980569839478,0.6192027926445007,0.6527231931686401,0.0335204005241394,0.6192027926445007
2,id_block2_h36_seed0,9733,full,2,left,1,0.9962467551231384,1.0404601097106934,1.154060125350952,0.1136000156402587,1.0404601097106934
2,id_block2_h36_seed0,9734,full,1,right,1,0.9791656136512756,1.6302059888839722,1.707471251487732,0.0772652626037597,1.6302059888839722
2,id_block2_h36_seed0,9735,full,1,right,1,0.9998183846473694,1.5819425582885742,1.7636886835098269,0.1817461252212524,1.5819425582885742
2,id_block2_h36_seed0,9736,full,4,backward,1,0.9996330738067628,0.4542555510997772,0.6145734190940857,0.1603178679943084,0.4542555510997772
2,id_block2_h36_seed0,9737,full,3,forward,1,0.9989863038063048,0.6887149214744568,0.8408617973327637,0.1521468758583068,0.6887149214744568
2,id_block2_h36_seed0,9738,full,4,backward,1,0.9991267323493958,0.3909832537174225,0.5356605648994446,0.1446773111820221,0.3909832537174225
2,id_block2_h36_seed0,9739,full,3,forward,1,0.9998725652694702,0.5007734894752502,0.6930277347564697,0.1922542452812194,0.5007734894752502
2,id_block2_h36_seed0,9740,full,1,right,1,0.9999815225601196,0.5247659087181091,0.7491855621337891,0.2244196534156799,0.5247659087181091
2,id_block2_h36_seed0,9741,full,1,right,1,0.9999842643737792,0.5406112670898438,0.767035722732544,0.2264244556427002,0.5406112670898438
2,id_block2_h36_seed0,9742,full,2,left,1,0.9993467926979064,0.4519400596618652,0.6120492815971375,0.1601092219352722,0.4519400596618652
2,id_block2_h36_seed0,9745,full,4,backward,1,0.99993634223938,0.5245888233184814,0.7265329957008362,0.2019441723823547,0.5245888233184814
2,id_block2_h36_seed0,9747,full,4,backward,1,0.9998006224632264,0.9385401606559752,1.1104499101638794,0.171909749507904,0.9385401606559752
2,id_block2_h36_seed0,9750,full,2,left,1,0.9992146492004396,0.383251816034317,0.5340195298194885,0.1507677137851715,0.383251816034317
2,id_block2_h36_seed0,9751,full,4,backward,1,0.9999146461486816,0.9962453842163086,1.1836849451065063,0.1874395608901977,0.9962453842163086
2,id_block2_h36_seed0,9752,full,2,left,1,0.998683750629425,0.4405249059200287,0.5791341066360474,0.1386092007160186,0.4405249059200287
2,id_block2_h36_seed0,9753,full,3,forward,1,0.9998537302017212,0.4256463050842285,0.602851152420044,0.1772048473358154,0.4256463050842285
2,id_block2_h36_seed0,9754,full,3,forward,1,0.9977040886878968,1.1143118143081665,1.23855721950531,0.1242454051971435,1.1143118143081665
2,id_block2_h36_seed0,9755,full,3,forward,1,0.9998151659965516,0.5527036190032959,0.7386441230773926,0.1859405040740966,0.5527036190032959
2,id_block2_h36_seed0,9757,full,1,right,1,0.9970972537994384,1.537515640258789,1.6549495458602903,0.1174339056015014,1.537515640258789
2,id_block2_h36_seed0,9758,full,3,forward,1,0.9999920129776,0.5328018665313721,0.7707982063293457,0.2379963397979736,0.5328018665313721
2,id_block2_h36_seed0,9759,full,3,forward,1,0.9999337196350098,0.57065349817276,0.7792385220527649,0.2085850238800048,0.57065349817276
2,id_block2_h36_seed0,9760,full,4,backward,1,0.9997132420539856,0.4931493699550628,0.6677053570747375,0.1745559871196746,0.4931493699550628
2,id_block2_h36_seed0,9761,full,4,backward,1,0.9837844371795654,1.1805648803710938,1.2626742124557495,0.0821093320846557,1.1805648803710938
2,id_block2_h36_seed0,9762,full,3,forward,1,0.9995170831680298,1.378621220588684,1.5399872064590454,0.1613659858703613,1.378621220588684
2,id_block2_h36_seed0,9763,full,4,backward,1,0.9999942779541016,0.2774232923984527,0.5214517116546631,0.2440284192562103,0.2774232923984527
2,id_block2_h36_seed0,9764,full,4,backward,1,0.9968687891960144,1.1161197423934937,1.2314151525497437,0.11529541015625,1.1161197423934937
2,id_block2_h36_seed0,9765,full,2,left,1,0.9924880266189576,0.5779969096183777,0.6846286654472351,0.1066317558288574,0.5779969096183777
2,id_block2_h36_seed0,9766,full,1,right,1,0.9999171495437622,0.5481879115104675,0.7396791577339172,0.1914912462234497,0.5481879115104675
2,id_block2_h36_seed0,9767,full,4,backward,1,0.9862370491027832,0.986894190311432,1.0723553895950315,0.0854611992835998,0.986894190311432
2,id_block2_h36_seed0,9768,full,4,backward,1,0.9996274709701538,1.165548324584961,1.328414797782898,0.162866473197937,1.165548324584961
2,id_block2_h36_seed0,9770,full,4,backward,1,0.9832292199134828,1.0441700220108032,1.1259782314300537,0.0818082094192504,1.0441700220108032
2,id_block2_h36_seed0,9773,full,3,forward,1,0.9999408721923828,0.568474292755127,0.7745348811149597,0.2060605883598327,0.568474292755127
2,id_block2_h36_seed0,9774,full,4,backward,1,0.999828577041626,0.384812593460083,0.5734454989433289,0.1886329054832458,0.384812593460083
2,id_block2_h36_seed0,9775,full,1,right,1,0.9988129138946532,0.9026618003845216,1.0427982807159424,0.1401364803314209,0.9026618003845216
2,id_block2_h36_seed0,9776,full,4,backward,1,0.9962397813796996,0.8972398638725281,1.0088447332382202,0.1116048693656921,0.8972398638725281
2,id_block2_h36_seed0,9777,full,1,right,1,0.9999418258666992,0.5111075639724731,0.7216865420341492,0.210578978061676,0.5111075639724731
2,id_block2_h36_seed0,9778,full,2,left,1,0.999998927116394,1.6106590032577517,1.8921293020248413,0.2814702987670898,1.6106590032577517
2,id_block2_h36_seed0,9779,full,2,left,1,0.999030590057373,1.1963096857070925,1.3446317911148071,0.1483221054077148,1.1963096857070925
2,id_block2_h36_seed0,9780,full,1,right,1,0.9952732920646667,0.5612277984619141,0.6713600158691406,0.1101322174072265,0.5612277984619141
2,id_block2_h36_seed0,9782,full,3,forward,1,0.9909812808036804,0.9662297368049622,1.0643590688705444,0.0981293320655822,0.9662297368049622
2,id_block2_h36_seed0,9783,full,4,backward,1,0.9986209869384766,1.1012617349624634,1.233024001121521,0.1317622661590576,1.1012617349624634
2,id_block2_h36_seed0,9784,full,2,left,1,0.9994394183158876,0.497438907623291,0.6517593264579773,0.1543204188346862,0.497438907623291
2,id_block2_h36_seed0,9785,full,3,forward,1,0.999891996383667,0.5073911547660828,0.6949065327644348,0.187515377998352,0.5073911547660828
2,id_block2_h36_seed0,9786,full,4,backward,1,0.9999477863311768,0.4579922258853912,0.6627843976020813,0.20479217171669,0.4579922258853912
2,id_block2_h36_seed0,9788,full,2,left,1,0.9955050945281982,2.115004539489746,2.2289841175079346,0.1139795780181884,2.115004539489746
2,id_block2_h36_seed0,9789,full,4,backward,1,0.998885452747345,0.7090864181518555,0.8456386923789978,0.1365522742271423,0.7090864181518555
2,id_block2_h36_seed0,9790,full,1,right,1,0.9998278617858888,0.3889872133731842,0.5690376162528992,0.1800504028797149,0.3889872133731842
2,id_block2_h36_seed0,9791,full,2,left,1,0.9974984526634216,0.4997335970401764,0.6227546334266663,0.1230210363864898,0.4997335970401764
2,id_block2_h36_seed0,9792,full,4,backward,1,0.9998914003372192,0.4163693189620971,0.604269802570343,0.1879004836082458,0.4163693189620971
2,id_block2_h36_seed0,9793,full,1,right,1,0.9999626874923706,0.492476612329483,0.7156707644462585,0.2231941521167755,0.492476612329483
2,id_block2_h36_seed0,9794,full,2,left,1,0.9986855387687684,0.7229893207550049,0.8581693768501282,0.1351800560951233,0.7229893207550049
2,id_block2_h36_seed0,9795,full,1,right,1,0.9964802861213684,1.9574960470199585,2.082718849182129,0.1252228021621704,1.9574960470199585
2,id_block2_h36_seed0,9796,full,4,backward,1,0.993401825428009,1.0749386548995972,1.1756845712661743,0.1007459163665771,1.0749386548995972
2,id_block2_h36_seed0,9797,full,4,backward,1,0.9999513626098632,0.3750981092453003,0.5873985886573792,0.2123004794120788,0.3750981092453003
2,id_block2_h36_seed0,9799,full,3,forward,1,0.9995465874671936,1.0817619562149048,1.2394503355026243,0.1576883792877197,1.0817619562149048
2,id_block2_h36_seed0,9800,full,4,backward,1,0.9998434782028198,0.4099463522434234,0.5931395292282104,0.183193176984787,0.4099463522434234
2,id_block2_h36_seed0,9801,full,4,backward,1,0.9997069239616394,0.8129698634147644,0.9756638407707214,0.162693977355957,0.8129698634147644
2,id_block2_h36_seed0,9802,full,3,forward,1,0.9999186992645264,0.5526507496833801,0.7590973973274231,0.2064466476440429,0.5526507496833801
2,id_block2_h36_seed0,9803,full,2,left,1,0.9999783039093018,0.328950822353363,0.5585114359855652,0.2295606136322021,0.328950822353363
2,id_block2_h36_seed0,9805,full,3,forward,1,0.99847012758255,1.1708524227142334,1.3020895719528198,0.1312371492385864,1.1708524227142334
2,id_block2_h36_seed0,9806,full,4,backward,1,0.993187665939331,1.0498725175857544,1.1497621536254885,0.0998896360397338,1.0498725175857544
2,id_block2_h36_seed0,9807,full,4,backward,1,0.9997804760932922,0.4264065325260162,0.5956717729568481,0.1692652404308319,0.4264065325260162
2,id_block2_h36_seed0,9809,full,3,forward,1,0.9999504089355468,0.5775485634803772,0.7907223105430603,0.2131737470626831,0.5775485634803772
2,id_block2_h36_seed0,9810,full,4,backward,1,0.9999958276748656,0.3221327364444732,0.5840210318565369,0.2618882954120636,0.3221327364444732
2,id_block2_h36_seed0,9811,full,4,backward,1,0.9793972373008728,1.205716252326965,1.2842097282409668,0.0784934759140014,1.205716252326965
2,id_block2_h36_seed0,9812,full,1,right,1,0.99838125705719,0.5362758636474609,0.6744220852851868,0.1381462216377258,0.5362758636474609
2,id_block2_h36_seed0,9813,full,4,backward,1,0.9999237060546876,0.3768492043018341,0.5689727067947388,0.1921235024929046,0.3768492043018341
2,id_block2_h36_seed0,9814,full,2,left,1,0.9996275901794434,1.0366066694259644,1.1961920261383057,0.1595853567123413,1.0366066694259644
2,id_block2_h36_seed0,9815,full,3,forward,1,0.9981750249862672,1.180293321609497,1.3067456483840942,0.1264523267745971,1.180293321609497
2,id_block2_h36_seed0,9816,full,1,right,1,0.9999704360961914,0.5562218427658081,0.7740774154663086,0.2178555727005005,0.5562218427658081
2,id_block2_h36_seed0,9817,full,1,right,1,0.945753574371338,1.4303840398788452,1.498607516288757,0.0682234764099121,1.4303840398788452
2,id_block2_h36_seed0,9818,full,1,right,1,0.9979158043861388,0.4560804367065429,0.5949590802192688,0.1388786435127258,0.4560804367065429
2,id_block2_h36_seed0,9819,full,3,forward,1,0.9892248511314392,1.493709921836853,1.5844545364379885,0.0907446146011352,1.493709921836853
2,id_block2_h36_seed0,9820,full,3,forward,1,0.9987258315086364,1.5666948556900024,1.7041268348693848,0.1374319791793823,1.5666948556900024
2,id_block2_h36_seed0,9821,full,4,backward,1,0.9992905855178832,0.7027368545532227,0.8611235618591309,0.1583867073059082,0.7027368545532227
2,id_block2_h36_seed0,9822,full,2,left,1,0.9999045133590698,0.3291088342666626,0.5155524611473083,0.1864436268806457,0.3291088342666626
2,id_block2_h36_seed0,9823,full,1,right,1,0.9997815489768982,0.469015508890152,0.653920590877533,0.1849050819873809,0.469015508890152
2,id_block2_h36_seed0,9824,full,4,backward,1,0.999940037727356,0.4989287555217743,0.6978719830513,0.1989432275295257,0.4989287555217743
2,id_block2_h36_seed0,9826,full,3,forward,1,0.9996441602706908,1.160645842552185,1.321949481964111,0.1613036394119262,1.160645842552185
2,id_block2_h36_seed0,9827,full,3,forward,1,0.9999829530715942,0.4085740745067596,0.6327242255210876,0.224150151014328,0.4085740745067596
2,id_block2_h36_seed0,9828,full,1,right,1,0.9990044236183168,1.4169979095458984,1.568458914756775,0.1514610052108764,1.4169979095458984
2,id_block2_h36_seed0,9829,full,3,forward,1,0.9905551075935364,1.4434213638305664,1.540390968322754,0.0969696044921875,1.4434213638305664
2,id_block2_h36_seed0,9831,full,1,right,1,0.9999881982803344,0.6109941005706787,0.8482184410095215,0.2372243404388427,0.6109941005706787
2,id_block2_h36_seed0,9832,full,2,left,1,0.9994008541107178,0.4964331686496734,0.6466569900512695,0.150223821401596,0.4964331686496734
2,id_block2_h36_seed0,9834,full,3,forward,1,0.9912021160125732,1.084689021110535,1.181747555732727,0.0970585346221923,1.084689021110535
2,id_block2_h36_seed0,9835,full,1,right,1,0.9999417066574096,0.4575063288211822,0.6575857996940613,0.200079470872879,0.4575063288211822
2,id_block2_h36_seed0,9836,full,1,right,1,0.999626874923706,0.4242280423641205,0.5851076245307922,0.1608795821666717,0.4242280423641205
2,id_block2_h36_seed0,9837,full,3,forward,1,0.9995018243789672,0.4082016050815582,0.5739054083824158,0.1657038033008575,0.4082016050815582
2,id_block2_h36_seed0,9838,full,4,backward,1,0.9999059438705444,0.927325427532196,1.1144014596939087,0.1870760321617126,0.927325427532196
2,id_block2_h36_seed0,9839,full,4,backward,1,0.9998952150344848,0.9011957049369812,1.084657073020935,0.1834613680839538,0.9011957049369812
2,id_block2_h36_seed0,9840,full,4,backward,1,0.9998270869255066,0.5007899403572083,0.6776226162910461,0.1768326759338379,0.5007899403572083
2,id_block2_h36_seed0,9841,full,3,forward,1,0.999377429485321,0.6953890323638916,0.860920250415802,0.1655312180519104,0.6953890323638916
2,id_block2_h36_seed0,9842,full,2,left,1,0.9955299496650696,0.6516024470329285,0.773020327091217,0.1214178800582885,0.6516024470329285
2,id_block2_h36_seed0,9843,full,2,left,1,0.999778926372528,0.4641644954681396,0.6335921883583069,0.1694276928901672,0.4641644954681396
2,id_block2_h36_seed0,9844,full,1,right,1,0.994293212890625,0.440788060426712,0.5447618365287781,0.103973776102066,0.440788060426712
2,id_block2_h36_seed0,9846,full,4,backward,1,0.9914119243621826,0.4560379683971405,0.5588176250457764,0.1027796566486358,0.4560379683971405
2,id_block2_h36_seed0,9847,full,2,left,1,0.9999862909317015,1.6584967374801636,1.8861767053604128,0.227679967880249,1.6584967374801636
2,id_block2_h36_seed0,9848,full,4,backward,1,0.9996050000190736,0.5061704516410828,0.6650903820991516,0.1589199304580688,0.5061704516410828
2,id_block2_h36_seed0,9849,full,1,right,1,0.9559757709503174,1.4193496704101562,1.4809108972549438,0.0615612268447876,1.4193496704101562
2,id_block2_h36_seed0,9851,full,3,forward,1,0.9997857213020324,0.4868135154247284,0.6633814573287964,0.176567941904068,0.4868135154247284
2,id_block2_h36_seed0,9852,full,4,backward,1,0.9955341815948486,1.0453730821609497,1.1535634994506836,0.1081904172897338,1.0453730821609497
2,id_block2_h36_seed0,9853,full,1,right,1,0.9986300468444824,1.4188785552978516,1.552371382713318,0.1334928274154663,1.4188785552978516
2,id_block2_h36_seed0,9854,full,2,left,1,0.999942660331726,0.4814691841602325,0.6853039264678955,0.2038347423076629,0.4814691841602325
2,id_block2_h36_seed0,9855,full,2,left,1,0.99456787109375,1.1602473258972168,1.2740280628204346,0.1137807369232177,1.1602473258972168
2,id_block2_h36_seed0,9856,full,2,left,1,0.9992456436157228,0.3891717493534088,0.5343936085700989,0.14522185921669,0.3891717493534088
2,id_block2_h36_seed0,9857,full,2,left,1,0.9984563589096068,0.8485417366027832,0.983607053756714,0.1350653171539306,0.8485417366027832
2,id_block2_h36_seed0,9858,full,4,backward,1,0.999110996723175,0.8891215920448303,1.0304261445999146,0.1413045525550842,0.8891215920448303
2,id_block2_h36_seed0,9859,full,4,backward,1,0.99995756149292,0.3292528688907623,0.5381817817687988,0.2089289128780365,0.3292528688907623
2,id_block2_h36_seed0,9861,full,1,right,1,0.9831463694572448,1.4464696645736694,1.5477876663208008,0.1013180017471313,1.4464696645736694
2,id_block2_h36_seed0,9862,full,4,backward,1,0.9989940524101256,1.1822062730789185,1.321203589439392,0.1389973163604736,1.1822062730789185
2,id_block2_h36_seed0,9864,full,4,backward,1,0.9962202906608582,1.0716298818588257,1.1843256950378418,0.1126958131790161,1.0716298818588257
2,id_block2_h36_seed0,9865,full,3,forward,1,0.9999992847442628,1.4465614557266235,1.7425212860107422,0.2959598302841186,1.4465614557266235
2,id_block2_h36_seed0,9866,full,2,left,1,0.999929666519165,0.3392291069030761,0.5445870757102966,0.2053579688072204,0.3392291069030761
2,id_block2_h36_seed0,9868,full,4,backward,1,0.9998852014541626,0.4223798215389251,0.6123109459877014,0.1899311244487762,0.4223798215389251
2,id_block2_h36_seed0,9869,full,3,forward,1,0.999987006187439,0.5227862000465393,0.759197473526001,0.2364112734794616,0.5227862000465393
2,id_block2_h36_seed0,9870,full,2,left,1,0.9873837828636168,0.5450651049613953,0.6437525153160095,0.0986874103546142,0.5450651049613953
2,id_block2_h36_seed0,9871,full,4,backward,1,0.9996030926704408,0.3886999785900116,0.5503689050674438,0.1616689264774322,0.3886999785900116
2,id_block2_h36_seed0,9872,full,4,backward,1,0.9971442818641664,0.4560379683971405,0.5736698508262634,0.1176318824291229,0.4560379683971405
2,id_block2_h36_seed0,9874,full,1,right,1,0.9997467398643494,0.5053760409355164,0.6726722717285156,0.1672962307929992,0.5053760409355164
2,id_block2_h36_seed0,9875,full,4,backward,1,0.999947428703308,0.494244247674942,0.7094112038612366,0.2151669561862945,0.494244247674942
2,id_block2_h36_seed0,9876,full,1,right,1,0.9995703101158142,0.6949235796928406,0.8529910445213318,0.1580674648284912,0.6949235796928406
2,id_block2_h36_seed0,9877,full,2,left,1,0.9928337335586548,1.9639854431152344,2.06388258934021,0.0998971462249755,1.9639854431152344
2,id_block2_h36_seed0,9878,full,2,left,1,0.997222661972046,1.0053590536117554,1.1252926588058472,0.1199336051940918,1.0053590536117554
2,id_block2_h36_seed0,9879,full,4,backward,1,0.9993311166763306,1.2694458961486816,1.4156616926193235,0.1462157964706421,1.2694458961486816
2,id_block2_h36_seed0,9880,full,2,left,1,0.9996302127838136,0.3711706697940826,0.5317361950874329,0.1605655252933502,0.3711706697940826
2,id_block2_h36_seed0,9881,full,3,forward,1,0.9929152727127076,1.4750480651855469,1.5786762237548828,0.1036281585693359,1.4750480651855469
2,id_block2_h36_seed0,9882,full,4,backward,1,0.9996594190597534,0.6070793271064758,0.7719491124153137,0.1648697853088379,0.6070793271064758
2,id_block2_h36_seed0,9883,full,2,left,1,0.9957322478294371,1.1691625118255615,1.2784258127212524,0.1092633008956909,1.1691625118255615
2,id_block2_h36_seed0,9884,full,4,backward,1,0.9999394416809082,0.5086026191711426,0.7110753059387207,0.2024726867675781,0.5086026191711426
2,id_block2_h36_seed0,9885,full,3,forward,1,0.9953742623329164,1.194451928138733,1.3113754987716677,0.1169235706329345,1.194451928138733
2,id_block2_h36_seed0,9886,full,4,backward,1,0.99986732006073,1.0453615188598633,1.224054932594299,0.178693413734436,1.0453615188598633
2,id_block2_h36_seed0,9887,full,2,left,1,0.9998179078102112,0.4426409304141998,0.621173083782196,0.1785321533679962,0.4426409304141998
2,id_block2_h36_seed0,9888,full,4,backward,1,0.9967507123947144,1.051160454750061,1.1658371686935425,0.1146767139434814,1.051160454750061
2,id_block2_h36_seed0,9889,full,2,left,1,0.9988020658493042,0.376840740442276,0.5121663212776184,0.1353255808353424,0.376840740442276
2,id_block2_h36_seed0,9890,full,1,right,1,0.9997971653938292,0.4049931466579437,0.5892407298088074,0.1842475831508636,0.4049931466579437
2,id_block2_h36_seed0,9891,full,2,left,1,0.9843837022781372,0.6892938017845154,0.7739896774291992,0.0846958756446838,0.6892938017845154
2,id_block2_h36_seed0,9892,full,2,left,1,0.9989928603172302,0.5543748736381531,0.6936790347099304,0.1393041610717773,0.5543748736381531
2,id_block2_h36_seed0,9894,full,3,forward,1,0.9996649026870728,0.5510666966438293,0.7161975502967834,0.1651308536529541,0.5510666966438293
2,id_block2_h36_seed0,9895,full,1,right,1,0.9999282360076904,1.2915791273117063,1.4906460046768188,0.1990668773651123,1.2915791273117063
2,id_block2_h36_seed0,9896,full,1,right,1,0.9955471754074096,1.584343433380127,1.6941713094711304,0.1098278760910034,1.584343433380127
2,id_block2_h36_seed0,9897,full,3,forward,1,0.999338686466217,1.2495684623718262,1.405245304107666,0.1556768417358398,1.2495684623718262
2,id_block2_h36_seed0,9898,full,1,right,1,0.9955151677131652,1.240607500076294,1.3487640619277954,0.1081565618515014,1.240607500076294
2,id_block2_h36_seed0,9899,full,3,forward,1,0.9729315638542176,0.9516255259513856,1.025461196899414,0.0738356709480285,0.9516255259513856
2,id_block2_h36_seed0,9901,full,4,backward,1,0.9999303817749025,0.5012315511703491,0.6958010792732239,0.1945695281028747,0.5012315511703491
2,id_block2_h36_seed0,9902,full,3,forward,1,0.9998949766159058,0.5367183089256287,0.7295343279838562,0.1928160190582275,0.5367183089256287
2,id_block2_h36_seed0,9903,full,3,forward,1,0.9999920129776,0.6231873035430908,0.8691604137420654,0.2459731101989746,0.6231873035430908
2,id_block2_h36_seed0,9904,full,2,left,1,0.9921506643295288,0.5450651049613953,0.6437525153160095,0.0986874103546142,0.5450651049613953
2,id_block2_h36_seed0,9905,full,3,forward,1,0.9941856265068054,1.028572916984558,1.1393556594848633,0.1107827425003051,1.028572916984558
2,id_block2_h36_seed0,9906,full,1,right,1,0.9991042017936708,2.3371734619140625,2.4837119579315186,0.146538496017456,2.3371734619140625
2,id_block2_h36_seed0,9908,full,4,backward,1,0.9997045397758484,0.3970004618167877,0.5606939196586609,0.1636934578418731,0.3970004618167877
2,id_block2_h36_seed0,9909,full,1,right,1,0.9999513626098632,0.6109941005706787,0.8175007700920105,0.2065066695213318,0.6109941005706787
2,id_block2_h36_seed0,9910,full,4,backward,1,0.9997320771217346,0.5015292763710022,0.685258150100708,0.1837288737297058,0.5015292763710022
2,id_block2_h36_seed0,9912,full,4,backward,1,0.9999022483825684,0.6567842960357666,0.8509209752082825,0.1941366791725158,0.6567842960357666
2,id_block2_h36_seed0,9913,full,3,forward,1,0.9744778275489808,1.2775808572769165,1.3511810302734375,0.073600172996521,1.2775808572769165
2,id_block2_h36_seed0,9914,full,3,forward,1,0.9996976852416992,0.8814172744750977,1.0624569654464722,0.1810396909713745,0.8814172744750977
2,id_block2_h36_seed0,9915,full,4,backward,1,0.9999796152114868,0.5008479952812195,0.7251167297363281,0.2242687344551086,0.5008479952812195
2,id_block2_h36_seed0,9916,full,2,left,1,0.9992384910583496,1.2297688722610474,1.3742852210998535,0.1445163488388061,1.2297688722610474
2,id_block2_h36_seed0,9917,full,1,right,1,0.9931355714797974,1.4464696645736694,1.5460273027420044,0.0995576381683349,1.4464696645736694
2,id_block2_h36_seed0,9918,full,2,left,1,0.9997684359550476,0.4997765123844147,0.6804637312889099,0.1806872189044952,0.4997765123844147
2,id_block2_h36_seed0,9919,full,2,left,1,0.999739706516266,0.4964331686496734,0.6629531383514404,0.1665199697017669,0.4964331686496734
2,id_block2_h36_seed0,9920,full,3,forward,1,0.9982016086578368,1.0897839069366455,1.2173177003860474,0.1275337934494018,1.0897839069366455
2,id_block2_h36_seed0,9921,full,2,left,1,0.9991849064826964,0.4935349524021148,0.6429435610771179,0.149408608675003,0.4935349524021148
2,id_block2_h36_seed0,9922,full,1,right,1,0.9999653100967408,0.9167178273200988,1.1284323930740356,0.2117145657539367,0.9167178273200988
2,id_block2_h36_seed0,9923,full,1,right,1,0.9999533891677856,0.506569504737854,0.7136977314949036,0.2071282267570495,0.506569504737854
2,id_block2_h36_seed0,9924,full,4,backward,1,0.9993689656257628,1.0755184888839722,1.2278622388839722,0.15234375,1.0755184888839722
2,id_block2_h36_seed0,9926,full,4,backward,1,0.99942147731781,1.0327030420303345,1.1817973852157593,0.1490943431854248,1.0327030420303345
2,id_block2_h36_seed0,9927,full,2,left,1,0.9997459053993224,0.3901387751102447,0.5599124431610107,0.169773668050766,0.3901387751102447
2,id_block2_h36_seed0,9928,full,3,forward,1,0.9999600648880004,1.3849130868911743,1.5999269485473633,0.2150138616561889,1.3849130868911743
2,id_block2_h36_seed0,9929,full,2,left,1,0.9996761083602904,0.445271223783493,0.6068611145019531,0.16158989071846,0.445271223783493
2,id_block2_h36_seed0,9930,full,1,right,1,0.9988763928413392,0.4817051589488983,0.6211290955543518,0.1394239366054535,0.4817051589488983
2,id_block2_h36_seed0,9931,full,3,forward,1,0.9997559189796448,0.7495494484901428,0.9271450042724608,0.1775955557823181,0.7495494484901428
2,id_block2_h36_seed0,9932,full,3,forward,1,0.9969503283500672,0.7648360729217529,0.8957847952842712,0.1309487223625183,0.7648360729217529
2,id_block2_h36_seed0,9933,full,3,forward,1,0.9999599456787108,0.8829875588417053,1.0914080142974854,0.20842045545578,0.8829875588417053
2,id_block2_h36_seed0,9934,full,4,backward,1,0.99977046251297,1.145889163017273,1.3136457204818726,0.1677565574645996,1.145889163017273
2,id_block2_h36_seed0,9935,full,1,right,1,0.9999077320098876,0.5111075639724731,0.7129520773887634,0.2018445134162902,0.5111075639724731
2,id_block2_h36_seed0,9936,full,4,backward,1,0.9999438524246216,0.286672979593277,0.4887162148952484,0.2020432353019714,0.286672979593277
2,id_block2_h36_seed0,9938,full,2,left,1,0.99993097782135,0.5637645721435547,0.7617238163948059,0.1979592442512512,0.5637645721435547
2,id_block2_h36_seed0,9939,full,4,backward,1,0.9999881982803344,1.1502221822738647,1.3873883485794067,0.237166166305542,1.1502221822738647
2,id_block2_h36_seed0,9940,full,2,left,1,0.99961119890213,0.4736577570438385,0.6426939964294434,0.1690362393856048,0.4736577570438385
2,id_block2_h36_seed0,9942,full,4,backward,1,0.9955997467041016,1.30311119556427,1.4143905639648438,0.1112793684005737,1.30311119556427
2,id_block2_h36_seed0,9943,full,4,backward,1,0.9374167919158936,1.051160454750061,1.1063467264175415,0.0551862716674804,1.051160454750061
2,id_block2_h36_seed0,9945,full,2,left,1,0.999149203300476,0.5407794117927551,0.6838082671165466,0.1430288553237915,0.5407794117927551
2,id_block2_h36_seed0,9948,full,3,forward,1,0.9998290538787842,1.6023478507995603,1.7783175706863403,0.1759697198867797,1.6023478507995603
2,id_block2_h36_seed0,9950,full,4,backward,1,0.9990788698196412,1.0273476839065552,1.167857050895691,0.1405093669891357,1.0273476839065552
2,id_block2_h36_seed0,9951,full,2,left,1,0.9996618032455444,0.3787287175655365,0.5415546894073486,0.1628259718418121,0.3787287175655365
2,id_block2_h36_seed0,9952,full,1,right,1,0.9984954595565796,0.5150641798973083,0.6504800915718079,0.1354159116744995,0.5150641798973083
2,id_block2_h36_seed0,9953,full,3,forward,1,0.999699592590332,0.5280516743659973,0.702623188495636,0.1745715141296386,0.5280516743659973
2,id_block2_h36_seed0,9954,full,1,right,1,0.9999388456344604,0.3853580951690674,0.59089195728302,0.2055338621139526,0.3853580951690674
2,id_block2_h36_seed0,9955,full,1,right,1,0.9997166991233826,0.4256645143032074,0.5900671482086182,0.1644026339054107,0.4256645143032074
2,id_block2_h36_seed0,9956,full,1,right,1,0.9998169541358948,0.6610183119773865,0.843028724193573,0.1820104122161865,0.6610183119773865
2,id_block2_h36_seed0,9957,full,3,forward,1,0.9976686835289,1.134050726890564,1.2567744255065918,0.1227236986160278,1.134050726890564
2,id_block2_h36_seed0,9958,full,4,backward,1,0.9999120235443116,0.4099464118480682,0.5995797514915466,0.1896333396434784,0.4099464118480682
2,id_block2_h36_seed0,9959,full,4,backward,1,0.9999508857727052,0.4990975558757782,0.7083610892295837,0.2092635333538055,0.4990975558757782
2,id_block2_h36_seed0,9961,full,3,forward,1,0.9998335838317872,0.4923098981380462,0.6671121120452881,0.1748022139072418,0.4923098981380462
2,id_block2_h36_seed0,9962,full,4,backward,1,0.999907612800598,0.4353527128696441,0.6380314230918884,0.2026787102222442,0.4353527128696441
2,id_block2_h36_seed0,9963,full,1,right,1,0.9999122619628906,0.3729677200317383,0.5691686272621155,0.1962009072303772,0.3729677200317383
2,id_block2_h36_seed0,9965,full,1,right,1,0.9993876218795776,1.566838264465332,1.7268511056900024,0.1600128412246704,1.566838264465332
2,id_block2_h36_seed0,9966,full,4,backward,1,0.9999819993972778,0.6493630409240723,0.8704367280006409,0.2210736870765686,0.6493630409240723
2,id_block2_h36_seed0,9967,full,2,left,1,0.991493046283722,0.9117890000343324,1.0075002908706665,0.0957112908363342,0.9117890000343324
2,id_block2_h36_seed0,9968,full,2,left,1,0.999970316886902,0.3392290771007538,0.5522974133491516,0.2130683362483978,0.3392290771007538
2,id_block2_h36_seed0,9971,full,3,forward,1,0.999911904335022,0.5261741876602173,0.7165209650993347,0.1903467774391174,0.5261741876602173
2,id_block2_h36_seed0,9972,full,4,backward,1,0.9999505281448364,1.0483291149139404,1.2521530389785769,0.2038239240646362,1.0483291149139404
2,id_block2_h36_seed0,9973,full,3,forward,1,0.999642848968506,0.4891318082809448,0.6605207920074463,0.1713889837265014,0.4891318082809448
2,id_block2_h36_seed0,9975,full,1,right,1,0.99981290102005,1.2406076192855835,1.4220117330551147,0.1814041137695312,1.2406076192855835
2,id_block2_h36_seed0,9976,full,3,forward,1,0.9990171194076538,0.4923098981380462,0.6316242218017578,0.1393143236637115,0.4923098981380462
2,id_block2_h36_seed0,9977,full,3,forward,1,0.9999128580093384,0.5130331516265869,0.7211890816688538,0.2081559300422668,0.5130331516265869
2,id_block2_h36_seed0,9978,full,3,forward,1,0.996951937675476,1.1390690803527832,1.2551442384719849,0.1160751581192016,1.1390690803527832
2,id_block2_h36_seed0,9979,full,1,right,1,0.9965859651565552,1.446951389312744,1.5606266260147097,0.1136752367019653,1.446951389312744
2,id_block2_h36_seed0,9980,full,2,left,1,0.9992367029190063,1.709280014038086,1.8575191497802732,0.1482391357421875,1.709280014038086
2,id_block2_h36_seed0,9981,full,2,left,1,0.9934045672416688,2.007009267807007,2.1077280044555664,0.1007187366485595,2.007009267807007
2,id_block2_h36_seed0,9982,full,1,right,1,0.9730786085128784,2.030184507369995,2.105069875717163,0.0748853683471679,2.030184507369995
2,id_block2_h36_seed0,9984,full,3,forward,1,0.9999512434005736,0.4810709655284881,0.6886155009269714,0.2075445353984832,0.4810709655284881
2,id_block2_h36_seed0,9985,full,1,right,1,0.9998306035995485,0.6949235796928406,0.8709036707878113,0.1759800910949707,0.6949235796928406
2,id_block2_h36_seed0,9986,full,3,forward,1,0.9999769926071168,0.3595495223999023,0.5831798911094666,0.2236303687095642,0.3595495223999023
2,id_block2_h36_seed0,9987,full,4,backward,1,0.9998956918716432,0.3390110433101654,0.5277345776557922,0.1887235343456268,0.3390110433101654
2,id_block2_h36_seed0,9988,full,1,right,1,0.9998624324798584,0.4725193083286285,0.6540725827217102,0.1815532743930816,0.4725193083286285
2,id_block2_h36_seed0,9989,full,2,left,1,0.9966714382171632,0.8470067977905273,0.9631574153900146,0.1161506175994873,0.8470067977905273
2,id_block2_h36_seed0,9990,full,2,left,1,0.9996522665023804,1.2810999155044556,1.4598363637924194,0.1787364482879638,1.2810999155044556
2,id_block2_h36_seed0,9992,full,3,forward,1,0.9998612403869628,0.4001144468784332,0.591060221195221,0.1909457743167877,0.4001144468784332
2,id_block2_h36_seed0,9993,full,1,right,1,0.999794065952301,1.098660945892334,1.2699404954910278,0.1712795495986938,1.098660945892334
2,id_block2_h36_seed0,9994,full,1,right,1,0.9999393224716188,0.5766960978507996,0.7843464016914368,0.2076503038406372,0.5766960978507996
2,id_block2_h36_seed0,9995,full,1,right,1,0.9997005462646484,0.4167846739292145,0.5929845571517944,0.1761998832225799,0.4167846739292145
2,id_block2_h36_seed0,9996,full,4,backward,1,0.9999885559082032,0.6026590466499329,0.8373818397521973,0.2347227931022644,0.6026590466499329
2,id_block2_h36_seed0,9997,full,4,backward,1,0.999778926372528,0.7440807223320007,0.9127650260925292,0.1686843037605285,0.7440807223320007
2,id_block2_h36_seed0,9998,full,4,backward,1,0.8666720390319824,1.118099331855774,1.15850031375885,0.0404009819030761,1.118099331855774
2,id_block2_h36_seed0,9999,full,1,right,1,0.9995229244232178,0.5676270127296448,0.7392989993095398,0.171671986579895,0.5676270127296448
2,block2_h72_seed11,3500,small_full,1,right,1,0.8976759910583496,1.373760223388672,1.4285024404525757,0.0547422170639038,1.373760223388672
2,block2_h72_seed11,3501,small_full,4,backward,1,0.9998261332511902,0.7706494331359863,0.9441991448402404,0.1735497117042541,0.7706494331359863
2,block2_h72_seed11,3502,small_full,1,right,1,0.9995723366737366,1.0673338174819946,1.2322098016738892,0.1648759841918945,1.0673338174819946
2,block2_h72_seed11,3503,small_full,2,left,1,0.9999271631240844,1.025075078010559,1.2247041463851929,0.1996290683746338,1.025075078010559
2,block2_h72_seed11,3504,small_full,3,forward,1,0.9620537161827089,1.908305048942566,1.9831701517105105,0.0748651027679443,1.908305048942566
2,block2_h72_seed11,3505,small_full,2,left,1,0.9986294507980348,1.887084364891052,2.032390832901001,0.1453064680099487,1.887084364891052
2,block2_h72_seed11,3506,small_full,3,forward,1,0.99896240234375,0.8817688822746277,1.0244241952896118,0.1426553130149841,0.8817688822746277
2,block2_h72_seed11,3507,small_full,1,right,1,0.999944806098938,1.348739743232727,1.5641769170761108,0.2154371738433838,1.348739743232727
2,block2_h72_seed11,3509,small_full,4,backward,1,0.9990171194076538,1.705938458442688,1.8444408178329468,0.1385023593902588,1.705938458442688
2,block2_h72_seed11,3510,small_full,4,backward,1,0.9999121427536012,1.5885076522827148,1.7788766622543335,0.1903690099716186,1.5885076522827148
2,block2_h72_seed11,3511,small_full,3,forward,1,0.9775655269622804,0.8220875859260559,0.9021978378295898,0.0801102519035339,0.8220875859260559
2,block2_h72_seed11,3512,small_full,1,right,1,0.9963074922561646,1.7933568954467771,1.911800742149353,0.1184438467025756,1.7933568954467771
2,block2_h72_seed11,3513,small_full,4,backward,1,0.9064374566078186,0.8264331221580505,0.8736270070075989,0.0471938848495483,0.8264331221580505
2,block2_h72_seed11,3515,small_full,4,backward,1,0.9999693632125854,0.6853799819946289,0.9084383845329284,0.2230584025382995,0.6853799819946289
2,block2_h72_seed11,3516,small_full,1,right,1,0.9946399331092834,1.9831374883651731,2.0924501419067383,0.1093126535415649,1.9831374883651731
2,block2_h72_seed11,3517,small_full,3,forward,1,0.9963693618774414,0.8817688822746277,1.0006450414657593,0.1188761591911315,0.8817688822746277
2,block2_h72_seed11,3518,small_full,3,forward,1,0.9992795586586,0.9878754019737244,1.1443356275558472,0.1564602255821228,0.9878754019737244
2,block2_h72_seed11,3519,small_full,2,left,1,0.9970303773880004,1.112506866455078,1.24293053150177,0.1304236650466919,1.112506866455078
2,block2_h72_seed11,3520,small_full,2,left,1,0.9975811243057252,2.031264543533325,2.152776002883911,0.1215114593505859,2.031264543533325
2,block2_h72_seed11,3521,small_full,3,forward,1,0.9994893074035645,0.9551305770874025,1.1114044189453125,0.1562738418579101,0.9551305770874025
2,block2_h72_seed11,3522,small_full,2,left,1,0.9737112522125244,2.179226875305176,2.2537803649902344,0.0745534896850586,2.179226875305176
2,block2_h72_seed11,3523,small_full,3,forward,1,0.9999961853027344,0.966999351978302,1.222026824951172,0.2550274729728699,0.966999351978302
2,block2_h72_seed11,3524,small_full,2,left,1,0.8972718715667725,1.4688094854354858,1.5263832807540894,0.0575737953186035,1.4688094854354858
2,block2_h72_seed11,3526,small_full,1,right,1,0.9247783422470092,1.5970473289489746,1.6475871801376345,0.0505398511886596,1.5970473289489746
2,block2_h72_seed11,3527,small_full,1,right,1,0.9885692596435548,0.9984998106956482,1.0880529880523682,0.0895531773567199,0.9984998106956482
2,block2_h72_seed11,3528,small_full,1,right,0,0.9392595887184144,1.4494447708129885,1.520307183265686,0.0708624124526977,1.520307183265686
2,block2_h72_seed11,3530,small_full,1,right,1,0.8055686354637146,1.018157124519348,1.0469348430633545,0.0287777185440063,1.018157124519348
2,block2_h72_seed11,3531,small_full,1,right,1,0.9997368454933168,1.5501033067703247,1.7158693075180054,0.1657660007476806,1.5501033067703247
2,block2_h72_seed11,3532,small_full,3,forward,1,0.9999831914901732,0.7200930118560791,0.9434449672698976,0.2233519554138183,0.7200930118560791
2,block2_h72_seed11,3533,small_full,4,backward,1,0.9447795748710632,1.4700636863708496,1.535049319267273,0.0649856328964233,1.4700636863708496
2,block2_h72_seed11,3534,small_full,1,right,1,0.8625115752220154,1.0603885650634766,1.0999864339828491,0.0395978689193725,1.0603885650634766
2,block2_h72_seed11,3536,small_full,3,forward,1,0.9999405145645142,1.0015881061553955,1.1999640464782717,0.1983759403228759,1.0015881061553955
2,block2_h72_seed11,3537,small_full,4,backward,1,0.9334986209869384,1.376359462738037,1.4327659606933594,0.0564064979553222,1.376359462738037
2,block2_h72_seed11,3538,small_full,1,right,1,0.9990432858467102,1.1187955141067505,1.2648500204086304,0.1460545063018798,1.1187955141067505
2,block2_h72_seed11,3540,small_full,1,right,1,0.9928848147392272,1.9538345336914065,2.0543501377105717,0.100515604019165,1.9538345336914065
2,block2_h72_seed11,3541,small_full,4,backward,1,0.9983175992965698,1.8105319738388064,1.939867615699768,0.1293356418609619,1.8105319738388064
2,block2_h72_seed11,3542,small_full,2,left,1,0.9073458909988404,0.9865153431892396,1.0473475456237793,0.0608322024345397,0.9865153431892396
2,block2_h72_seed11,3543,small_full,3,forward,1,0.9999942779541016,0.8274876475334167,1.0773683786392212,0.2498807311058044,0.8274876475334167
2,block2_h72_seed11,3544,small_full,3,forward,1,0.999358594417572,1.813451886177063,1.961353421211243,0.1479015350341797,1.813451886177063
2,block2_h72_seed11,3545,small_full,3,forward,1,0.9994300007820128,1.9829374551773071,2.1398355960845947,0.1568981409072876,1.9829374551773071
2,block2_h72_seed11,3546,small_full,4,backward,1,0.9983421564102172,1.8109060525894165,1.9398776292800903,0.1289715766906738,1.8109060525894165
2,block2_h72_seed11,3547,small_full,2,left,1,0.9679811596870422,1.0195125341415403,1.0995731353759766,0.080060601234436,1.0195125341415403
2,block2_h72_seed11,3548,small_full,4,backward,1,0.9989846348762512,1.4569231271743774,1.5983973741531372,0.1414742469787597,1.4569231271743774
2,block2_h72_seed11,3549,small_full,2,left,1,0.9991835951805116,1.887084364891052,2.032390832901001,0.1453064680099487,1.887084364891052
2,block2_h72_seed11,3550,small_full,4,backward,1,0.9805317521095276,1.0510388612747192,1.1403234004974363,0.0892845392227172,1.0510388612747192
2,block2_h72_seed11,3551,small_full,1,right,1,0.9972074627876282,1.135076880455017,1.258098602294922,0.1230217218399047,1.135076880455017
2,block2_h72_seed11,3553,small_full,1,right,1,0.988972008228302,1.869778752326965,1.961655616760254,0.0918768644332885,1.869778752326965
2,block2_h72_seed11,3554,small_full,3,forward,1,0.9677801728248596,1.6360397338867188,1.709027647972107,0.0729879140853881,1.6360397338867188
2,block2_h72_seed11,3555,small_full,3,forward,1,0.9821250438690186,0.771229088306427,0.8523728847503662,0.0811437964439392,0.771229088306427
2,block2_h72_seed11,3556,small_full,1,right,1,0.8756495714187622,2.195873022079468,2.236659288406372,0.0407862663269043,2.195873022079468
2,block2_h72_seed11,3558,small_full,1,right,1,0.9999966621398926,1.4256181716918943,1.683548927307129,0.2579307556152344,1.4256181716918943
2,block2_h72_seed11,3559,small_full,3,forward,1,0.9998583793640136,1.8627071380615237,2.040452003479004,0.1777448654174804,1.8627071380615237
2,block2_h72_seed11,3560,small_full,1,right,1,0.9623820781707764,1.8322936296463013,1.9009209871292116,0.0686273574829101,1.8322936296463013
2,block2_h72_seed11,3561,small_full,1,right,1,0.8060742020606995,1.694779396057129,1.7256674766540527,0.0308880805969238,1.694779396057129
2,block2_h72_seed11,3562,small_full,2,left,1,0.9996157884597778,0.9203011393547058,1.0793312788009644,0.1590301394462585,0.9203011393547058
2,block2_h72_seed11,3563,small_full,2,left,1,0.9486179947853088,0.9847655296325684,1.0450383424758911,0.0602728128433227,0.9847655296325684
2,block2_h72_seed11,3564,small_full,2,left,1,0.9949123859405518,1.2629772424697876,1.3751550912857056,0.1121778488159179,1.2629772424697876
2,block2_h72_seed11,3565,small_full,1,right,1,0.9999891519546508,1.4381946325302124,1.6717439889907837,0.2335493564605713,1.4381946325302124
2,block2_h72_seed11,3566,small_full,3,forward,1,0.9788327217102052,1.9678343534469604,2.052175521850586,0.0843411684036254,1.9678343534469604
2,block2_h72_seed11,3567,small_full,3,forward,1,0.9972323775291444,1.852060914039612,1.9704290628433228,0.1183681488037109,1.852060914039612
2,block2_h72_seed11,3568,small_full,4,backward,1,0.7529515027999878,0.8898367881774902,0.9140345454216005,0.0241977572441101,0.8898367881774902
2,block2_h72_seed11,3570,small_full,3,forward,1,0.9996650218963624,1.7212282419204712,1.8843990564346316,0.1631708145141601,1.7212282419204712
2,block2_h72_seed11,3571,small_full,4,backward,1,0.9999743700027466,0.6853799819946289,0.9064092636108398,0.2210292816162109,0.6853799819946289
2,block2_h72_seed11,3572,small_full,4,backward,1,0.9959856867790222,0.7974085807800293,0.9156041145324708,0.1181955337524414,0.7974085807800293
2,block2_h72_seed11,3573,small_full,4,backward,1,0.99985671043396,1.8105319738388064,1.98753821849823,0.1770062446594238,1.8105319738388064
2,block2_h72_seed11,3574,small_full,4,backward,1,0.9999974966049194,0.9595305323600768,1.22490656375885,0.2653760313987732,0.9595305323600768
2,block2_h72_seed11,3575,small_full,2,left,1,0.965707540512085,0.9927783012390136,1.065695881843567,0.0729175806045532,0.9927783012390136
2,block2_h72_seed11,3576,small_full,3,forward,1,0.9973244667053224,0.9014697074890136,1.0278416872024536,0.1263719797134399,0.9014697074890136
2,block2_h72_seed11,3577,small_full,1,right,1,0.972115695476532,1.8223556280136108,1.8944917917251587,0.0721361637115478,1.8223556280136108
2,block2_h72_seed11,3578,small_full,4,backward,1,0.9999258518218994,0.83563232421875,1.0318384170532229,0.1962060928344726,0.83563232421875
2,block2_h72_seed11,3579,small_full,4,backward,1,0.9942718744277954,1.7870460748672483,1.8914446830749512,0.1043986082077026,1.7870460748672483
2,block2_h72_seed11,3580,small_full,2,left,1,0.990284502506256,1.2832207679748535,1.3844770193099976,0.101256251335144,1.2832207679748535
2,block2_h72_seed11,3581,small_full,3,forward,1,0.9998871088027954,0.801261842250824,0.9855497479438782,0.1842879056930542,0.801261842250824
2,block2_h72_seed11,3582,small_full,2,left,0,0.8334444761276245,0.9332547187805176,0.971656620502472,0.0384019017219543,1.0469932556152344
2,block2_h72_seed11,3583,small_full,4,backward,1,0.9999138116836548,1.6500877141952517,1.8532018661499023,0.2031141519546508,1.6500877141952517
2,block2_h72_seed11,3584,small_full,2,left,1,0.9999713897705078,1.1365875005722046,1.3498681783676147,0.2132806777954101,1.1365875005722046
2,block2_h72_seed11,3585,small_full,1,right,1,0.9649778008461,1.026348114013672,1.0931146144866943,0.0667665004730224,1.026348114013672
2,block2_h72_seed11,3586,small_full,1,right,1,0.9981326460838318,2.08109450340271,2.208406686782837,0.1273121833801269,2.08109450340271
2,block2_h72_seed11,3587,small_full,3,forward,1,0.9252644181251526,1.7559303045272827,1.807071685791016,0.0511413812637329,1.7559303045272827
2,block2_h72_seed11,3588,small_full,4,backward,1,0.999997615814209,0.9849347472190856,1.2513779401779177,0.2664431929588318,0.9849347472190856
2,block2_h72_seed11,3589,small_full,3,forward,1,0.9986683130264282,1.8103628158569336,1.9476789236068728,0.1373161077499389,1.8103628158569336
2,block2_h72_seed11,3590,small_full,4,backward,1,0.9998955726623536,0.8911167979240417,1.075348734855652,0.1842319369316101,0.8911167979240417
2,block2_h72_seed11,3594,small_full,2,left,1,0.9815930724143982,2.0201401710510254,2.099865198135376,0.0797250270843505,2.0201401710510254
2,block2_h72_seed11,3595,small_full,2,left,1,0.9940305352211,1.569701075553894,1.6799468994140625,0.1102458238601684,1.569701075553894
2,block2_h72_seed11,3596,small_full,2,left,1,0.9974411725997924,1.5307554006576538,1.6622449159622192,0.1314895153045654,1.5307554006576538
2,block2_h72_seed11,3597,small_full,2,left,1,0.9127475023269652,1.9425898790359497,1.9903968572616575,0.047806978225708,1.9425898790359497
2,block2_h72_seed11,3598,small_full,4,backward,1,0.9926255345344543,1.768528938293457,1.8668280839920044,0.0982991456985473,1.768528938293457
2,block2_h72_seed11,3599,small_full,2,left,0,0.798885703086853,1.2725093364715576,1.3090392351150513,0.0365298986434936,1.3561182022094729
2,block2_h72_seed11,3600,small_full,4,backward,1,0.989093780517578,1.4912242889404297,1.5956872701644895,0.10446298122406,1.4912242889404297
2,block2_h72_seed11,3601,small_full,3,forward,1,0.9999436140060424,0.6721162796020508,0.8879191279411316,0.2158028483390808,0.6721162796020508
2,block2_h72_seed11,3602,small_full,2,left,1,0.799064040184021,1.9425898790359497,1.9709495306015012,0.0283596515655517,1.9425898790359497
2,block2_h72_seed11,3603,small_full,4,backward,1,0.8062734007835388,1.5868960618972778,1.6154227256774902,0.0285266637802124,1.5868960618972778
2,block2_h72_seed11,3604,small_full,4,backward,1,0.9998353719711304,1.02003276348114,1.2011176347732544,0.1810848712921142,1.02003276348114
2,block2_h72_seed11,3605,small_full,3,forward,1,0.9944392442703248,1.8719173669815063,1.977543950080872,0.1056265830993652,1.8719173669815063
2,block2_h72_seed11,3606,small_full,3,forward,1,0.9998583793640136,1.2111856937408447,1.4022325277328491,0.1910468339920044,1.2111856937408447
2,block2_h72_seed11,3607,small_full,1,right,1,0.9812464118003844,1.6644339561462402,1.7485326528549194,0.0840986967086792,1.6644339561462402
2,block2_h72_seed11,3608,small_full,4,backward,1,0.9979484677314758,1.640276551246643,1.7885522842407229,0.1482757329940796,1.640276551246643
2,block2_h72_seed11,3609,small_full,1,right,1,0.98482483625412,1.749846339225769,1.8338403701782229,0.0839940309524536,1.749846339225769
2,block2_h72_seed11,3610,small_full,1,right,1,0.9999562501907348,1.3790963888168335,1.592593550682068,0.2134971618652343,1.3790963888168335
2,block2_h72_seed11,3611,small_full,3,forward,0,0.6019903421401978,1.0133224725723269,1.030342936515808,0.0170204639434814,1.030342936515808
2,block2_h72_seed11,3612,small_full,3,forward,1,0.9948845505714417,1.7999426126480105,1.9119377136230469,0.1119951009750366,1.7999426126480105
2,block2_h72_seed11,3613,small_full,1,right,1,0.9999512434005736,1.452763557434082,1.6625982522964478,0.2098346948623657,1.452763557434082
2,block2_h72_seed11,3614,small_full,2,left,1,0.99955815076828,1.7926130294799805,1.94829261302948,0.1556795835494995,1.7926130294799805
2,block2_h72_seed11,3615,small_full,4,backward,0,0.925788938999176,0.813697874546051,0.8724960684776306,0.0587981939315795,0.8724960684776306
2,block2_h72_seed11,3616,small_full,4,backward,1,0.999979853630066,1.0748636722564695,1.2985235452651978,0.223659873008728,1.0748636722564695
2,block2_h72_seed11,3618,small_full,2,left,1,0.9701510667800904,2.007954835891724,2.08365249633789,0.0756976604461669,2.007954835891724
2,block2_h72_seed11,3619,small_full,2,left,1,0.9998291730880736,1.0129722356796265,1.192493200302124,0.1795209646224975,1.0129722356796265
2,block2_h72_seed11,3620,small_full,3,forward,1,0.9994891881942748,1.1802741289138794,1.3489261865615845,0.168652057647705,1.1802741289138794
2,block2_h72_seed11,3621,small_full,3,forward,1,0.9992966651916504,1.0375428199768066,1.1906663179397583,0.1531234979629516,1.0375428199768066
2,block2_h72_seed11,3623,small_full,2,left,1,0.964014768600464,1.6592861413955688,1.737248420715332,0.0779622793197631,1.6592861413955688
2,block2_h72_seed11,3624,small_full,1,right,1,0.9995494484901428,1.0673338174819946,1.2322098016738892,0.1648759841918945,1.0673338174819946
2,block2_h72_seed11,3625,small_full,2,left,1,0.3539717197418213,1.0202844142913818,1.021331548690796,0.001047134399414,1.0202844142913818
2,block2_h72_seed11,3626,small_full,3,forward,1,0.9997946619987488,0.7237016558647156,0.900833547115326,0.1771318912506103,0.7237016558647156
2,block2_h72_seed11,3627,small_full,3,forward,1,0.8948546051979065,1.7366467714309692,1.7796401977539062,0.042993426322937,1.7366467714309692
2,block2_h72_seed11,3628,small_full,4,backward,1,0.9999840259552002,0.8268116116523743,1.0477768182754517,0.2209652066230774,0.8268116116523743
2,block2_h72_seed11,3630,small_full,3,forward,1,0.999687671661377,0.9118794798851012,1.0876340866088867,0.1757546067237854,0.9118794798851012
2,block2_h72_seed11,3631,small_full,1,right,0,0.6425088047981262,1.7579383850097656,1.7735825777053833,0.0156441926956176,1.8519926071166992
2,block2_h72_seed11,3632,small_full,4,backward,1,0.988442599773407,1.705640196800232,1.7956677675247192,0.0900275707244873,1.705640196800232
2,block2_h72_seed11,3633,small_full,1,right,1,0.998001754283905,1.7317758798599243,1.8563512563705444,0.1245753765106201,1.7317758798599243
2,block2_h72_seed11,3635,small_full,1,right,1,0.5380686521530151,1.6162325143814087,1.6211379766464231,0.0049054622650146,1.6162325143814087
2,block2_h72_seed11,3636,small_full,4,backward,1,0.9999850988388062,1.5885076522827148,1.8121376037597656,0.2236299514770507,1.5885076522827148
2,block2_h72_seed11,3638,small_full,2,left,1,0.986336350440979,0.940544605255127,1.0267874002456665,0.0862427949905395,0.940544605255127
2,block2_h72_seed11,3639,small_full,4,backward,1,0.9983267188072203,1.6012860536575315,1.7373862266540527,0.136100172996521,1.6012860536575315
2,block2_h72_seed11,3640,small_full,1,right,1,0.9387532472610474,1.6733983755111694,1.7331327199935913,0.0597343444824218,1.6733983755111694
2,block2_h72_seed11,3641,small_full,3,forward,1,0.9870240688323976,1.8293300867080688,1.925010681152344,0.0956805944442749,1.8293300867080688
2,block2_h72_seed11,3642,small_full,3,forward,1,0.9999172687530518,1.718827724456787,1.9207067489624023,0.2018790245056152,1.718827724456787
2,block2_h72_seed11,3644,small_full,1,right,1,0.9915280342102052,1.5319563150405884,1.6374425888061523,0.1054862737655639,1.5319563150405884
2,block2_h72_seed11,3645,small_full,1,right,1,0.9881967902183532,1.950048804283142,2.039568901062012,0.0895200967788696,1.950048804283142
2,block2_h72_seed11,3646,small_full,3,forward,1,0.9999620914459229,0.7200930118560791,0.9350557327270508,0.2149627208709716,0.7200930118560791
2,block2_h72_seed11,3647,small_full,2,left,1,0.9968118071556092,0.9741784930229188,1.0930078029632568,0.1188293099403381,0.9741784930229188
2,block2_h72_seed11,3648,small_full,4,backward,1,0.9992204904556274,1.7702951431274414,1.9141227006912231,0.1438275575637817,1.7702951431274414
2,block2_h72_seed11,3649,small_full,2,left,1,0.8104876279830933,1.9643617868423464,1.9940842390060425,0.0297224521636962,1.9643617868423464
2,block2_h72_seed11,3650,small_full,3,forward,1,0.9999545812606812,1.7426624298095703,1.9430686235427856,0.2004061937332153,1.7426624298095703
2,block2_h72_seed11,3651,small_full,1,right,1,0.9747400283813475,1.1543234586715698,1.228696584701538,0.0743731260299682,1.1543234586715698
2,block2_h72_seed11,3652,small_full,3,forward,1,0.9773462414741516,1.886905312538147,1.9689526557922363,0.0820473432540893,1.886905312538147
2,block2_h72_seed11,3653,small_full,3,forward,1,0.9858667254447936,1.8497737646102903,1.9351238012313845,0.0853500366210937,1.8497737646102903
2,block2_h72_seed11,3654,small_full,4,backward,1,0.980899453163147,1.6148123741149902,1.6945856809616089,0.0797733068466186,1.6148123741149902
2,block2_h72_seed11,3655,small_full,3,forward,1,0.9999737739562988,1.8896106481552124,2.100785255432129,0.2111746072769165,1.8896106481552124
2,block2_h72_seed11,3656,small_full,3,forward,1,0.9999964237213136,0.9258480072021484,1.1884106397628784,0.26256263256073,0.9258480072021484
2,block2_h72_seed11,3657,small_full,1,right,1,0.9217973947525024,2.0253915786743164,2.081259489059448,0.0558679103851318,2.0253915786743164
2,block2_h72_seed11,3658,small_full,2,left,1,0.999997854232788,1.1512571573257446,1.4217954874038696,0.270538330078125,1.1512571573257446
2,block2_h72_seed11,3660,small_full,3,forward,1,0.9999436140060424,0.9181885719299316,1.121857762336731,0.2036691904067993,0.9181885719299316
2,block2_h72_seed11,3661,small_full,1,right,1,0.9999898672103882,1.3641624450683594,1.6086243391036987,0.2444618940353393,1.3641624450683594
2,block2_h72_seed11,3662,small_full,1,right,1,0.8715786337852478,1.715649127960205,1.7569952011108398,0.0413460731506347,1.715649127960205
2,block2_h72_seed11,3664,small_full,1,right,1,0.7560911774635315,1.018157124519348,1.0469348430633545,0.0287777185440063,1.018157124519348
2,block2_h72_seed11,3665,small_full,4,backward,1,0.999974489212036,0.8911167979240417,1.1032392978668213,0.2121224999427795,0.8911167979240417
2,block2_h72_seed11,3666,small_full,3,forward,1,0.9998908042907716,1.8275046348571775,2.0228679180145264,0.1953632831573486,1.8275046348571775
2,block2_h72_seed11,3667,small_full,2,left,1,0.994480848312378,0.9551239609718324,1.060197353363037,0.1050733923912048,0.9551239609718324
2,block2_h72_seed11,3668,small_full,3,forward,1,0.9594143033027648,1.908305048942566,1.9831701517105105,0.0748651027679443,1.908305048942566
2,block2_h72_seed11,3669,small_full,2,left,1,0.9998706579208374,1.6939687728881836,1.873592972755432,0.1796241998672485,1.6939687728881836
2,block2_h72_seed11,3670,small_full,4,backward,1,0.9927753210067748,1.002129077911377,1.1172882318496704,0.1151591539382934,1.002129077911377
2,block2_h72_seed11,3672,small_full,2,left,1,0.9944730401039124,0.9551239609718324,1.060197353363037,0.1050733923912048,0.9551239609718324
2,block2_h72_seed11,3673,small_full,4,backward,1,0.9998915195465088,1.6142730712890625,1.800275802612305,0.1860027313232422,1.6142730712890625
2,block2_h72_seed11,3674,small_full,2,left,1,0.9828893542289734,1.982099652290344,2.0773229598999023,0.0952233076095581,1.982099652290344
2,block2_h72_seed11,3676,small_full,1,right,1,0.9797284007072448,1.3397130966186523,1.4247301816940308,0.0850170850753784,1.3397130966186523
2,block2_h72_seed11,3677,small_full,3,forward,1,0.9933841824531556,2.029317617416382,2.12961483001709,0.100297212600708,2.029317617416382
2,block2_h72_seed11,3678,small_full,3,forward,1,0.9999804496765136,1.9332298040390012,2.151677370071411,0.2184475660324096,1.9332298040390012
2,block2_h72_seed11,3680,small_full,1,right,1,0.9987913966178894,1.1187955141067505,1.258485198020935,0.1396896839141845,1.1187955141067505
2,block2_h72_seed11,3681,small_full,1,right,1,0.9999781847000122,0.9048855304718018,1.127383828163147,0.2224982976913452,0.9048855304718018
2,block2_h72_seed11,3682,small_full,4,backward,1,0.9999990463256836,0.9661545753479004,1.2549742460250854,0.288819670677185,0.9661545753479004
2,block2_h72_seed11,3683,small_full,3,forward,1,0.9992719292640686,1.2521945238113403,1.4050709009170532,0.1528763771057129,1.2521945238113403
2,block2_h72_seed11,3685,small_full,4,backward,1,0.9999877214431764,1.603906273841858,1.837374567985535,0.2334682941436767,1.603906273841858
2,block2_h72_seed11,3687,small_full,2,left,1,0.877626359462738,1.0672296285629272,1.107584834098816,0.0403552055358886,1.0672296285629272
2,block2_h72_seed11,3688,small_full,4,backward,1,0.9994340538978576,1.6841977834701538,1.8414716720581052,0.1572738885879516,1.6841977834701538
2,block2_h72_seed11,3689,small_full,4,backward,1,0.999991774559021,0.900010347366333,1.1455203294754028,0.2455099821090698,0.900010347366333
2,block2_h72_seed11,3690,small_full,4,backward,1,0.999997854232788,0.9849347472190856,1.2658225297927856,0.2808877825736999,0.9849347472190856
2,block2_h72_seed11,3691,small_full,1,right,1,0.9974318146705629,0.8801240921020508,1.000355243682861,0.1202311515808105,0.8801240921020508
2,block2_h72_seed11,3693,small_full,4,backward,1,0.9999947547912598,1.0748636722564695,1.328255295753479,0.2533916234970093,1.0748636722564695
2,block2_h72_seed11,3694,small_full,3,forward,1,0.999963641166687,0.7717962861061096,0.9792110919952391,0.2074148058891296,0.7717962861061096
2,block2_h72_seed11,3695,small_full,1,right,1,0.9999998807907104,1.3157020807266235,1.636751651763916,0.3210495710372925,1.3157020807266235
2,block2_h72_seed11,3696,small_full,3,forward,1,0.9808338284492492,1.908305048942566,1.9912647008895876,0.0829596519470214,1.908305048942566
2,block2_h72_seed11,3697,small_full,2,left,1,0.999444305896759,1.943315863609314,2.095740556716919,0.1524246931076049,1.943315863609314
2,block2_h72_seed11,3698,small_full,3,forward,1,0.999987006187439,0.8937091827392578,1.1301594972610474,0.2364503145217895,0.8937091827392578
2,block2_h72_seed11,3699,small_full,1,right,1,0.9998425245285034,1.5781501531600952,1.7536474466323853,0.17549729347229,1.5781501531600952
2,block2_h72_seed11,3700,small_full,2,left,1,0.9672366976737976,1.6145052909851074,1.6851297616958618,0.0706244707107544,1.6145052909851074
2,block2_h72_seed11,3702,small_full,1,right,1,0.9605841040611268,1.4142154455184937,1.4793599843978882,0.0651445388793945,1.4142154455184937
2,block2_h72_seed11,3704,small_full,4,backward,1,0.9999992847442628,0.655853271484375,0.9422008395195008,0.2863475680351257,0.655853271484375
2,block2_h72_seed11,3705,small_full,1,right,1,0.9987315535545348,1.143797755241394,1.2865686416625977,0.1427708864212036,1.143797755241394
2,block2_h72_seed11,3706,small_full,1,right,1,0.7628800272941589,1.0462994575500488,1.0754022598266602,0.0291028022766113,1.0462994575500488
2,block2_h72_seed11,3707,small_full,4,backward,1,0.9999822378158568,0.8422753810882568,1.0611777305603027,0.2189023494720459,0.8422753810882568
2,block2_h72_seed11,3709,small_full,1,right,1,0.9886278510093688,1.207688570022583,1.3090101480484009,0.1013215780258178,1.207688570022583
2,block2_h72_seed11,3710,small_full,3,forward,1,0.9999176263809204,1.718827724456787,1.9207067489624023,0.2018790245056152,1.718827724456787
2,block2_h72_seed11,3711,small_full,4,backward,1,0.9994763731956482,1.0659667253494265,1.2232507467269895,0.1572840213775634,1.0659667253494265
2,block2_h72_seed11,3712,small_full,3,forward,1,0.9955840706825256,1.68899405002594,1.7986907958984375,0.1096967458724975,1.68899405002594
2,block2_h72_seed11,3714,small_full,1,right,1,0.990112602710724,1.8019142150878904,1.894955039024353,0.0930408239364624,1.8019142150878904
2,block2_h72_seed11,3716,small_full,3,forward,1,0.9999617338180542,0.7200930118560791,0.9350557327270508,0.2149627208709716,0.7200930118560791
2,block2_h72_seed11,3717,small_full,4,backward,1,0.998964548110962,0.6798558235168457,0.824506938457489,0.1446511149406433,0.6798558235168457
2,block2_h72_seed11,3718,small_full,1,right,1,0.9998300075531006,1.0838227272033691,1.2649747133255005,0.1811519861221313,1.0838227272033691
2,block2_h72_seed11,3719,small_full,3,forward,1,0.9942106008529664,0.8801005482673645,0.9913485646247864,0.1112480163574218,0.8801005482673645
2,block2_h72_seed11,3720,small_full,3,forward,1,0.9999959468841552,0.8257670402526855,1.0859991312026978,0.2602320909500122,0.8257670402526855
2,block2_h72_seed11,3721,small_full,1,right,1,0.9995403289794922,1.1221518516540527,1.2905282974243164,0.1683764457702636,1.1221518516540527
2,block2_h72_seed11,3722,small_full,2,left,1,0.9982428550720216,2.319320678710937,2.4468324184417725,0.1275117397308349,2.319320678710937
2,block2_h72_seed11,3723,small_full,4,backward,1,0.999951958656311,0.864025890827179,1.071331024169922,0.2073051333427429,0.864025890827179
2,block2_h72_seed11,3724,small_full,3,forward,1,0.9995736479759216,1.5914087295532229,1.7519367933273315,0.1605280637741089,1.5914087295532229
2,block2_h72_seed11,3725,small_full,1,right,1,0.996431827545166,1.1635421514511108,1.2872813940048218,0.1237392425537109,1.1635421514511108
2,block2_h72_seed11,3726,small_full,3,forward,1,0.978279173374176,1.9678343534469604,2.052175521850586,0.0843411684036254,1.9678343534469604
2,block2_h72_seed11,3727,small_full,4,backward,1,0.999209761619568,1.7702951431274414,1.9135847091674805,0.143289566040039,1.7702951431274414
2,block2_h72_seed11,3728,small_full,3,forward,1,0.9884544014930724,0.8811337351799011,0.9794899821281432,0.0983562469482421,0.8811337351799011
2,block2_h72_seed11,3729,small_full,4,backward,1,0.9510104060173036,1.6305872201919556,1.6996628046035769,0.0690755844116211,1.6305872201919556
2,block2_h72_seed11,3730,small_full,3,forward,1,0.999988317489624,0.7592189908027649,1.003934025764465,0.2447150349617004,0.7592189908027649
2,block2_h72_seed11,3732,small_full,3,forward,1,0.996476709842682,0.9014697074890136,1.0278416872024536,0.1263719797134399,0.9014697074890136
2,block2_h72_seed11,3734,small_full,3,forward,1,0.9998606443405152,1.08856201171875,1.2680423259735107,0.1794803142547607,1.08856201171875
2,block2_h72_seed11,3735,small_full,4,backward,1,0.999953269958496,1.0743141174316406,1.294890522956848,0.2205764055252075,1.0743141174316406
2,block2_h72_seed11,3736,small_full,1,right,1,0.9684252738952636,1.7934865951538086,1.8628100156784055,0.0693234205245971,1.7934865951538086
2,block2_h72_seed11,3737,small_full,3,forward,1,0.9998751878738404,0.9385170340538024,1.120516657829285,0.1819996237754821,0.9385170340538024
2,block2_h72_seed11,3738,small_full,4,backward,1,0.997510313987732,1.8521270751953125,1.9823793172836304,0.1302522420883178,1.8521270751953125
2,block2_h72_seed11,3739,small_full,2,left,1,0.9860584139823914,1.5278688669204712,1.6267646551132202,0.098895788192749,1.5278688669204712
2,block2_h72_seed11,3740,small_full,2,left,1,0.999998927116394,2.0201401710510254,2.2994840145111084,0.279343843460083,2.0201401710510254
2,block2_h72_seed11,3741,small_full,4,backward,1,0.9973611235618592,0.7917631268501282,0.9261388778686525,0.1343757510185241,0.7917631268501282
2,block2_h72_seed11,3742,small_full,1,right,1,0.9999247789382936,1.3399547338485718,1.5343106985092163,0.1943559646606445,1.3399547338485718
2,block2_h72_seed11,3743,small_full,2,left,1,0.9768564105033876,1.6891568899154663,1.7640355825424194,0.0748786926269531,1.6891568899154663
2,block2_h72_seed11,3744,small_full,4,backward,1,1.0,0.7812475562095642,1.115261435508728,0.3340138792991638,0.7812475562095642
2,block2_h72_seed11,3745,small_full,2,left,1,0.9999234676361084,1.117002248764038,1.3068455457687378,0.1898432970046997,1.117002248764038
2,block2_h72_seed11,3746,small_full,1,right,1,0.9997153878211976,1.3577680587768557,1.5342038869857788,0.1764358282089233,1.3577680587768557
2,block2_h72_seed11,3747,small_full,2,left,1,0.9926202297210692,2.181224584579468,2.2837822437286377,0.1025576591491699,2.181224584579468
2,block2_h72_seed11,3748,small_full,4,backward,1,0.989252269268036,1.7842594385147097,1.8747705221176147,0.0905110836029052,1.7842594385147097
2,block2_h72_seed11,3749,small_full,2,left,1,0.9998260140419006,1.8509912490844729,2.0285794734954834,0.1775882244110107,1.8509912490844729
2,block2_h72_seed11,3750,small_full,2,left,1,0.999129354953766,1.6255841255187988,1.7774313688278198,0.151847243309021,1.6255841255187988
2,block2_h72_seed11,3751,small_full,1,right,1,0.9999830722808838,1.4381946325302124,1.6717439889907837,0.2335493564605713,1.4381946325302124
2,block2_h72_seed11,3752,small_full,1,right,1,0.9995156526565552,0.8494386672973633,1.0140583515167236,0.1646196842193603,0.8494386672973633
2,block2_h72_seed11,3753,small_full,4,backward,1,0.999942421913147,0.735909640789032,0.9441099762916564,0.2082003355026245,0.735909640789032
2,block2_h72_seed11,3755,small_full,3,forward,1,0.9995881915092468,0.7996477484703064,0.9603152275085448,0.1606674790382385,0.7996477484703064
2,block2_h72_seed11,3756,small_full,2,left,1,0.9327552914619446,2.3241453170776367,2.388972282409668,0.0648269653320312,2.3241453170776367
2,block2_h72_seed11,3757,small_full,4,backward,1,0.9924998879432678,1.6482194662094116,1.748727798461914,0.1005083322525024,1.6482194662094116
2,block2_h72_seed11,3758,small_full,2,left,1,0.9996455907821656,1.569701075553894,1.7295078039169312,0.1598067283630371,1.569701075553894
2,block2_h72_seed11,3759,small_full,3,forward,1,0.9999079704284668,1.0411419868469238,1.232197403907776,0.191055417060852,1.0411419868469238
2,block2_h72_seed11,3760,small_full,2,left,1,0.9997710585594176,1.0165168046951294,1.1893593072891235,0.1728425025939941,1.0165168046951294
2,block2_h72_seed11,3762,small_full,1,right,1,0.9998401403427124,1.3877989053726196,1.5732909440994265,0.1854920387268066,1.3877989053726196
2,block2_h72_seed11,3763,small_full,1,right,1,0.9969848990440368,2.1579532623291016,2.282390594482422,0.1244373321533203,2.1579532623291016
2,block2_h72_seed11,3764,small_full,1,right,1,0.9998492002487184,1.8293962478637693,2.009860754013061,0.180464506149292,1.8293962478637693
2,block2_h72_seed11,3766,small_full,1,right,1,0.9913321733474731,2.137666940689087,2.2393367290496826,0.1016697883605957,2.137666940689087
2,block2_h72_seed11,3767,small_full,3,forward,1,0.9999908208847046,0.8535804748535156,1.0918155908584597,0.2382351160049438,0.8535804748535156
2,block2_h72_seed11,3768,small_full,2,left,1,0.9998468160629272,2.1659300327301025,2.345876693725586,0.1799466609954834,2.1659300327301025
2,block2_h72_seed11,3769,small_full,2,left,1,0.9965736865997314,1.5457959175109863,1.6599823236465454,0.114186406135559,1.5457959175109863
2,block2_h72_seed11,3770,small_full,2,left,1,0.9998281002044678,1.8509912490844729,2.0285794734954834,0.1775882244110107,1.8509912490844729
2,block2_h72_seed11,3771,small_full,3,forward,1,0.8716941475868225,1.795753836631775,1.848764419555664,0.0530105829238891,1.795753836631775
2,block2_h72_seed11,3773,small_full,3,forward,1,0.9992621541023254,1.9270464181900024,2.072385311126709,0.1453388929367065,1.9270464181900024
2,block2_h72_seed11,3774,small_full,2,left,1,0.9214603304862976,2.043457508087158,2.1038694381713867,0.0604119300842285,2.043457508087158
2,block2_h72_seed11,3775,small_full,4,backward,1,0.9989929795265198,1.7702951431274414,1.9141227006912231,0.1438275575637817,1.7702951431274414
2,block2_h72_seed11,3776,small_full,1,right,1,0.8209421038627625,1.904563069343567,1.93599545955658,0.0314323902130126,1.904563069343567
2,block2_h72_seed11,3777,small_full,4,backward,1,0.9993448853492736,1.4835819005966189,1.6353389024734497,0.151757001876831,1.4835819005966189
2,block2_h72_seed11,3778,small_full,1,right,1,0.9979962706565856,0.9984998106956482,1.1303565502166748,0.1318567395210266,0.9984998106956482
2,block2_h72_seed11,3779,small_full,4,backward,1,0.9999876022338868,1.1901363134384155,1.4286421537399292,0.2385058403015136,1.1901363134384155
2,block2_h72_seed11,3780,small_full,2,left,1,0.9996401071548462,1.8286542892456052,1.9946564435958865,0.1660021543502807,1.8286542892456052
2,block2_h72_seed11,3781,small_full,4,backward,1,0.9999837875366212,0.8268116116523743,1.0477768182754517,0.2209652066230774,0.8268116116523743
2,block2_h72_seed11,3782,small_full,2,left,1,0.9953174591064452,1.9175857305526731,2.031752824783325,0.1141670942306518,1.9175857305526731
2,block2_h72_seed11,3783,small_full,3,forward,1,0.9999226331710817,1.705060601234436,1.904524803161621,0.199464201927185,1.705060601234436
2,block2_h72_seed11,3784,small_full,3,forward,1,0.9920294284820556,1.9207948446273804,2.017321825027466,0.0965269804000854,1.9207948446273804
2,block2_h72_seed11,3785,small_full,2,left,1,0.9989319443702698,1.7926130294799805,1.932564377784729,0.1399513483047485,1.7926130294799805
2,block2_h72_seed11,3786,small_full,4,backward,1,0.9975850582122804,1.294154167175293,1.4255505800247192,0.1313964128494262,1.294154167175293
2,block2_h72_seed11,3787,small_full,1,right,1,0.9584880471229552,1.8786526918411253,1.942252516746521,0.0635998249053955,1.8786526918411253
2,block2_h72_seed11,3788,small_full,4,backward,1,0.99894779920578,1.4835819005966189,1.6338566541671753,0.1502747535705566,1.4835819005966189
2,block2_h72_seed11,3791,small_full,2,left,1,0.861801266670227,2.010960817337036,2.052609920501709,0.0416491031646728,2.010960817337036
2,block2_h72_seed11,3792,small_full,2,left,1,0.9910265803337096,1.820518493652344,1.919321656227112,0.098803162574768,1.820518493652344
2,block2_h72_seed11,3793,small_full,2,left,1,0.7593162655830383,1.1235897541046145,1.1474453210830688,0.0238555669784545,1.1235897541046145
2,block2_h72_seed11,3794,small_full,2,left,1,0.9982255101203918,0.8360872864723206,0.9710249304771424,0.1349376440048217,0.8360872864723206
2,block2_h72_seed11,3795,small_full,3,forward,1,0.9983916878700256,1.204635500907898,1.352279782295227,0.1476442813873291,1.204635500907898
2,block2_h72_seed11,3796,small_full,4,backward,1,0.9914828538894652,0.9522793889045716,1.0538203716278076,0.101540982723236,0.9522793889045716
2,block2_h72_seed11,3797,small_full,3,forward,1,0.9992665648460388,1.83567488193512,1.9821399450302124,0.1464650630950927,1.83567488193512
2,block2_h72_seed11,3798,small_full,3,forward,1,0.999998927116394,0.8399448394775391,1.1248645782470703,0.2849197387695312,0.8399448394775391
2,block2_h72_seed11,3799,small_full,3,forward,1,0.993390679359436,2.029317617416382,2.12961483001709,0.100297212600708,2.029317617416382
2,block2_h72_seed11,3800,small_full,1,right,1,0.9744735956192015,1.5037765502929688,1.5896199941635132,0.0858434438705444,1.5037765502929688
2,block2_h72_seed11,3801,small_full,4,backward,1,0.9745855927467346,1.0510388612747192,1.1400502920150757,0.0890114307403564,1.0510388612747192
2,block2_h72_seed11,3802,small_full,3,forward,1,0.9992936849594116,0.9551305770874025,1.1114044189453125,0.1562738418579101,0.9551305770874025
2,block2_h72_seed11,3803,small_full,2,left,1,0.9999825954437256,2.1659300327301025,2.3955037593841557,0.2295737266540527,2.1659300327301025
2,block2_h72_seed11,3804,small_full,1,right,1,0.9414886236190796,1.7423220872879028,1.8100968599319456,0.0677747726440429,1.7423220872879028
2,block2_h72_seed11,3805,small_full,3,forward,1,0.9995444416999816,1.0502363443374634,1.2092424631118774,0.159006118774414,1.0502363443374634
2,block2_h72_seed11,3806,small_full,3,forward,1,0.9699727892875672,1.9678343534469604,2.05145263671875,0.0836182832717895,1.9678343534469604
2,block2_h72_seed11,3807,small_full,2,left,1,0.9999982118606568,1.1602911949157717,1.4291168451309204,0.2688256502151489,1.1602911949157717
2,block2_h72_seed11,3809,small_full,2,left,1,0.7455535531044006,0.9927783012390136,1.0149348974227903,0.0221565961837768,0.9927783012390136
2,block2_h72_seed11,3810,small_full,2,left,1,0.998264491558075,1.694140076637268,1.834022164344788,0.1398820877075195,1.694140076637268
2,block2_h72_seed11,3812,small_full,4,backward,1,0.8808489441871643,1.4768171310424805,1.5169683694839478,0.0401512384414672,1.4768171310424805
2,block2_h72_seed11,3813,small_full,4,backward,1,0.9989859461784364,1.4569231271743774,1.5983973741531372,0.1414742469787597,1.4569231271743774
2,block2_h72_seed11,3814,small_full,3,forward,1,0.9707685112953186,1.9678343534469604,2.05145263671875,0.0836182832717895,1.9678343534469604
2,block2_h72_seed11,3815,small_full,3,forward,1,0.991887390613556,1.9207948446273804,2.017321825027466,0.0965269804000854,1.9207948446273804
2,block2_h72_seed11,3816,small_full,2,left,1,0.9997990727424622,1.83645761013031,2.010263442993164,0.173805832862854,1.83645761013031
2,block2_h72_seed11,3817,small_full,4,backward,1,0.9999994039535522,0.922461748123169,1.215542197227478,0.2930804491043091,0.922461748123169
2,block2_h72_seed11,3818,small_full,3,forward,1,0.99678373336792,1.8587125539779663,1.979447364807129,0.1207348108291626,1.8587125539779663
2,block2_h72_seed11,3819,small_full,2,left,1,0.9755629301071168,0.9177929759025574,1.0076040029525757,0.0898110270500183,0.9177929759025574
2,block2_h72_seed11,3820,small_full,3,forward,1,0.9965636134147644,1.5053573846817017,1.632768630981445,0.1274112462997436,1.5053573846817017
2,block2_h72_seed11,3821,small_full,2,left,0,0.8545703887939453,1.2918250560760498,1.3370460271835327,0.0452209711074829,1.391229271888733
2,block2_h72_seed11,3822,small_full,1,right,1,0.9856613874435424,1.020394802093506,1.1063979864120483,0.0860031843185424,1.020394802093506
2,block2_h72_seed11,3823,small_full,2,left,1,0.9873743653297424,1.982099652290344,2.0776116847991943,0.0955120325088501,1.982099652290344
2,block2_h72_seed11,3825,small_full,2,left,0,0.6712090373039246,1.6053813695907593,1.6309880018234253,0.025606632232666,1.6309880018234253
2,block2_h72_seed11,3826,small_full,4,backward,1,0.9386581778526306,1.5654091835021973,1.6265631914138794,0.0611540079116821,1.5654091835021973
2,block2_h72_seed11,3828,small_full,1,right,1,0.993308424949646,1.1091548204421997,1.2101044654846191,0.1009496450424194,1.1091548204421997
2,block2_h72_seed11,3829,small_full,1,right,1,0.6259146928787231,1.1763023138046265,1.1869745254516602,0.0106722116470336,1.1763023138046265
2,block2_h72_seed11,3830,small_full,2,left,1,0.9665207862854004,1.7791547775268557,1.8477262258529663,0.0685714483261108,1.7791547775268557
2,block2_h72_seed11,3831,small_full,3,forward,1,0.9999990463256836,0.8257670402526855,1.1233118772506714,0.2975448369979858,0.8257670402526855
2,block2_h72_seed11,3832,small_full,2,left,1,0.9999797344207764,1.0006331205368042,1.2282413244247437,0.2276082038879394,1.0006331205368042
2,block2_h72_seed11,3834,small_full,2,left,1,0.8813393115997314,1.5635086297988892,1.6139472723007202,0.050438642501831,1.5635086297988892
2,block2_h72_seed11,3835,small_full,2,left,1,0.8276053071022034,1.0650919675827026,1.0990008115768433,0.0339088439941406,1.0650919675827026
2,block2_h72_seed11,3836,small_full,2,left,1,0.990959644317627,0.9248406291007996,1.0276402235031128,0.1027995944023132,0.9248406291007996
2,block2_h72_seed11,3837,small_full,3,forward,1,0.9999604225158693,0.6721162796020508,0.8879191279411316,0.2158028483390808,0.6721162796020508
2,block2_h72_seed11,3841,small_full,1,right,1,0.9275647401809692,2.0253915786743164,2.097231149673462,0.0718395709991455,2.0253915786743164
2,block2_h72_seed11,3845,small_full,4,backward,1,0.9955831170082092,0.8196154236793518,0.935894012451172,0.11627858877182,0.8196154236793518
2,block2_h72_seed11,3846,small_full,4,backward,1,0.9967231154441832,1.7359689474105835,1.8598827123641968,0.1239137649536132,1.7359689474105835
2,block2_h72_seed11,3847,small_full,3,forward,1,0.9784179329872132,1.9678343534469604,2.05145263671875,0.0836182832717895,1.9678343534469604
2,block2_h72_seed11,3848,small_full,1,right,1,0.9995494484901428,1.0673338174819946,1.2322098016738892,0.1648759841918945,1.0673338174819946
2,block2_h72_seed11,3849,small_full,2,left,1,0.9983214735984802,2.277721643447876,2.413231611251831,0.135509967803955,2.277721643447876
2,block2_h72_seed11,3851,small_full,3,forward,1,0.99999737739563,0.8257670402526855,1.096558690071106,0.2707916498184204,0.8257670402526855
2,block2_h72_seed11,3852,small_full,4,backward,1,0.9995571970939636,0.8206896781921387,0.9846157431602478,0.1639260649681091,0.8206896781921387
2,block2_h72_seed11,3853,small_full,3,forward,1,0.999992609024048,1.071742057800293,1.3207194805145264,0.2489774227142334,1.071742057800293
2,block2_h72_seed11,3854,small_full,4,backward,1,0.9999992847442628,0.655853271484375,0.9454377293586732,0.2895844578742981,0.655853271484375
2,block2_h72_seed11,3855,small_full,1,right,1,0.9967753291130066,1.1303850412368774,1.2538070678710938,0.1234220266342163,1.1303850412368774
2,block2_h72_seed11,3857,small_full,4,backward,1,0.9998041987419128,0.709211528301239,0.8813471794128418,0.1721356511116027,0.709211528301239
2,block2_h72_seed11,3858,small_full,4,backward,1,0.999743640422821,1.759307026863098,1.9316202402114868,0.1723132133483886,1.759307026863098
2,block2_h72_seed11,3859,small_full,1,right,1,0.9968459010124208,1.6434122323989868,1.76683247089386,0.123420238494873,1.6434122323989868
2,block2_h72_seed11,3860,small_full,2,left,1,0.7530524134635925,2.1691458225250244,2.1915884017944336,0.0224425792694091,2.1691458225250244
2,block2_h72_seed11,3861,small_full,2,left,1,0.7883650660514832,1.7730220556259155,1.8034967184066768,0.0304746627807617,1.7730220556259155
2,block2_h72_seed11,3863,small_full,4,backward,0,0.5196931958198547,1.6126724481582642,1.6146183013916016,0.0019458532333374,1.6146183013916016
2,block2_h72_seed11,3864,small_full,1,right,1,0.937650203704834,1.8786526918411253,1.942252516746521,0.0635998249053955,1.8786526918411253
2,block2_h72_seed11,3865,small_full,4,backward,1,0.9981077909469604,1.8391928672790527,1.973381876945496,0.1341890096664428,1.8391928672790527
2,block2_h72_seed11,3866,small_full,3,forward,1,0.998492956161499,1.597481369972229,1.7303739786148071,0.1328926086425781,1.597481369972229
2,block2_h72_seed11,3867,small_full,3,forward,1,0.9991868138313292,1.6093220710754397,1.7550023794174194,0.1456803083419799,1.6093220710754397
2,block2_h72_seed11,3868,small_full,4,backward,1,0.9988522529602052,0.9473068118095398,1.0908186435699463,0.1435118317604065,0.9473068118095398
2,block2_h72_seed11,3870,small_full,1,right,1,0.9958996176719666,1.0596683025360107,1.1784605979919434,0.1187922954559326,1.0596683025360107
2,block2_h72_seed11,3871,small_full,1,right,1,0.9975849390029908,1.197426438331604,1.3282041549682615,0.1307777166366577,1.197426438331604
2,block2_h72_seed11,3872,small_full,3,forward,1,0.9999213218688964,0.9181885719299316,1.115951418876648,0.1977628469467163,0.9181885719299316
2,block2_h72_seed11,3873,small_full,2,left,1,0.9682955741882324,1.4930686950683594,1.563190460205078,0.0701217651367187,1.4930686950683594
2,block2_h72_seed11,3874,small_full,2,left,1,0.9990636706352234,1.6845976114273071,1.8249255418777464,0.1403279304504394,1.6845976114273071
2,block2_h72_seed11,3875,small_full,4,backward,1,0.9989616870880128,1.6655421257019043,1.815641045570373,0.1500989198684692,1.6655421257019043
2,block2_h72_seed11,3876,small_full,1,right,1,0.9501264095306396,1.7934865951538086,1.8628100156784055,0.0693234205245971,1.7934865951538086
2,block2_h72_seed11,3877,small_full,4,backward,1,0.9992777705192566,1.6500877141952517,1.8039973974227903,0.153909683227539,1.6500877141952517
2,block2_h72_seed11,3878,small_full,3,forward,1,0.9228153824806212,0.9416735768318176,0.9944818615913392,0.0528082847595214,0.9416735768318176
2,block2_h72_seed11,3880,small_full,2,left,1,0.8349871039390564,1.6967487335205078,1.7294563055038452,0.0327075719833374,1.6967487335205078
2,block2_h72_seed11,3882,small_full,2,left,1,0.9998388290405272,0.9309512972831726,1.1068512201309204,0.1758999228477478,0.9309512972831726
2,block2_h72_seed11,3883,small_full,1,right,1,0.9707511067390442,1.1543234586715698,1.228696584701538,0.0743731260299682,1.1543234586715698
2,block2_h72_seed11,3885,small_full,3,forward,1,0.9996968507766724,1.885360598564148,2.051433801651001,0.166073203086853,1.885360598564148
2,block2_h72_seed11,3887,small_full,4,backward,1,0.4949837923049927,0.9903197288513184,0.9903197288513184,0.0,0.9903197288513184
2,block2_h72_seed11,3888,small_full,4,backward,1,0.9987316727638244,0.8615142703056335,0.995708167552948,0.1341938972473144,0.8615142703056335
2,block2_h72_seed11,3889,small_full,3,forward,1,0.998933970928192,1.4331358671188354,1.5766925811767578,0.1435567140579223,1.4331358671188354
2,block2_h72_seed11,3890,small_full,3,forward,1,0.9999730587005616,0.7134718298912048,0.928345501422882,0.2148736715316772,0.7134718298912048
2,block2_h72_seed11,3891,small_full,4,backward,1,0.9967603087425232,1.7359689474105835,1.8598827123641968,0.1239137649536132,1.7359689474105835
2,block2_h72_seed11,3892,small_full,2,left,1,0.9999631643295288,1.1365875005722046,1.345617651939392,0.2090301513671875,1.1365875005722046
2,block2_h72_seed11,3894,small_full,4,backward,1,0.9998527765274048,1.664690613746643,1.84136974811554,0.1766791343688964,1.664690613746643
2,block2_h72_seed11,3895,small_full,3,forward,1,0.9963678121566772,2.017619609832764,2.130291223526001,0.1126716136932373,2.017619609832764
2,block2_h72_seed11,3896,small_full,3,forward,1,0.9745454788208008,1.7084983587265017,1.7847862243652344,0.0762878656387329,1.7084983587265017
2,block2_h72_seed11,3897,small_full,1,right,1,0.995032787322998,1.3574470281600952,1.4743179082870483,0.1168708801269531,1.3574470281600952
2,block2_h72_seed11,3898,small_full,1,right,1,0.99906724691391,1.3577680587768557,1.4988540410995483,0.1410859823226928,1.3577680587768557
2,block2_h72_seed11,3899,small_full,2,left,1,0.9997988343238832,2.319320678710937,2.4976999759674072,0.1783792972564697,2.319320678710937
2,block2_h72_seed11,3900,small_full,3,forward,1,0.9959689378738404,1.9144749641418457,2.038384199142456,0.1239092350006103,1.9144749641418457
2,block2_h72_seed11,3901,small_full,4,backward,1,0.9989437460899352,0.9473068118095398,1.0908186435699463,0.1435118317604065,0.9473068118095398
2,block2_h72_seed11,3902,small_full,1,right,1,0.9941032528877258,1.0472668409347534,1.1513596773147583,0.1040928363800048,1.0472668409347534
2,block2_h72_seed11,3904,small_full,2,left,1,0.9993457198143004,1.6255841255187988,1.7774313688278198,0.151847243309021,1.6255841255187988
2,block2_h72_seed11,3905,small_full,3,forward,1,0.9908772110939026,0.8374096751213074,0.9452847838401794,0.107875108718872,0.8374096751213074
2,block2_h72_seed11,3908,small_full,1,right,1,0.9975125789642334,1.6975232362747192,1.8222252130508425,0.124701976776123,1.6975232362747192
2,block2_h72_seed11,3909,small_full,3,forward,1,0.9996376037597656,0.7996477484703064,0.9689965844154358,0.1693488359451294,0.7996477484703064
2,block2_h72_seed11,3910,small_full,4,backward,1,0.9994381070137024,1.0659667253494265,1.2232507467269895,0.1572840213775634,1.0659667253494265
2,block2_h72_seed11,3912,small_full,1,right,1,0.6140689849853516,1.9201526641845703,1.9398876428604128,0.0197349786758422,1.9201526641845703
2,block2_h72_seed11,3913,small_full,3,forward,1,0.9249846339225768,1.905940055847168,1.9620275497436523,0.0560874938964843,1.905940055847168
2,block2_h72_seed11,3914,small_full,4,backward,1,0.9999971389770508,0.9849347472190856,1.2513779401779177,0.2664431929588318,0.9849347472190856
2,block2_h72_seed11,3915,small_full,3,forward,1,0.9369120001792908,1.988905906677246,2.042951822280884,0.0540459156036376,1.988905906677246
2,block2_h72_seed11,3916,small_full,2,left,1,0.9841679930686952,1.1063036918640137,1.1961232423782349,0.0898195505142211,1.1063036918640137
2,block2_h72_seed11,3918,small_full,2,left,1,0.6564211845397949,1.9407005310058596,1.9539270401000977,0.0132265090942382,1.9407005310058596
2,block2_h72_seed11,3920,small_full,3,forward,1,0.999504566192627,1.785875916481018,1.9497528076171875,0.1638768911361694,1.785875916481018
2,block2_h72_seed11,3921,small_full,1,right,1,0.9983153343200684,1.6646002531051636,1.7946443557739258,0.1300441026687622,1.6646002531051636
2,block2_h72_seed11,3922,small_full,3,forward,1,0.8850531578063965,1.9496994018554688,2.010082483291626,0.0603830814361572,1.9496994018554688
2,block2_h72_seed11,3923,small_full,4,backward,1,0.9999120235443116,0.7766900658607483,0.9718785285949708,0.1951884627342224,0.7766900658607483
2,block2_h72_seed11,3924,small_full,4,backward,1,0.9998416900634766,1.339242458343506,1.5161348581314087,0.1768923997879028,1.339242458343506
2,block2_h72_seed11,3925,small_full,3,forward,1,0.9995859265327454,1.510781168937683,1.6739994287490845,0.1632182598114013,1.510781168937683
2,block2_h72_seed11,3926,small_full,3,forward,1,0.9997538924217224,1.8973623514175413,2.077342987060547,0.1799806356430053,1.8973623514175413
2,block2_h72_seed11,3927,small_full,2,left,1,0.9681386947631836,0.9513186812400818,1.028132438659668,0.0768137574195861,0.9513186812400818
2,block2_h72_seed11,3931,small_full,1,right,1,0.9999526739120485,1.348739743232727,1.5641769170761108,0.2154371738433838,1.348739743232727
2,block2_h72_seed11,3932,small_full,2,left,1,0.9825968146324158,2.176614999771118,2.2597813606262207,0.0831663608551025,2.176614999771118
2,block2_h72_seed11,3933,small_full,2,left,1,0.9990078806877136,2.2642202377319336,2.4035232067108154,0.1393029689788818,2.2642202377319336
2,block2_h72_seed11,3934,small_full,1,right,1,0.9994426369667052,2.0121326446533203,2.164396286010742,0.1522636413574218,2.0121326446533203
2,block2_h72_seed11,3935,small_full,3,forward,1,0.9992780089378356,1.0179466009140017,1.1670172214508057,0.1490706205368042,1.0179466009140017
2,block2_h72_seed11,3936,small_full,1,right,1,0.994706928730011,1.0773452520370483,1.1887773275375366,0.1114320755004882,1.0773452520370483
2,block2_h72_seed11,3937,small_full,2,left,1,0.9981471300125122,1.1120368242263794,1.2443634271621704,0.132326602935791,1.1120368242263794
2,block2_h72_seed11,3939,small_full,4,backward,1,0.992806315422058,0.8883414268493652,0.9933961033821106,0.1050546765327453,0.8883414268493652
2,block2_h72_seed11,3940,small_full,1,right,1,0.9999699592590332,1.1773881912231443,1.3957867622375488,0.2183985710144043,1.1773881912231443
2,block2_h72_seed11,3941,small_full,2,left,1,0.9689319729804992,1.0530734062194824,1.1232408285140991,0.0701674222946167,1.0530734062194824
2,block2_h72_seed11,3943,small_full,2,left,0,0.3597874939441681,1.304792046546936,1.3088315725326538,0.0040395259857177,1.3561182022094729
2,block2_h72_seed11,3945,small_full,4,backward,1,0.9999997615814208,1.1123709678649902,1.4196146726608276,0.3072437047958374,1.1123709678649902
2,block2_h72_seed11,3946,small_full,2,left,1,0.9968518614768982,0.918350875377655,1.0343890190124512,0.1160381436347961,0.918350875377655
2,block2_h72_seed11,3947,small_full,4,backward,1,0.999213933944702,1.5881046056747437,1.73180091381073,0.1436963081359863,1.5881046056747437
2,block2_h72_seed11,3948,small_full,3,forward,1,0.9998716115951538,0.9156153798103333,1.11087167263031,0.1952562928199768,0.9156153798103333
2,block2_h72_seed11,3949,small_full,2,left,1,0.5996053814888,2.010960817337036,2.0226643085479736,0.0117034912109375,2.010960817337036
2,block2_h72_seed11,3950,small_full,4,backward,1,0.9999624490737916,0.8841606974601746,1.0979775190353394,0.2138168215751648,0.8841606974601746
2,block2_h72_seed11,3951,small_full,3,forward,1,0.9996435642242432,1.6093220710754397,1.771302342414856,0.1619802713394165,1.6093220710754397
2,block2_h72_seed11,3954,small_full,1,right,1,0.9965039491653442,1.7933568954467771,1.911800742149353,0.1184438467025756,1.7933568954467771
2,block2_h72_seed11,3955,small_full,1,right,1,0.9999538660049438,1.3790963888168335,1.592593550682068,0.2134971618652343,1.3790963888168335
2,block2_h72_seed11,3957,small_full,2,left,1,0.9959094524383544,0.9847655296325684,1.1013591289520264,0.116593599319458,0.9847655296325684
2,block2_h72_seed11,3960,small_full,1,right,1,0.999657154083252,1.4533487558364868,1.6175498962402344,0.1642011404037475,1.4533487558364868
2,block2_h72_seed11,3962,small_full,2,left,1,0.997548282146454,1.0066032409667969,1.1388590335845947,0.1322557926177978,1.0066032409667969
2,block2_h72_seed11,3963,small_full,4,backward,1,0.9999775886535645,0.9000102877616882,1.1217597723007202,0.2217494845390319,0.9000102877616882
2,block2_h72_seed11,3964,small_full,3,forward,1,0.9996485710144044,1.862707257270813,2.032325029373169,0.1696177721023559,1.862707257270813
2,block2_h72_seed11,3965,small_full,4,backward,1,0.9989100694656372,0.9473068118095398,1.0908185243606567,0.1435117125511169,0.9473068118095398
2,block2_h72_seed11,3967,small_full,4,backward,1,0.9999990463256836,1.630139708518982,1.91096830368042,0.280828595161438,1.630139708518982
2,block2_h72_seed11,3968,small_full,1,right,1,0.9326469302177428,1.3621206283569336,1.4350471496582031,0.0729265213012695,1.3621206283569336
2,block2_h72_seed11,3970,small_full,3,forward,1,0.9990021586418152,1.7366470098495483,1.876186966896057,0.1395399570465088,1.7366470098495483
2,block2_h72_seed11,3971,small_full,3,forward,1,0.9990973472595216,0.9156155586242676,1.0567514896392822,0.1411359310150146,0.9156155586242676
2,block2_h72_seed11,3972,small_full,4,backward,1,0.8277239203453064,1.47006356716156,1.5058207511901855,0.0357571840286254,1.47006356716156
2,block2_h72_seed11,3973,small_full,3,forward,1,0.999705135822296,0.8917174339294434,1.0558675527572632,0.1641501188278198,0.8917174339294434
2,block2_h72_seed11,3974,small_full,3,forward,1,0.9951074123382568,1.8750041723251345,1.9820494651794436,0.107045292854309,1.8750041723251345
2,block2_h72_seed11,3976,small_full,1,right,1,0.8559901714324951,1.373760223388672,1.41583251953125,0.0420722961425781,1.373760223388672
2,block2_h72_seed11,3977,small_full,2,left,1,0.8598973155021667,2.245574712753296,2.2837464809417725,0.0381717681884765,2.245574712753296
2,block2_h72_seed11,3980,small_full,4,backward,1,0.9978098273277284,0.6798558235168457,0.8111153244972229,0.1312595009803772,0.6798558235168457
2,block2_h72_seed11,3981,small_full,4,backward,1,0.999727427959442,1.556515336036682,1.7227212190628052,0.166205883026123,1.556515336036682
2,block2_h72_seed11,3984,small_full,2,left,1,0.999996781349182,1.1512571573257446,1.4195880889892578,0.2683309316635132,1.1512571573257446
2,block2_h72_seed11,3985,small_full,4,backward,1,0.9998633861541748,1.7220182418823242,1.909225821495056,0.1872075796127319,1.7220182418823242
2,block2_h72_seed11,3986,small_full,4,backward,1,0.9915095567703248,1.6424137353897097,1.7517294883728027,0.1093157529830932,1.6424137353897097
2,block2_h72_seed11,3987,small_full,1,right,1,0.9992365837097168,1.254177451133728,1.4088425636291504,0.1546651124954223,1.254177451133728
2,block2_h72_seed11,3988,small_full,4,backward,1,0.9999994039535522,1.539476752281189,1.8253096342086792,0.2858328819274902,1.539476752281189
2,block2_h72_seed11,3989,small_full,1,right,1,0.8967382311820984,1.0181570053100586,1.0615006685256958,0.0433436632156372,1.0181570053100586
2,block2_h72_seed11,3990,small_full,4,backward,1,0.9999986886978148,1.0190393924713137,1.2988152503967283,0.279775857925415,1.0190393924713137
2,block2_h72_seed11,3991,small_full,1,right,1,0.999985933303833,1.4368125200271606,1.6795936822891235,0.2427811622619629,1.4368125200271606
2,block2_h72_seed11,3992,small_full,3,forward,1,0.9687724113464355,0.8794366717338562,0.9610326886177064,0.0815960168838501,0.8794366717338562
2,block2_h72_seed11,3993,small_full,2,left,1,0.9435163736343384,0.984765350818634,1.0450383424758911,0.060272991657257,0.984765350818634
2,block2_h72_seed11,3994,small_full,2,left,1,0.9855930209159852,1.8151143789291384,1.908336281776428,0.09322190284729,1.8151143789291384
2,block2_h72_seed11,3995,small_full,3,forward,1,0.976268231868744,1.8809231519699097,1.9555152654647827,0.074592113494873,1.8809231519699097
2,block2_h72_seed11,3996,small_full,4,backward,1,0.9997077584266664,0.9646856188774108,1.1311256885528564,0.1664400696754455,0.9646856188774108
2,block2_h72_seed11,3997,small_full,3,forward,1,0.9989399313926696,1.8497737646102903,1.9938989877700808,0.14412522315979,1.8497737646102903
2,block2_h72_seed11,3998,small_full,4,backward,1,0.9999878406524658,1.539476752281189,1.7659960985183716,0.2265193462371826,1.539476752281189
2,block2_h72_seed11,3999,small_full,3,forward,1,0.9999961853027344,0.7592191696166992,1.0160235166549685,0.256804347038269,0.7592191696166992
2,block2_h72_seed11,3500,full,1,right,1,0.9950866103172302,0.6715526580810547,0.7966429591178894,0.1250903010368347,0.6715526580810547
2,block2_h72_seed11,3501,full,4,backward,1,0.9999227523803712,0.5061439871788025,0.6983024477958679,0.1921584606170654,0.5061439871788025
2,block2_h72_seed11,3502,full,1,right,1,0.9987228512763976,0.5319278240203857,0.6796689033508301,0.1477410793304443,0.5319278240203857
2,block2_h72_seed11,3503,full,2,left,1,0.9974198341369628,0.4480815827846527,0.5815073251724243,0.1334257423877716,0.4480815827846527
2,block2_h72_seed11,3504,full,3,forward,1,0.9877364039421082,1.353154540061951,1.4454339742660522,0.0922794342041015,1.353154540061951
2,block2_h72_seed11,3505,full,2,left,1,0.9995705485343932,0.9705953001976012,1.1330780982971191,0.1624827980995178,0.9705953001976012
2,block2_h72_seed11,3506,full,3,forward,1,0.9889405369758606,0.4723757207393646,0.5739428997039795,0.1015671789646148,0.4723757207393646
2,block2_h72_seed11,3507,full,1,right,1,0.998626708984375,0.447936862707138,0.5933251976966858,0.1453883349895477,0.447936862707138
2,block2_h72_seed11,3509,full,4,backward,1,0.9986894726753236,1.11578631401062,1.2485151290893557,0.1327288150787353,1.11578631401062
2,block2_h72_seed11,3510,full,4,backward,1,0.9999871253967284,0.9024909138679504,1.1339794397354126,0.2314885258674621,0.9024909138679504
2,block2_h72_seed11,3511,full,3,forward,1,0.9855480790138244,0.4565677642822265,0.5520880818367004,0.0955203175544738,0.4565677642822265
2,block2_h72_seed11,3512,full,1,right,1,0.9952665567398072,1.1269763708114624,1.2479218244552612,0.1209454536437988,1.1269763708114624
2,block2_h72_seed11,3513,full,4,backward,1,0.9454891085624696,0.4859521389007568,0.5483870506286621,0.0624349117279052,0.4859521389007568
2,block2_h72_seed11,3515,full,4,backward,1,0.9997122883796692,0.401763767004013,0.568250834941864,0.1664870679378509,0.401763767004013
2,block2_h72_seed11,3516,full,1,right,1,0.9921871423721312,1.2386356592178345,1.3491626977920532,0.1105270385742187,1.2386356592178345
2,block2_h72_seed11,3517,full,3,forward,1,0.9882439374923706,0.4723757207393646,0.5739428997039795,0.1015671789646148,0.4723757207393646
2,block2_h72_seed11,3518,full,3,forward,1,0.9984056353569032,0.463830828666687,0.6025782227516174,0.1387473940849304,0.463830828666687
2,block2_h72_seed11,3519,full,2,left,1,0.9998394250869752,0.6384692788124084,0.8239976763725281,0.1855283975601196,0.6384692788124084
2,block2_h72_seed11,3520,full,2,left,1,0.9990022778511048,1.6070537567138672,1.745572209358215,0.1385184526443481,1.6070537567138672
2,block2_h72_seed11,3521,full,3,forward,1,0.9998677968978882,0.5500478148460388,0.7469070553779602,0.1968592405319214,0.5500478148460388
2,block2_h72_seed11,3522,full,2,left,1,0.9478159546852112,1.825504183769226,1.8942195177078247,0.0687153339385986,1.825504183769226
2,block2_h72_seed11,3523,full,3,forward,1,0.999992847442627,0.515109121799469,0.7670917510986328,0.2519826292991638,0.515109121799469
2,block2_h72_seed11,3524,full,2,left,1,0.9943259358406068,1.293465495109558,1.397161602973938,0.1036961078643798,1.293465495109558
2,block2_h72_seed11,3526,full,1,right,1,0.9935699701309204,1.1234210729599,1.2301363945007324,0.1067153215408325,1.1234210729599
2,block2_h72_seed11,3527,full,1,right,1,0.9966367483139038,0.6580601334571838,0.7728140354156494,0.1147539019584655,0.6580601334571838
2,block2_h72_seed11,3528,full,1,right,0,0.9020470976829528,0.9854106903076172,1.0414537191390991,0.0560430288314819,1.0414537191390991
2,block2_h72_seed11,3530,full,1,right,1,0.9335147142410278,0.5103299021720886,0.5681668519973755,0.0578369498252868,0.5103299021720886
2,block2_h72_seed11,3531,full,1,right,1,0.9999446868896484,0.7566657066345215,0.9628165364265442,0.2061508297920227,0.7566657066345215
2,block2_h72_seed11,3532,full,3,forward,1,0.9999610185623168,0.4343484342098236,0.6425052285194397,0.2081567943096161,0.4343484342098236
2,block2_h72_seed11,3533,full,4,backward,1,0.9775561690330504,1.001644492149353,1.08407723903656,0.082432746887207,1.001644492149353
2,block2_h72_seed11,3534,full,1,right,1,0.9741089940071106,0.5026482939720154,0.5859522223472595,0.0833039283752441,0.5026482939720154
2,block2_h72_seed11,3536,full,3,forward,1,0.9999727010726928,0.6503085494041443,0.8672410845756531,0.2169325351715088,0.6503085494041443
2,block2_h72_seed11,3537,full,4,backward,1,0.9049885869026184,1.0474148988723757,1.092719316482544,0.0453044176101684,1.0474148988723757
2,block2_h72_seed11,3538,full,1,right,1,0.9830591678619384,0.5398561358451843,0.6258288621902466,0.0859727263450622,0.5398561358451843
2,block2_h72_seed11,3540,full,1,right,1,0.9995718598365784,1.18792986869812,1.3438105583190918,0.1558806896209716,1.18792986869812
2,block2_h72_seed11,3541,full,4,backward,1,0.9982654452323914,1.2188462018966677,1.347415804862976,0.1285696029663086,1.2188462018966677
2,block2_h72_seed11,3542,full,2,left,1,0.8742525577545166,0.5553317070007324,0.6079824566841125,0.0526507496833801,0.5553317070007324
2,block2_h72_seed11,3543,full,3,forward,1,0.9999934434890748,0.4652615785598755,0.7133514881134033,0.2480899095535278,0.4652615785598755
2,block2_h72_seed11,3544,full,3,forward,1,0.9994176626205444,1.0506585836410522,1.207353949546814,0.1566953659057617,1.0506585836410522
2,block2_h72_seed11,3545,full,3,forward,1,0.9984055161476136,1.0784283876419067,1.215929388999939,0.1375010013580322,1.0784283876419067
2,block2_h72_seed11,3546,full,4,backward,1,0.997545063495636,1.058433175086975,1.1848472356796265,0.1264140605926513,1.058433175086975
2,block2_h72_seed11,3547,full,2,left,1,0.9800847172737122,0.6612138152122498,0.7480306625366211,0.0868168473243713,0.6612138152122498
2,block2_h72_seed11,3548,full,4,backward,1,0.9997424483299256,1.0347095727920532,1.2017093896865845,0.1669998168945312,1.0347095727920532
2,block2_h72_seed11,3549,full,2,left,1,0.9995939135551452,0.9705953001976012,1.1330780982971191,0.1624827980995178,0.9705953001976012
2,block2_h72_seed11,3550,full,4,backward,1,0.9698744416236876,0.5984486937522888,0.6713073253631592,0.0728586316108703,0.5984486937522888
2,block2_h72_seed11,3551,full,1,right,1,0.998504638671875,0.4038061201572418,0.5430464148521423,0.1392402946949005,0.4038061201572418
2,block2_h72_seed11,3553,full,1,right,1,0.9996269941329956,1.3020635843276978,1.4654706716537476,0.1634070873260498,1.3020635843276978
2,block2_h72_seed11,3554,full,3,forward,1,0.9656339287757874,1.1575676202774048,1.232356309890747,0.0747886896133422,1.1575676202774048
2,block2_h72_seed11,3555,full,3,forward,1,0.9974944591522216,0.4663098156452179,0.5881262421607971,0.1218164265155792,0.4663098156452179
2,block2_h72_seed11,3556,full,1,right,1,0.9790220856666564,1.7651290893554688,1.848624348640442,0.0834952592849731,1.7651290893554688
2,block2_h72_seed11,3558,full,1,right,1,0.9999704360961914,0.5737433433532715,0.8007714748382568,0.2270281314849853,0.5737433433532715
2,block2_h72_seed11,3559,full,3,forward,1,0.9999929666519164,0.9253907203674316,1.164871096611023,0.2394803762435913,0.9253907203674316
2,block2_h72_seed11,3560,full,1,right,1,0.9753422737121582,1.2748733758926392,1.3529592752456665,0.0780858993530273,1.2748733758926392
2,block2_h72_seed11,3561,full,1,right,0,0.484620988368988,1.745783805847168,1.745963454246521,0.000179648399353,1.745963454246521
2,block2_h72_seed11,3562,full,2,left,1,0.9993557333946228,0.380116730928421,0.5343219637870789,0.1542052328586578,0.380116730928421
2,block2_h72_seed11,3563,full,2,left,0,0.483420580625534,0.5862661004066467,0.5948471426963806,0.0085810422897338,0.5948471426963806
2,block2_h72_seed11,3564,full,2,left,1,0.9911180138587952,1.2535961866378784,1.3516582250595093,0.0980620384216308,1.2535961866378784
2,block2_h72_seed11,3565,full,1,right,1,0.9999629259109496,0.4839792549610138,0.7069472670555115,0.2229680120944976,0.4839792549610138
2,block2_h72_seed11,3566,full,3,forward,1,0.9746322631835938,1.2488847970962524,1.3229738473892212,0.0740890502929687,1.2488847970962524
2,block2_h72_seed11,3567,full,3,forward,1,0.9975752234458924,1.450547695159912,1.571102738380432,0.12055504322052,1.450547695159912
2,block2_h72_seed11,3568,full,4,backward,1,0.975227415561676,0.3476254045963287,0.4252189695835113,0.0775935649871826,0.3476254045963287
2,block2_h72_seed11,3570,full,3,forward,1,0.9993417859077454,1.1243878602981567,1.2716668844223022,0.1472790241241455,1.1243878602981567
2,block2_h72_seed11,3571,full,4,backward,1,0.9999337196350098,0.401763767004013,0.611344575881958,0.2095808088779449,0.401763767004013
2,block2_h72_seed11,3572,full,4,backward,1,0.9859035611152648,0.5026499629020691,0.5912497639656067,0.0885998010635376,0.5026499629020691
2,block2_h72_seed11,3573,full,4,backward,1,0.9997795224189758,1.2188462018966677,1.3872371912002563,0.1683909893035888,1.2188462018966677
2,block2_h72_seed11,3574,full,4,backward,1,0.9999152421951294,0.3949158191680908,0.5851935744285583,0.1902777552604675,0.3949158191680908
2,block2_h72_seed11,3575,full,2,left,1,0.9851201176643372,0.6422574520111084,0.7319921851158142,0.0897347331047058,0.6422574520111084
2,block2_h72_seed11,3576,full,3,forward,1,0.9967889785766602,0.440547376871109,0.561476469039917,0.1209290921688079,0.440547376871109
2,block2_h72_seed11,3577,full,1,right,1,0.9968883395195008,1.0284719467163086,1.146425724029541,0.1179537773132324,1.0284719467163086
2,block2_h72_seed11,3578,full,4,backward,1,0.9999146461486816,0.5569654107093811,0.7526224255561829,0.1956570148468017,0.5569654107093811
2,block2_h72_seed11,3579,full,4,backward,1,0.9803488850593568,1.255199670791626,1.3348188400268557,0.0796191692352294,1.255199670791626
2,block2_h72_seed11,3580,full,2,left,1,0.9745548963546752,0.5329023003578186,0.6106778979301453,0.0777755975723266,0.5329023003578186
2,block2_h72_seed11,3581,full,3,forward,1,0.9999828338623048,0.3523559868335724,0.5867384076118469,0.2343824207782745,0.3523559868335724
2,block2_h72_seed11,3582,full,2,left,0,0.5592435002326965,0.6693475842475891,0.6906169056892395,0.0212693214416503,0.7846176624298096
2,block2_h72_seed11,3583,full,4,backward,1,0.9999734163284302,0.9515466690063475,1.171226143836975,0.2196794748306274,0.9515466690063475
2,block2_h72_seed11,3584,full,2,left,1,0.9905937910079956,0.5517321228981018,0.6461500525474548,0.094417929649353,0.5517321228981018
2,block2_h72_seed11,3585,full,1,right,1,0.9734228849411012,0.4630842506885528,0.5364181995391846,0.0733339488506317,0.4630842506885528
2,block2_h72_seed11,3586,full,1,right,1,0.9993852376937866,1.987679123878479,2.13568377494812,0.1480046510696411,1.987679123878479
2,block2_h72_seed11,3587,full,3,forward,1,0.9963514804840088,1.1456632614135742,1.2582045793533323,0.1125413179397583,1.1456632614135742
2,block2_h72_seed11,3588,full,4,backward,1,0.9999182224273682,0.4369947910308838,0.629021942615509,0.1920271515846252,0.4369947910308838
2,block2_h72_seed11,3589,full,3,forward,1,0.9988420605659484,0.8652849793434143,1.001540184020996,0.1362552046775818,0.8652849793434143
2,block2_h72_seed11,3590,full,4,backward,1,0.99987530708313,0.482671171426773,0.6761424541473389,0.1934712827205658,0.482671171426773
2,block2_h72_seed11,3594,full,2,left,1,0.9758853316307068,1.4843803644180298,1.5584068298339844,0.0740264654159545,1.4843803644180298
2,block2_h72_seed11,3595,full,2,left,1,0.9998195767402648,1.102933406829834,1.292078137397766,0.1891447305679321,1.102933406829834
2,block2_h72_seed11,3596,full,2,left,1,0.9994184970855712,1.000341296195984,1.15019690990448,0.1498556137084961,1.000341296195984
2,block2_h72_seed11,3597,full,2,left,1,0.9956093430519104,1.5996190309524536,1.7143090963363647,0.1146900653839111,1.5996190309524536
2,block2_h72_seed11,3598,full,4,backward,1,0.9972798824310304,1.0566482543945312,1.1760674715042114,0.1194192171096801,1.0566482543945312
2,block2_h72_seed11,3599,full,2,left,0,0.7567214369773865,0.9150800704956056,0.9452350735664368,0.0301550030708313,0.985013484954834
2,block2_h72_seed11,3600,full,4,backward,1,0.9988693594932556,1.0009284019470217,1.1411466598510742,0.1402182579040527,1.0009284019470217
2,block2_h72_seed11,3601,full,3,forward,1,0.9999589920043944,0.403237372636795,0.6256670355796814,0.2224296629428863,0.403237372636795
2,block2_h72_seed11,3602,full,2,left,1,0.9887806177139282,1.5996190309524536,1.693536639213562,0.0939176082611084,1.5996190309524536
2,block2_h72_seed11,3603,full,4,backward,1,0.989943504333496,0.7114400863647461,0.8037714958190918,0.0923314094543457,0.7114400863647461
2,block2_h72_seed11,3604,full,4,backward,1,0.9912336468696594,0.4820445477962494,0.5825281739234924,0.100483626127243,0.4820445477962494
2,block2_h72_seed11,3605,full,3,forward,1,0.9989823698997498,1.4666649103164673,1.61027729511261,0.1436123847961425,1.4666649103164673
2,block2_h72_seed11,3606,full,3,forward,1,0.9947938323020936,0.5934314727783203,0.7019070982933044,0.1084756255149841,0.5934314727783203
2,block2_h72_seed11,3607,full,1,right,1,0.9995905756950378,1.0246418714523315,1.1926623582839966,0.168020486831665,1.0246418714523315
2,block2_h72_seed11,3608,full,4,backward,1,0.9986048340797424,0.9786777496337892,1.1117931604385376,0.1331154108047485,0.9786777496337892
2,block2_h72_seed11,3609,full,1,right,1,0.9907907247543336,0.9521846771240234,1.046181559562683,0.0939968824386596,0.9521846771240234
2,block2_h72_seed11,3610,full,1,right,1,0.9998778104782104,0.5342073440551758,0.7234282493591309,0.189220905303955,0.5342073440551758
2,block2_h72_seed11,3611,full,3,forward,0,0.5876556038856506,1.0498414039611816,1.059462547302246,0.0096211433410644,1.059462547302246
2,block2_h72_seed11,3612,full,3,forward,1,0.9973796606063844,1.4040356874465942,1.534149169921875,0.1301134824752807,1.4040356874465942
2,block2_h72_seed11,3613,full,1,right,1,0.9999270439147948,0.5455101132392883,0.7521045804023743,0.2065944671630859,0.5455101132392883
2,block2_h72_seed11,3614,full,2,left,1,0.9998623132705688,1.2524069547653198,1.4334067106246948,0.180999755859375,1.2524069547653198
2,block2_h72_seed11,3615,full,4,backward,1,0.9503139853477478,0.8154827952384949,0.8762259483337402,0.0607431530952453,0.8154827952384949
2,block2_h72_seed11,3616,full,4,backward,1,0.9939828515052797,0.5001839995384216,0.6127399206161499,0.1125559210777282,0.5001839995384216
2,block2_h72_seed11,3618,full,2,left,1,0.9867178201675416,1.0830992460250854,1.1828986406326294,0.0997993946075439,1.0830992460250854
2,block2_h72_seed11,3619,full,2,left,1,0.99905127286911,0.6557673811912537,0.8025021553039551,0.1467347741127014,0.6557673811912537
2,block2_h72_seed11,3620,full,3,forward,1,0.9985815286636353,0.488477498292923,0.6219958066940308,0.1335183084011078,0.488477498292923
2,block2_h72_seed11,3621,full,3,forward,1,0.9932160973548888,0.4981921017169952,0.6061171889305115,0.1079250872135162,0.4981921017169952
2,block2_h72_seed11,3623,full,2,left,1,0.9884146451950072,0.9628567695617676,1.052128553390503,0.0892717838287353,0.9628567695617676
2,block2_h72_seed11,3624,full,1,right,1,0.998589813709259,0.5319278240203857,0.6796689033508301,0.1477410793304443,0.5319278240203857
2,block2_h72_seed11,3625,full,2,left,1,0.3931261599063873,0.6288953423500061,0.6350326538085938,0.0061373114585876,0.6288953423500061
2,block2_h72_seed11,3626,full,3,forward,1,0.9999895095825196,0.381728321313858,0.6192435622215271,0.237515240907669,0.381728321313858
2,block2_h72_seed11,3627,full,3,forward,1,0.9979992508888244,0.9996790885925292,1.125645637512207,0.1259665489196777,0.9996790885925292
2,block2_h72_seed11,3628,full,4,backward,1,0.9999901056289672,0.2867438197135925,0.5182256102561951,0.2314817905426025,0.2867438197135925
2,block2_h72_seed11,3630,full,3,forward,1,0.9997357726097108,0.513446569442749,0.6818633079528809,0.1684167385101318,0.513446569442749
2,block2_h72_seed11,3631,full,1,right,1,0.380099356174469,0.8428926467895508,0.8559007048606873,0.0130080580711364,0.8428926467895508
2,block2_h72_seed11,3632,full,4,backward,1,0.989627242088318,0.8895732760429382,0.9847970008850098,0.0952237248420715,0.8895732760429382
2,block2_h72_seed11,3633,full,1,right,1,0.999637246131897,1.2417274713516235,1.4026998281478882,0.1609723567962646,1.2417274713516235
2,block2_h72_seed11,3635,full,1,right,1,0.9410605430603028,1.1060171127319336,1.1696432828903198,0.0636261701583862,1.1060171127319336
2,block2_h72_seed11,3636,full,4,backward,1,0.9999901056289672,0.9024909138679504,1.1339794397354126,0.2314885258674621,0.9024909138679504
2,block2_h72_seed11,3638,full,2,left,1,0.9914445281028748,0.582770586013794,0.6779505610466003,0.0951799750328064,0.582770586013794
2,block2_h72_seed11,3639,full,4,backward,1,0.9987642765045166,1.0174362659454346,1.1538885831832886,0.136452317237854,1.0174362659454346
2,block2_h72_seed11,3640,full,1,right,1,0.995145618915558,1.7769500017166138,1.8836240768432615,0.1066740751266479,1.7769500017166138
2,block2_h72_seed11,3641,full,3,forward,1,0.984310507774353,1.17365825176239,1.2627218961715698,0.0890636444091796,1.17365825176239
2,block2_h72_seed11,3642,full,3,forward,1,0.9989025592803956,0.863196611404419,1.0045897960662842,0.1413931846618652,0.863196611404419
2,block2_h72_seed11,3644,full,1,right,1,0.9876344799995422,1.2143062353134155,1.3230584859848022,0.1087522506713867,1.2143062353134155
2,block2_h72_seed11,3645,full,1,right,1,0.9892120361328124,1.5115889310836792,1.6023229360580444,0.0907340049743652,1.5115889310836792
2,block2_h72_seed11,3646,full,3,forward,1,0.9999332427978516,0.4343484342098236,0.6425052285194397,0.2081567943096161,0.4343484342098236
2,block2_h72_seed11,3647,full,2,left,1,0.9838624596595764,0.5627999305725098,0.6581559777259827,0.0953560471534729,0.5627999305725098
2,block2_h72_seed11,3648,full,4,backward,1,0.9994990825653076,1.2713462114334106,1.427380919456482,0.1560347080230713,1.2713462114334106
2,block2_h72_seed11,3649,full,2,left,1,0.9908814430236816,1.4719864130020142,1.5700817108154297,0.0980952978134155,1.4719864130020142
2,block2_h72_seed11,3650,full,3,forward,1,0.9996724128723145,1.154729247093201,1.3154746294021606,0.1607453823089599,1.154729247093201
2,block2_h72_seed11,3651,full,1,right,1,0.9949495792388916,0.4970099925994873,0.6196547746658325,0.1226447820663452,0.4970099925994873
2,block2_h72_seed11,3652,full,3,forward,1,0.9654924869537354,0.9895405769348145,1.06271231174469,0.0731717348098754,0.9895405769348145
2,block2_h72_seed11,3653,full,3,forward,1,0.998078227043152,1.531769871711731,1.6569944620132446,0.1252245903015136,1.531769871711731
2,block2_h72_seed11,3654,full,4,backward,1,0.9923094511032104,1.0886934995651243,1.1867676973342896,0.098074197769165,1.0886934995651243
2,block2_h72_seed11,3655,full,3,forward,1,0.999996304512024,0.8755388259887695,1.1253947019577026,0.2498558759689331,0.8755388259887695
2,block2_h72_seed11,3656,full,3,forward,1,0.9999500513076782,0.3792889416217804,0.5807590484619141,0.2014701068401336,0.3792889416217804
2,block2_h72_seed11,3657,full,1,right,1,0.9689003229141236,1.2675656080245972,1.3457435369491575,0.0781779289245605,1.2675656080245972
2,block2_h72_seed11,3658,full,2,left,1,0.999808132648468,0.4090811014175415,0.5921164155006409,0.1830353140830993,0.4090811014175415
2,block2_h72_seed11,3660,full,3,forward,1,0.9997636675834656,0.6050888895988464,0.7746738791465759,0.1695849895477295,0.6050888895988464
2,block2_h72_seed11,3661,full,1,right,1,0.9996591806411744,0.4705203771591186,0.6441333889961243,0.1736130118370056,0.4705203771591186
2,block2_h72_seed11,3662,full,1,right,1,0.9211993217468262,1.6327368021011353,1.6863088607788086,0.0535720586776733,1.6327368021011353
2,block2_h72_seed11,3664,full,1,right,1,0.8842101693153381,0.5103299021720886,0.5627331137657166,0.0524032115936279,0.5103299021720886
2,block2_h72_seed11,3665,full,4,backward,1,0.999787986278534,0.482671171426773,0.6530905365943909,0.1704193651676178,0.482671171426773
2,block2_h72_seed11,3666,full,3,forward,1,0.9998034834861756,1.0161627531051636,1.1928926706314087,0.1767299175262451,1.0161627531051636
2,block2_h72_seed11,3667,full,2,left,1,0.997706174850464,0.622787594795227,0.7638227939605713,0.1410351991653442,0.622787594795227
2,block2_h72_seed11,3668,full,3,forward,1,0.979289412498474,1.353154540061951,1.4454339742660522,0.0922794342041015,1.353154540061951
2,block2_h72_seed11,3669,full,2,left,1,0.999658226966858,1.176881194114685,1.3389936685562134,0.1621124744415283,1.176881194114685
2,block2_h72_seed11,3670,full,4,backward,1,0.9583467245101928,0.6620556116104126,0.7293677926063538,0.0673121809959411,0.6620556116104126
2,block2_h72_seed11,3672,full,2,left,1,0.9990822076797484,0.622787594795227,0.7802708745002747,0.1574832797050476,0.622787594795227
2,block2_h72_seed11,3673,full,4,backward,1,0.9999985694885254,0.9665252566337584,1.2495797872543335,0.2830545306205749,0.9665252566337584
2,block2_h72_seed11,3674,full,2,left,1,0.9776588082313538,1.8149293661117556,1.90033757686615,0.0854082107543945,1.8149293661117556
2,block2_h72_seed11,3676,full,1,right,1,0.9991982579231262,1.213460922241211,1.3629261255264282,0.1494652032852172,1.213460922241211
2,block2_h72_seed11,3677,full,3,forward,1,0.9967275857925416,1.2132800817489624,1.327824354171753,0.1145442724227905,1.2132800817489624
2,block2_h72_seed11,3678,full,3,forward,1,0.9997710585594176,0.9998049736022948,1.1691007614135742,0.1692957878112793,0.9998049736022948
2,block2_h72_seed11,3680,full,1,right,1,0.9454803466796876,0.5398561358451843,0.602729320526123,0.0628731846809387,0.5398561358451843
2,block2_h72_seed11,3681,full,1,right,1,0.999677300453186,0.6242497563362122,0.7910633087158203,0.1668135523796081,0.6242497563362122
2,block2_h72_seed11,3682,full,4,backward,1,0.999998927116394,0.4059821665287018,0.6882254481315613,0.2822432816028595,0.4059821665287018
2,block2_h72_seed11,3683,full,3,forward,1,0.998058021068573,0.6368767619132996,0.7646017074584961,0.1277249455451965,0.6368767619132996
2,block2_h72_seed11,3685,full,4,backward,1,0.9982506632804872,0.7826979756355286,0.9112792015075684,0.1285812258720398,0.7826979756355286
2,block2_h72_seed11,3687,full,2,left,1,0.9752900004386902,0.6414138674736023,0.7183020710945129,0.0768882036209106,0.6414138674736023
2,block2_h72_seed11,3688,full,4,backward,1,0.9999558925628662,0.8108830451965332,1.0127580165863037,0.2018749713897705,0.8108830451965332
2,block2_h72_seed11,3689,full,4,backward,1,0.9999704360961914,0.4164505898952484,0.6394572854042053,0.2230066955089569,0.4164505898952484
2,block2_h72_seed11,3690,full,4,backward,1,0.9997736811637878,0.4369947910308838,0.6155046820640564,0.1785098910331726,0.4369947910308838
2,block2_h72_seed11,3691,full,1,right,1,0.9634126424789428,0.5933051705360413,0.6655026078224182,0.0721974372863769,0.5933051705360413
2,block2_h72_seed11,3693,full,4,backward,1,0.997196078300476,0.5001839995384216,0.6360489726066589,0.1358649730682373,0.5001839995384216
2,block2_h72_seed11,3694,full,3,forward,1,0.999992847442627,0.4419574737548828,0.6900460124015808,0.248088538646698,0.4419574737548828
2,block2_h72_seed11,3695,full,1,right,1,0.999924898147583,0.3604121506214142,0.551572859287262,0.1911607086658477,0.3604121506214142
2,block2_h72_seed11,3696,full,3,forward,1,0.98812997341156,1.353154540061951,1.4471489191055298,0.0939943790435791,1.353154540061951
2,block2_h72_seed11,3697,full,2,left,1,0.9999771118164062,0.9215649962425232,1.1486786603927612,0.227113664150238,0.9215649962425232
2,block2_h72_seed11,3698,full,3,forward,1,0.9999347925186156,0.558302104473114,0.7667657732963562,0.2084636688232422,0.558302104473114
2,block2_h72_seed11,3699,full,1,right,1,0.9997301697731018,0.9599562287330629,1.1244598627090454,0.1645036339759826,0.9599562287330629
2,block2_h72_seed11,3700,full,2,left,1,0.999947190284729,1.325433373451233,1.533204436302185,0.2077710628509521,1.325433373451233
2,block2_h72_seed11,3702,full,1,right,1,0.9984667897224426,2.296118259429932,2.431560754776001,0.1354424953460693,2.296118259429932
2,block2_h72_seed11,3704,full,4,backward,1,0.9999960660934448,0.3304065465927124,0.5853046178817749,0.2548980712890625,0.3304065465927124
2,block2_h72_seed11,3705,full,1,right,1,0.9994736313819884,0.5247561931610107,0.6831660270690918,0.158409833908081,0.5247561931610107
2,block2_h72_seed11,3706,full,1,right,1,0.8988093137741089,0.5171472430229187,0.5646933913230896,0.0475461483001709,0.5171472430229187
2,block2_h72_seed11,3707,full,4,backward,1,0.9999982118606568,0.2518799304962158,0.5322840213775635,0.2804040908813476,0.2518799304962158
2,block2_h72_seed11,3709,full,1,right,1,0.9978721141815186,0.4963036477565765,0.6309106945991516,0.134607046842575,0.4963036477565765
2,block2_h72_seed11,3710,full,3,forward,1,0.9988859295845032,0.863196611404419,1.0045897960662842,0.1413931846618652,0.863196611404419
2,block2_h72_seed11,3711,full,4,backward,1,0.9992610812187196,0.7104992866516113,0.862993061542511,0.1524937748908996,0.7104992866516113
2,block2_h72_seed11,3712,full,3,forward,1,0.998728334903717,1.2359142303466797,1.370069146156311,0.1341549158096313,1.2359142303466797
2,block2_h72_seed11,3714,full,1,right,1,0.9988896250724792,1.4537949562072754,1.591877818107605,0.1380828619003296,1.4537949562072754
2,block2_h72_seed11,3716,full,3,forward,1,0.9999324083328248,0.4343484342098236,0.6425052285194397,0.2081567943096161,0.4343484342098236
2,block2_h72_seed11,3717,full,4,backward,1,0.9980168342590332,0.3684021532535553,0.5003476142883301,0.1319454610347747,0.3684021532535553
2,block2_h72_seed11,3718,full,1,right,1,0.9997544884681702,0.5265709161758423,0.6983721256256104,0.171801209449768,0.5265709161758423
2,block2_h72_seed11,3719,full,3,forward,1,0.977117657661438,0.5576547980308533,0.6402649283409119,0.0826101303100586,0.5576547980308533
2,block2_h72_seed11,3720,full,3,forward,1,0.9999990463256836,0.6453204154968262,0.9324307441711426,0.2871103286743164,0.6453204154968262
2,block2_h72_seed11,3721,full,1,right,1,0.999154567718506,0.6902562975883484,0.8458696007728577,0.1556133031845092,0.6902562975883484
2,block2_h72_seed11,3722,full,2,left,1,0.9982433319091796,2.096935510635376,2.2247629165649414,0.1278274059295654,2.096935510635376
2,block2_h72_seed11,3723,full,4,backward,1,0.999809205532074,0.4835567474365234,0.6632298231124878,0.1796730756759643,0.4835567474365234
2,block2_h72_seed11,3724,full,3,forward,1,0.9997571110725404,0.8771987557411194,1.0517724752426147,0.1745737195014953,0.8771987557411194
2,block2_h72_seed11,3725,full,1,right,1,0.9994902610778807,0.4914306104183197,0.6461334824562073,0.1547028720378875,0.4914306104183197
2,block2_h72_seed11,3726,full,3,forward,1,0.9728293418884276,1.2488847970962524,1.3229738473892212,0.0740890502929687,1.2488847970962524
2,block2_h72_seed11,3727,full,4,backward,1,0.9998878240585328,1.2713462114334106,1.4581656455993652,0.1868194341659546,1.2713462114334106
2,block2_h72_seed11,3728,full,3,forward,1,0.9909472465515136,0.5758510828018188,0.6844387054443359,0.108587622642517,0.5758510828018188
2,block2_h72_seed11,3729,full,4,backward,1,0.7680217623710632,1.073821187019348,1.1043325662612915,0.0305113792419433,1.073821187019348
2,block2_h72_seed11,3730,full,3,forward,1,0.9999922513961792,0.3852600157260895,0.6388270854949951,0.2535670697689056,0.3852600157260895
2,block2_h72_seed11,3732,full,3,forward,1,0.995400369167328,0.440547376871109,0.561476469039917,0.1209290921688079,0.440547376871109
2,block2_h72_seed11,3734,full,3,forward,1,0.9974326491355896,0.6225622892379761,0.7505125403404236,0.1279502511024475,0.6225622892379761
2,block2_h72_seed11,3735,full,4,backward,1,0.9997562766075134,0.6123610138893127,0.7825851440429688,0.170224130153656,0.6123610138893127
2,block2_h72_seed11,3736,full,1,right,1,0.9996330738067628,1.7370047569274902,1.8986743688583372,0.1616696119308471,1.7370047569274902
2,block2_h72_seed11,3737,full,3,forward,1,0.9999884366989136,0.6623440980911255,0.9026334881782532,0.2402893900871276,0.6623440980911255
2,block2_h72_seed11,3738,full,4,backward,1,0.9994977712631226,0.9668350219726562,1.128986954689026,0.1621519327163696,0.9668350219726562
2,block2_h72_seed11,3739,full,2,left,1,0.983150064945221,0.9314597249031068,1.013270616531372,0.0818108916282653,0.9314597249031068
2,block2_h72_seed11,3740,full,2,left,1,0.9999995231628418,1.4843803644180298,1.7929054498672483,0.3085250854492187,1.4843803644180298
2,block2_h72_seed11,3741,full,4,backward,1,0.9848264455795288,0.5281771421432495,0.6195208430290222,0.0913437008857727,0.5281771421432495
2,block2_h72_seed11,3742,full,1,right,1,0.997141420841217,0.4963317811489105,0.6222929954528809,0.1259612143039703,0.4963317811489105
2,block2_h72_seed11,3743,full,2,left,1,0.999923586845398,0.8485236763954163,1.038591384887695,0.190067708492279,0.8485236763954163
2,block2_h72_seed11,3744,full,4,backward,1,0.9999997615814208,0.4090234339237213,0.7204915881156921,0.3114681541919708,0.4090234339237213
2,block2_h72_seed11,3745,full,2,left,1,0.9995508790016174,0.4432218968868255,0.597774088382721,0.1545521914958953,0.4432218968868255
2,block2_h72_seed11,3746,full,1,right,1,0.9926019310951232,0.4327325522899627,0.5401149988174438,0.107382446527481,0.4327325522899627
2,block2_h72_seed11,3747,full,2,left,1,0.9866357445716858,1.7165188789367676,1.8087034225463867,0.0921845436096191,1.7165188789367676
2,block2_h72_seed11,3748,full,4,backward,1,0.9949147701263428,1.232762575149536,1.3383830785751345,0.1056205034255981,1.232762575149536
2,block2_h72_seed11,3749,full,2,left,1,0.9998379945755004,1.0686869621276855,1.2476290464401243,0.1789420843124389,1.0686869621276855
2,block2_h72_seed11,3750,full,2,left,1,0.9995334148406982,1.102961540222168,1.269295573234558,0.1663340330123901,1.102961540222168
2,block2_h72_seed11,3751,full,1,right,1,0.999893307685852,0.4839792549610138,0.6814143657684326,0.1974351108074188,0.4839792549610138
2,block2_h72_seed11,3752,full,1,right,1,0.9997811913490297,0.5068092346191406,0.6842523217201233,0.1774430871009826,0.5068092346191406
2,block2_h72_seed11,3753,full,4,backward,1,0.9997629523277284,0.4448794424533844,0.6259501576423645,0.1810707151889801,0.4448794424533844
2,block2_h72_seed11,3755,full,3,forward,1,0.9997439980506896,0.4706208705902099,0.6539908647537231,0.1833699941635131,0.4706208705902099
2,block2_h72_seed11,3756,full,2,left,1,0.9289290308952332,1.6432539224624634,1.707720398902893,0.0644664764404296,1.6432539224624634
2,block2_h72_seed11,3757,full,4,backward,1,0.9923170804977416,0.8260707855224609,0.9272578358650208,0.1011870503425598,0.8260707855224609
2,block2_h72_seed11,3758,full,2,left,1,0.9999624490737916,1.102933406829834,1.3067909479141235,0.2038575410842895,1.102933406829834
2,block2_h72_seed11,3759,full,3,forward,1,0.9980775117874146,0.5339820384979248,0.66239994764328,0.1284179091453552,0.5339820384979248
2,block2_h72_seed11,3760,full,2,left,1,0.9948948621749878,0.572194516658783,0.6976634860038757,0.1254689693450927,0.572194516658783
2,block2_h72_seed11,3762,full,1,right,1,0.9993343949317932,0.4363202750682831,0.5872678756713867,0.1509476006031036,0.4363202750682831
2,block2_h72_seed11,3763,full,1,right,1,0.998891532421112,1.6614561080932615,1.809902787208557,0.1484466791152954,1.6614561080932615
2,block2_h72_seed11,3764,full,1,right,1,0.9997513890266418,1.0057352781295776,1.1845721006393433,0.1788368225097656,1.0057352781295776
2,block2_h72_seed11,3766,full,1,right,1,0.9987938404083252,2.000971555709839,2.137343406677246,0.1363718509674072,2.000971555709839
2,block2_h72_seed11,3767,full,3,forward,1,0.9998125433921814,0.5273417234420776,0.7128587365150452,0.1855170130729675,0.5273417234420776
2,block2_h72_seed11,3768,full,2,left,1,0.9999525547027588,1.6892579793930054,1.8886466026306152,0.1993886232376098,1.6892579793930054
2,block2_h72_seed11,3769,full,2,left,1,0.9973980188369752,0.9821858406066896,1.101731538772583,0.1195456981658935,0.9821858406066896
2,block2_h72_seed11,3770,full,2,left,1,0.9998421669006348,1.0686869621276855,1.2476290464401243,0.1789420843124389,1.0686869621276855
2,block2_h72_seed11,3771,full,3,forward,1,0.981584370136261,1.32237446308136,1.4094260931015017,0.0870516300201416,1.32237446308136
2,block2_h72_seed11,3773,full,3,forward,1,0.9994111061096193,0.9709541201591492,1.1200343370437622,0.149080216884613,0.9709541201591492
2,block2_h72_seed11,3774,full,2,left,1,0.9900638461112976,1.3689289093017578,1.4662545919418335,0.0973256826400756,1.3689289093017578
2,block2_h72_seed11,3775,full,4,backward,1,0.9995102882385254,1.2713462114334106,1.427380919456482,0.1560347080230713,1.2713462114334106
2,block2_h72_seed11,3776,full,1,right,1,0.9231131672859192,1.2074689865112305,1.2611078023910522,0.0536388158798217,1.2074689865112305
2,block2_h72_seed11,3777,full,4,backward,1,0.9955151677131652,1.0935643911361694,1.202961564064026,0.1093971729278564,1.0935643911361694
2,block2_h72_seed11,3778,full,1,right,1,0.9985472559928894,0.6580601334571838,0.7943766713142395,0.1363165378570556,0.6580601334571838
2,block2_h72_seed11,3779,full,4,backward,1,0.999950647354126,0.4329245984554291,0.6508967280387878,0.2179721295833587,0.4329245984554291
2,block2_h72_seed11,3780,full,2,left,1,0.999979853630066,0.9499147534370422,1.182944416999817,0.2330296635627746,0.9499147534370422
2,block2_h72_seed11,3781,full,4,backward,1,0.9999878406524658,0.2867438197135925,0.5182256102561951,0.2314817905426025,0.2867438197135925
2,block2_h72_seed11,3782,full,2,left,1,0.9989503026008606,1.0175236463546753,1.1656748056411743,0.148151159286499,1.0175236463546753
2,block2_h72_seed11,3783,full,3,forward,1,0.99989914894104,0.9581055641174316,1.1452614068984983,0.1871558427810669,0.9581055641174316
2,block2_h72_seed11,3784,full,3,forward,1,0.9988988637924194,1.1718710660934448,1.3080880641937256,0.1362169981002807,1.1718710660934448
2,block2_h72_seed11,3785,full,2,left,1,0.9995655417442322,1.2524069547653198,1.4080520868301392,0.1556451320648193,1.2524069547653198
2,block2_h72_seed11,3786,full,4,backward,1,0.9984880685806274,0.9583259224891664,1.0892198085784912,0.1308938860893249,0.9583259224891664
2,block2_h72_seed11,3787,full,1,right,1,0.9311628937721252,1.6674376726150513,1.7195587158203125,0.0521210432052612,1.6674376726150513
2,block2_h72_seed11,3788,full,4,backward,1,0.9957646131515504,1.0935643911361694,1.202961564064026,0.1093971729278564,1.0935643911361694
2,block2_h72_seed11,3791,full,2,left,1,0.984555184841156,1.028437614440918,1.123021960258484,0.0945843458175659,1.028437614440918
2,block2_h72_seed11,3792,full,2,left,1,0.9978727102279664,1.2294811010360718,1.359843134880066,0.1303620338439941,1.2294811010360718
2,block2_h72_seed11,3793,full,2,left,1,0.9540711641311646,0.5214610695838928,0.582909345626831,0.0614482760429382,0.5214610695838928
2,block2_h72_seed11,3794,full,2,left,1,0.9986934065818788,0.5037270188331604,0.6488096714019775,0.1450826525688171,0.5037270188331604
2,block2_h72_seed11,3795,full,3,forward,1,0.9910795092582704,0.4877831041812897,0.5849670767784119,0.0971839725971221,0.4877831041812897
2,block2_h72_seed11,3796,full,4,backward,1,0.995061218738556,0.4703344404697418,0.5858418345451355,0.1155073940753936,0.4703344404697418
2,block2_h72_seed11,3797,full,3,forward,1,0.998985469341278,1.2092312574386597,1.347495436668396,0.1382641792297363,1.2092312574386597
2,block2_h72_seed11,3798,full,3,forward,1,0.9999985694885254,0.5485069751739502,0.8267208933830261,0.2782139182090759,0.5485069751739502
2,block2_h72_seed11,3799,full,3,forward,1,0.9967288970947266,1.2132800817489624,1.327824354171753,0.1145442724227905,1.2132800817489624
2,block2_h72_seed11,3800,full,1,right,1,0.9960271120071412,0.5642101168632507,0.6858250498771667,0.121614933013916,0.5642101168632507
2,block2_h72_seed11,3801,full,4,backward,1,0.9698928594589232,0.5984486937522888,0.6713073253631592,0.0728586316108703,0.5984486937522888
2,block2_h72_seed11,3802,full,3,forward,1,0.9997000694274902,0.5500478148460388,0.714884340763092,0.1648365259170532,0.5500478148460388
2,block2_h72_seed11,3803,full,2,left,1,1.0,1.6892579793930054,2.022299766540528,0.333041787147522,1.6892579793930054
2,block2_h72_seed11,3804,full,1,right,1,0.9987534284591676,1.1008117198944092,1.2601672410964966,0.1593555212020874,1.1008117198944092
2,block2_h72_seed11,3805,full,3,forward,1,0.9748232960700988,0.5639126896858215,0.6393546462059021,0.0754419565200805,0.5639126896858215
2,block2_h72_seed11,3806,full,3,forward,1,0.969356656074524,1.2488847970962524,1.3229738473892212,0.0740890502929687,1.2488847970962524
2,block2_h72_seed11,3807,full,2,left,1,0.9999690055847168,0.3806937634944916,0.600186824798584,0.2194930613040924,0.3806937634944916
2,block2_h72_seed11,3809,full,2,left,1,0.9203960299491882,0.6422574520111084,0.6920472979545593,0.0497898459434509,0.6422574520111084
2,block2_h72_seed11,3810,full,2,left,1,0.9994934797286988,1.1424580812454224,1.307089924812317,0.1646318435668945,1.1424580812454224
2,block2_h72_seed11,3812,full,4,backward,1,0.9854677319526672,0.8756294250488281,0.9626092910766602,0.086979866027832,0.8756294250488281
2,block2_h72_seed11,3813,full,4,backward,1,0.9997493624687196,1.0347095727920532,1.2017093896865845,0.1669998168945312,1.0347095727920532
2,block2_h72_seed11,3814,full,3,forward,1,0.9698331952095032,1.2488847970962524,1.3229738473892212,0.0740890502929687,1.2488847970962524
2,block2_h72_seed11,3815,full,3,forward,1,0.9988956451416016,1.1718710660934448,1.3080880641937256,0.1362169981002807,1.1718710660934448
2,block2_h72_seed11,3816,full,2,left,1,0.9999821186065674,0.8642656207084656,1.0911163091659546,0.226850688457489,0.8642656207084656
2,block2_h72_seed11,3817,full,4,backward,1,0.9999985694885254,0.2782454490661621,0.5621543526649475,0.2839089035987854,0.2782454490661621
2,block2_h72_seed11,3818,full,3,forward,1,0.9872655868530272,1.1162112951278689,1.2102142572402954,0.0940029621124267,1.1162112951278689
2,block2_h72_seed11,3819,full,2,left,1,0.9754746556282043,0.5330933928489685,0.6252629160881042,0.0921695232391357,0.5330933928489685
2,block2_h72_seed11,3820,full,3,forward,1,0.9922967553138732,1.0051392316818235,1.1120935678482056,0.1069543361663818,1.0051392316818235
2,block2_h72_seed11,3821,full,2,left,0,0.6060296297073364,0.7354180216789246,0.7590906620025635,0.0236726403236389,0.7847142815589905
2,block2_h72_seed11,3822,full,1,right,1,0.9978419542312622,0.6040108799934387,0.7305834889411926,0.1265726089477539,0.6040108799934387
2,block2_h72_seed11,3823,full,2,left,1,0.9909201860427856,1.8149293661117556,1.909262776374817,0.0943334102630615,1.8149293661117556
2,block2_h72_seed11,3825,full,2,left,1,0.8158718943595886,1.8357001543045044,1.874432682991028,0.0387325286865234,1.8357001543045044
2,block2_h72_seed11,3826,full,4,backward,1,0.988429307937622,0.8354558944702148,0.930197536945343,0.0947416424751281,0.8354558944702148
2,block2_h72_seed11,3828,full,1,right,1,0.98776775598526,0.8073480725288391,0.8957474827766418,0.0883994102478027,0.8073480725288391
2,block2_h72_seed11,3829,full,1,right,1,0.9660704731941224,0.6471409797668457,0.7146768569946289,0.0675358772277832,0.6471409797668457
2,block2_h72_seed11,3830,full,2,left,1,0.9999539852142334,1.3528839349746704,1.5597707033157349,0.2068867683410644,1.3528839349746704
2,block2_h72_seed11,3831,full,3,forward,1,0.9999996423721312,0.6453204154968262,0.9635493159294128,0.3182289004325866,0.6453204154968262
2,block2_h72_seed11,3832,full,2,left,1,0.9226630330085754,0.5351170897483826,0.5910751223564148,0.0559580326080322,0.5351170897483826
2,block2_h72_seed11,3834,full,2,left,1,0.7587234377861023,0.9392616152763368,0.9800040125846864,0.0407423973083496,0.9392616152763368
2,block2_h72_seed11,3835,full,2,left,1,0.9879150390625,0.9115004539489746,1.0052812099456787,0.0937807559967041,0.9115004539489746
2,block2_h72_seed11,3836,full,2,left,1,0.9930764436721802,0.5454744696617126,0.6551067233085632,0.1096322536468505,0.5454744696617126
2,block2_h72_seed11,3837,full,3,forward,1,0.9999706745147704,0.403237372636795,0.6256670355796814,0.2224296629428863,0.403237372636795
2,block2_h72_seed11,3841,full,1,right,1,0.9493195414543152,1.2675656080245972,1.3339136838912964,0.0663480758666992,1.2675656080245972
2,block2_h72_seed11,3845,full,4,backward,1,0.9903656244277954,0.5314887166023254,0.6294305324554443,0.0979418158531189,0.5314887166023254
2,block2_h72_seed11,3846,full,4,backward,1,0.9987103939056396,0.8941323757171631,1.0316158533096311,0.1374834775924682,0.8941323757171631
2,block2_h72_seed11,3847,full,3,forward,1,0.990458369255066,1.2488847970962524,1.3497604131698608,0.1008756160736084,1.2488847970962524
2,block2_h72_seed11,3848,full,1,right,1,0.998589813709259,0.5319278240203857,0.6796689033508301,0.1477410793304443,0.5319278240203857
2,block2_h72_seed11,3849,full,2,left,1,0.998415470123291,1.7685432434082031,1.89899218082428,0.1304489374160766,1.7685432434082031
2,block2_h72_seed11,3851,full,3,forward,1,0.9999995231628418,0.6453204154968262,0.9470941424369812,0.301773726940155,0.6453204154968262
2,block2_h72_seed11,3852,full,4,backward,1,0.9992241859436036,0.3706240355968475,0.5280968546867371,0.1574728190898895,0.3706240355968475
2,block2_h72_seed11,3853,full,3,forward,1,0.9999852180480956,0.5518830418586731,0.7837042808532715,0.2318212389945984,0.5518830418586731
2,block2_h72_seed11,3854,full,4,backward,1,0.999997615814209,0.3304065465927124,0.6025903820991516,0.2721838355064392,0.3304065465927124
2,block2_h72_seed11,3855,full,1,right,1,0.9480284452438354,0.4703121483325958,0.5314303040504456,0.0611181557178497,0.4703121483325958
2,block2_h72_seed11,3857,full,4,backward,1,0.9998438358306884,0.3817314207553863,0.5583490133285522,0.1766175925731659,0.3817314207553863
2,block2_h72_seed11,3858,full,4,backward,1,0.9992917776107788,0.9976651072502136,1.1467403173446655,0.1490752100944519,0.9976651072502136
2,block2_h72_seed11,3859,full,1,right,1,0.9959121942520142,1.0374271869659424,1.1631808280944824,0.12575364112854,1.0374271869659424
2,block2_h72_seed11,3860,full,2,left,0,0.5009812712669373,1.3615423440933228,1.361708641052246,0.0001662969589233,1.361708641052246
2,block2_h72_seed11,3861,full,2,left,1,0.921352207660675,1.0165060758590698,1.0762362480163574,0.0597301721572876,1.0165060758590698
2,block2_h72_seed11,3863,full,4,backward,1,0.9405388832092284,1.1156691312789917,1.175250768661499,0.0595816373825073,1.1156691312789917
2,block2_h72_seed11,3864,full,1,right,1,0.9255983233451844,1.6674376726150513,1.7195587158203125,0.0521210432052612,1.6674376726150513
2,block2_h72_seed11,3865,full,4,backward,1,0.9981663823127748,1.064121127128601,1.1985658407211304,0.1344447135925293,1.064121127128601
2,block2_h72_seed11,3866,full,3,forward,1,0.9996662139892578,1.292644500732422,1.454029560089111,0.1613850593566894,1.292644500732422
2,block2_h72_seed11,3867,full,3,forward,1,0.9999880790710448,1.6013518571853638,1.8303422927856443,0.2289904356002807,1.6013518571853638
2,block2_h72_seed11,3868,full,4,backward,1,0.9978590607643129,0.5124900937080383,0.6450911164283752,0.1326010227203369,0.5124900937080383
2,block2_h72_seed11,3870,full,1,right,1,0.9909080266952516,0.4440639019012451,0.5525670051574707,0.1085031032562255,0.4440639019012451
2,block2_h72_seed11,3871,full,1,right,1,0.9940541386604308,0.5643758177757263,0.6777622699737549,0.1133864521980285,0.5643758177757263
2,block2_h72_seed11,3872,full,3,forward,1,0.999428689479828,0.6050888895988464,0.7580662369728088,0.1529773473739624,0.6050888895988464
2,block2_h72_seed11,3873,full,2,left,1,0.9989804625511168,1.208694338798523,1.3486932516098022,0.1399989128112793,1.208694338798523
2,block2_h72_seed11,3874,full,2,left,1,0.9998589754104614,0.8508307337760925,1.0438165664672852,0.1929858326911926,0.8508307337760925
2,block2_h72_seed11,3875,full,4,backward,1,0.9999613761901855,1.2575057744979858,1.4807895421981812,0.2232837677001953,1.2575057744979858
2,block2_h72_seed11,3876,full,1,right,1,0.9969322681427002,1.7370047569274902,1.8550491333007808,0.118044376373291,1.7370047569274902
2,block2_h72_seed11,3877,full,4,backward,1,0.9996781349182128,0.9515466690063475,1.117345929145813,0.1657992601394653,0.9515466690063475
2,block2_h72_seed11,3878,full,3,forward,1,0.9745853543281556,0.6435409784317017,0.7215248942375183,0.0779839158058166,0.6435409784317017
2,block2_h72_seed11,3880,full,2,left,1,0.9589022397994996,1.0770339965820312,1.140128254890442,0.0630942583084106,1.0770339965820312
2,block2_h72_seed11,3882,full,2,left,1,0.9991968274116516,0.4279828071594238,0.5716957449913025,0.1437129378318786,0.4279828071594238
2,block2_h72_seed11,3883,full,1,right,1,0.987715184688568,0.4970099925994873,0.600642740726471,0.1036327481269836,0.4970099925994873
2,block2_h72_seed11,3885,full,3,forward,1,0.9999749660491944,1.4769062995910645,1.6984792947769165,0.221572995185852,1.4769062995910645
2,block2_h72_seed11,3887,full,4,backward,1,0.4354100823402405,0.6769092082977295,0.6769092082977295,0.0,0.6769092082977295
2,block2_h72_seed11,3888,full,4,backward,1,0.9992398023605348,0.4965097606182098,0.6490047574043274,0.1524949967861175,0.4965097606182098
2,block2_h72_seed11,3889,full,3,forward,1,0.999526023864746,0.9843695759773254,1.1383097171783447,0.1539401412010193,0.9843695759773254
2,block2_h72_seed11,3890,full,3,forward,1,0.999998927116394,0.5090000033378601,0.7998375296592712,0.2908375263214111,0.5090000033378601
2,block2_h72_seed11,3891,full,4,backward,1,0.9987112283706664,0.8941323757171631,1.0316158533096311,0.1374834775924682,0.8941323757171631
2,block2_h72_seed11,3892,full,2,left,1,0.998209834098816,0.5517321228981018,0.6855632662773132,0.1338311433792114,0.5517321228981018
2,block2_h72_seed11,3894,full,4,backward,1,0.99979168176651,0.7722083926200867,0.9422411322593688,0.1700327396392822,0.7722083926200867
2,block2_h72_seed11,3895,full,3,forward,1,0.9955106973648072,1.0391438007354736,1.1474241018295288,0.1082803010940551,1.0391438007354736
2,block2_h72_seed11,3896,full,3,forward,1,0.9817662835121156,1.04157555103302,1.1279749870300293,0.0863994359970092,1.04157555103302
2,block2_h72_seed11,3897,full,1,right,1,0.9987635612487792,0.5184919834136963,0.6621841788291931,0.1436921954154968,0.5184919834136963
2,block2_h72_seed11,3898,full,1,right,1,0.9979422688484192,0.4327325522899627,0.5592858195304871,0.1265532672405243,0.4327325522899627
2,block2_h72_seed11,3899,full,2,left,1,0.9997689127922058,2.096935510635376,2.27359938621521,0.1766638755798339,2.096935510635376
2,block2_h72_seed11,3900,full,3,forward,1,0.995585560798645,1.1912206411361694,1.3042889833450315,0.1130683422088623,1.1912206411361694
2,block2_h72_seed11,3901,full,4,backward,1,0.9978758096694946,0.5124900937080383,0.6450911164283752,0.1326010227203369,0.5124900937080383
2,block2_h72_seed11,3902,full,1,right,1,0.9971600770950316,0.5194913744926453,0.63941890001297,0.1199275255203247,0.5194913744926453
2,block2_h72_seed11,3904,full,2,left,1,0.999776303768158,1.102961540222168,1.2736824750900269,0.1707209348678589,1.102961540222168
2,block2_h72_seed11,3905,full,3,forward,1,0.8209592700004578,0.5048316121101379,0.5464343428611755,0.0416027307510376,0.5048316121101379
2,block2_h72_seed11,3908,full,1,right,1,0.9993984699249268,1.3703988790512085,1.5269845724105835,0.156585693359375,1.3703988790512085
2,block2_h72_seed11,3909,full,3,forward,1,0.9994553923606871,0.4706208705902099,0.6316878199577332,0.1610669493675232,0.4706208705902099
2,block2_h72_seed11,3910,full,4,backward,1,0.9985880255699158,0.7104992866516113,0.8454875349998474,0.134988248348236,0.7104992866516113
2,block2_h72_seed11,3912,full,1,right,1,0.512445867061615,0.6502552628517151,0.6592435836791992,0.0089883208274841,0.6502552628517151
2,block2_h72_seed11,3913,full,3,forward,1,0.968398094177246,1.4624751806259155,1.541884422302246,0.0794092416763305,1.4624751806259155
2,block2_h72_seed11,3914,full,4,backward,1,0.9999109506607056,0.4369947910308838,0.629021942615509,0.1920271515846252,0.4369947910308838
2,block2_h72_seed11,3915,full,3,forward,1,0.9822383522987366,1.3355164527893066,1.4170522689819336,0.0815358161926269,1.3355164527893066
2,block2_h72_seed11,3916,full,2,left,1,0.9982612729072572,0.5761434435844421,0.7151839733123779,0.1390405297279358,0.5761434435844421
2,block2_h72_seed11,3918,full,2,left,1,0.9750462770462036,1.1772375106811523,1.2514759302139282,0.0742384195327758,1.1772375106811523
2,block2_h72_seed11,3920,full,3,forward,1,0.9999004602432252,0.7792172431945801,0.9650974869728088,0.1858802437782287,0.7792172431945801
2,block2_h72_seed11,3921,full,1,right,1,0.9969769716262816,1.2284317016601562,1.359580636024475,0.1311489343643188,1.2284317016601562
2,block2_h72_seed11,3922,full,3,forward,1,0.9625471234321594,1.175019145011902,1.2519978284835815,0.0769786834716796,1.175019145011902
2,block2_h72_seed11,3923,full,4,backward,1,0.9997380375862122,0.5251175165176392,0.7025042176246643,0.1773867011070251,0.5251175165176392
2,block2_h72_seed11,3924,full,4,backward,1,0.9994459748268129,0.9970335960388184,1.15050208568573,0.1534684896469116,0.9970335960388184
2,block2_h72_seed11,3925,full,3,forward,1,0.9925330877304076,1.176587462425232,1.2877908945083618,0.1112034320831298,1.176587462425232
2,block2_h72_seed11,3926,full,3,forward,1,0.9992997646331788,1.0171486139297483,1.173168063163757,0.1560194492340088,1.0171486139297483
2,block2_h72_seed11,3927,full,2,left,1,0.6304484009742737,0.5446745157241821,0.5619971752166748,0.0173226594924926,0.5446745157241821
2,block2_h72_seed11,3931,full,1,right,1,0.999244213104248,0.447936862707138,0.603836715221405,0.1558998525142669,0.447936862707138
2,block2_h72_seed11,3932,full,2,left,1,0.9603989124298096,1.794642448425293,1.8687235116958616,0.0740810632705688,1.794642448425293
2,block2_h72_seed11,3933,full,2,left,1,0.9976493716239928,1.7797702550888062,1.901178002357483,0.1214077472686767,1.7797702550888062
2,block2_h72_seed11,3934,full,1,right,1,0.9998053908348083,1.4607149362564087,1.636309027671814,0.1755940914154052,1.4607149362564087
2,block2_h72_seed11,3935,full,3,forward,1,0.9998082518577576,0.4515265524387359,0.6283109188079834,0.1767843663692474,0.4515265524387359
2,block2_h72_seed11,3936,full,1,right,1,0.9843244552612304,0.5839030742645264,0.6716433167457581,0.0877402424812316,0.5839030742645264
2,block2_h72_seed11,3937,full,2,left,1,0.9600005745887756,0.6508839726448059,0.7250208854675293,0.0741369128227233,0.6508839726448059
2,block2_h72_seed11,3939,full,4,backward,1,0.9882093667984008,0.617391049861908,0.7271096706390381,0.1097186207771301,0.617391049861908
2,block2_h72_seed11,3940,full,1,right,1,0.9997954964637756,0.4022537469863891,0.5790097713470459,0.1767560243606567,0.4022537469863891
2,block2_h72_seed11,3941,full,2,left,1,0.7608552575111389,0.5361708998680115,0.5747365951538086,0.0385656952857971,0.5361708998680115
2,block2_h72_seed11,3943,full,2,left,0,0.4383522570133209,0.9452350735664368,0.9510613083839417,0.0058262348175048,0.985013484954834
2,block2_h72_seed11,3945,full,4,backward,1,0.9999939203262328,0.318416029214859,0.5648408532142639,0.2464248239994049,0.318416029214859
2,block2_h72_seed11,3946,full,2,left,1,0.9990276098251344,0.5097294449806213,0.6523222327232361,0.1425927877426147,0.5097294449806213
2,block2_h72_seed11,3947,full,4,backward,1,0.9995031356811525,1.034921169281006,1.19136381149292,0.156442642211914,1.034921169281006
2,block2_h72_seed11,3948,full,3,forward,1,0.994242250919342,0.5804490447044373,0.6998165249824524,0.1193674802780151,0.5804490447044373
2,block2_h72_seed11,3949,full,2,left,1,0.9379768371582032,1.028437614440918,1.0866354703903198,0.0581978559494018,1.028437614440918
2,block2_h72_seed11,3950,full,4,backward,1,0.9978485107421876,0.4735266268253326,0.6092786192893982,0.1357519924640655,0.4735266268253326
2,block2_h72_seed11,3951,full,3,forward,1,0.9999881982803344,1.6013518571853638,1.8303422927856443,0.2289904356002807,1.6013518571853638
2,block2_h72_seed11,3954,full,1,right,1,0.9952915906906128,1.1269763708114624,1.2479218244552612,0.1209454536437988,1.1269763708114624
2,block2_h72_seed11,3955,full,1,right,1,0.9999016523361206,0.5342073440551758,0.731867790222168,0.1976604461669922,0.5342073440551758
2,block2_h72_seed11,3957,full,2,left,1,0.7585462331771851,0.5948471426963806,0.6239760518074036,0.0291289091110229,0.5948471426963806
2,block2_h72_seed11,3960,full,1,right,1,0.9998766183853148,0.990601122379303,1.1722984313964844,0.1816973090171814,0.990601122379303
2,block2_h72_seed11,3962,full,2,left,1,0.995104432106018,0.7326423525810242,0.8492724299430847,0.1166300773620605,0.7326423525810242
2,block2_h72_seed11,3963,full,4,backward,1,0.9999380111694336,0.4164504110813141,0.6193185448646545,0.2028681337833404,0.4164504110813141
2,block2_h72_seed11,3964,full,3,forward,1,0.9997777342796326,0.9253907203674316,1.0944366455078125,0.1690459251403808,0.9253907203674316
2,block2_h72_seed11,3965,full,4,backward,1,0.997863233089447,0.5124902129173279,0.6450912952423096,0.1326010823249817,0.5124902129173279
2,block2_h72_seed11,3967,full,4,backward,1,0.9999983310699464,1.1061187982559204,1.377605438232422,0.2714866399765014,1.1061187982559204
2,block2_h72_seed11,3968,full,1,right,1,0.9920532703399658,0.7076029181480408,0.8239259123802185,0.1163229942321777,0.7076029181480408
2,block2_h72_seed11,3970,full,3,forward,1,0.9998155236244202,0.9996790885925292,1.1740952730178833,0.174416184425354,0.9996790885925292
2,block2_h72_seed11,3971,full,3,forward,1,0.9338091015815736,0.5804489850997925,0.6347613334655762,0.0543123483657836,0.5804489850997925
2,block2_h72_seed11,3972,full,4,backward,1,0.9851707816123962,1.001644253730774,1.0945602655410769,0.0929160118103027,1.001644253730774
2,block2_h72_seed11,3973,full,3,forward,1,0.999815046787262,0.4848021268844604,0.6630344390869141,0.1782323122024536,0.4848021268844604
2,block2_h72_seed11,3974,full,3,forward,1,0.9959949254989624,1.4031137228012085,1.5185915231704712,0.1154778003692627,1.4031137228012085
2,block2_h72_seed11,3976,full,1,right,1,0.9769773483276368,0.671552836894989,0.7485411167144775,0.0769882798194885,0.671552836894989
2,block2_h72_seed11,3977,full,2,left,1,0.9113351106643676,1.6749292612075806,1.7289730310440063,0.0540437698364257,1.6749292612075806
2,block2_h72_seed11,3980,full,4,backward,1,0.9968594312667848,0.3684021532535553,0.4978350102901459,0.1294328570365905,0.3684021532535553
2,block2_h72_seed11,3981,full,4,backward,1,0.999945878982544,0.9698073863983154,1.1678414344787598,0.1980340480804443,0.9698073863983154
2,block2_h72_seed11,3984,full,2,left,1,0.9997764229774476,0.4090811014175415,0.5921163558959961,0.1830352544784546,0.4090811014175415
2,block2_h72_seed11,3985,full,4,backward,1,0.9971779584884644,1.0083763599395752,1.129097819328308,0.1207214593887329,1.0083763599395752
2,block2_h72_seed11,3986,full,4,backward,1,0.9971357583999634,0.8744342923164368,0.9926042556762696,0.1181699633598327,0.8744342923164368
2,block2_h72_seed11,3987,full,1,right,1,0.9936888217926024,0.4430222511291504,0.5501060485839844,0.1070837974548339,0.4430222511291504
2,block2_h72_seed11,3988,full,4,backward,1,0.9999998807907104,0.8697566986083984,1.193223237991333,0.3234665393829345,0.8697566986083984
2,block2_h72_seed11,3989,full,1,right,1,0.92388117313385,0.5103298425674438,0.5604865550994873,0.0501567125320434,0.5103298425674438
2,block2_h72_seed11,3990,full,4,backward,1,0.9999802112579346,0.3437750339508056,0.5644305348396301,0.2206555008888244,0.3437750339508056
2,block2_h72_seed11,3991,full,1,right,1,0.9996697902679444,0.5416895747184753,0.7176921963691711,0.1760026216506958,0.5416895747184753
2,block2_h72_seed11,3992,full,3,forward,1,0.994806706905365,0.5290138721466064,0.6425408720970154,0.1135269999504089,0.5290138721466064
2,block2_h72_seed11,3993,full,2,left,0,0.4732520878314972,0.586266040802002,0.5948470234870911,0.0085809826850891,0.5948470234870911
2,block2_h72_seed11,3994,full,2,left,1,0.99912029504776,1.2468465566635132,1.3932291269302368,0.1463825702667236,1.2468465566635132
2,block2_h72_seed11,3995,full,3,forward,1,0.9710868000984192,1.436406135559082,1.5067895650863647,0.0703834295272827,1.436406135559082
2,block2_h72_seed11,3996,full,4,backward,1,0.9997184872627258,0.5851553082466125,0.7562329173088074,0.1710776090621948,0.5851553082466125
2,block2_h72_seed11,3997,full,3,forward,1,0.9989919066429138,1.53177011013031,1.670077204704285,0.1383070945739746,1.53177011013031
2,block2_h72_seed11,3998,full,4,backward,1,0.9999395608901978,0.8697566986083984,1.06402850151062,0.1942718029022216,0.8697566986083984
2,block2_h72_seed11,3999,full,3,forward,1,0.9999954700469972,0.3852599561214447,0.6388270854949951,0.2535671293735504,0.3852599561214447
2,block2_v18_seed12,3500,small_full,3,forward,1,0.9995390176773072,1.5183898210525513,1.6819921731948853,0.1636023521423339,1.5183898210525513
2,block2_v18_seed12,3501,small_full,4,backward,1,0.9999995231628418,0.876295268535614,1.172707200050354,0.29641193151474,0.876295268535614
2,block2_v18_seed12,3502,small_full,4,backward,1,0.9999852180480956,1.7203598022460938,1.9446840286254885,0.2243242263793945,1.7203598022460938
2,block2_v18_seed12,3503,small_full,2,left,1,0.9990278482437134,0.8710128664970398,1.0271579027175903,0.1561450362205505,0.8710128664970398
2,block2_v18_seed12,3504,small_full,4,backward,1,0.580781877040863,1.2781985998153689,1.2947560548782349,0.0165574550628662,1.2781985998153689
2,block2_v18_seed12,3505,small_full,4,backward,1,0.9990707635879515,1.82636034488678,1.977583050727844,0.1512227058410644,1.82636034488678
2,block2_v18_seed12,3507,small_full,1,right,1,0.9995933175086976,1.0706626176834106,1.2380727529525757,0.167410135269165,1.0706626176834106
2,block2_v18_seed12,3509,small_full,4,backward,1,0.9990803003311156,0.8585128784179688,1.01645028591156,0.1579374074935913,0.8585128784179688
2,block2_v18_seed12,3510,small_full,4,backward,1,0.999977707862854,0.8207280039787292,1.0436681509017944,0.2229401469230651,0.8207280039787292
2,block2_v18_seed12,3511,small_full,2,left,1,0.9999979734420776,1.0047303438186646,1.278773307800293,0.2740429639816284,1.0047303438186646
2,block2_v18_seed12,3513,small_full,2,left,1,0.9988092184066772,2.25091814994812,2.3929522037506104,0.1420340538024902,2.25091814994812
2,block2_v18_seed12,3515,small_full,2,left,1,0.93688303232193,1.811660885810852,1.877779006958008,0.0661181211471557,1.811660885810852
2,block2_v18_seed12,3516,small_full,4,backward,1,0.999717891216278,0.7639631628990173,0.9287856221199036,0.1648224592208862,0.7639631628990173
2,block2_v18_seed12,3517,small_full,3,forward,1,0.999977707862854,1.0032548904418943,1.2240962982177734,0.2208414077758789,1.0032548904418943
2,block2_v18_seed12,3519,small_full,3,forward,1,1.0,0.90836900472641,1.2892531156539917,0.3808841109275818,0.90836900472641
2,block2_v18_seed12,3520,small_full,2,left,1,0.9998480081558228,1.1149946451187134,1.297503113746643,0.1825084686279297,1.1149946451187134
2,block2_v18_seed12,3521,small_full,1,right,1,0.9670246243476868,1.6547775268554688,1.722542405128479,0.0677648782730102,1.6547775268554688
2,block2_v18_seed12,3522,small_full,1,right,1,0.9998685121536256,1.4445133209228516,1.6285279989242554,0.1840146780014038,1.4445133209228516
2,block2_v18_seed12,3523,small_full,1,right,1,0.9998912811279296,1.2443015575408936,1.4328103065490725,0.1885087490081787,1.2443015575408936
2,block2_v18_seed12,3525,small_full,2,left,1,0.9999792575836182,1.1032906770706177,1.3348407745361328,0.2315500974655151,1.1032906770706177
2,block2_v18_seed12,3526,small_full,1,right,1,0.998909592628479,1.0552905797958374,1.1989868879318235,0.1436963081359863,1.0552905797958374
2,block2_v18_seed12,3527,small_full,4,backward,1,0.9998855590820312,1.0044749975204468,1.1890326738357544,0.1845576763153076,1.0044749975204468
2,block2_v18_seed12,3528,small_full,1,right,1,0.986690878868103,1.7585926055908203,1.858304023742676,0.0997114181518554,1.7585926055908203
2,block2_v18_seed12,3529,small_full,2,left,1,0.9970391988754272,2.233116865158081,2.350511312484741,0.1173944473266601,2.233116865158081
2,block2_v18_seed12,3530,small_full,1,right,1,0.9999371767044068,2.1805994510650635,2.375023126602173,0.1944236755371093,2.1805994510650635
2,block2_v18_seed12,3531,small_full,3,forward,1,0.9996752738952636,1.8197587728500368,1.9808015823364256,0.1610428094863891,1.8197587728500368
2,block2_v18_seed12,3534,small_full,2,left,1,0.999955415725708,1.02895987033844,1.2327752113342283,0.2038153409957885,1.02895987033844
2,block2_v18_seed12,3535,small_full,4,backward,1,0.9999841451644896,1.5483031272888184,1.769290566444397,0.2209874391555786,1.5483031272888184
2,block2_v18_seed12,3537,small_full,4,backward,1,0.9999929666519164,1.056113362312317,1.304623246192932,0.2485098838806152,1.056113362312317
2,block2_v18_seed12,3538,small_full,1,right,1,0.8857592940330505,1.5317658185958862,1.5731521844863892,0.0413863658905029,1.5317658185958862
2,block2_v18_seed12,3539,small_full,3,forward,1,0.9999508857727052,0.8489721417427063,1.054110407829285,0.2051382660865783,0.8489721417427063
2,block2_v18_seed12,3540,small_full,4,backward,1,0.9993619322776794,1.6040922403335571,1.752214431762695,0.1481221914291381,1.6040922403335571
2,block2_v18_seed12,3542,small_full,2,left,1,0.9970430731773376,1.5733734369277954,1.6948251724243164,0.121451735496521,1.5733734369277954
2,block2_v18_seed12,3543,small_full,3,forward,1,0.9993372559547424,0.8309834599494934,0.989428699016571,0.1584452390670776,0.8309834599494934
2,block2_v18_seed12,3545,small_full,3,forward,1,0.994804322719574,1.5874100923538208,1.6979221105575562,0.1105120182037353,1.5874100923538208
2,block2_v18_seed12,3546,small_full,4,backward,1,0.9991324543952942,1.8578754663467407,1.9998537302017207,0.1419782638549804,1.8578754663467407
2,block2_v18_seed12,3547,small_full,3,forward,1,0.999959111213684,0.8515529632568359,1.059306502342224,0.2077535390853881,0.8515529632568359
2,block2_v18_seed12,3549,small_full,4,backward,1,0.9999868869781494,1.8038020133972168,2.0397579669952397,0.2359559535980224,1.8038020133972168
2,block2_v18_seed12,3550,small_full,1,right,1,0.9992775321006776,2.415702104568481,2.569300651550293,0.1535985469818115,2.415702104568481
2,block2_v18_seed12,3552,small_full,1,right,1,0.8357821702957153,2.1115667819976807,2.1480584144592285,0.0364916324615478,2.1115667819976807
2,block2_v18_seed12,3553,small_full,4,backward,1,0.9999982118606568,0.9710217118263244,1.253501534461975,0.2824798226356506,0.9710217118263244
2,block2_v18_seed12,3554,small_full,4,backward,1,0.8842857480049133,1.4662128686904907,1.5069290399551392,0.0407161712646484,1.4662128686904907
2,block2_v18_seed12,3555,small_full,3,forward,1,0.999332845211029,0.8485373854637146,0.9954028129577636,0.146865427494049,0.8485373854637146
2,block2_v18_seed12,3556,small_full,1,right,1,0.9991440773010254,1.341314673423767,1.48552668094635,0.144212007522583,1.341314673423767
2,block2_v18_seed12,3557,small_full,2,left,1,0.9996161460876464,0.9546146392822266,1.11404550075531,0.1594308614730835,0.9546146392822266
2,block2_v18_seed12,3558,small_full,2,left,1,0.99989652633667,1.0643774271011353,1.2542134523391724,0.1898360252380371,1.0643774271011353
2,block2_v18_seed12,3559,small_full,1,right,1,0.999573290348053,1.0167993307113647,1.187196135520935,0.1703968048095703,1.0167993307113647
2,block2_v18_seed12,3560,small_full,1,right,1,0.9985559582710266,1.1546989679336548,1.2924596071243286,0.1377606391906738,1.1546989679336548
2,block2_v18_seed12,3561,small_full,3,forward,1,0.996088981628418,1.492637276649475,1.6058555841445925,0.1132183074951171,1.492637276649475
2,block2_v18_seed12,3562,small_full,1,right,1,0.9999114274978638,1.2683321237564087,1.469246745109558,0.2009146213531494,1.2683321237564087
2,block2_v18_seed12,3563,small_full,4,backward,1,0.9999630451202391,1.0387815237045288,1.2560869455337524,0.2173054218292236,1.0387815237045288
2,block2_v18_seed12,3564,small_full,2,left,1,0.999995231628418,0.9469215273857116,1.193174958229065,0.2462534308433532,0.9469215273857116
2,block2_v18_seed12,3565,small_full,3,forward,1,0.9998894929885864,1.7327977418899536,1.9172691106796265,0.1844713687896728,1.7327977418899536
2,block2_v18_seed12,3566,small_full,1,right,1,0.99997079372406,1.2481268644332886,1.4704893827438354,0.2223625183105468,1.2481268644332886
2,block2_v18_seed12,3567,small_full,1,right,1,0.9928815364837646,1.4569200277328491,1.5568827390670776,0.0999627113342285,1.4569200277328491
2,block2_v18_seed12,3568,small_full,4,backward,1,0.9999783039093018,0.8207280039787292,1.0468260049819946,0.2260980010032653,0.8207280039787292
2,block2_v18_seed12,3569,small_full,2,left,1,0.9999939203262328,0.9469215273857116,1.193174958229065,0.2462534308433532,0.9469215273857116
2,block2_v18_seed12,3570,small_full,3,forward,1,0.9982581734657288,1.884585976600647,2.0191991329193115,0.1346131563186645,1.884585976600647
2,block2_v18_seed12,3572,small_full,1,right,1,0.9915112853050232,1.2006317377090454,1.302186131477356,0.1015543937683105,1.2006317377090454
2,block2_v18_seed12,3573,small_full,3,forward,1,0.9989256262779236,1.6846309900283811,1.8326598405838013,0.1480288505554199,1.6846309900283811
2,block2_v18_seed12,3574,small_full,2,left,1,0.980834662914276,0.8228420615196228,0.9098439812660216,0.0870019197463989,0.8228420615196228
2,block2_v18_seed12,3576,small_full,4,backward,1,0.9999737739562988,1.6536622047424316,1.8686386346817017,0.21497642993927,1.6536622047424316
2,block2_v18_seed12,3577,small_full,1,right,1,0.999297857284546,1.5317658185958862,1.6776453256607056,0.1458795070648193,1.5317658185958862
2,block2_v18_seed12,3579,small_full,1,right,1,0.9994858503341676,0.8720582127571106,1.0243041515350342,0.1522459387779235,0.8720582127571106
2,block2_v18_seed12,3580,small_full,1,right,1,0.9595047235488892,2.017423391342163,2.0876643657684326,0.0702409744262695,2.017423391342163
2,block2_v18_seed12,3581,small_full,4,backward,1,0.9995688796043396,1.6920675039291382,1.8473230600357056,0.1552555561065673,1.6920675039291382
2,block2_v18_seed12,3582,small_full,3,forward,1,0.9926149845123292,1.8699785470962524,1.968475341796875,0.0984967947006225,1.8699785470962524
2,block2_v18_seed12,3583,small_full,2,left,1,0.9999754428863524,1.2063961029052734,1.421870231628418,0.2154741287231445,1.2063961029052734
2,block2_v18_seed12,3584,small_full,2,left,1,0.9933438301086426,1.290436029434204,1.4023655652999878,0.1119295358657836,1.290436029434204
2,block2_v18_seed12,3585,small_full,4,backward,1,0.9999977350234984,1.059941291809082,1.331694483757019,0.271753191947937,1.059941291809082
2,block2_v18_seed12,3586,small_full,4,backward,1,0.996874213218689,1.5857387781143188,1.709153652191162,0.1234148740768432,1.5857387781143188
2,block2_v18_seed12,3587,small_full,4,backward,1,0.9999693632125854,0.7226901650428772,0.9354106783866882,0.212720513343811,0.7226901650428772
2,block2_v18_seed12,3588,small_full,1,right,1,0.9573992490768432,1.5202689170837402,1.5830546617507937,0.0627857446670532,1.5202689170837402
2,block2_v18_seed12,3589,small_full,1,right,1,0.9903064966201782,1.865727424621582,1.9598039388656616,0.0940765142440795,1.865727424621582
2,block2_v18_seed12,3591,small_full,4,backward,1,0.9999970197677612,1.7620760202407837,2.017079591751098,0.2550035715103149,1.7620760202407837
2,block2_v18_seed12,3592,small_full,2,left,1,0.988477110862732,1.811660885810852,1.9063811302185056,0.0947202444076538,1.811660885810852
2,block2_v18_seed12,3593,small_full,3,forward,1,0.9998552799224854,1.7327977418899536,1.9172691106796265,0.1844713687896728,1.7327977418899536
2,block2_v18_seed12,3594,small_full,1,right,1,0.9986788630485536,1.7468124628067017,1.8800750970840452,0.1332626342773437,1.7468124628067017
2,block2_v18_seed12,3595,small_full,3,forward,1,0.9980196952819824,1.5440683364868164,1.6883972883224487,0.1443289518356323,1.5440683364868164
2,block2_v18_seed12,3596,small_full,3,forward,1,0.9958032965660096,1.880654215812683,1.993398666381836,0.1127444505691528,1.880654215812683
2,block2_v18_seed12,3597,small_full,2,left,1,0.9990610480308532,1.8199801445007324,1.9695357084274288,0.1495555639266967,1.8199801445007324
2,block2_v18_seed12,3598,small_full,3,forward,1,0.9951776266098022,1.9861170053482056,2.098172664642334,0.1120556592941284,1.9861170053482056
2,block2_v18_seed12,3600,small_full,1,right,1,0.9999886751174928,1.2481268644332886,1.4788042306900024,0.2306773662567138,1.2481268644332886
2,block2_v18_seed12,3601,small_full,1,right,1,0.9852521419525146,1.6903719902038574,1.7779384851455688,0.0875664949417114,1.6903719902038574
2,block2_v18_seed12,3603,small_full,4,backward,1,0.999998927116394,0.9569455981254578,1.2317558526992798,0.274810254573822,0.9569455981254578
2,block2_v18_seed12,3604,small_full,3,forward,1,0.8884234428405762,1.834458351135254,1.8921594619750977,0.0577011108398437,1.834458351135254
2,block2_v18_seed12,3605,small_full,4,backward,1,0.9992921352386476,1.6560096740722656,1.8057235479354856,0.1497138738632202,1.6560096740722656
2,block2_v18_seed12,3607,small_full,4,backward,1,0.9999855756759644,1.6096725463867188,1.8433526754379272,0.2336801290512085,1.6096725463867188
2,block2_v18_seed12,3608,small_full,3,forward,1,0.9998252987861632,1.899081110954285,2.07218599319458,0.1731048822402954,1.899081110954285
2,block2_v18_seed12,3609,small_full,4,backward,1,0.9999972581863404,0.7398102879524231,1.0076919794082642,0.267881691455841,0.7398102879524231
2,block2_v18_seed12,3611,small_full,4,backward,1,0.999966025352478,1.80190908908844,2.007850408554077,0.2059413194656372,1.80190908908844
2,block2_v18_seed12,3613,small_full,4,backward,1,0.9994240999221802,1.672749161720276,1.821954369544983,0.149205207824707,1.672749161720276
2,block2_v18_seed12,3614,small_full,1,right,1,0.9889963865280152,0.8728790283203125,0.9637945294380188,0.0909155011177063,0.8728790283203125
2,block2_v18_seed12,3616,small_full,3,forward,1,0.998315453529358,1.9427642822265625,2.070943117141724,0.1281788349151611,1.9427642822265625
2,block2_v18_seed12,3617,small_full,3,forward,1,0.9971429705619812,1.9692087173461916,2.086331605911255,0.1171228885650634,1.9692087173461916
2,block2_v18_seed12,3619,small_full,1,right,1,0.999723732471466,0.9367838501930236,1.114732265472412,0.1779484152793884,0.9367838501930236
2,block2_v18_seed12,3620,small_full,2,left,1,0.9985326528549194,0.8527898788452148,0.9846603274345398,0.1318704485893249,0.8527898788452148
2,block2_v18_seed12,3621,small_full,1,right,1,0.9975761771202089,1.0552905797958374,1.1836827993392944,0.128392219543457,1.0552905797958374
2,block2_v18_seed12,3623,small_full,1,right,1,0.9976080656051636,1.2359899282455444,1.3674217462539673,0.1314318180084228,1.2359899282455444
2,block2_v18_seed12,3625,small_full,1,right,1,0.9889841675758362,1.2030128240585327,1.3084348440170288,0.1054220199584961,1.2030128240585327
2,block2_v18_seed12,3626,small_full,2,left,1,0.9996438026428224,0.9633302092552184,1.1324542760849,0.1691240668296814,0.9633302092552184
2,block2_v18_seed12,3628,small_full,3,forward,1,1.0,0.90836900472641,1.2439876794815063,0.3356186747550964,0.90836900472641
2,block2_v18_seed12,3629,small_full,1,right,1,0.9999958276748656,1.9581657648086548,2.21362566947937,0.2554599046707153,1.9581657648086548
2,block2_v18_seed12,3631,small_full,1,right,1,0.9999905824661256,1.1648097038269043,1.4095016717910769,0.2446919679641723,1.1648097038269043
2,block2_v18_seed12,3633,small_full,1,right,1,0.9995338916778564,1.0706626176834106,1.2380727529525757,0.167410135269165,1.0706626176834106
2,block2_v18_seed12,3634,small_full,1,right,1,0.9999979734420776,1.2140179872512815,1.4965227842330933,0.2825047969818115,1.2140179872512815
2,block2_v18_seed12,3635,small_full,2,left,1,0.993611752986908,0.8795788884162903,0.9932138919830322,0.1136350035667419,0.8795788884162903
2,block2_v18_seed12,3636,small_full,3,forward,1,0.999946355819702,0.8802313208580017,1.0823506116867063,0.2021192908287048,0.8802313208580017
2,block2_v18_seed12,3637,small_full,3,forward,1,0.9996439218521118,0.8817923665046692,1.0424251556396484,0.1606327891349792,0.8817923665046692
2,block2_v18_seed12,3638,small_full,4,backward,1,0.9999682903289796,1.6040922403335571,1.812174677848816,0.2080824375152588,1.6040922403335571
2,block2_v18_seed12,3639,small_full,3,forward,1,0.999998927116394,1.7327977418899536,2.006854057312012,0.2740563154220581,1.7327977418899536
2,block2_v18_seed12,3641,small_full,4,backward,1,0.9999992847442628,0.8206949234008789,1.1035712957382202,0.2828763723373413,0.8206949234008789
2,block2_v18_seed12,3642,small_full,3,forward,0,0.5519744753837585,1.264621019363403,1.272778868675232,0.0081578493118286,1.3034604787826538
2,block2_v18_seed12,3644,small_full,3,forward,1,0.9262197017669678,1.3353285789489746,1.4019838571548462,0.0666552782058715,1.3353285789489746
2,block2_v18_seed12,3645,small_full,4,backward,1,0.9936296343803406,1.5643221139907837,1.665676474571228,0.1013543605804443,1.5643221139907837
2,block2_v18_seed12,3646,small_full,3,forward,1,0.9999747276306152,0.9716768860816956,1.1952623128890991,0.2235854268074035,0.9716768860816956
2,block2_v18_seed12,3647,small_full,1,right,1,0.9997496008872986,1.2852457761764526,1.455180525779724,0.1699347496032714,1.2852457761764526
2,block2_v18_seed12,3648,small_full,3,forward,1,0.9945085644721984,1.5559104681015017,1.660205960273743,0.1042954921722412,1.5559104681015017
2,block2_v18_seed12,3649,small_full,3,forward,1,0.997205913066864,1.941083073616028,2.058661699295044,0.1175786256790161,1.941083073616028
2,block2_v18_seed12,3650,small_full,2,left,1,0.9960917830467224,0.9142746925354004,1.0283139944076538,0.1140393018722534,0.9142746925354004
2,block2_v18_seed12,3651,small_full,1,right,1,0.9915112853050232,1.2006317377090454,1.302186131477356,0.1015543937683105,1.2006317377090454
2,block2_v18_seed12,3652,small_full,3,forward,1,0.9999992847442628,0.7750668525695801,1.0711885690689087,0.2961217164993286,0.7750668525695801
2,block2_v18_seed12,3654,small_full,2,left,1,0.9679049849510192,0.9950045943260192,1.065783977508545,0.0707793831825256,0.9950045943260192
2,block2_v18_seed12,3655,small_full,3,forward,1,0.9994788765907288,1.8197587728500368,1.9808015823364256,0.1610428094863891,1.8197587728500368
2,block2_v18_seed12,3656,small_full,2,left,1,0.956959903240204,1.828876495361328,1.906140685081482,0.0772641897201538,1.828876495361328
2,block2_v18_seed12,3657,small_full,1,right,1,0.9930458664894104,1.9535337686538696,2.052764654159546,0.0992308855056762,1.9535337686538696
2,block2_v18_seed12,3658,small_full,2,left,1,0.9971750974655152,0.9261091351509094,1.0495558977127075,0.1234467625617981,0.9261091351509094
2,block2_v18_seed12,3660,small_full,1,right,1,0.9987205266952516,1.1936403512954712,1.3307600021362305,0.1371196508407592,1.1936403512954712
2,block2_v18_seed12,3661,small_full,2,left,1,0.9554665088653564,1.1146615743637085,1.185644507408142,0.0709829330444336,1.1146615743637085
2,block2_v18_seed12,3662,small_full,3,forward,1,0.9997395873069764,0.8707983493804932,1.039306640625,0.1685082912445068,0.8707983493804932
2,block2_v18_seed12,3663,small_full,1,right,1,0.9981679916381836,1.2879129648208618,1.4212435483932495,0.1333305835723877,1.2879129648208618
2,block2_v18_seed12,3664,small_full,1,right,1,0.97357439994812,1.763638973236084,1.8392534255981443,0.0756144523620605,1.763638973236084
2,block2_v18_seed12,3666,small_full,1,right,1,0.9887540340423584,1.6592906713485718,1.750592827796936,0.0913021564483642,1.6592906713485718
2,block2_v18_seed12,3667,small_full,1,right,1,0.9999992847442628,1.4540719985961914,1.7471156120300293,0.2930436134338379,1.4540719985961914
2,block2_v18_seed12,3668,small_full,3,forward,1,0.9999938011169434,0.8077898025512695,1.0566775798797607,0.2488877773284912,0.8077898025512695
2,block2_v18_seed12,3669,small_full,1,right,1,0.9998897314071656,1.2852457761764526,1.4866453409194946,0.201399564743042,1.2852457761764526
2,block2_v18_seed12,3670,small_full,1,right,1,0.9990887641906738,1.6570147275924685,1.8028258085250852,0.1458110809326172,1.6570147275924685
2,block2_v18_seed12,3673,small_full,1,right,1,0.999739944934845,0.8720582127571106,1.042822241783142,0.1707640290260315,0.8720582127571106
2,block2_v18_seed12,3674,small_full,2,left,1,0.9998396635055542,1.4380820989608765,1.6177884340286257,0.179706335067749,1.4380820989608765
2,block2_v18_seed12,3675,small_full,1,right,1,0.9988897442817688,1.0706626176834106,1.2155205011367798,0.1448578834533691,1.0706626176834106
2,block2_v18_seed12,3677,small_full,2,left,1,0.9998663663864136,1.1591869592666626,1.3410152196884155,0.1818282604217529,1.1591869592666626
2,block2_v18_seed12,3678,small_full,1,right,1,0.9978959560394288,1.618708252906799,1.749996542930603,0.1312882900238037,1.618708252906799
2,block2_v18_seed12,3679,small_full,1,right,1,0.9998894929885864,1.1421818733215332,1.3363457918167114,0.1941639184951782,1.1421818733215332
2,block2_v18_seed12,3680,small_full,4,backward,1,0.9999990463256836,0.6649482250213623,0.9414371848106384,0.2764889597892761,0.6649482250213623
2,block2_v18_seed12,3681,small_full,4,backward,1,0.9994138479232788,0.963206708431244,1.118502855300903,0.1552961468696594,0.963206708431244
2,block2_v18_seed12,3682,small_full,2,left,1,0.9987310767173768,1.320062518119812,1.4580413103103638,0.1379787921905517,1.320062518119812
2,block2_v18_seed12,3683,small_full,2,left,1,0.9993669390678406,0.8865289688110352,1.0364192724227903,0.1498903036117553,0.8865289688110352
2,block2_v18_seed12,3684,small_full,4,backward,1,0.999986171722412,0.6906769275665283,0.9226031303405762,0.2319262027740478,0.6906769275665283
2,block2_v18_seed12,3686,small_full,4,backward,1,0.9997451901435852,1.724964261054993,1.891040802001953,0.1660765409469604,1.724964261054993
2,block2_v18_seed12,3687,small_full,3,forward,1,0.9999587535858154,0.9594678282737732,1.163802146911621,0.2043343186378479,0.9594678282737732
2,block2_v18_seed12,3688,small_full,4,backward,1,0.99958735704422,1.7327016592025757,1.8886222839355469,0.1559206247329712,1.7327016592025757
2,block2_v18_seed12,3689,small_full,1,right,1,0.9999383687973022,1.5888439416885376,1.7831120491027832,0.1942681074142456,1.5888439416885376
2,block2_v18_seed12,3690,small_full,4,backward,1,0.9999842643737792,1.051343321800232,1.2817234992980957,0.2303801774978637,1.051343321800232
2,block2_v18_seed12,3691,small_full,2,left,1,0.9992167949676514,0.7500178217887878,0.9062259793281556,0.1562081575393676,0.7500178217887878
2,block2_v18_seed12,3692,small_full,4,backward,1,0.999961256980896,0.9515120387077332,1.163399577140808,0.2118875384330749,0.9515120387077332
2,block2_v18_seed12,3693,small_full,4,backward,1,0.999722182750702,0.8057665824890137,0.9774522185325624,0.1716856360435485,0.8057665824890137
2,block2_v18_seed12,3694,small_full,4,backward,1,0.998813271522522,0.8437261581420898,0.9916083216667176,0.1478821635246276,0.8437261581420898
2,block2_v18_seed12,3695,small_full,1,right,1,0.9999901056289672,1.4622325897216797,1.6955909729003906,0.2333583831787109,1.4622325897216797
2,block2_v18_seed12,3696,small_full,2,left,1,0.995995044708252,0.9142746925354004,1.0283139944076538,0.1140393018722534,0.9142746925354004
2,block2_v18_seed12,3697,small_full,3,forward,1,0.9999979734420776,0.9223212599754332,1.1943671703338623,0.2720459103584289,0.9223212599754332
2,block2_v18_seed12,3699,small_full,2,left,1,0.997991681098938,1.6157077550888062,1.746846079826355,0.1311383247375488,1.6157077550888062
2,block2_v18_seed12,3701,small_full,3,forward,1,0.8908617496490479,1.673660159111023,1.7272135019302368,0.0535533428192138,1.673660159111023
2,block2_v18_seed12,3702,small_full,2,left,1,0.9970543384552002,0.9330730438232422,1.0579503774642944,0.1248773336410522,0.9330730438232422
2,block2_v18_seed12,3704,small_full,1,right,1,0.9975988268852234,1.066214084625244,1.1924906969070437,0.1262766122817993,1.066214084625244
2,block2_v18_seed12,3706,small_full,1,right,1,0.9999747276306152,1.4622325897216797,1.6799310445785522,0.2176984548568725,1.4622325897216797
2,block2_v18_seed12,3707,small_full,4,backward,1,0.9999821186065674,1.7707375288009644,1.9893174171447756,0.218579888343811,1.7707375288009644
2,block2_v18_seed12,3708,small_full,4,backward,1,0.9999990463256836,1.017985701560974,1.3079057931900024,0.2899200916290283,1.017985701560974
2,block2_v18_seed12,3709,small_full,4,backward,1,0.9979861974716188,1.7038898468017578,1.8285841941833496,0.1246943473815918,1.7038898468017578
2,block2_v18_seed12,3710,small_full,2,left,1,0.9466432332992554,2.002713441848755,2.0641191005706787,0.0614056587219238,2.002713441848755
2,block2_v18_seed12,3711,small_full,2,left,1,0.999366819858551,1.8212820291519165,1.9713996648788448,0.1501176357269287,1.8212820291519165
2,block2_v18_seed12,3712,small_full,4,backward,1,0.9999996423721312,0.9569455981254578,1.276181697845459,0.3192360997200012,0.9569455981254578
2,block2_v18_seed12,3713,small_full,3,forward,1,0.9841976761817932,1.7473386526107788,1.8314110040664675,0.0840723514556884,1.7473386526107788
2,block2_v18_seed12,3714,small_full,4,backward,1,0.999998927116394,0.9122347235679626,1.1973284482955933,0.2850937247276306,0.9122347235679626
2,block2_v18_seed12,3715,small_full,2,left,1,0.5028994679450989,1.5791832208633425,1.5797585248947144,0.000575304031372,1.5791832208633425
2,block2_v18_seed12,3716,small_full,1,right,1,0.9926016926765442,1.0552905797958374,1.1647087335586548,0.1094181537628173,1.0552905797958374
2,block2_v18_seed12,3717,small_full,4,backward,1,0.6374096274375916,1.2781985998153689,1.2947560548782349,0.0165574550628662,1.2781985998153689
2,block2_v18_seed12,3718,small_full,1,right,1,0.9999717473983764,1.0503414869308472,1.2760874032974243,0.2257459163665771,1.0503414869308472
2,block2_v18_seed12,3719,small_full,4,backward,1,0.9999780654907228,0.7503703236579895,0.9694903492927552,0.2191200256347656,0.7503703236579895
2,block2_v18_seed12,3721,small_full,1,right,1,0.9890210032463074,1.7016286849975586,1.7938003540039062,0.0921716690063476,1.7016286849975586
2,block2_v18_seed12,3722,small_full,3,forward,1,0.9963196516036988,1.9861170053482056,2.098172664642334,0.1120556592941284,1.9861170053482056
2,block2_v18_seed12,3723,small_full,2,left,1,0.99689781665802,1.1119548082351685,1.2322018146514893,0.1202470064163208,1.1119548082351685
2,block2_v18_seed12,3724,small_full,3,forward,1,0.9593921899795532,1.714237093925476,1.788485050201416,0.0742479562759399,1.714237093925476
2,block2_v18_seed12,3725,small_full,3,forward,1,0.9997456669807434,1.5982879400253296,1.775895118713379,0.1776071786880493,1.5982879400253296
2,block2_v18_seed12,3727,small_full,1,right,1,0.9999990463256836,1.373883843421936,1.6530135869979858,0.2791297435760498,1.373883843421936
2,block2_v18_seed12,3728,small_full,4,backward,1,0.9993411898612976,0.9290644526481628,1.076454997062683,0.1473905444145202,0.9290644526481628
2,block2_v18_seed12,3730,small_full,4,backward,1,0.9998481273651124,1.7707375288009644,1.949106812477112,0.1783692836761474,1.7707375288009644
2,block2_v18_seed12,3731,small_full,1,right,1,0.9999396800994872,0.976590633392334,1.1851342916488647,0.2085436582565307,0.976590633392334
2,block2_v18_seed12,3732,small_full,4,backward,1,0.9964234232902528,1.7127269506454468,1.844268798828125,0.1315418481826782,1.7127269506454468
2,block2_v18_seed12,3733,small_full,3,forward,1,0.999853253364563,1.880654215812683,2.064737319946289,0.1840831041336059,1.880654215812683
2,block2_v18_seed12,3734,small_full,1,right,1,0.9885652661323548,1.2006317377090454,1.302186131477356,0.1015543937683105,1.2006317377090454
2,block2_v18_seed12,3735,small_full,4,backward,1,0.9999996423721312,0.876295268535614,1.172707200050354,0.29641193151474,0.876295268535614
2,block2_v18_seed12,3738,small_full,4,backward,1,0.996891438961029,1.6807435750961304,1.809626579284668,0.1288830041885376,1.6807435750961304
2,block2_v18_seed12,3739,small_full,2,left,1,0.9999911785125732,1.7914971113204956,2.0324079990386963,0.2409108877182006,1.7914971113204956
2,block2_v18_seed12,3740,small_full,1,right,1,0.998927891254425,1.2359899282455444,1.3803552389144895,0.1443653106689453,1.2359899282455444
2,block2_v18_seed12,3741,small_full,1,right,1,0.9994788765907288,1.1484849452972412,1.3020610809326172,0.1535761356353759,1.1484849452972412
2,block2_v18_seed12,3742,small_full,2,left,1,0.5977042317390442,1.638496994972229,1.6538881063461304,0.0153911113739013,1.638496994972229
2,block2_v18_seed12,3743,small_full,2,left,1,0.9990719556808472,1.663982391357422,1.8040262460708616,0.1400438547134399,1.663982391357422
2,block2_v18_seed12,3745,small_full,2,left,1,0.99893456697464,2.3143532276153564,2.4534947872161865,0.13914155960083,2.3143532276153564
2,block2_v18_seed12,3746,small_full,3,forward,1,0.9984057545661926,1.7586981058120728,1.8886419534683228,0.12994384765625,1.7586981058120728
2,block2_v18_seed12,3747,small_full,3,forward,1,0.9234699606895448,1.5202337503433228,1.572093486785889,0.0518597364425659,1.5202337503433228
2,block2_v18_seed12,3748,small_full,3,forward,1,0.9999499320983888,1.056790828704834,1.264248967170715,0.2074581384658813,1.056790828704834
2,block2_v18_seed12,3749,small_full,1,right,1,0.9991737008094788,1.0706626176834106,1.2155205011367798,0.1448578834533691,1.0706626176834106
2,block2_v18_seed12,3750,small_full,1,right,1,0.9981765747070312,1.0291677713394165,1.168709397315979,0.1395416259765625,1.0291677713394165
2,block2_v18_seed12,3751,small_full,1,right,1,0.5928753614425659,1.6815043687820437,1.7012609243392944,0.0197565555572509,1.6815043687820437
2,block2_v18_seed12,3752,small_full,4,backward,1,0.9999983310699464,0.7294585704803467,1.0029524564743042,0.2734938859939575,0.7294585704803467
2,block2_v18_seed12,3753,small_full,1,right,1,0.9983891248703004,1.6547775268554688,1.7881736755371094,0.1333961486816406,1.6547775268554688
2,block2_v18_seed12,3755,small_full,2,left,1,0.9997093081474304,0.9973215460777284,1.1711153984069824,0.1737938523292541,0.9973215460777284
2,block2_v18_seed12,3756,small_full,1,right,1,0.9999531507492064,1.3543003797531128,1.568272590637207,0.2139722108840942,1.3543003797531128
2,block2_v18_seed12,3758,small_full,1,right,1,0.996834933757782,1.7865571975708008,1.9029436111450195,0.1163864135742187,1.7865571975708008
2,block2_v18_seed12,3759,small_full,2,left,1,0.9821687340736388,1.6174296140670776,1.7099837064743042,0.0925540924072265,1.6174296140670776
2,block2_v18_seed12,3760,small_full,1,right,1,0.9999498128890992,0.9517692923545836,1.1583577394485474,0.2065884470939636,0.9517692923545836
2,block2_v18_seed12,3761,small_full,4,backward,1,0.9997592568397522,1.0044749975204468,1.184181809425354,0.1797068119049072,1.0044749975204468
2,block2_v18_seed12,3762,small_full,2,left,0,0.5268731117248535,2.230962038040161,2.233116865158081,0.0021548271179199,2.233116865158081
2,block2_v18_seed12,3763,small_full,3,forward,1,0.8072049021720886,1.2650812864303589,1.2946538925170898,0.0295726060867309,1.2650812864303589
2,block2_v18_seed12,3766,small_full,1,right,1,0.9897913336753844,1.7016286849975586,1.7938003540039062,0.0921716690063476,1.7016286849975586
2,block2_v18_seed12,3767,small_full,2,left,1,0.989829957485199,1.7001371383666992,1.8017215728759768,0.1015844345092773,1.7001371383666992
2,block2_v18_seed12,3769,small_full,2,left,1,0.9966846108436584,1.320062518119812,1.4454118013381958,0.1253492832183838,1.320062518119812
2,block2_v18_seed12,3770,small_full,3,forward,1,0.9998801946640016,0.8564285635948181,1.0460045337677002,0.189575970172882,0.8564285635948181
2,block2_v18_seed12,3771,small_full,2,left,1,0.9595436453819276,2.2859926223754883,2.360881090164185,0.0748884677886962,2.2859926223754883
2,block2_v18_seed12,3772,small_full,2,left,1,0.9997161030769348,1.1281050443649292,1.3095147609710691,0.1814097166061401,1.1281050443649292
2,block2_v18_seed12,3774,small_full,1,right,1,0.983853816986084,2.2476143836975098,2.3404500484466557,0.0928356647491455,2.2476143836975098
2,block2_v18_seed12,3775,small_full,4,backward,1,0.9972221851348876,1.7114852666854858,1.830127716064453,0.1186424493789672,1.7114852666854858
2,block2_v18_seed12,3776,small_full,2,left,1,0.9999908208847046,0.940582513809204,1.1749969720840454,0.2344144582748413,0.940582513809204
2,block2_v18_seed12,3777,small_full,1,right,1,0.957337200641632,1.958717465400696,2.036330223083496,0.0776127576828002,1.958717465400696
2,block2_v18_seed12,3778,small_full,4,backward,1,0.9909051060676576,1.5857387781143188,1.6809953451156616,0.0952565670013427,1.5857387781143188
2,block2_v18_seed12,3779,small_full,4,backward,1,0.9997819066047668,0.963206708431244,1.1398686170578003,0.1766619086265564,0.963206708431244
2,block2_v18_seed12,3780,small_full,1,right,1,0.9999566078186036,1.1549071073532104,1.3576809167861938,0.2027738094329834,1.1549071073532104
2,block2_v18_seed12,3781,small_full,2,left,1,0.9988275170326232,2.6074142456054688,2.7441914081573486,0.1367771625518798,2.6074142456054688
2,block2_v18_seed12,3782,small_full,2,left,1,0.9999170303344728,0.930500328540802,1.1242529153823853,0.1937525868415832,0.930500328540802
2,block2_v18_seed12,3785,small_full,2,left,1,0.6231933236122131,2.4991283416748047,2.509315252304077,0.0101869106292724,2.4991283416748047
2,block2_v18_seed12,3786,small_full,1,right,0,0.7932695150375366,1.3077393770217896,1.3393980264663696,0.03165864944458,1.3662437200546265
2,block2_v18_seed12,3787,small_full,4,backward,1,0.999866247177124,0.7722159028053284,0.9513521194458008,0.1791362166404724,0.7722159028053284
2,block2_v18_seed12,3788,small_full,1,right,1,0.9920985698699952,0.8728790283203125,0.9732391834259032,0.1003601551055908,0.8728790283203125
2,block2_v18_seed12,3789,small_full,3,forward,1,0.9979758858680724,0.9752491116523744,1.1025978326797483,0.1273487210273742,0.9752491116523744
2,block2_v18_seed12,3791,small_full,2,left,1,0.9883688688278198,1.2956411838531494,1.388866901397705,0.0932257175445556,1.2956411838531494
2,block2_v18_seed12,3792,small_full,2,left,1,0.9999970197677612,1.002501130104065,1.2728132009506226,0.2703120708465576,1.002501130104065
2,block2_v18_seed12,3793,small_full,3,forward,1,0.998505711555481,1.5154567956924438,1.6569637060165403,0.1415069103240966,1.5154567956924438
2,block2_v18_seed12,3794,small_full,3,forward,1,0.999706208705902,0.9894338250160216,1.1588283777236938,0.1693945527076721,0.9894338250160216
2,block2_v18_seed12,3796,small_full,3,forward,1,0.98335599899292,2.11627459526062,2.2015914916992188,0.0853168964385986,2.11627459526062
2,block2_v18_seed12,3797,small_full,2,left,1,0.98460590839386,1.847059726715088,1.931941032409668,0.08488130569458,1.847059726715088
2,block2_v18_seed12,3798,small_full,3,forward,1,0.998221218585968,1.6421852111816406,1.7731107473373413,0.1309255361557006,1.6421852111816406
2,block2_v18_seed12,3799,small_full,1,right,1,0.9999704360961914,1.6936646699905396,1.9038540124893188,0.2101893424987793,1.6936646699905396
2,block2_v18_seed12,3800,small_full,1,right,1,0.9977772831916808,1.3996120691299438,1.5373749732971191,0.1377629041671753,1.3996120691299438
2,block2_v18_seed12,3801,small_full,1,right,1,0.997918426990509,1.052576780319214,1.1864588260650637,0.1338820457458496,1.052576780319214
2,block2_v18_seed12,3806,small_full,1,right,1,0.9973952770233154,1.7585926055908203,1.8776167631149288,0.1190241575241088,1.7585926055908203
2,block2_v18_seed12,3807,small_full,2,left,1,0.9967233538627625,1.4380820989608765,1.553895115852356,0.1158130168914794,1.4380820989608765
2,block2_v18_seed12,3808,small_full,4,backward,1,0.9957098960876464,1.726664662361145,1.8359017372131348,0.1092370748519897,1.726664662361145
2,block2_v18_seed12,3809,small_full,2,left,1,0.9999939203262328,1.0585709810256958,1.3111833333969116,0.2526123523712158,1.0585709810256958
2,block2_v18_seed12,3810,small_full,1,right,1,0.9999650716781616,0.9629018902778624,1.1775474548339844,0.2146455645561218,0.9629018902778624
2,block2_v18_seed12,3811,small_full,4,backward,1,0.9999852180480956,1.051343321800232,1.2817234992980957,0.2303801774978637,1.051343321800232
2,block2_v18_seed12,3813,small_full,2,left,1,0.998460054397583,0.9942250847816468,1.1376234292984009,0.1433983445167541,0.9942250847816468
2,block2_v18_seed12,3815,small_full,4,backward,1,0.5253217220306396,1.7756627798080444,1.777909278869629,0.0022464990615844,1.7756627798080444
2,block2_v18_seed12,3816,small_full,3,forward,1,0.9998785257339478,0.8802313208580017,1.074804663658142,0.1945733428001403,0.8802313208580017
2,block2_v18_seed12,3817,small_full,1,right,1,0.9892402291297911,1.7016286849975586,1.7938003540039062,0.0921716690063476,1.7016286849975586
2,block2_v18_seed12,3818,small_full,2,left,1,0.9998509883880616,1.02895987033844,1.207110047340393,0.1781501770019531,1.02895987033844
2,block2_v18_seed12,3819,small_full,2,left,1,0.9999361038208008,1.2994080781936646,1.501853585243225,0.2024455070495605,1.2994080781936646
2,block2_v18_seed12,3821,small_full,2,left,1,0.999990940093994,0.940582513809204,1.1749969720840454,0.2344144582748413,0.940582513809204
2,block2_v18_seed12,3822,small_full,4,backward,1,0.9997276663780212,1.5588105916976929,1.72303569316864,0.1642251014709472,1.5588105916976929
2,block2_v18_seed12,3823,small_full,4,backward,1,0.9999841451644896,1.5483031272888184,1.769290566444397,0.2209874391555786,1.5483031272888184
2,block2_v18_seed12,3824,small_full,4,backward,1,0.9849348068237304,1.4036903381347656,1.499118447303772,0.0954281091690063,1.4036903381347656
2,block2_v18_seed12,3825,small_full,3,forward,1,0.591163158416748,1.3034604787826538,1.318027377128601,0.0145668983459472,1.3034604787826538
2,block2_v18_seed12,3826,small_full,4,backward,1,0.999864101409912,1.797726035118103,1.9758776426315308,0.1781516075134277,1.797726035118103
2,block2_v18_seed12,3828,small_full,2,left,1,0.963375985622406,2.132526397705078,2.200734138488769,0.0682077407836914,2.132526397705078
2,block2_v18_seed12,3829,small_full,2,left,1,0.9999204874038696,1.7814383506774902,1.9776338338851929,0.1961954832077026,1.7814383506774902
2,block2_v18_seed12,3830,small_full,2,left,1,0.9994895458221436,1.6064581871032717,1.758777737617493,0.1523195505142212,1.6064581871032717
2,block2_v18_seed12,3832,small_full,1,right,1,0.9806350469589232,1.766464352607727,1.8486360311508176,0.0821716785430908,1.766464352607727
2,block2_v18_seed12,3835,small_full,2,left,1,0.9987547397613524,1.5733734369277954,1.721204400062561,0.1478309631347656,1.5733734369277954
2,block2_v18_seed12,3836,small_full,2,left,1,0.999847173690796,2.2383620738983154,2.414684295654297,0.1763222217559814,2.2383620738983154
2,block2_v18_seed12,3837,small_full,2,left,1,0.9659606218338012,2.2859926223754883,2.360881090164185,0.0748884677886962,2.2859926223754883
2,block2_v18_seed12,3838,small_full,3,forward,1,0.994673192501068,0.7797861099243164,0.8935397267341614,0.1137536168098449,0.7797861099243164
2,block2_v18_seed12,3839,small_full,1,right,1,0.9997251629829408,1.2893002033233645,1.4658106565475464,0.1765104532241821,1.2893002033233645
2,block2_v18_seed12,3840,small_full,4,backward,1,0.9997276663780212,1.5588105916976929,1.72303569316864,0.1642251014709472,1.5588105916976929
2,block2_v18_seed12,3841,small_full,4,backward,1,0.8642525672912598,1.2781985998153689,1.326885223388672,0.0486866235733032,1.2781985998153689
2,block2_v18_seed12,3842,small_full,2,left,1,0.819252073764801,1.2527426481246948,1.2920410633087158,0.0392984151840209,1.2527426481246948
2,block2_v18_seed12,3844,small_full,2,left,1,0.9683391451835632,1.5506000518798828,1.6317081451416016,0.0811080932617187,1.5506000518798828
2,block2_v18_seed12,3846,small_full,2,left,1,0.9547518491744996,2.002713441848755,2.0641191005706787,0.0614056587219238,2.002713441848755
2,block2_v18_seed12,3847,small_full,3,forward,1,0.9997929930686952,1.8197587728500368,1.9898086786270144,0.1700499057769775,1.8197587728500368
2,block2_v18_seed12,3848,small_full,1,right,1,0.9318305850028992,1.8856773376464844,1.943068504333496,0.0573911666870117,1.8856773376464844
2,block2_v18_seed12,3849,small_full,1,right,1,0.9997151494026184,0.9517692923545836,1.1182739734649658,0.166504681110382,0.9517692923545836
2,block2_v18_seed12,3850,small_full,3,forward,1,0.9995742440223694,1.1479345560073853,1.3043328523635864,0.1563982963562011,1.1479345560073853
2,block2_v18_seed12,3852,small_full,4,backward,1,0.9997794032096864,0.9232029914855956,1.1014949083328247,0.178291916847229,0.9232029914855956
2,block2_v18_seed12,3853,small_full,1,right,1,0.9996945858001708,1.157135844230652,1.3213666677474976,0.1642308235168457,1.157135844230652
2,block2_v18_seed12,3854,small_full,2,left,1,0.9955449104309082,1.1351522207260132,1.2435625791549685,0.108410358428955,1.1351522207260132
2,block2_v18_seed12,3855,small_full,4,backward,1,0.9745154976844788,1.702720046043396,1.7756019830703735,0.0728819370269775,1.702720046043396
2,block2_v18_seed12,3856,small_full,4,backward,1,0.9972243309020996,1.750108242034912,1.869604229927063,0.1194959878921508,1.750108242034912
2,block2_v18_seed12,3859,small_full,3,forward,1,0.9999291896820068,0.9594678282737732,1.163802146911621,0.2043343186378479,0.9594678282737732
2,block2_v18_seed12,3861,small_full,4,backward,1,0.9939906597137452,1.5761852264404297,1.6963729858398438,0.120187759399414,1.5761852264404297
2,block2_v18_seed12,3862,small_full,2,left,1,0.9806267619132996,0.8228420615196228,0.910023868083954,0.087181806564331,0.8228420615196228
2,block2_v18_seed12,3863,small_full,2,left,1,0.999486804008484,0.9488641619682312,1.114905834197998,0.1660416722297668,0.9488641619682312
2,block2_v18_seed12,3864,small_full,2,left,1,0.9938992261886596,2.3661868572235107,2.468549489974976,0.1023626327514648,2.3661868572235107
2,block2_v18_seed12,3865,small_full,3,forward,1,0.9999905824661256,0.8908913731575012,1.1344534158706665,0.2435620427131652,0.8908913731575012
2,block2_v18_seed12,3866,small_full,3,forward,1,0.9998119473457336,1.8699785470962524,2.044238328933716,0.1742597818374633,1.8699785470962524
2,block2_v18_seed12,3867,small_full,4,backward,1,0.9998520612716676,0.6732673645019531,0.857566773891449,0.1842994093894958,0.6732673645019531
2,block2_v18_seed12,3868,small_full,4,backward,1,0.9997456669807434,1.0741249322891235,1.2487597465515137,0.1746348142623901,1.0741249322891235
2,block2_v18_seed12,3869,small_full,3,forward,1,0.9947505593299866,1.880654215812683,1.993398666381836,0.1127444505691528,1.880654215812683
2,block2_v18_seed12,3870,small_full,4,backward,1,0.9999951124191284,0.7278658747673035,0.9803383946418762,0.2524725198745727,0.7278658747673035
2,block2_v18_seed12,3871,small_full,4,backward,1,0.9841035604476928,1.5857387781143188,1.6762748956680298,0.0905361175537109,1.5857387781143188
2,block2_v18_seed12,3873,small_full,3,forward,1,0.9999799728393556,1.044073462486267,1.26561439037323,0.2215409278869629,1.044073462486267
2,block2_v18_seed12,3874,small_full,2,left,1,0.9989737272262572,0.8482787609100342,0.9895193576812744,0.1412405967712402,0.8482787609100342
2,block2_v18_seed12,3875,small_full,1,right,1,0.9990412592887878,1.0070037841796875,1.1510299444198608,0.1440261602401733,1.0070037841796875
2,block2_v18_seed12,3879,small_full,4,backward,1,0.9944751858711244,1.549815654754639,1.654099464416504,0.1042838096618652,1.549815654754639
2,block2_v18_seed12,3880,small_full,1,right,1,0.9999628067016602,1.3229790925979614,1.5370521545410156,0.2140730619430542,1.3229790925979614
2,block2_v18_seed12,3881,small_full,3,forward,1,0.999975562095642,1.0142375230789185,1.2465475797653198,0.2323100566864013,1.0142375230789185
2,block2_v18_seed12,3882,small_full,4,backward,1,0.9993288516998292,1.6920675039291382,1.8473230600357056,0.1552555561065673,1.6920675039291382
2,block2_v18_seed12,3884,small_full,1,right,1,0.9853900671005248,1.062382698059082,1.1561204195022583,0.0937377214431762,1.062382698059082
2,block2_v18_seed12,3885,small_full,4,backward,1,0.9963422417640686,0.8854532241821289,1.0187004804611206,0.1332472562789917,0.8854532241821289
2,block2_v18_seed12,3886,small_full,3,forward,1,0.9998238682746888,0.8091723322868347,0.9899917244911194,0.1808193922042846,0.8091723322868347
2,block2_v18_seed12,3887,small_full,3,forward,1,0.9999830722808838,0.9189950823783876,1.1561782360076904,0.2371831536293029,0.9189950823783876
2,block2_v18_seed12,3888,small_full,1,right,1,0.9995641112327576,1.6361805200576782,1.7915483713150024,0.1553678512573242,1.6361805200576782
2,block2_v18_seed12,3890,small_full,4,backward,1,0.9999462366104126,0.6906769275665283,0.8910613059997559,0.2003843784332275,0.6906769275665283
2,block2_v18_seed12,3891,small_full,1,right,1,0.999578058719635,1.4445133209228516,1.6056078672409058,0.1610945463180542,1.4445133209228516
2,block2_v18_seed12,3893,small_full,2,left,1,0.9988043308258056,2.0874063968658447,2.222594976425171,0.1351885795593261,2.0874063968658447
2,block2_v18_seed12,3895,small_full,2,left,1,0.9983310103416444,1.0098446607589722,1.1384241580963137,0.1285794973373413,1.0098446607589722
2,block2_v18_seed12,3896,small_full,1,right,1,0.9636809825897216,2.000529766082764,2.066248893737793,0.0657191276550293,2.000529766082764
2,block2_v18_seed12,3897,small_full,4,backward,1,0.966273844242096,1.9720377922058103,2.05210280418396,0.0800650119781494,1.9720377922058103
2,block2_v18_seed12,3898,small_full,4,backward,1,0.999393105506897,0.989552676677704,1.152896523475647,0.1633438467979431,0.989552676677704
2,block2_v18_seed12,3899,small_full,3,forward,1,0.9838522672653198,2.00411319732666,2.0968642234802246,0.0927510261535644,2.00411319732666
2,block2_v18_seed12,3900,small_full,3,forward,1,0.9996224641799928,1.0323411226272583,1.204087257385254,0.1717461347579956,1.0323411226272583
2,block2_v18_seed12,3901,small_full,2,left,1,0.9998846054077148,1.1499651670455933,1.3365826606750488,0.1866174936294555,1.1499651670455933
2,block2_v18_seed12,3902,small_full,1,right,1,0.9995386600494384,1.0333902835845947,1.1958327293395996,0.1624424457550048,1.0333902835845947
2,block2_v18_seed12,3904,small_full,1,right,1,0.99894517660141,1.4910675287246704,1.6307462453842163,0.1396787166595459,1.4910675287246704
2,block2_v18_seed12,3905,small_full,2,left,1,0.9912819862365724,0.9267725348472596,1.0229095220565796,0.09613698720932,0.9267725348472596
2,block2_v18_seed12,3907,small_full,1,right,1,0.9977235198020936,1.1546989679336548,1.2792168855667114,0.1245179176330566,1.1546989679336548
2,block2_v18_seed12,3909,small_full,4,backward,1,0.999990940093994,0.8269190192222595,1.06587553024292,0.2389565110206604,0.8269190192222595
2,block2_v18_seed12,3910,small_full,3,forward,1,0.8324165344238281,1.2913302183151243,1.3255215883255005,0.0341913700103759,1.2913302183151243
2,block2_v18_seed12,3912,small_full,2,left,1,0.9758265614509584,2.395080327987671,2.4699394702911377,0.0748591423034668,2.395080327987671
2,block2_v18_seed12,3913,small_full,3,forward,1,0.999823033809662,1.606745719909668,1.7808364629745483,0.1740907430648803,1.606745719909668
2,block2_v18_seed12,3914,small_full,2,left,1,0.8120012879371643,1.2527426481246948,1.2920410633087158,0.0392984151840209,1.2527426481246948
2,block2_v18_seed12,3915,small_full,2,left,1,0.9677858352661132,0.9950045943260192,1.065783977508545,0.0707793831825256,0.9950045943260192
2,block2_v18_seed12,3916,small_full,2,left,1,0.9939175248146056,1.702771544456482,1.819819450378418,0.117047905921936,1.702771544456482
2,block2_v18_seed12,3917,small_full,1,right,1,0.9117624163627625,1.1745167970657349,1.2213414907455444,0.0468246936798095,1.1745167970657349
2,block2_v18_seed12,3918,small_full,1,right,1,0.9994704127311708,1.341314673423767,1.4969197511672974,0.1556050777435302,1.341314673423767
2,block2_v18_seed12,3921,small_full,1,right,1,0.9998506307601928,0.8125250339508057,0.994940459728241,0.1824154257774353,0.8125250339508057
2,block2_v18_seed12,3922,small_full,2,left,1,0.9999359846115112,1.2063961029052734,1.405131697654724,0.1987355947494506,1.2063961029052734
2,block2_v18_seed12,3923,small_full,4,backward,1,0.8279695510864258,1.1136232614517212,1.1476163864135742,0.033993124961853,1.1136232614517212
2,block2_v18_seed12,3924,small_full,3,forward,1,0.968989372253418,1.8671098947525024,1.9362149238586424,0.0691050291061401,1.8671098947525024
2,block2_v18_seed12,3927,small_full,1,right,1,0.5760467648506165,1.3824855089187622,1.3927621841430664,0.0102766752243042,1.3824855089187622
2,block2_v18_seed12,3928,small_full,3,forward,1,0.999698042869568,1.1451181173324585,1.3164558410644531,0.1713377237319946,1.1451181173324585
2,block2_v18_seed12,3930,small_full,2,left,1,0.9623108506202698,0.8833613395690918,0.94907546043396,0.0657141208648681,0.8833613395690918
2,block2_v18_seed12,3931,small_full,1,right,1,0.979462206363678,2.0957839488983154,2.1878230571746826,0.0920391082763671,2.0957839488983154
2,block2_v18_seed12,3933,small_full,3,forward,1,0.9999958276748656,0.8567588329315186,1.1129449605941772,0.2561861276626587,0.8567588329315186
2,block2_v18_seed12,3934,small_full,4,backward,1,0.9999998807907104,0.8206949234008789,1.1457985639572144,0.3251036405563354,0.8206949234008789
2,block2_v18_seed12,3935,small_full,3,forward,1,1.0,1.8373514413833616,2.2055578231811523,0.3682063817977905,1.8373514413833616
2,block2_v18_seed12,3936,small_full,3,forward,1,0.9988056421279908,1.884585976600647,2.0191991329193115,0.1346131563186645,1.884585976600647
2,block2_v18_seed12,3939,small_full,1,right,1,0.9983708262443542,1.341314673423767,1.4823099374771118,0.1409952640533447,1.341314673423767
2,block2_v18_seed12,3940,small_full,2,left,1,0.9997356534004213,1.1206730604171753,1.2988829612731934,0.178209900856018,1.1206730604171753
2,block2_v18_seed12,3942,small_full,4,backward,1,0.9999890327453612,0.8616074919700623,1.1040986776351929,0.2424911856651306,0.8616074919700623
2,block2_v18_seed12,3943,small_full,1,right,1,0.9999842643737792,1.2331665754318235,1.461687088012695,0.2285205125808715,1.2331665754318235
2,block2_v18_seed12,3944,small_full,3,forward,1,0.9984305500984192,1.6846309900283811,1.815316200256348,0.1306852102279663,1.6846309900283811
2,block2_v18_seed12,3945,small_full,2,left,1,0.9885712265968324,1.794536590576172,1.888413429260254,0.093876838684082,1.794536590576172
2,block2_v18_seed12,3947,small_full,1,right,1,0.9958257675170898,1.0951461791992188,1.210379958152771,0.1152337789535522,1.0951461791992188
2,block2_v18_seed12,3948,small_full,1,right,1,0.932339370250702,1.8856773376464844,1.943068504333496,0.0573911666870117,1.8856773376464844
2,block2_v18_seed12,3951,small_full,2,left,1,0.9982554316520692,0.8527898788452148,0.9846603274345398,0.1318704485893249,0.8527898788452148
2,block2_v18_seed12,3952,small_full,4,backward,1,0.9996992349624634,1.0741249322891235,1.2384129762649536,0.16428804397583,1.0741249322891235
2,block2_v18_seed12,3953,small_full,4,backward,1,0.9999825954437256,1.841058373451233,2.065239906311035,0.2241815328598022,1.841058373451233
2,block2_v18_seed12,3954,small_full,2,left,1,0.956959903240204,1.828876495361328,1.906140685081482,0.0772641897201538,1.828876495361328
2,block2_v18_seed12,3955,small_full,1,right,1,0.9998144507408142,0.9517692923545836,1.1247401237487793,0.1729708313941955,0.9517692923545836
2,block2_v18_seed12,3956,small_full,4,backward,1,0.9967890977859496,0.8854532241821289,1.0187004804611206,0.1332472562789917,0.8854532241821289
2,block2_v18_seed12,3957,small_full,3,forward,1,0.9997710585594176,0.786787211894989,0.9583880305290222,0.1716008186340332,0.786787211894989
2,block2_v18_seed12,3958,small_full,2,left,1,0.999492645263672,1.0261014699935913,1.196392297744751,0.1702908277511596,1.0261014699935913
2,block2_v18_seed12,3959,small_full,4,backward,1,0.9989686012268066,0.8456694483757019,0.9913920760154724,0.1457226276397705,0.8456694483757019
2,block2_v18_seed12,3961,small_full,1,right,1,0.9907218217849731,2.135669231414795,2.2422797679901123,0.1066105365753173,2.135669231414795
2,block2_v18_seed12,3962,small_full,2,left,1,0.999718964099884,1.908800721168518,2.0738680362701416,0.1650673151016235,1.908800721168518
2,block2_v18_seed12,3963,small_full,1,right,1,0.9999961853027344,1.5641218423843384,1.822100281715393,0.2579784393310547,1.5641218423843384
2,block2_v18_seed12,3964,small_full,4,backward,1,0.9998756647109984,1.0193406343460083,1.2070989608764648,0.1877583265304565,1.0193406343460083
2,block2_v18_seed12,3966,small_full,4,backward,1,0.9990971088409424,0.8023838400840759,0.9568324089050292,0.1544485688209533,0.8023838400840759
2,block2_v18_seed12,3968,small_full,1,right,1,0.9980323910713196,0.9367838501930236,1.075755000114441,0.1389711499214172,0.9367838501930236
2,block2_v18_seed12,3969,small_full,4,backward,1,0.9999991655349731,0.8206949234008789,1.1035712957382202,0.2828763723373413,0.8206949234008789
2,block2_v18_seed12,3970,small_full,2,left,1,0.9999829530715942,1.0047303438186646,1.2270277738571167,0.2222974300384521,1.0047303438186646
2,block2_v18_seed12,3972,small_full,1,right,1,0.999685525894165,1.7205171585083008,1.883772850036621,0.1632556915283203,1.7205171585083008
2,block2_v18_seed12,3973,small_full,1,right,1,0.9994427561759948,1.043885350227356,1.2071503400802612,0.1632649898529052,1.043885350227356
2,block2_v18_seed12,3974,small_full,3,forward,1,0.998898148536682,0.905864715576172,1.0481678247451782,0.1423031091690063,0.905864715576172
2,block2_v18_seed12,3975,small_full,1,right,1,0.9962610602378844,1.5317658185958862,1.6461763381958008,0.1144105195999145,1.5317658185958862
2,block2_v18_seed12,3976,small_full,2,left,1,0.9962185025215148,1.7186460494995115,1.8319311141967771,0.1132850646972656,1.7186460494995115
2,block2_v18_seed12,3977,small_full,2,left,1,0.9997244477272034,0.919119358062744,1.10239839553833,0.1832790374755859,0.919119358062744
2,block2_v18_seed12,3978,small_full,2,left,1,0.9920359253883362,1.7914971113204956,1.8884471654891968,0.0969500541687011,1.7914971113204956
2,block2_v18_seed12,3979,small_full,1,right,1,0.9999059438705444,1.075129508972168,1.281125783920288,0.2059962749481201,1.075129508972168
2,block2_v18_seed12,3980,small_full,1,right,1,0.9776234030723572,1.6103787422180176,1.697534203529358,0.0871554613113403,1.6103787422180176
2,block2_v18_seed12,3981,small_full,3,forward,1,0.99994695186615,0.8481720089912415,1.054515719413757,0.2063437104225158,0.8481720089912415
2,block2_v18_seed12,3982,small_full,2,left,1,0.9936182498931884,1.7001371383666992,1.81462824344635,0.1144911050796508,1.7001371383666992
2,block2_v18_seed12,3983,small_full,2,left,1,0.99969482421875,1.2063961029052734,1.3686035871505735,0.1622074842453003,1.2063961029052734
2,block2_v18_seed12,3984,small_full,3,forward,1,0.997969925403595,0.977145493030548,1.118393898010254,0.1412484049797058,0.977145493030548
2,block2_v18_seed12,3985,small_full,3,forward,1,0.999946355819702,1.9696191549301147,2.1695632934570312,0.1999441385269165,1.9696191549301147
2,block2_v18_seed12,3987,small_full,1,right,1,0.999556601047516,1.0333902835845947,1.1971163749694824,0.1637260913848877,1.0333902835845947
2,block2_v18_seed12,3988,small_full,1,right,1,0.9999920129776,1.0056051015853882,1.2454184293746948,0.2398133277893066,1.0056051015853882
2,block2_v18_seed12,3989,small_full,3,forward,1,0.9493011832237244,1.3353281021118164,1.401983618736267,0.0666555166244506,1.3353281021118164
2,block2_v18_seed12,3990,small_full,3,forward,1,0.9996123909950256,1.5183898210525513,1.6819921731948853,0.1636023521423339,1.5183898210525513
2,block2_v18_seed12,3991,small_full,2,left,1,0.9975370168685912,0.9388790130615234,1.0702111721038818,0.1313321590423584,0.9388790130615234
2,block2_v18_seed12,3992,small_full,2,left,1,0.9985873699188232,1.2325559854507446,1.3669170141220093,0.1343610286712646,1.2325559854507446
2,block2_v18_seed12,3993,small_full,2,left,1,0.9999637603759766,2.1988916397094727,2.4040119647979736,0.2051203250885009,2.1988916397094727
2,block2_v18_seed12,3995,small_full,2,left,1,0.9975095987319946,2.3334743976593018,2.465334892272949,0.1318604946136474,2.3334743976593018
2,block2_v18_seed12,3996,small_full,2,left,1,0.9998834133148192,0.8922807574272156,1.092085361480713,0.1998046040534973,0.8922807574272156
2,block2_v18_seed12,3998,small_full,2,left,1,0.7560588121414185,1.6174293756484983,1.640580177307129,0.0231508016586303,1.6174293756484983
2,block2_v18_seed12,3999,small_full,2,left,1,0.9999431371688844,1.908800721168518,2.1133711338043213,0.2045704126358032,1.908800721168518
2,block2_v18_seed12,3500,full,3,forward,1,0.9989916682243348,1.2937730550765991,1.4446996450424194,0.1509265899658203,1.2937730550765991
2,block2_v18_seed12,3501,full,4,backward,1,0.999996542930603,0.4032338559627533,0.6557592749595642,0.2525254189968109,0.4032338559627533
2,block2_v18_seed12,3502,full,4,backward,1,0.9999680519104004,0.9789919853210448,1.2035287618637085,0.2245367765426635,0.9789919853210448
2,block2_v18_seed12,3503,full,2,left,1,0.9907367825508118,0.4529218673706054,0.5534534454345703,0.1005315780639648,0.4529218673706054
2,block2_v18_seed12,3504,full,4,backward,1,0.9373710751533508,0.6861082911491394,0.7504828572273254,0.064374566078186,0.6861082911491394
2,block2_v18_seed12,3505,full,4,backward,1,0.9996505975723268,1.132449984550476,1.302411675453186,0.1699616909027099,1.132449984550476
2,block2_v18_seed12,3507,full,1,right,1,0.9990179538726808,0.3677262365818023,0.510534942150116,0.1428087055683136,0.3677262365818023
2,block2_v18_seed12,3509,full,4,backward,1,0.9996936321258544,0.3717735707759857,0.5416740775108337,0.169900506734848,0.3717735707759857
2,block2_v18_seed12,3510,full,4,backward,1,0.9999896287918092,0.4369159638881683,0.6753541827201843,0.238438218832016,0.4369159638881683
2,block2_v18_seed12,3511,full,2,left,1,0.999968409538269,0.3364701271057129,0.5602970719337463,0.2238269448280334,0.3364701271057129
2,block2_v18_seed12,3513,full,2,left,1,0.9999603033065796,1.8723564147949217,2.0799825191497803,0.2076261043548584,1.8723564147949217
2,block2_v18_seed12,3515,full,2,left,1,0.9476714134216307,1.5303993225097656,1.5976251363754272,0.0672258138656616,1.5303993225097656
2,block2_v18_seed12,3516,full,4,backward,1,0.9997385144233704,0.3891194760799408,0.5549715757369995,0.1658520996570587,0.3891194760799408
2,block2_v18_seed12,3517,full,3,forward,1,0.9999802112579346,0.4838432371616363,0.7064204216003418,0.2225771844387054,0.4838432371616363
2,block2_v18_seed12,3519,full,3,forward,1,1.0,0.5646801590919495,0.9116416573524476,0.346961498260498,0.5646801590919495
2,block2_v18_seed12,3520,full,2,left,1,0.9999673366546632,0.5269613265991211,0.7561336159706116,0.2291722893714904,0.5269613265991211
2,block2_v18_seed12,3521,full,1,right,1,0.9857220649719238,1.3611046075820925,1.4464467763900757,0.0853421688079834,1.3611046075820925
2,block2_v18_seed12,3522,full,1,right,1,0.9999511241912842,1.1057809591293335,1.3108927011489868,0.2051117420196533,1.1057809591293335
2,block2_v18_seed12,3523,full,1,right,1,0.999919891357422,0.5509085655212402,0.7497130036354065,0.1988044381141662,0.5509085655212402
2,block2_v18_seed12,3525,full,2,left,1,0.9977832436561584,0.4379245340824127,0.570193886756897,0.1322693526744842,0.4379245340824127
2,block2_v18_seed12,3526,full,1,right,1,0.9999245405197144,0.5183080434799194,0.7211148738861084,0.2028068304061889,0.5183080434799194
2,block2_v18_seed12,3527,full,4,backward,1,0.999231457710266,0.3931428492069244,0.5415341258049011,0.1483912765979766,0.3931428492069244
2,block2_v18_seed12,3528,full,1,right,1,0.9338634610176086,1.2645355463027954,1.3205491304397583,0.0560135841369628,1.2645355463027954
2,block2_v18_seed12,3529,full,2,left,1,0.9986639022827148,1.6804885864257812,1.8132853507995603,0.1327967643737793,1.6804885864257812
2,block2_v18_seed12,3530,full,1,right,1,0.9999077320098876,2.031137704849243,2.218224048614502,0.1870863437652588,2.031137704849243
2,block2_v18_seed12,3531,full,3,forward,1,0.9999661445617676,0.9363974928855896,1.1433357000350952,0.2069382071495056,0.9363974928855896
2,block2_v18_seed12,3534,full,2,left,1,0.9999592304229736,0.3387081921100616,0.5461536049842834,0.2074454128742218,0.3387081921100616
2,block2_v18_seed12,3535,full,4,backward,1,0.9999016523361206,0.9391417503356934,1.1238114833831787,0.1846697330474853,0.9391417503356934
2,block2_v18_seed12,3537,full,4,backward,1,0.999992847442627,0.2495449036359787,0.5035666823387146,0.2540217638015747,0.2495449036359787
2,block2_v18_seed12,3538,full,1,right,1,0.9939669370651244,1.022078514099121,1.1339161396026611,0.11183762550354,1.022078514099121
2,block2_v18_seed12,3539,full,3,forward,1,0.9999966621398926,0.464792937040329,0.7234242558479309,0.2586313188076019,0.464792937040329
2,block2_v18_seed12,3540,full,4,backward,1,0.999334990978241,0.70708829164505,0.8651046752929688,0.1580163836479187,0.70708829164505
2,block2_v18_seed12,3542,full,2,left,1,0.994400680065155,1.0014339685440063,1.118239402770996,0.1168054342269897,1.0014339685440063
2,block2_v18_seed12,3543,full,3,forward,1,0.9999215602874756,0.533074140548706,0.7387891411781311,0.205715000629425,0.533074140548706
2,block2_v18_seed12,3545,full,3,forward,1,0.9911284446716307,1.0167837142944336,1.115975022315979,0.0991913080215454,1.0167837142944336
2,block2_v18_seed12,3546,full,4,backward,1,0.9952893257141112,1.0728498697280884,1.1819210052490234,0.109071135520935,1.0728498697280884
2,block2_v18_seed12,3547,full,3,forward,1,0.9999908208847046,0.5056514739990234,0.7465521693229675,0.2409006953239441,0.5056514739990234
2,block2_v18_seed12,3549,full,4,backward,1,0.9999285936355592,0.7773812413215637,0.9687203764915466,0.1913391351699829,0.7773812413215637
2,block2_v18_seed12,3550,full,1,right,1,0.9997195601463318,1.832942008972168,2.004805326461792,0.171863317489624,1.832942008972168
2,block2_v18_seed12,3552,full,1,right,1,0.8441793918609619,1.5077247619628906,1.5475069284439087,0.039782166481018,1.5077247619628906
2,block2_v18_seed12,3553,full,4,backward,1,0.999998927116394,0.3924635350704193,0.6908209919929504,0.2983574569225311,0.3924635350704193
2,block2_v18_seed12,3554,full,4,backward,1,0.9465211629867554,1.0735214948654177,1.1310194730758667,0.0574979782104492,1.0735214948654177
2,block2_v18_seed12,3555,full,3,forward,1,0.9999523162841796,0.5759184956550598,0.7794678211212158,0.203549325466156,0.5759184956550598
2,block2_v18_seed12,3556,full,1,right,1,0.9997997879981996,0.4627892076969147,0.6466901302337646,0.1839009225368499,0.4627892076969147
2,block2_v18_seed12,3557,full,2,left,1,0.999687433242798,0.5327776670455933,0.6968043446540833,0.16402667760849,0.5327776670455933
2,block2_v18_seed12,3558,full,2,left,1,0.9998939037322998,0.5622304081916809,0.757810652256012,0.195580244064331,0.5622304081916809
2,block2_v18_seed12,3559,full,1,right,1,0.9997119307518004,0.4800188243389129,0.6590696573257446,0.1790508329868316,0.4800188243389129
2,block2_v18_seed12,3560,full,1,right,1,0.9987637996673584,0.7741027474403381,0.9131210446357728,0.1390182971954345,0.7741027474403381
2,block2_v18_seed12,3561,full,3,forward,1,0.9522640109062196,1.0308221578598022,1.091578245162964,0.0607560873031616,1.0308221578598022
2,block2_v18_seed12,3562,full,1,right,1,0.9984858632087708,0.5720512866973877,0.713148295879364,0.1410970091819763,0.5720512866973877
2,block2_v18_seed12,3563,full,4,backward,1,0.9999986886978148,0.3175066709518432,0.606065571308136,0.2885589003562927,0.3175066709518432
2,block2_v18_seed12,3564,full,2,left,1,0.9999945163726808,0.3374612331390381,0.5845048427581787,0.2470436096191406,0.3374612331390381
2,block2_v18_seed12,3565,full,3,forward,1,0.9993940591812134,0.9640965461730956,1.118747591972351,0.1546510457992553,0.9640965461730956
2,block2_v18_seed12,3566,full,1,right,1,0.9999210834503174,0.5140190124511719,0.711860716342926,0.1978417038917541,0.5140190124511719
2,block2_v18_seed12,3567,full,1,right,1,0.9998775720596312,0.4241614043712616,0.619981050491333,0.1958196461200714,0.4241614043712616
2,block2_v18_seed12,3568,full,4,backward,1,0.9999970197677612,0.4369159638881683,0.7045137286186218,0.2675977647304535,0.4369159638881683
2,block2_v18_seed12,3569,full,2,left,1,0.9999920129776,0.3374612331390381,0.5845048427581787,0.2470436096191406,0.3374612331390381
2,block2_v18_seed12,3570,full,3,forward,1,0.9945989847183228,1.1391648054122925,1.2623021602630615,0.123137354850769,1.1391648054122925
2,block2_v18_seed12,3572,full,1,right,1,0.995561957359314,0.649667501449585,0.764927089214325,0.1152595877647399,0.649667501449585
2,block2_v18_seed12,3573,full,3,forward,1,0.9996821880340576,1.3845176696777344,1.5553430318832395,0.1708253622055053,1.3845176696777344
2,block2_v18_seed12,3574,full,2,left,1,0.9914655089378356,0.4636366367340088,0.5677317976951599,0.1040951609611511,0.4636366367340088
2,block2_v18_seed12,3576,full,4,backward,1,0.99979430437088,0.8293871283531189,0.9992673993110656,0.1698802709579467,0.8293871283531189
2,block2_v18_seed12,3577,full,1,right,1,0.996283233165741,1.022078514099121,1.1339161396026611,0.11183762550354,1.022078514099121
2,block2_v18_seed12,3579,full,1,right,1,0.99951434135437,0.7689102292060852,0.9221739768981934,0.1532637476921081,0.7689102292060852
2,block2_v18_seed12,3580,full,1,right,1,0.907355010509491,1.427561640739441,1.47675359249115,0.0491919517517089,1.427561640739441
2,block2_v18_seed12,3581,full,4,backward,1,0.9980168342590332,0.8863100409507751,1.0108059644699097,0.1244959235191345,0.8863100409507751
2,block2_v18_seed12,3582,full,3,forward,1,0.9938381314277648,1.181792378425598,1.2853046655654907,0.1035122871398925,1.181792378425598
2,block2_v18_seed12,3583,full,2,left,1,0.9974295496940612,0.6908057332038879,0.8199000358581543,0.1290943026542663,0.6908057332038879
2,block2_v18_seed12,3584,full,2,left,1,0.999203622341156,0.5996500849723816,0.7535619735717773,0.1539118885993957,0.5996500849723816
2,block2_v18_seed12,3585,full,4,backward,1,0.9999663829803468,0.395083338022232,0.6080853939056396,0.2130020558834076,0.395083338022232
2,block2_v18_seed12,3586,full,4,backward,1,0.9975820779800416,0.8295669555664062,0.9517874717712402,0.1222205162048339,0.8295669555664062
2,block2_v18_seed12,3587,full,4,backward,1,0.9999911785125732,0.3671607673168182,0.6060174107551575,0.2388566434383392,0.3671607673168182
2,block2_v18_seed12,3588,full,1,right,1,0.9983205199241638,0.4908861219882965,0.6253013610839844,0.1344152390956878,0.4908861219882965
2,block2_v18_seed12,3589,full,1,right,1,0.997841477394104,1.114655613899231,1.240599274635315,0.1259436607360839,1.114655613899231
2,block2_v18_seed12,3591,full,4,backward,1,0.9999279975891112,1.008590817451477,1.1999281644821167,0.1913373470306396,1.008590817451477
2,block2_v18_seed12,3592,full,2,left,1,0.9974791407585144,1.5303993225097656,1.6550426483154297,0.124643325805664,1.5303993225097656
2,block2_v18_seed12,3593,full,3,forward,1,0.999514102935791,0.9640965461730956,1.118747591972351,0.1546510457992553,0.9640965461730956
2,block2_v18_seed12,3594,full,1,right,1,0.9985777139663696,1.4261960983276367,1.5591453313827517,0.1329492330551147,1.4261960983276367
2,block2_v18_seed12,3595,full,3,forward,1,0.8963180184364319,1.2485885620117188,1.292818903923035,0.0442303419113159,1.2485885620117188
2,block2_v18_seed12,3596,full,3,forward,1,0.9935677647590636,1.1299175024032593,1.2327831983566284,0.1028656959533691,1.1299175024032593
2,block2_v18_seed12,3597,full,2,left,1,0.998418927192688,1.0587643384933472,1.198067307472229,0.1393029689788818,1.0587643384933472
2,block2_v18_seed12,3598,full,3,forward,1,0.9997538924217224,1.3830881118774414,1.558323860168457,0.1752357482910156,1.3830881118774414
2,block2_v18_seed12,3600,full,1,right,1,0.9999752044677734,0.5140190124511719,0.7300033569335938,0.2159843444824218,0.5140190124511719
2,block2_v18_seed12,3601,full,1,right,1,0.997624933719635,1.0624297857284546,1.193858027458191,0.1314282417297363,1.0624297857284546
2,block2_v18_seed12,3603,full,4,backward,1,0.999992847442627,0.5160463452339172,0.7535249590873718,0.2374786138534546,0.5160463452339172
2,block2_v18_seed12,3604,full,3,forward,1,0.9086340069770812,1.7542505264282229,1.8020482063293457,0.047797679901123,1.7542505264282229
2,block2_v18_seed12,3605,full,4,backward,1,0.9981661438941956,1.2601972818374634,1.3887149095535278,0.1285176277160644,1.2601972818374634
2,block2_v18_seed12,3607,full,4,backward,1,0.999997854232788,1.0454407930374146,1.3096498250961304,0.2642090320587158,1.0454407930374146
2,block2_v18_seed12,3608,full,3,forward,1,0.9995071887969972,1.022739052772522,1.175230622291565,0.1524915695190429,1.022739052772522
2,block2_v18_seed12,3609,full,4,backward,1,0.9999938011169434,0.5127171874046326,0.7660711407661438,0.2533539533615112,0.5127171874046326
2,block2_v18_seed12,3611,full,4,backward,1,0.9984033703804016,0.7994697093963623,0.9282453656196594,0.1287756562232971,0.7994697093963623
2,block2_v18_seed12,3613,full,4,backward,1,0.9951712489128112,1.1565279960632324,1.263102412223816,0.1065744161605835,1.1565279960632324
2,block2_v18_seed12,3614,full,1,right,1,0.998764991760254,0.4664255678653717,0.601621150970459,0.1351955831050872,0.4664255678653717
2,block2_v18_seed12,3616,full,3,forward,1,0.9992802739143372,1.3451334238052368,1.4904433488845823,0.1453099250793457,1.3451334238052368
2,block2_v18_seed12,3617,full,3,forward,1,0.998616099357605,1.1047698259353638,1.236497402191162,0.1317275762557983,1.1047698259353638
2,block2_v18_seed12,3619,full,1,right,1,0.9999548196792604,0.5279942154884338,0.7444631457328796,0.2164689302444458,0.5279942154884338
2,block2_v18_seed12,3620,full,2,left,1,0.9984571933746338,0.5744116306304932,0.7058464884757996,0.1314348578453064,0.5744116306304932
2,block2_v18_seed12,3621,full,1,right,1,0.9998347759246826,0.5183080434799194,0.6992383003234863,0.1809302568435669,0.5183080434799194
2,block2_v18_seed12,3623,full,1,right,1,0.9983250498771667,0.5955483317375183,0.7341378331184387,0.1385895013809204,0.5955483317375183
2,block2_v18_seed12,3625,full,1,right,1,0.9923120141029358,0.5204593539237976,0.6393143534660339,0.1188549995422363,0.5204593539237976
2,block2_v18_seed12,3626,full,2,left,1,0.9994757771492004,0.41477170586586,0.5738537311553955,0.1590820252895355,0.41477170586586
2,block2_v18_seed12,3628,full,3,forward,1,0.9999997615814208,0.5646801590919495,0.8912396430969238,0.3265594840049743,0.5646801590919495
2,block2_v18_seed12,3629,full,1,right,1,0.9999877214431764,1.188137173652649,1.42697012424469,0.238832950592041,1.188137173652649
2,block2_v18_seed12,3631,full,1,right,1,0.999824583530426,0.5106299519538879,0.6999781727790833,0.1893482208251953,0.5106299519538879
2,block2_v18_seed12,3633,full,1,right,1,0.9987209439277648,0.3677262365818023,0.510534942150116,0.1428087055683136,0.3677262365818023
2,block2_v18_seed12,3634,full,1,right,1,0.9999794960021972,0.4171808660030365,0.6436066031455994,0.2264257371425628,0.4171808660030365
2,block2_v18_seed12,3635,full,2,left,1,0.9968746900558472,0.5482451319694519,0.6696416735649109,0.1213965415954589,0.5482451319694519
2,block2_v18_seed12,3636,full,3,forward,1,0.9997358918190002,0.6329438090324402,0.8144274353981018,0.1814836263656616,0.6329438090324402
2,block2_v18_seed12,3637,full,3,forward,1,0.999885320663452,0.4273115396499634,0.6151748299598694,0.187863290309906,0.4273115396499634
2,block2_v18_seed12,3638,full,4,backward,1,0.999708354473114,0.70708829164505,0.8701830506324768,0.1630947589874267,0.70708829164505
2,block2_v18_seed12,3639,full,3,forward,1,0.9999969005584716,0.9640965461730956,1.2181977033615112,0.2541011571884155,0.9640965461730956
2,block2_v18_seed12,3641,full,4,backward,1,0.9999959468841552,0.3583097159862518,0.6081002354621887,0.2497905194759369,0.3583097159862518
2,block2_v18_seed12,3642,full,3,forward,0,0.4607055187225342,1.2386797666549685,1.246604084968567,0.0079243183135986,1.246604084968567
2,block2_v18_seed12,3644,full,3,forward,1,0.9983475208282472,1.395051121711731,1.5291486978530884,0.1340975761413574,1.395051121711731
2,block2_v18_seed12,3645,full,4,backward,1,0.9984076619148254,1.1546159982681274,1.284135103225708,0.1295191049575805,1.1546159982681274
2,block2_v18_seed12,3646,full,3,forward,1,0.999341070652008,0.6825131773948669,0.8315345644950867,0.1490213871002197,0.6825131773948669
2,block2_v18_seed12,3647,full,1,right,1,0.9988448619842528,0.6330414414405823,0.7804620862007141,0.1474206447601318,0.6330414414405823
2,block2_v18_seed12,3648,full,3,forward,1,0.9992960691452026,1.2441033124923706,1.3919529914855957,0.1478496789932251,1.2441033124923706
2,block2_v18_seed12,3649,full,3,forward,1,0.9992689490318298,1.277359127998352,1.421796202659607,0.1444370746612548,1.277359127998352
2,block2_v18_seed12,3650,full,2,left,1,0.9971906542778016,0.6085073351860046,0.7355656027793884,0.1270582675933838,0.6085073351860046
2,block2_v18_seed12,3651,full,1,right,1,0.995561957359314,0.649667501449585,0.764927089214325,0.1152595877647399,0.649667501449585
2,block2_v18_seed12,3652,full,3,forward,1,0.9999992847442628,0.4896464645862579,0.7866242527961731,0.2969777882099151,0.4896464645862579
2,block2_v18_seed12,3654,full,2,left,1,0.9961308240890504,0.6605664491653442,0.7770618796348572,0.1164954304695129,0.6605664491653442
2,block2_v18_seed12,3655,full,3,forward,1,0.9999159574508668,0.9363974928855896,1.133797526359558,0.1974000334739685,0.9363974928855896
2,block2_v18_seed12,3656,full,2,left,1,0.9857187867164612,2.120057344436645,2.207418441772461,0.0873610973358154,2.120057344436645
2,block2_v18_seed12,3657,full,1,right,1,0.9915560483932496,1.3343520164489746,1.4296704530715942,0.0953184366226196,1.3343520164489746
2,block2_v18_seed12,3658,full,2,left,1,0.9955390095710754,0.4296643733978271,0.5452873706817627,0.1156229972839355,0.4296643733978271
2,block2_v18_seed12,3660,full,1,right,1,0.9998632669448853,0.4602698981761932,0.6563816666603088,0.1961117684841156,0.4602698981761932
2,block2_v18_seed12,3661,full,2,left,1,0.9904751181602478,0.6247289776802063,0.7215619683265686,0.0968329906463623,0.6247289776802063
2,block2_v18_seed12,3662,full,3,forward,1,0.9998687505722046,0.4185736179351806,0.6125215888023376,0.1939479708671569,0.4185736179351806
2,block2_v18_seed12,3663,full,1,right,1,0.9992173910140992,0.5741700530052185,0.7211788296699524,0.1470087766647339,0.5741700530052185
2,block2_v18_seed12,3664,full,1,right,1,0.9897074699401855,1.3452091217041016,1.4476872682571411,0.1024781465530395,1.3452091217041016
2,block2_v18_seed12,3666,full,1,right,1,0.9898450374603271,1.4800256490707395,1.5801438093185425,0.1001181602478027,1.4800256490707395
2,block2_v18_seed12,3667,full,1,right,1,0.9999918937683104,0.5112423896789551,0.7480372786521912,0.236794888973236,0.5112423896789551
2,block2_v18_seed12,3668,full,3,forward,1,0.999997854232788,0.4882713556289673,0.7640461921691895,0.2757748365402221,0.4882713556289673
2,block2_v18_seed12,3669,full,1,right,1,0.9987736344337464,0.6330414414405823,0.7804620862007141,0.1474206447601318,0.6330414414405823
2,block2_v18_seed12,3670,full,1,right,1,0.9996352195739746,1.4882631301879885,1.649605393409729,0.1613422632217407,1.4882631301879885
2,block2_v18_seed12,3673,full,1,right,1,0.9998962879180908,0.7689102292060852,0.9665114283561708,0.1976011991500854,0.7689102292060852
2,block2_v18_seed12,3674,full,2,left,1,0.9999573230743408,1.053563952445984,1.2656673192977903,0.2121033668518066,1.053563952445984
2,block2_v18_seed12,3675,full,1,right,1,0.998789370059967,0.3677262365818023,0.510534942150116,0.1428087055683136,0.3677262365818023
2,block2_v18_seed12,3677,full,2,left,1,0.999816358089447,0.4245749711990356,0.6038788557052612,0.1793038845062255,0.4245749711990356
2,block2_v18_seed12,3678,full,1,right,1,0.998439610004425,0.9686515927314758,1.102930188179016,0.1342785954475402,0.9686515927314758
2,block2_v18_seed12,3679,full,1,right,1,0.9998548030853271,0.4389128684997558,0.6244291067123413,0.1855162382125854,0.4389128684997558
2,block2_v18_seed12,3680,full,4,backward,1,0.9999934434890748,0.3328554928302765,0.5739653706550598,0.2411098778247833,0.3328554928302765
2,block2_v18_seed12,3681,full,4,backward,1,0.998587131500244,0.4618761539459228,0.595012366771698,0.1331362128257751,0.4618761539459228
2,block2_v18_seed12,3682,full,2,left,1,0.999234676361084,1.045012354850769,1.1886056661605835,0.1435933113098144,1.045012354850769
2,block2_v18_seed12,3683,full,2,left,1,0.9915109276771544,0.4874558448791504,0.5846512913703918,0.0971954464912414,0.4874558448791504
2,block2_v18_seed12,3684,full,4,backward,1,0.999990463256836,0.4662438333034515,0.7036203742027283,0.2373765408992767,0.4662438333034515
2,block2_v18_seed12,3686,full,4,backward,1,0.9994329810142516,1.1386361122131348,1.2887507677078247,0.1501146554946899,1.1386361122131348
2,block2_v18_seed12,3687,full,3,forward,1,0.9999549388885498,0.5167624950408936,0.7303909659385681,0.2136284708976745,0.5167624950408936
2,block2_v18_seed12,3688,full,4,backward,1,0.9997130036354064,1.0267372131347656,1.1899298429489136,0.1631926298141479,1.0267372131347656
2,block2_v18_seed12,3689,full,1,right,1,0.999963879585266,0.8911305069923401,1.0986355543136597,0.2075050473213195,0.8911305069923401
2,block2_v18_seed12,3690,full,4,backward,1,0.999996304512024,0.3496224880218506,0.6043720245361328,0.2547495365142822,0.3496224880218506
2,block2_v18_seed12,3691,full,2,left,1,0.9998682737350464,0.4142586886882782,0.6047462821006775,0.1904875934123993,0.4142586886882782
2,block2_v18_seed12,3692,full,4,backward,1,0.9999935626983644,0.4030291140079498,0.6475996375083923,0.2445705235004425,0.4030291140079498
2,block2_v18_seed12,3693,full,4,backward,1,0.9997462630271912,0.5049541592597961,0.6737627983093262,0.16880863904953,0.5049541592597961
2,block2_v18_seed12,3694,full,4,backward,1,0.9993769526481628,0.4901741445064544,0.645697295665741,0.1555231511592865,0.4901741445064544
2,block2_v18_seed12,3695,full,1,right,1,0.9999462366104126,1.161169171333313,1.358711838722229,0.197542667388916,1.161169171333313
2,block2_v18_seed12,3696,full,2,left,1,0.9973734617233276,0.6085073351860046,0.7355656027793884,0.1270582675933838,0.6085073351860046
2,block2_v18_seed12,3697,full,3,forward,1,0.9999971389770508,0.4825568497180938,0.7513832449913025,0.2688263952732086,0.4825568497180938
2,block2_v18_seed12,3699,full,2,left,1,0.9979637861251832,1.0055564641952517,1.1371818780899048,0.1316254138946533,1.0055564641952517
2,block2_v18_seed12,3701,full,3,forward,1,0.9776228070259094,1.3474777936935425,1.4301409721374512,0.0826631784439086,1.3474777936935425
2,block2_v18_seed12,3702,full,2,left,1,0.9987375140190125,0.5627697706222534,0.7016582489013672,0.1388884782791137,0.5627697706222534
2,block2_v18_seed12,3704,full,1,right,1,0.9612189531326294,0.5194417834281921,0.5885773301124573,0.0691355466842651,0.5194417834281921
2,block2_v18_seed12,3706,full,1,right,1,0.999941349029541,1.161169171333313,1.358711838722229,0.197542667388916,1.161169171333313
2,block2_v18_seed12,3707,full,4,backward,1,0.9997965693473816,0.8735753893852234,1.0435895919799805,0.170014202594757,0.8735753893852234
2,block2_v18_seed12,3708,full,4,backward,1,0.9999974966049194,0.4824508726596832,0.7496920228004456,0.2672411501407623,0.4824508726596832
2,block2_v18_seed12,3709,full,4,backward,1,0.9856510758399964,1.197205901145935,1.2818303108215332,0.0846244096755981,1.197205901145935
2,block2_v18_seed12,3710,full,2,left,1,0.992064654827118,1.0839802026748655,1.185441017150879,0.1014608144760131,1.0839802026748655
2,block2_v18_seed12,3711,full,2,left,1,0.9995556473731996,1.0402989387512207,1.1949748992919922,0.1546759605407714,1.0402989387512207
2,block2_v18_seed12,3712,full,4,backward,1,0.9999990463256836,0.5160463452339172,0.8036746382713318,0.2876282930374145,0.5160463452339172
2,block2_v18_seed12,3713,full,3,forward,1,0.9725931286811828,1.008395075798035,1.0804885625839231,0.0720934867858886,1.008395075798035
2,block2_v18_seed12,3714,full,4,backward,1,0.99999737739563,0.3816547095775604,0.6436799168586731,0.2620252072811126,0.3816547095775604
2,block2_v18_seed12,3715,full,2,left,1,0.766420841217041,1.3487731218338013,1.3731870651245115,0.0244139432907104,1.3487731218338013
2,block2_v18_seed12,3716,full,1,right,1,0.9991135001182556,0.5183080434799194,0.6642972826957703,0.1459892392158508,0.5183080434799194
2,block2_v18_seed12,3717,full,4,backward,1,0.8824449181556702,0.6861082911491394,0.7451934814453125,0.059085190296173,0.6861082911491394
2,block2_v18_seed12,3718,full,1,right,1,0.9997523427009584,0.5981786847114563,0.7771719098091125,0.1789932250976562,0.5981786847114563
2,block2_v18_seed12,3719,full,4,backward,1,0.9998376369476318,0.3811260163784027,0.5610535740852356,0.1799275577068328,0.3811260163784027
2,block2_v18_seed12,3721,full,1,right,1,0.997302770614624,1.6007734537124634,1.7202820777893066,0.1195086240768432,1.6007734537124634
2,block2_v18_seed12,3722,full,3,forward,1,0.9998419284820556,1.3830881118774414,1.558323860168457,0.1752357482910156,1.3830881118774414
2,block2_v18_seed12,3723,full,2,left,1,0.999919891357422,0.6702882647514343,0.8660123944282532,0.1957241296768188,0.6702882647514343
2,block2_v18_seed12,3724,full,3,forward,1,0.9823035597801208,1.108683705329895,1.1919366121292114,0.0832529067993164,1.108683705329895
2,block2_v18_seed12,3725,full,3,forward,1,0.997580885887146,1.0801082849502563,1.2116304636001587,0.1315221786499023,1.0801082849502563
2,block2_v18_seed12,3727,full,1,right,1,0.999991774559021,0.5049272179603577,0.7584047317504883,0.2534775137901306,0.5049272179603577
2,block2_v18_seed12,3728,full,4,backward,1,0.9997988343238832,0.3432344496250152,0.5138838291168213,0.170649379491806,0.3432344496250152
2,block2_v18_seed12,3730,full,4,backward,1,0.999607503414154,0.8735753893852234,1.0435895919799805,0.170014202594757,0.8735753893852234
2,block2_v18_seed12,3731,full,1,right,1,0.999812662601471,0.4667011499404907,0.6564687490463257,0.1897675991058349,0.4667011499404907
2,block2_v18_seed12,3732,full,4,backward,1,0.985870897769928,1.043969750404358,1.1382070779800415,0.0942373275756836,1.043969750404358
2,block2_v18_seed12,3733,full,3,forward,1,0.9999290704727172,1.1299175024032593,1.3343181610107422,0.2044006586074829,1.1299175024032593
2,block2_v18_seed12,3734,full,1,right,1,0.9950817823410034,0.649667501449585,0.764927089214325,0.1152595877647399,0.649667501449585
2,block2_v18_seed12,3735,full,4,backward,1,0.9999998807907104,0.4032338559627533,0.7142730355262756,0.3110391795635223,0.4032338559627533
2,block2_v18_seed12,3738,full,4,backward,1,0.9999313354492188,1.3181191682815552,1.515637993812561,0.1975188255310058,1.3181191682815552
2,block2_v18_seed12,3739,full,2,left,1,0.9999995231628418,1.5398197174072266,1.8479584455490112,0.3081387281417846,1.5398197174072266
2,block2_v18_seed12,3740,full,1,right,1,0.9995204210281372,0.5955483317375183,0.7615368962287903,0.1659885644912719,0.5955483317375183
2,block2_v18_seed12,3741,full,1,right,1,0.9998925924301147,0.4466632902622223,0.6330785751342773,0.186415284872055,0.4466632902622223
2,block2_v18_seed12,3742,full,2,left,1,0.4796101450920105,1.483237624168396,1.4868930578231812,0.0036554336547851,1.483237624168396
2,block2_v18_seed12,3743,full,2,left,1,0.9995463490486144,1.1982715129852295,1.3523441553115845,0.1540726423263549,1.1982715129852295
2,block2_v18_seed12,3745,full,2,left,1,0.9999920129776,1.824273705482483,2.0617010593414307,0.2374273538589477,1.824273705482483
2,block2_v18_seed12,3746,full,3,forward,1,0.9936124682426452,1.5065933465957642,1.6112924814224243,0.1046991348266601,1.5065933465957642
2,block2_v18_seed12,3747,full,3,forward,1,0.996240496635437,1.0428214073181152,1.1604112386703491,0.1175898313522338,1.0428214073181152
2,block2_v18_seed12,3748,full,3,forward,1,0.99960058927536,0.6427106261253357,0.8021456599235535,0.1594350337982177,0.6427106261253357
2,block2_v18_seed12,3749,full,1,right,1,0.9994661211967468,0.3677262365818023,0.5317549705505371,0.1640287339687347,0.3677262365818023
2,block2_v18_seed12,3750,full,1,right,1,0.9993895292282104,0.5917984843254089,0.7464358806610107,0.1546373963356018,0.5917984843254089
2,block2_v18_seed12,3751,full,1,right,1,0.9902970194816588,1.4584330320358276,1.5654646158218384,0.1070315837860107,1.4584330320358276
2,block2_v18_seed12,3752,full,4,backward,1,0.9999997615814208,0.3316099345684051,0.6440597772598267,0.3124498426914215,0.3316099345684051
2,block2_v18_seed12,3753,full,1,right,1,0.9985210299491882,1.3611046075820925,1.5042190551757812,0.1431144475936889,1.3611046075820925
2,block2_v18_seed12,3755,full,2,left,1,0.9999593496322632,0.577010452747345,0.7853631973266602,0.2083527445793151,0.577010452747345
2,block2_v18_seed12,3756,full,1,right,1,0.9998389482498168,0.4497392177581787,0.6393887400627136,0.1896495223045349,0.4497392177581787
2,block2_v18_seed12,3758,full,1,right,1,0.99871027469635,1.905622124671936,2.042832374572754,0.1372102499008178,1.905622124671936
2,block2_v18_seed12,3759,full,2,left,1,0.994712233543396,1.2370857000350952,1.3432968854904177,0.1062111854553222,1.2370857000350952
2,block2_v18_seed12,3760,full,1,right,1,0.9994310736656188,0.5882176756858826,0.7526081204414368,0.1643904447555542,0.5882176756858826
2,block2_v18_seed12,3761,full,4,backward,1,0.9973908066749572,0.3931428492069244,0.5202276706695557,0.1270848214626312,0.3931428492069244
2,block2_v18_seed12,3762,full,2,left,1,0.6171026825904846,1.6804885864257812,1.6900348663330078,0.0095462799072265,1.6804885864257812
2,block2_v18_seed12,3763,full,3,forward,1,0.999702513217926,1.377253174781799,1.5413423776626587,0.1640892028808593,1.377253174781799
2,block2_v18_seed12,3766,full,1,right,1,0.9973883032798768,1.6007734537124634,1.7202820777893066,0.1195086240768432,1.6007734537124634
2,block2_v18_seed12,3767,full,2,left,1,0.9867226481437684,1.0630114078521729,1.1591700315475464,0.0961586236953735,1.0630114078521729
2,block2_v18_seed12,3769,full,2,left,1,0.9991586208343506,1.045012354850769,1.1886056661605835,0.1435933113098144,1.045012354850769
2,block2_v18_seed12,3770,full,3,forward,1,0.9995447993278505,0.4201497733592987,0.5827397704124451,0.1625899970531463,0.4201497733592987
2,block2_v18_seed12,3771,full,2,left,1,0.9824640154838562,2.2146778106689453,2.3137385845184326,0.0990607738494873,2.2146778106689453
2,block2_v18_seed12,3772,full,2,left,1,0.999901533126831,0.3227573037147522,0.522034227848053,0.1992769241333007,0.3227573037147522
2,block2_v18_seed12,3774,full,1,right,1,0.9847646951675416,1.7703876495361328,1.8546772003173828,0.08428955078125,1.7703876495361328
2,block2_v18_seed12,3775,full,4,backward,1,0.9938989877700806,1.026279091835022,1.1286386251449585,0.1023595333099365,1.026279091835022
2,block2_v18_seed12,3776,full,2,left,1,0.9998489618301392,0.3230604231357574,0.5035672187805176,0.1805067956447601,0.3230604231357574
2,block2_v18_seed12,3777,full,1,right,1,0.7690643668174744,1.1717344522476196,1.2035629749298096,0.0318285226821899,1.1717344522476196
2,block2_v18_seed12,3778,full,4,backward,1,0.9996515512466432,0.8295669555664062,0.999811828136444,0.1702448725700378,0.8295669555664062
2,block2_v18_seed12,3779,full,4,backward,1,0.9993869066238404,0.4618761539459228,0.6142554879188538,0.1523793339729309,0.4618761539459228
2,block2_v18_seed12,3780,full,1,right,1,0.9999562501907348,0.472764104604721,0.6841058731079102,0.2113417685031891,0.472764104604721
2,block2_v18_seed12,3781,full,2,left,1,0.9992513060569764,2.009077787399292,2.154425621032715,0.1453478336334228,2.009077787399292
2,block2_v18_seed12,3782,full,2,left,1,0.9999396800994872,0.4561346471309662,0.669409453868866,0.2132748067378997,0.4561346471309662
2,block2_v18_seed12,3785,full,2,left,0,0.594109058380127,1.8199735879898071,1.8276358842849727,0.007662296295166,1.8276358842849727
2,block2_v18_seed12,3786,full,1,right,1,0.9953762292861938,0.5714082717895508,0.7013155817985535,0.1299073100090026,0.5714082717895508
2,block2_v18_seed12,3787,full,4,backward,1,0.9997950196266174,0.444729596376419,0.6155498623847961,0.170820266008377,0.444729596376419
2,block2_v18_seed12,3788,full,1,right,1,0.9986849427223206,0.4664255678653717,0.6040918827056885,0.1376663148403167,0.4664255678653717
2,block2_v18_seed12,3789,full,3,forward,1,0.9995976090431212,0.5541156530380249,0.7188527584075928,0.1647371053695678,0.5541156530380249
2,block2_v18_seed12,3791,full,2,left,1,0.9993879795074464,1.1301143169403076,1.2797867059707642,0.1496723890304565,1.1301143169403076
2,block2_v18_seed12,3792,full,2,left,1,0.9994567036628724,0.4341376721858978,0.6030089855194092,0.1688713133335113,0.4341376721858978
2,block2_v18_seed12,3793,full,3,forward,1,0.9991376399993896,1.2868434190750122,1.4406801462173462,0.1538367271423339,1.2868434190750122
2,block2_v18_seed12,3794,full,3,forward,1,0.9981570839881896,0.4321769773960113,0.5629352927207947,0.1307583153247833,0.4321769773960113
2,block2_v18_seed12,3796,full,3,forward,1,0.9879857897758484,1.3288272619247437,1.4217020273208618,0.0928747653961181,1.3288272619247437
2,block2_v18_seed12,3797,full,2,left,1,0.9967182278633118,1.099092960357666,1.2261663675308228,0.1270734071731567,1.099092960357666
2,block2_v18_seed12,3798,full,3,forward,1,0.9974959492683412,0.8899596333503723,1.0211162567138672,0.1311566233634948,0.8899596333503723
2,block2_v18_seed12,3799,full,1,right,1,0.9998058676719666,0.9830980896949768,1.1595611572265625,0.1764630675315857,0.9830980896949768
2,block2_v18_seed12,3800,full,1,right,1,0.9919376969337464,1.0035929679870603,1.1099008321762085,0.1063078641891479,1.0035929679870603
2,block2_v18_seed12,3801,full,1,right,1,0.9984170198440552,0.4255669116973877,0.5614240169525146,0.1358571052551269,0.4255669116973877
2,block2_v18_seed12,3806,full,1,right,1,0.9687008261680604,1.2645355463027954,1.3356481790542605,0.0711126327514648,1.2645355463027954
2,block2_v18_seed12,3807,full,2,left,1,0.9971344470977784,1.053563952445984,1.1714136600494385,0.1178497076034545,1.053563952445984
2,block2_v18_seed12,3808,full,4,backward,1,0.9980870485305786,0.88205486536026,1.0083097219467163,0.1262548565864563,0.88205486536026
2,block2_v18_seed12,3809,full,2,left,1,0.9984254837036132,0.5178493857383728,0.6510084271430969,0.1331590414047241,0.5178493857383728
2,block2_v18_seed12,3810,full,1,right,1,0.9999737739562988,0.4826685190200805,0.7054434418678284,0.2227749228477478,0.4826685190200805
2,block2_v18_seed12,3811,full,4,backward,1,0.9999961853027344,0.3496224880218506,0.6043720245361328,0.2547495365142822,0.3496224880218506
2,block2_v18_seed12,3813,full,2,left,1,0.9998183846473694,0.4751062393188476,0.6680105328559875,0.1929042935371399,0.4751062393188476
2,block2_v18_seed12,3815,full,4,backward,1,0.6375201940536499,0.8635084629058838,0.8748647570610046,0.0113562941551208,0.8635084629058838
2,block2_v18_seed12,3816,full,3,forward,1,0.9999184608459472,0.6329438090324402,0.8304276466369629,0.1974838376045227,0.6329438090324402
2,block2_v18_seed12,3817,full,1,right,1,0.9973669648170472,1.6007734537124634,1.7202820777893066,0.1195086240768432,1.6007734537124634
2,block2_v18_seed12,3818,full,2,left,1,0.9999327659606934,0.3387081921100616,0.5441127419471741,0.2054045498371124,0.3387081921100616
2,block2_v18_seed12,3819,full,2,left,1,0.9984042048454284,0.5312946438789368,0.6667328476905823,0.1354382038116455,0.5312946438789368
2,block2_v18_seed12,3821,full,2,left,1,0.9998573064804076,0.3230604231357574,0.5035672187805176,0.1805067956447601,0.3230604231357574
2,block2_v18_seed12,3822,full,4,backward,1,0.9974992871284484,0.9191439747810364,1.0389827489852903,0.1198387742042541,0.9191439747810364
2,block2_v18_seed12,3823,full,4,backward,1,0.9999022483825684,0.9391417503356934,1.1238114833831787,0.1846697330474853,0.9391417503356934
2,block2_v18_seed12,3824,full,4,backward,1,0.9983904361724854,0.7942964434623718,0.9334135055541992,0.1391170620918274,0.7942964434623718
2,block2_v18_seed12,3825,full,3,forward,1,0.8094451427459717,1.246604084968567,1.2819267511367798,0.0353226661682128,1.246604084968567
2,block2_v18_seed12,3826,full,4,backward,1,0.9996683597564696,0.9985750317573548,1.1588622331619265,0.1602872014045715,0.9985750317573548
2,block2_v18_seed12,3828,full,2,left,1,0.9974498152732848,1.3834127187728882,1.5092171430587769,0.1258044242858886,1.3834127187728882
2,block2_v18_seed12,3829,full,2,left,1,0.999449908733368,1.0446702241897583,1.2109295129776,0.1662592887878418,1.0446702241897583
2,block2_v18_seed12,3830,full,2,left,1,0.998685896396637,1.109249234199524,1.242143630981445,0.1328943967819214,1.109249234199524
2,block2_v18_seed12,3832,full,1,right,1,0.9930129647254944,1.1378257274627686,1.2420936822891235,0.1042679548263549,1.1378257274627686
2,block2_v18_seed12,3835,full,2,left,1,0.9970520734786988,1.0014339685440063,1.1197004318237305,0.1182664632797241,1.0014339685440063
2,block2_v18_seed12,3836,full,2,left,1,0.9998292922973632,1.7798997163772583,1.9555600881576536,0.1756603717803955,1.7798997163772583
2,block2_v18_seed12,3837,full,2,left,1,0.9897924661636353,2.2146778106689453,2.3137385845184326,0.0990607738494873,2.2146778106689453
2,block2_v18_seed12,3838,full,3,forward,1,0.999233603477478,0.533058762550354,0.6846477389335632,0.1515889763832092,0.533058762550354
2,block2_v18_seed12,3839,full,1,right,1,0.9998607635498048,0.9597476124763488,1.1592087745666504,0.1994611620903015,0.9597476124763488
2,block2_v18_seed12,3840,full,4,backward,1,0.9974979758262634,0.9191439747810364,1.0389827489852903,0.1198387742042541,0.9191439747810364
2,block2_v18_seed12,3841,full,4,backward,1,0.9434034824371338,0.6861082911491394,0.7520952820777893,0.0659869909286499,0.6861082911491394
2,block2_v18_seed12,3842,full,2,left,1,0.9643887281417848,0.4815123379230499,0.5512652397155762,0.0697529017925262,0.4815123379230499
2,block2_v18_seed12,3844,full,2,left,1,0.9994939565658568,0.6687095165252686,0.8373624682426453,0.1686529517173767,0.6687095165252686
2,block2_v18_seed12,3846,full,2,left,1,0.9934830069541932,1.0839802026748655,1.185441017150879,0.1014608144760131,1.0839802026748655
2,block2_v18_seed12,3847,full,3,forward,1,0.9999470710754396,0.9363974928855896,1.133797526359558,0.1974000334739685,0.9363974928855896
2,block2_v18_seed12,3848,full,1,right,1,0.9500347375869752,1.1963917016983032,1.258624792098999,0.0622330904006958,1.1963917016983032
2,block2_v18_seed12,3849,full,1,right,1,0.9953963160514832,0.5882176756858826,0.697624683380127,0.1094070076942443,0.5882176756858826
2,block2_v18_seed12,3850,full,3,forward,1,0.999266803264618,0.5583497881889343,0.7092577815055847,0.1509079933166504,0.5583497881889343
2,block2_v18_seed12,3852,full,4,backward,1,0.9991263747215272,0.5190107226371765,0.6680598855018616,0.149049162864685,0.5190107226371765
2,block2_v18_seed12,3853,full,1,right,1,0.9998788833618164,0.9909534454345704,1.1725003719329834,0.181546926498413,0.9909534454345704
2,block2_v18_seed12,3854,full,2,left,1,0.9993599057197572,0.5953721404075623,0.742870032787323,0.1474978923797607,0.5953721404075623
2,block2_v18_seed12,3855,full,4,backward,1,0.9839950799942015,1.3777848482131958,1.4601739645004272,0.0823891162872314,1.3777848482131958
2,block2_v18_seed12,3856,full,4,backward,1,0.9966226816177368,0.971506118774414,1.0946701765060425,0.1231640577316284,0.971506118774414
2,block2_v18_seed12,3859,full,3,forward,1,0.999756157398224,0.5167624950408936,0.6911711692810059,0.1744086742401123,0.5167624950408936
2,block2_v18_seed12,3861,full,4,backward,1,0.9992281198501588,0.8059471249580383,0.9633846282958984,0.1574375033378601,0.8059471249580383
2,block2_v18_seed12,3862,full,2,left,1,0.9548653960227966,0.4636366367340088,0.5261351466178894,0.0624985098838806,0.4636366367340088
2,block2_v18_seed12,3863,full,2,left,1,0.9990131855010986,0.5135107636451721,0.6708952784538269,0.1573845148086547,0.5135107636451721
2,block2_v18_seed12,3864,full,2,left,1,0.9761155247688292,1.7480388879776,1.8224672079086304,0.0744283199310302,1.7480388879776
2,block2_v18_seed12,3865,full,3,forward,1,0.9999727010726928,0.4434281885623932,0.6608520150184631,0.2174238264560699,0.4434281885623932
2,block2_v18_seed12,3866,full,3,forward,1,0.9994614720344543,1.181792378425598,1.3341375589370728,0.1523451805114746,1.181792378425598
2,block2_v18_seed12,3867,full,4,backward,1,0.9999160766601562,0.3316256999969482,0.5229925513267517,0.1913668513298034,0.3316256999969482
2,block2_v18_seed12,3868,full,4,backward,1,0.9993826150894164,0.5356925129890442,0.6901682019233704,0.1544756889343261,0.5356925129890442
2,block2_v18_seed12,3869,full,3,forward,1,0.9928234815597534,1.1299175024032593,1.2327831983566284,0.1028656959533691,1.1299175024032593
2,block2_v18_seed12,3870,full,4,backward,1,0.9999957084655762,0.3805207312107086,0.6400146484375,0.2594939172267914,0.3805207312107086
2,block2_v18_seed12,3871,full,4,backward,1,0.999583065509796,0.8295669555664062,0.999811828136444,0.1702448725700378,0.8295669555664062
2,block2_v18_seed12,3873,full,3,forward,1,0.9998499155044556,0.5652050375938416,0.7455539703369141,0.1803489327430725,0.5652050375938416
2,block2_v18_seed12,3874,full,2,left,1,0.9992814660072328,0.6173166036605835,0.7629629969596863,0.1456463932991027,0.6173166036605835
2,block2_v18_seed12,3875,full,1,right,1,0.9684688448905944,0.5371426939964294,0.6179681420326233,0.0808254480361938,0.5371426939964294
2,block2_v18_seed12,3879,full,4,backward,1,0.9977059364318848,0.971849262714386,1.0934890508651731,0.1216397881507873,0.971849262714386
2,block2_v18_seed12,3880,full,1,right,1,0.9999563694000244,0.4161101281642914,0.6234097480773926,0.2072996199131012,0.4161101281642914
2,block2_v18_seed12,3881,full,3,forward,1,0.9998248219490052,0.4642684757709503,0.6495477557182312,0.1852792799472808,0.4642684757709503
2,block2_v18_seed12,3882,full,4,backward,1,0.9979798197746276,0.8863100409507751,1.0108059644699097,0.1244959235191345,0.8863100409507751
2,block2_v18_seed12,3884,full,1,right,1,0.9975516200065612,0.3657994270324707,0.4947889745235443,0.1289895474910736,0.3657994270324707
2,block2_v18_seed12,3885,full,4,backward,1,0.9916489124298096,0.4366894066333771,0.5481750965118408,0.1114856898784637,0.4366894066333771
2,block2_v18_seed12,3886,full,3,forward,1,0.9995365142822266,0.3851124346256256,0.5531096458435059,0.1679972112178802,0.3851124346256256
2,block2_v18_seed12,3887,full,3,forward,1,0.9999598264694214,0.3636790215969085,0.5820481181144714,0.2183690965175628,0.3636790215969085
2,block2_v18_seed12,3888,full,1,right,1,0.9992868304252625,1.065773606300354,1.214687466621399,0.1489138603210449,1.065773606300354
2,block2_v18_seed12,3890,full,4,backward,1,0.9999808073043824,0.4662438333034515,0.692874014377594,0.2266301810741424,0.4662438333034515
2,block2_v18_seed12,3891,full,1,right,1,0.9998801946640016,1.1057809591293335,1.2933971881866455,0.187616229057312,1.1057809591293335
2,block2_v18_seed12,3893,full,2,left,1,0.9988583326339722,1.337654709815979,1.477122187614441,0.1394674777984619,1.337654709815979
2,block2_v18_seed12,3895,full,2,left,1,0.9994624257087708,0.5238953232765198,0.6751945614814758,0.151299238204956,0.5238953232765198
2,block2_v18_seed12,3896,full,1,right,1,0.9859806299209596,1.5244823694229126,1.6098136901855469,0.0853313207626342,1.5244823694229126
2,block2_v18_seed12,3897,full,4,backward,1,0.9795929193496704,0.9473852515220642,1.0337730646133425,0.086387813091278,0.9473852515220642
2,block2_v18_seed12,3898,full,4,backward,1,0.99996018409729,0.4562519490718841,0.6727290749549866,0.2164771258831024,0.4562519490718841
2,block2_v18_seed12,3899,full,3,forward,1,0.9937426447868348,1.5216349363327026,1.6275320053100586,0.1058970689773559,1.5216349363327026
2,block2_v18_seed12,3900,full,3,forward,1,0.9777123928070068,0.408235639333725,0.4877307713031769,0.0794951319694519,0.408235639333725
2,block2_v18_seed12,3901,full,2,left,1,0.9999160766601562,0.6851809620857239,0.8772876858711243,0.1921067237854004,0.6851809620857239
2,block2_v18_seed12,3902,full,1,right,1,0.9988157749176024,0.6024126410484314,0.7428157925605774,0.140403151512146,0.6024126410484314
2,block2_v18_seed12,3904,full,1,right,1,0.999771773815155,0.6970981955528259,0.8740849494934082,0.1769867539405822,0.6970981955528259
2,block2_v18_seed12,3905,full,2,left,1,0.9887107014656068,0.5021194219589233,0.5945948958396912,0.0924754738807678,0.5021194219589233
2,block2_v18_seed12,3907,full,1,right,1,0.998865246772766,0.7741027474403381,0.9132114052772522,0.139108657836914,0.7741027474403381
2,block2_v18_seed12,3909,full,4,backward,1,0.9998419284820556,0.3505107462406158,0.5305439829826355,0.1800332367420196,0.3505107462406158
2,block2_v18_seed12,3910,full,3,forward,1,0.5915248990058899,1.2239348888397217,1.2338298559188845,0.0098949670791625,1.2239348888397217
2,block2_v18_seed12,3912,full,2,left,1,0.9942356944084167,1.373609185218811,1.4773598909378052,0.1037507057189941,1.373609185218811
2,block2_v18_seed12,3913,full,3,forward,1,0.9995842576026917,0.8533658981323242,1.0091458559036257,0.1557799577713012,0.8533658981323242
2,block2_v18_seed12,3914,full,2,left,1,0.9651296734809875,0.4815123379230499,0.5512652397155762,0.0697529017925262,0.4815123379230499
2,block2_v18_seed12,3915,full,2,left,1,0.9966626763343812,0.6605664491653442,0.7770618796348572,0.1164954304695129,0.6605664491653442
2,block2_v18_seed12,3916,full,2,left,1,0.9938274025917052,1.015360951423645,1.121802568435669,0.1064416170120239,1.015360951423645
2,block2_v18_seed12,3917,full,1,right,1,0.9927803874015808,1.156669020652771,1.2552355527877808,0.0985665321350097,1.156669020652771
2,block2_v18_seed12,3918,full,1,right,1,0.9998966455459596,0.4627892076969147,0.6516240835189819,0.1888348758220672,0.4627892076969147
2,block2_v18_seed12,3921,full,1,right,1,0.9998654127120972,0.6958919167518616,0.8841676712036133,0.1882757544517517,0.6958919167518616
2,block2_v18_seed12,3922,full,2,left,1,0.9912918210029602,0.6908057332038879,0.7950022220611572,0.1041964888572692,0.6908057332038879
2,block2_v18_seed12,3923,full,4,backward,1,0.996128797531128,0.6428601741790771,0.7690585255622864,0.1261983513832092,0.6428601741790771
2,block2_v18_seed12,3924,full,3,forward,1,0.9851935505867004,1.372561812400818,1.4673696756362915,0.0948078632354736,1.372561812400818
2,block2_v18_seed12,3927,full,1,right,1,0.974589228630066,1.3507007360458374,1.4410003423690796,0.0902996063232421,1.3507007360458374
2,block2_v18_seed12,3928,full,3,forward,1,0.9944730401039124,0.5593631863594055,0.6805999875068665,0.1212368011474609,0.5593631863594055
2,block2_v18_seed12,3930,full,2,left,1,0.9970017075538636,0.4720495939254761,0.5900878310203552,0.1180382370948791,0.4720495939254761
2,block2_v18_seed12,3931,full,1,right,1,0.984046757221222,1.5689536333084106,1.6567015647888184,0.0877479314804077,1.5689536333084106
2,block2_v18_seed12,3933,full,3,forward,1,0.9999812841415404,0.5089436769485474,0.7313640117645264,0.222420334815979,0.5089436769485474
2,block2_v18_seed12,3934,full,4,backward,1,0.9999979734420776,0.3583097159862518,0.6224322319030762,0.2641225159168243,0.3583097159862518
2,block2_v18_seed12,3935,full,3,forward,1,0.9999998807907104,0.8037562370300293,1.1343523263931274,0.3305960893630981,0.8037562370300293
2,block2_v18_seed12,3936,full,3,forward,1,0.9986788630485536,1.1391648054122925,1.2723687887191772,0.1332039833068847,1.1391648054122925
2,block2_v18_seed12,3939,full,1,right,1,0.9998292922973632,0.4627892076969147,0.6466901302337646,0.1839009225368499,0.4627892076969147
2,block2_v18_seed12,3940,full,2,left,1,0.9997380375862122,0.3634741008281708,0.5378378033638,0.1743637025356292,0.3634741008281708
2,block2_v18_seed12,3942,full,4,backward,1,0.9999960660934448,0.4358055591583252,0.6946890950202942,0.258883535861969,0.4358055591583252
2,block2_v18_seed12,3943,full,1,right,1,0.9997633099555968,0.505793035030365,0.6908736228942871,0.1850805878639221,0.505793035030365
2,block2_v18_seed12,3944,full,3,forward,1,0.9991857409477234,1.3845176696777344,1.52776300907135,0.1432453393936157,1.3845176696777344
2,block2_v18_seed12,3945,full,2,left,1,0.996618628501892,1.2109591960906982,1.3297325372695925,0.118773341178894,1.2109591960906982
2,block2_v18_seed12,3947,full,1,right,1,0.9983646273612976,0.5122496485710144,0.6528425812721252,0.1405929327011108,0.5122496485710144
2,block2_v18_seed12,3948,full,1,right,1,0.96348774433136,1.1963917016983032,1.2668684720993042,0.0704767704010009,1.1963917016983032
2,block2_v18_seed12,3951,full,2,left,1,0.9978197813034058,0.5744116306304932,0.7058464884757996,0.1314348578453064,0.5744116306304932
2,block2_v18_seed12,3952,full,4,backward,1,0.9993448853492736,0.5356925129890442,0.6830064654350281,0.1473139524459839,0.5356925129890442
2,block2_v18_seed12,3953,full,4,backward,1,0.9999043941497804,1.0749257802963257,1.269530177116394,0.1946043968200683,1.0749257802963257
2,block2_v18_seed12,3954,full,2,left,1,0.9857187867164612,2.120057344436645,2.207418441772461,0.0873610973358154,2.120057344436645
2,block2_v18_seed12,3955,full,1,right,1,0.997979462146759,0.5882176756858826,0.7167229056358337,0.1285052299499511,0.5882176756858826
2,block2_v18_seed12,3956,full,4,backward,1,0.9951377511024476,0.4366894066333771,0.5583065152168274,0.1216171085834503,0.4366894066333771
2,block2_v18_seed12,3957,full,3,forward,1,0.9997164607048036,0.5094097256660461,0.6844921112060547,0.1750823855400085,0.5094097256660461
2,block2_v18_seed12,3958,full,2,left,1,0.9989420771598816,0.3733860552310943,0.5129210948944092,0.1395350396633148,0.3733860552310943
2,block2_v18_seed12,3959,full,4,backward,1,0.9996708631515504,0.505588710308075,0.6730291843414307,0.1674404740333557,0.505588710308075
2,block2_v18_seed12,3961,full,1,right,1,0.9959256649017334,1.600520133972168,1.7232996225357056,0.1227794885635376,1.600520133972168
2,block2_v18_seed12,3962,full,2,left,1,0.9999080896377563,0.9227066040039062,1.1115286350250244,0.1888220310211181,0.9227066040039062
2,block2_v18_seed12,3963,full,1,right,1,0.9999998807907104,1.7468782663345337,2.066969156265259,0.3200908899307251,1.7468782663345337
2,block2_v18_seed12,3964,full,4,backward,1,0.99968683719635,0.5882821083068848,0.759905993938446,0.1716238856315612,0.5882821083068848
2,block2_v18_seed12,3966,full,4,backward,1,0.999303102493286,0.5412004590034485,0.7046158313751221,0.1634153723716735,0.5412004590034485
2,block2_v18_seed12,3968,full,1,right,1,0.9998605251312256,0.5279942154884338,0.7134379744529724,0.1854437589645385,0.5279942154884338
2,block2_v18_seed12,3969,full,4,backward,1,0.9999957084655762,0.3583097159862518,0.6081002354621887,0.2497905194759369,0.3583097159862518
2,block2_v18_seed12,3970,full,2,left,1,0.999923586845398,0.3364701271057129,0.5288577675819397,0.1923876404762268,0.3364701271057129
2,block2_v18_seed12,3972,full,1,right,1,0.9914775490760804,1.438341736793518,1.540798544883728,0.1024568080902099,1.438341736793518
2,block2_v18_seed12,3973,full,1,right,1,0.9999402761459352,0.4952180683612823,0.7001343369483948,0.2049162685871124,0.4952180683612823
2,block2_v18_seed12,3974,full,3,forward,1,0.9997531771659852,0.4049099385738373,0.5812831521034241,0.1763732135295868,0.4049099385738373
2,block2_v18_seed12,3975,full,1,right,1,0.9981493949890136,1.022078514099121,1.154619812965393,0.1325412988662719,1.022078514099121
2,block2_v18_seed12,3976,full,2,left,1,0.9986818432807922,1.146276831626892,1.2795671224594116,0.1332902908325195,1.146276831626892
2,block2_v18_seed12,3977,full,2,left,1,0.9992533326148988,0.5890060067176819,0.7491289973258972,0.1601229906082153,0.5890060067176819
2,block2_v18_seed12,3978,full,2,left,1,0.9987806677818298,1.5398197174072266,1.6741458177566528,0.1343261003494262,1.5398197174072266
2,block2_v18_seed12,3979,full,1,right,1,0.999907612800598,0.3984794318675995,0.5961408019065857,0.1976613700389862,0.3984794318675995
2,block2_v18_seed12,3980,full,1,right,1,0.995412051677704,1.0350533723831177,1.1486963033676147,0.113642930984497,1.0350533723831177
2,block2_v18_seed12,3981,full,3,forward,1,0.99987530708313,0.3976964056491852,0.5797858834266663,0.182089477777481,0.3976964056491852
2,block2_v18_seed12,3982,full,2,left,1,0.9945599436759948,1.0630114078521729,1.1697155237197876,0.1067041158676147,1.0630114078521729
2,block2_v18_seed12,3983,full,2,left,1,0.970604121685028,0.6908057332038879,0.7615330815315247,0.0707273483276367,0.6908057332038879
2,block2_v18_seed12,3984,full,3,forward,1,0.9989004135131836,0.5446870923042297,0.6960062980651855,0.1513192057609558,0.5446870923042297
2,block2_v18_seed12,3985,full,3,forward,1,0.9997714161872864,1.0953713655471802,1.2720792293548584,0.1767078638076782,1.0953713655471802
2,block2_v18_seed12,3987,full,1,right,1,0.9988508224487304,0.6024126410484314,0.7433276772499084,0.140915036201477,0.6024126410484314
2,block2_v18_seed12,3988,full,1,right,1,0.9999568462371826,0.3931438028812408,0.6033352017402649,0.210191398859024,0.3931438028812408
2,block2_v18_seed12,3989,full,3,forward,1,0.9969480633735656,1.3950510025024414,1.5211082696914673,0.1260572671890258,1.3950510025024414
2,block2_v18_seed12,3990,full,3,forward,1,0.9992497563362122,1.2937730550765991,1.4446994066238403,0.1509263515472412,1.2937730550765991
2,block2_v18_seed12,3991,full,2,left,1,0.9986090064048768,0.5306613445281982,0.6692452430725098,0.1385838985443115,0.5306613445281982
2,block2_v18_seed12,3992,full,2,left,1,0.998829424381256,0.6570422053337097,0.7931655049324036,0.1361232995986938,0.6570422053337097
2,block2_v18_seed12,3993,full,2,left,1,0.9999762773513794,1.7294615507125854,1.9532628059387207,0.2238012552261352,1.7294615507125854
2,block2_v18_seed12,3995,full,2,left,1,0.996639370918274,2.041578769683838,2.1598222255706787,0.1182434558868408,2.041578769683838
2,block2_v18_seed12,3996,full,2,left,1,0.9988346695899964,0.3216692209243774,0.4676527678966522,0.1459835469722747,0.3216692209243774
2,block2_v18_seed12,3998,full,2,left,1,0.9453914761543274,1.2370858192443848,1.2959786653518677,0.0588928461074829,1.2370858192443848
2,block2_v18_seed12,3999,full,2,left,1,0.9999843835830688,0.9227065443992616,1.153966784477234,0.2312602400779724,0.9227065443992616
2,block3_h36_seed13,3500,small_full,4,backward,1,0.9999293088912964,1.1069048643112185,1.3129358291625977,0.2060309648513794,1.1069048643112185
2,block3_h36_seed13,3501,small_full,1,right,1,0.9674509763717652,1.397972583770752,1.4749194383621216,0.0769468545913696,1.397972583770752
2,block3_h36_seed13,3502,small_full,3,forward,1,0.9999175071716307,0.9483268857002258,1.1416457891464231,0.1933189034461975,0.9483268857002258
2,block3_h36_seed13,3503,small_full,3,forward,1,0.977241277694702,1.3569201231002808,1.437079906463623,0.0801597833633422,1.3569201231002808
2,block3_h36_seed13,3504,small_full,4,backward,1,0.7980724573135376,1.7700389623641968,1.8007243871688845,0.0306854248046875,1.7700389623641968
2,block3_h36_seed13,3506,small_full,4,backward,1,0.996393382549286,0.8346049189567566,0.9485345482826232,0.1139296293258667,0.8346049189567566
2,block3_h36_seed13,3507,small_full,2,left,0,0.5329124331474304,1.318310260772705,1.3232828378677368,0.0049725770950317,1.3232828378677368
2,block3_h36_seed13,3508,small_full,4,backward,1,0.9999988079071044,0.9376909136772156,1.2225288152694702,0.2848379015922546,0.9376909136772156
2,block3_h36_seed13,3509,small_full,2,left,1,0.6479231715202332,1.1201328039169312,1.1371749639511108,0.0170421600341796,1.1201328039169312
2,block3_h36_seed13,3510,small_full,2,left,1,0.9778543710708618,1.3252171277999878,1.401523470878601,0.0763063430786132,1.3252171277999878
2,block3_h36_seed13,3511,small_full,1,right,1,0.8651883006095886,1.542074203491211,1.5827142000198364,0.0406399965286254,1.542074203491211
2,block3_h36_seed13,3512,small_full,1,right,0,0.4203545153141022,1.322904109954834,1.3367924690246582,0.0138883590698242,1.343082070350647
2,block3_h36_seed13,3513,small_full,1,right,1,0.9654804468154908,1.6154561042785645,1.6982156038284302,0.0827594995498657,1.6154561042785645
2,block3_h36_seed13,3514,small_full,3,forward,1,0.9996825456619264,1.6364816427230835,1.7982136011123655,0.1617319583892822,1.6364816427230835
2,block3_h36_seed13,3518,small_full,4,backward,1,0.993920087814331,1.597075581550598,1.7024253606796265,0.1053497791290283,1.597075581550598
2,block3_h36_seed13,3520,small_full,3,forward,1,0.9124314188957214,1.143568515777588,1.2033625841140747,0.0597940683364868,1.143568515777588
2,block3_h36_seed13,3521,small_full,2,left,1,0.5648074150085449,1.6003254652023315,1.6166857481002808,0.0163602828979492,1.6003254652023315
2,block3_h36_seed13,3522,small_full,1,right,0,0.6120989918708801,1.4097200632095337,1.4270604848861694,0.0173404216766357,1.4419797658920288
2,block3_h36_seed13,3523,small_full,3,forward,0,0.4087738692760467,1.6002140045166016,1.6036558151245115,0.0034418106079101,1.6036558151245115
2,block3_h36_seed13,3524,small_full,2,left,0,0.3449417054653168,1.4717971086502075,1.4727627038955688,0.0009655952453613,1.4727627038955688
2,block3_h36_seed13,3525,small_full,2,left,1,0.9456706047058104,1.3734899759292605,1.4363408088684082,0.0628508329391479,1.3734899759292605
2,block3_h36_seed13,3526,small_full,4,backward,1,0.9903870224952698,1.701127529144287,1.7963653802871704,0.0952378511428833,1.701127529144287
2,block3_h36_seed13,3527,small_full,4,backward,1,0.9704073667526244,1.824560046195984,1.8984266519546509,0.0738666057586669,1.824560046195984
2,block3_h36_seed13,3528,small_full,2,left,1,0.5220503211021423,1.4228748083114624,1.4248523712158203,0.0019775629043579,1.4228748083114624
2,block3_h36_seed13,3529,small_full,1,right,1,0.9506294131278992,1.681799292564392,1.752583146095276,0.0707838535308837,1.681799292564392
2,block3_h36_seed13,3531,small_full,3,forward,1,0.9999914169311525,0.8745725750923157,1.124006271362305,0.249433696269989,0.8745725750923157
2,block3_h36_seed13,3532,small_full,3,forward,1,0.9999504089355468,0.8740808367729187,1.0848087072372437,0.2107278704643249,0.8740808367729187
2,block3_h36_seed13,3533,small_full,1,right,1,0.7235053181648254,1.7397712469100952,1.773196816444397,0.0334255695343017,1.7397712469100952
2,block3_h36_seed13,3534,small_full,2,left,1,0.9963777661323548,1.2984760999679563,1.4286785125732422,0.1302024126052856,1.2984760999679563
2,block3_h36_seed13,3536,small_full,2,left,1,0.9995208978652954,0.8748694062232971,1.0359067916870115,0.1610373854637146,0.8748694062232971
2,block3_h36_seed13,3537,small_full,1,right,1,0.9130473732948304,1.7838945388793943,1.84445059299469,0.0605560541152954,1.7838945388793943
2,block3_h36_seed13,3538,small_full,1,right,0,0.5745849609375,1.4679876565933228,1.4747213125228882,0.0067336559295654,1.4747213125228882
2,block3_h36_seed13,3539,small_full,2,left,1,0.8868456482887268,1.3374944925308228,1.399096131324768,0.0616016387939453,1.3374944925308228
2,block3_h36_seed13,3540,small_full,4,backward,1,0.9906722903251648,0.9083690643310548,1.00754976272583,0.0991806983947753,0.9083690643310548
2,block3_h36_seed13,3541,small_full,2,left,1,0.9659907817840576,1.6130805015563965,1.694173812866211,0.0810933113098144,1.6130805015563965
2,block3_h36_seed13,3542,small_full,4,backward,1,0.996708869934082,1.3711280822753906,1.485578536987305,0.114450454711914,1.3711280822753906
2,block3_h36_seed13,3543,small_full,3,forward,1,0.9797393679618835,1.2678306102752686,1.3550286293029783,0.0871980190277099,1.2678306102752686
2,block3_h36_seed13,3544,small_full,3,forward,1,0.9527608752250672,1.6570643186569214,1.734951376914978,0.0778870582580566,1.6570643186569214
2,block3_h36_seed13,3545,small_full,2,left,1,0.9834471940994264,1.959290027618408,2.045516967773437,0.0862269401550293,1.959290027618408
2,block3_h36_seed13,3546,small_full,3,forward,1,0.9982703924179076,2.047207355499268,2.174558401107788,0.1273510456085205,2.047207355499268
2,block3_h36_seed13,3547,small_full,1,right,1,0.6636143326759338,1.1027501821517944,1.1337178945541382,0.0309677124023437,1.1027501821517944
2,block3_h36_seed13,3548,small_full,3,forward,1,0.984714686870575,1.438741683959961,1.5264798402786257,0.0877381563186645,1.438741683959961
2,block3_h36_seed13,3549,small_full,2,left,1,0.998841106891632,0.9620881676673888,1.0988752841949463,0.1367871165275573,0.9620881676673888
2,block3_h36_seed13,3550,small_full,3,forward,1,0.9518195986747742,1.809852123260498,1.872825026512146,0.0629729032516479,1.809852123260498
2,block3_h36_seed13,3551,small_full,2,left,1,0.8420503735542297,1.5002084970474243,1.5408111810684204,0.040602684020996,1.5002084970474243
2,block3_h36_seed13,3552,small_full,2,left,1,0.8674575686454773,2.006690740585327,2.0444610118865967,0.0377702713012695,2.006690740585327
2,block3_h36_seed13,3553,small_full,2,left,0,0.3735576570034027,1.3947433233261108,1.3997732400894165,0.0050299167633056,1.4146360158920288
2,block3_h36_seed13,3554,small_full,3,forward,1,0.741248607635498,1.8992700576782229,1.9209314584732056,0.0216614007949829,1.8992700576782229
2,block3_h36_seed13,3555,small_full,2,left,1,0.9935773015022278,1.9859665632247925,2.090492010116577,0.1045254468917846,1.9859665632247925
2,block3_h36_seed13,3556,small_full,2,left,1,0.9335173964500428,2.115900754928589,2.1688015460968018,0.0529007911682128,2.115900754928589
2,block3_h36_seed13,3559,small_full,2,left,1,0.994330883026123,1.3153867721557615,1.4299697875976562,0.1145830154418945,1.3153867721557615
2,block3_h36_seed13,3560,small_full,3,forward,1,0.994166374206543,1.3569201231002808,1.4747214317321775,0.1178013086318969,1.3569201231002808
2,block3_h36_seed13,3561,small_full,1,right,1,0.99998676776886,1.1894458532333374,1.4312859773635864,0.241840124130249,1.1894458532333374
2,block3_h36_seed13,3562,small_full,4,backward,1,0.9699620604515076,1.7432469129562378,1.820501446723938,0.0772545337677002,1.7432469129562378
2,block3_h36_seed13,3563,small_full,1,right,1,0.8781366944313049,1.436899185180664,1.4780977964401243,0.0411986112594604,1.436899185180664
2,block3_h36_seed13,3564,small_full,3,forward,1,0.9998400211334229,0.9483268857002258,1.140958309173584,0.1926314234733581,0.9483268857002258
2,block3_h36_seed13,3565,small_full,2,left,1,0.9999207258224488,1.3911938667297363,1.5917528867721558,0.2005590200424194,1.3911938667297363
2,block3_h36_seed13,3567,small_full,3,forward,0,0.5949971079826355,1.2066463232040403,1.219783902168274,0.0131375789642333,1.219783902168274
2,block3_h36_seed13,3568,small_full,4,backward,1,0.9968264102935792,1.5520013570785522,1.671972393989563,0.1199710369110107,1.5520013570785522
2,block3_h36_seed13,3569,small_full,1,right,1,0.8642678260803223,1.397972583770752,1.4413223266601562,0.0433497428894043,1.397972583770752
2,block3_h36_seed13,3570,small_full,1,right,0,0.9600152969360352,1.8200740814208984,1.8974417448043823,0.0773676633834838,1.8974417448043823
2,block3_h36_seed13,3571,small_full,2,left,0,0.5001049637794495,1.878658652305603,1.8787609338760376,0.0001022815704345,1.8787609338760376
2,block3_h36_seed13,3572,small_full,2,left,1,0.9993263483047484,1.0201202630996704,1.1667699813842771,0.1466497182846069,1.0201202630996704
2,block3_h36_seed13,3573,small_full,3,forward,1,0.9385738372802734,1.3242194652557373,1.3878527879714966,0.0636333227157592,1.3242194652557373
2,block3_h36_seed13,3574,small_full,4,backward,1,0.9944063425064088,1.4569501876831057,1.572311520576477,0.1153613328933715,1.4569501876831057
2,block3_h36_seed13,3576,small_full,2,left,1,0.9631301164627076,1.571976661682129,1.6508227586746216,0.0788460969924926,1.571976661682129
2,block3_h36_seed13,3577,small_full,2,left,0,0.631513774394989,1.2731420993804932,1.2851600646972656,0.0120179653167724,1.2851600646972656
2,block3_h36_seed13,3579,small_full,1,right,1,0.9995115995407104,1.6877245903015137,1.8414530754089355,0.1537284851074218,1.6877245903015137
2,block3_h36_seed13,3580,small_full,4,backward,1,0.9976890087127686,1.7513450384140017,1.8757537603378296,0.1244087219238281,1.7513450384140017
2,block3_h36_seed13,3581,small_full,3,forward,1,0.9997028708457948,0.9073761105537416,1.074049472808838,0.1666733622550964,0.9073761105537416
2,block3_h36_seed13,3582,small_full,1,right,1,0.867835283279419,1.587175726890564,1.6358646154403689,0.0486888885498046,1.587175726890564
2,block3_h36_seed13,3584,small_full,4,backward,1,0.9988044500350952,1.5780407190322876,1.7126010656356812,0.1345603466033935,1.5780407190322876
2,block3_h36_seed13,3585,small_full,2,left,0,0.9655739665031432,0.8800819516181946,0.9485084414482116,0.068426489830017,1.0058865547180176
2,block3_h36_seed13,3586,small_full,3,forward,1,0.9999704360961914,0.8740808367729187,1.0974740982055664,0.2233932614326477,0.8740808367729187
2,block3_h36_seed13,3587,small_full,3,forward,1,0.8733246326446533,1.51925790309906,1.5687942504882812,0.0495363473892211,1.51925790309906
2,block3_h36_seed13,3589,small_full,3,forward,1,0.9859501719474792,2.1160364151000977,2.2124502658843994,0.0964138507843017,2.1160364151000977
2,block3_h36_seed13,3590,small_full,4,backward,1,0.999749481678009,1.7741565704345703,1.9416542053222656,0.1674976348876953,1.7741565704345703
2,block3_h36_seed13,3591,small_full,3,forward,1,0.9983035326004028,1.7350488901138306,1.8674654960632324,0.1324166059494018,1.7350488901138306
2,block3_h36_seed13,3592,small_full,1,right,1,0.8959562182426453,1.8527793884277344,1.9000043869018557,0.047224998474121,1.8527793884277344
2,block3_h36_seed13,3593,small_full,4,backward,1,0.9968838095664978,1.322128415107727,1.4462848901748655,0.1241564750671386,1.322128415107727
2,block3_h36_seed13,3594,small_full,3,forward,1,0.9997712969779968,1.117271900177002,1.292375087738037,0.1751031875610351,1.117271900177002
2,block3_h36_seed13,3595,small_full,3,forward,0,0.7606664896011353,0.8308846354484558,0.8635685443878174,0.0326839089393615,0.8764914870262146
2,block3_h36_seed13,3596,small_full,4,backward,1,0.9687462449073792,1.513905048370361,1.5838791131973269,0.0699740648269653,1.513905048370361
2,block3_h36_seed13,3597,small_full,1,right,1,0.9396314024925232,1.3988122940063477,1.4611002206802368,0.0622879266738891,1.3988122940063477
2,block3_h36_seed13,3598,small_full,3,forward,1,0.901501476764679,1.6330417394638062,1.6909421682357788,0.0579004287719726,1.6330417394638062
2,block3_h36_seed13,3599,small_full,1,right,0,0.5222557783126831,1.269637942314148,1.2788609266281128,0.0092229843139648,1.2788609266281128
2,block3_h36_seed13,3600,small_full,3,forward,1,0.9873393774032592,1.6804977655410769,1.7900670766830444,0.1095693111419677,1.6804977655410769
2,block3_h36_seed13,3601,small_full,3,forward,1,0.9903040528297424,1.6137409210205078,1.7063302993774414,0.0925893783569336,1.6137409210205078
2,block3_h36_seed13,3602,small_full,2,left,1,0.9999854564666748,1.179518699645996,1.4224838018417358,0.2429651021957397,1.179518699645996
2,block3_h36_seed13,3603,small_full,4,backward,1,0.99278062582016,1.6880642175674438,1.8003997802734375,0.1123355627059936,1.6880642175674438
2,block3_h36_seed13,3605,small_full,3,forward,1,0.999813973903656,1.04681134223938,1.2330734729766846,0.1862621307373047,1.04681134223938
2,block3_h36_seed13,3606,small_full,2,left,1,0.963546872138977,1.7318404912948608,1.805688500404358,0.073848009109497,1.7318404912948608
2,block3_h36_seed13,3607,small_full,2,left,1,0.9088711738586426,1.358105182647705,1.4067920446395874,0.0486868619918823,1.358105182647705
2,block3_h36_seed13,3608,small_full,1,right,1,0.5081816911697388,1.4731054306030271,1.4851006269454956,0.0119951963424682,1.4731054306030271
2,block3_h36_seed13,3609,small_full,1,right,0,0.4147113561630249,1.739087700843811,1.745400071144104,0.0063123703002929,1.7472625970840454
2,block3_h36_seed13,3610,small_full,2,left,1,0.97628515958786,1.854150652885437,1.931885361671448,0.0777347087860107,1.854150652885437
2,block3_h36_seed13,3611,small_full,4,backward,1,0.9963731169700624,1.5724416971206665,1.6863908767700195,0.113949179649353,1.5724416971206665
2,block3_h36_seed13,3612,small_full,3,forward,1,0.9142946600914,2.098296403884888,2.149310827255249,0.0510144233703613,2.098296403884888
2,block3_h36_seed13,3613,small_full,2,left,1,0.999901294708252,1.3911938667297363,1.5917528867721558,0.2005590200424194,1.3911938667297363
2,block3_h36_seed13,3614,small_full,2,left,1,0.9997418522834778,1.058231234550476,1.226030349731445,0.1677991151809692,1.058231234550476
2,block3_h36_seed13,3615,small_full,1,right,0,0.485204130411148,1.5332220792770386,1.5427957773208618,0.0095736980438232,1.5427957773208618
2,block3_h36_seed13,3616,small_full,1,right,1,0.6366754770278931,1.4000787734985352,1.415075659751892,0.0149968862533569,1.4000787734985352
2,block3_h36_seed13,3617,small_full,2,left,1,0.949385404586792,1.358850598335266,1.4318524599075315,0.0730018615722656,1.358850598335266
2,block3_h36_seed13,3618,small_full,3,forward,1,0.9996259212493896,1.7350488901138306,1.9023669958114624,0.1673181056976318,1.7350488901138306
2,block3_h36_seed13,3619,small_full,4,backward,1,0.9999758005142212,0.8276092410087585,1.0527654886245728,0.2251562476158142,0.8276092410087585
2,block3_h36_seed13,3620,small_full,1,right,1,0.9863764643669128,1.8054038286209104,1.8981703519821167,0.092766523361206,1.8054038286209104
2,block3_h36_seed13,3621,small_full,2,left,1,0.999929428100586,0.9144607186317444,1.1061272621154783,0.1916665434837341,0.9144607186317444
2,block3_h36_seed13,3622,small_full,2,left,1,0.9107087254524232,1.6041269302368164,1.655794978141785,0.0516680479049682,1.6041269302368164
2,block3_h36_seed13,3623,small_full,2,left,1,0.9701914191246032,1.7337613105773926,1.8042694330215452,0.0705081224441528,1.7337613105773926
2,block3_h36_seed13,3625,small_full,3,forward,1,0.9803285002708436,1.30496346950531,1.3934420347213743,0.0884785652160644,1.30496346950531
2,block3_h36_seed13,3626,small_full,3,forward,0,0.668310284614563,1.1160838603973389,1.1371750831604004,0.0210912227630615,1.1371750831604004
2,block3_h36_seed13,3627,small_full,2,left,0,0.5160117745399475,1.2787606716156006,1.287974238395691,0.0092135667800903,1.287974238395691
2,block3_h36_seed13,3628,small_full,4,backward,1,0.996346652507782,1.6238175630569458,1.7375569343566897,0.1137393712997436,1.6238175630569458
2,block3_h36_seed13,3629,small_full,3,forward,1,0.9999964237213136,0.8745725750923157,1.139940857887268,0.2653682827949524,0.8745725750923157
2,block3_h36_seed13,3631,small_full,4,backward,1,0.9813321828842164,1.701033592224121,1.782034993171692,0.0810014009475708,1.701033592224121
2,block3_h36_seed13,3633,small_full,2,left,1,0.6462290287017822,1.2957996129989624,1.3096238374710083,0.0138242244720458,1.2957996129989624
2,block3_h36_seed13,3634,small_full,4,backward,1,0.9990013241767884,0.8203835487365723,0.962489366531372,0.1421058177947998,0.8203835487365723
2,block3_h36_seed13,3636,small_full,4,backward,1,0.9226835370063782,1.5564956665039062,1.6062034368515017,0.0497077703475952,1.5564956665039062
2,block3_h36_seed13,3637,small_full,2,left,1,0.9994586110115052,1.3911938667297363,1.544611573219299,0.153417706489563,1.3911938667297363
2,block3_h36_seed13,3638,small_full,2,left,0,0.6585226655006409,0.910966694355011,0.9246476292610168,0.0136809349060058,1.0058865547180176
2,block3_h36_seed13,3639,small_full,2,left,1,0.9976263642311096,2.042799949645996,2.1638824939727783,0.1210825443267822,2.042799949645996
2,block3_h36_seed13,3640,small_full,1,right,1,0.9899955987930298,1.6957279443740845,1.797286868095398,0.1015589237213134,1.6957279443740845
2,block3_h36_seed13,3641,small_full,2,left,1,0.999984622001648,0.9144607186317444,1.1476088762283323,0.2331481575965881,0.9144607186317444
2,block3_h36_seed13,3642,small_full,2,left,1,0.9992961883544922,1.234481692314148,1.3881120681762695,0.1536303758621215,1.234481692314148
2,block3_h36_seed13,3643,small_full,4,backward,1,0.9686683416366576,1.5112568140029907,1.5912100076675415,0.0799531936645507,1.5112568140029907
2,block3_h36_seed13,3644,small_full,4,backward,1,0.5822210907936096,1.652522087097168,1.6656392812728882,0.0131171941757202,1.652522087097168
2,block3_h36_seed13,3645,small_full,4,backward,1,0.990325093269348,1.7669543027877808,1.8595738410949707,0.0926195383071899,1.7669543027877808
2,block3_h36_seed13,3647,small_full,1,right,1,0.9846075177192688,1.33551025390625,1.4239932298660278,0.0884829759597778,1.33551025390625
2,block3_h36_seed13,3648,small_full,2,left,0,0.7766467928886414,1.2000640630722046,1.2309547662734983,0.0308907032012939,1.2309547662734983
2,block3_h36_seed13,3649,small_full,1,right,1,0.8998436331748962,1.4287420511245728,1.4791680574417114,0.0504260063171386,1.4287420511245728
2,block3_h36_seed13,3651,small_full,1,right,1,0.4025795459747314,1.661434769630432,1.6626611948013306,0.0012264251708984,1.661434769630432
2,block3_h36_seed13,3652,small_full,2,left,1,0.9991067051887512,1.9762872457504272,2.117538452148437,0.1412512063980102,1.9762872457504272
2,block3_h36_seed13,3653,small_full,2,left,1,0.9556925892829896,1.358850598335266,1.4318524599075315,0.0730018615722656,1.358850598335266
2,block3_h36_seed13,3655,small_full,1,right,1,0.999932050704956,1.4667552709579468,1.6661629676818848,0.199407696723938,1.4667552709579468
2,block3_h36_seed13,3656,small_full,4,backward,1,0.9990782737731934,1.7112518548965454,1.8592171669006348,0.1479653120040893,1.7112518548965454
2,block3_h36_seed13,3657,small_full,3,forward,1,0.9988584518432616,1.7855676412582395,1.926512598991394,0.1409449577331543,1.7855676412582395
2,block3_h36_seed13,3658,small_full,3,forward,1,0.999170184135437,0.7696091532707214,0.9298248887062072,0.1602157354354858,0.7696091532707214
2,block3_h36_seed13,3659,small_full,1,right,1,0.9956315755844116,1.3988122940063477,1.525551199913025,0.1267389059066772,1.3988122940063477
2,block3_h36_seed13,3660,small_full,2,left,1,0.9979766011238098,1.001853108406067,1.1299943923950195,0.1281412839889526,1.001853108406067
2,block3_h36_seed13,3661,small_full,4,backward,1,0.9998005032539368,0.8346049189567566,1.016007423400879,0.1814025044441223,0.8346049189567566
2,block3_h36_seed13,3662,small_full,4,backward,1,0.8964299559593201,1.1893569231033323,1.2334198951721191,0.0440629720687866,1.1893569231033323
2,block3_h36_seed13,3664,small_full,2,left,1,0.9704322814941406,1.3677126169204712,1.4427413940429688,0.0750287771224975,1.3677126169204712
2,block3_h36_seed13,3665,small_full,2,left,1,0.9986624717712402,1.800711750984192,1.9366788864135744,0.1359671354293823,1.800711750984192
2,block3_h36_seed13,3666,small_full,4,backward,1,0.9170085191726683,1.488140106201172,1.5427528619766235,0.0546127557754516,1.488140106201172
2,block3_h36_seed13,3668,small_full,1,right,1,0.9938936829566956,1.3086518049240112,1.4239320755004885,0.115280270576477,1.3086518049240112
2,block3_h36_seed13,3670,small_full,4,backward,1,0.9497434496879578,1.9211679697036743,1.985908031463623,0.0647400617599487,1.9211679697036743
2,block3_h36_seed13,3671,small_full,3,forward,1,0.9015935063362122,1.355760931968689,1.4031466245651243,0.0473856925964355,1.355760931968689
2,block3_h36_seed13,3672,small_full,4,backward,1,0.977325975894928,1.6431747674942017,1.7185548543930054,0.0753800868988037,1.6431747674942017
2,block3_h36_seed13,3673,small_full,3,forward,1,0.999193012714386,1.6544194221496582,1.8121532201766968,0.1577337980270385,1.6544194221496582
2,block3_h36_seed13,3674,small_full,4,backward,1,0.9959989786148072,1.850659728050232,1.9621695280075075,0.1115097999572753,1.850659728050232
2,block3_h36_seed13,3678,small_full,1,right,0,0.4706690311431885,1.7678842544555664,1.7754501104354858,0.0075658559799194,1.78624165058136
2,block3_h36_seed13,3679,small_full,2,left,1,0.9918079972267152,1.7473284006118774,1.8550376892089844,0.1077092885971069,1.7473284006118774
2,block3_h36_seed13,3680,small_full,2,left,1,0.9733375906944276,1.358850598335266,1.4410191774368286,0.0821685791015625,1.358850598335266
2,block3_h36_seed13,3682,small_full,1,right,0,0.7761048674583435,1.2340577840805054,1.269637942314148,0.0355801582336425,1.2788609266281128
2,block3_h36_seed13,3683,small_full,4,backward,0,0.8962204456329346,1.7705649137496948,1.8138822317123413,0.0433173179626464,1.8138822317123413
2,block3_h36_seed13,3684,small_full,1,right,1,0.9998778104782104,1.0372320413589478,1.2304106950759888,0.193178653717041,1.0372320413589478
2,block3_h36_seed13,3685,small_full,2,left,0,0.8702239990234375,1.056129813194275,1.106533169746399,0.050403356552124,1.106533169746399
2,block3_h36_seed13,3686,small_full,2,left,0,0.5095745325088501,1.3496475219726562,1.3571056127548218,0.0074580907821655,1.3571056127548218
2,block3_h36_seed13,3689,small_full,1,right,1,0.99951434135437,1.1053677797317505,1.2596827745437622,0.1543149948120117,1.1053677797317505
2,block3_h36_seed13,3690,small_full,3,forward,1,0.5662484169006348,1.7668890953063965,1.774283766746521,0.0073946714401245,1.7668890953063965
2,block3_h36_seed13,3691,small_full,1,right,1,0.8502247929573059,2.0396554470062256,2.0767152309417725,0.0370597839355468,2.0396554470062256
2,block3_h36_seed13,3692,small_full,2,left,0,0.8477242588996887,1.4338299036026,1.4842453002929688,0.0504153966903686,1.4885154962539673
2,block3_h36_seed13,3693,small_full,4,backward,1,0.9753448963165284,1.6230592727661133,1.7015234231948853,0.0784641504287719,1.6230592727661133
2,block3_h36_seed13,3694,small_full,2,left,1,0.9133664965629578,1.6757501363754272,1.72331440448761,0.0475642681121826,1.6757501363754272
2,block3_h36_seed13,3695,small_full,3,forward,0,0.8378831744194031,0.999215304851532,1.0490732192993164,0.0498579144477844,1.0497955083847046
2,block3_h36_seed13,3696,small_full,3,forward,1,0.9998941421508788,1.182300686836243,1.3745936155319214,0.1922929286956787,1.182300686836243
2,block3_h36_seed13,3697,small_full,3,forward,1,0.8245100378990173,1.577070236206055,1.6210914850234983,0.0440212488174438,1.577070236206055
2,block3_h36_seed13,3698,small_full,2,left,1,0.9988837838172911,1.38833487033844,1.524488925933838,0.1361540555953979,1.38833487033844
2,block3_h36_seed13,3699,small_full,1,right,1,0.997649610042572,1.3568090200424194,1.4939810037612915,0.137171983718872,1.3568090200424194
2,block3_h36_seed13,3700,small_full,1,right,1,0.9261981248855592,1.445553421974182,1.5086888074874878,0.0631353855133056,1.445553421974182
2,block3_h36_seed13,3701,small_full,2,left,1,0.6273747682571411,1.5669769048690796,1.5886503458023071,0.0216734409332275,1.5669769048690796
2,block3_h36_seed13,3703,small_full,3,forward,1,0.8472984433174133,1.577070236206055,1.6208672523498535,0.0437970161437988,1.577070236206055
2,block3_h36_seed13,3704,small_full,4,backward,1,0.997908353805542,1.0421311855316162,1.166502833366394,0.1243716478347778,1.0421311855316162
2,block3_h36_seed13,3705,small_full,1,right,1,0.6712332963943481,1.4612480401992798,1.4813823699951172,0.0201343297958374,1.4612480401992798
2,block3_h36_seed13,3706,small_full,4,backward,1,0.997940480709076,0.989713490009308,1.1229785680770874,0.1332650780677795,0.989713490009308
2,block3_h36_seed13,3707,small_full,4,backward,1,0.9867386817932128,1.701033592224121,1.7873305082321167,0.0862969160079956,1.701033592224121
2,block3_h36_seed13,3708,small_full,4,backward,1,0.99995756149292,1.0169823169708252,1.231384515762329,0.2144021987915039,1.0169823169708252
2,block3_h36_seed13,3711,small_full,2,left,1,0.9992604851722716,1.4240779876708984,1.570049285888672,0.1459712982177734,1.4240779876708984
2,block3_h36_seed13,3712,small_full,1,right,1,0.8814499974250793,1.6761220693588257,1.7213940620422363,0.0452719926834106,1.6761220693588257
2,block3_h36_seed13,3713,small_full,2,left,1,0.6846111416816711,1.8812392950057983,1.9034632444381716,0.022223949432373,1.8812392950057983
2,block3_h36_seed13,3715,small_full,2,left,1,0.9999841451644896,1.179518699645996,1.4122220277786257,0.2327033281326294,1.179518699645996
2,block3_h36_seed13,3716,small_full,3,forward,1,0.9999314546585084,0.8842824101448059,1.0957304239273071,0.2114480137825012,0.8842824101448059
2,block3_h36_seed13,3718,small_full,3,forward,1,0.9929919242858888,1.6567951440811155,1.7615951299667358,0.1047999858856201,1.6567951440811155
2,block3_h36_seed13,3719,small_full,1,right,1,0.9999004602432252,1.0025261640548706,1.1892662048339844,0.1867400407791137,1.0025261640548706
2,block3_h36_seed13,3721,small_full,4,backward,1,0.9994232654571532,1.0421311855316162,1.206348538398743,0.1642173528671264,1.0421311855316162
2,block3_h36_seed13,3722,small_full,4,backward,1,0.9443159699440002,1.1654809713363647,1.235646367073059,0.0701653957366943,1.1654809713363647
2,block3_h36_seed13,3723,small_full,3,forward,1,0.9365474581718444,1.525317668914795,1.596917748451233,0.0716000795364379,1.525317668914795
2,block3_h36_seed13,3724,small_full,4,backward,1,0.9808499217033386,1.605519413948059,1.6962369680404663,0.0907175540924072,1.605519413948059
2,block3_h36_seed13,3727,small_full,1,right,1,0.8946799039840698,1.9894942045211792,2.039926290512085,0.0504320859909057,1.9894942045211792
2,block3_h36_seed13,3728,small_full,3,forward,1,0.9650421738624572,1.38361394405365,1.4603543281555176,0.0767403841018676,1.38361394405365
2,block3_h36_seed13,3729,small_full,1,right,1,0.9720882177352904,1.7560181617736816,1.8379583358764648,0.0819401741027832,1.7560181617736816
2,block3_h36_seed13,3730,small_full,4,backward,1,0.95059734582901,1.439162254333496,1.500022530555725,0.060860276222229,1.439162254333496
2,block3_h36_seed13,3731,small_full,4,backward,1,0.9999747276306152,0.8276092410087585,1.0527654886245728,0.2251562476158142,0.8276092410087585
2,block3_h36_seed13,3732,small_full,1,right,1,0.970609962940216,1.742812156677246,1.813677430152893,0.0708652734756469,1.742812156677246
2,block3_h36_seed13,3733,small_full,4,backward,1,0.737068772315979,1.6959222555160522,1.7196054458618164,0.0236831903457641,1.6959222555160522
2,block3_h36_seed13,3734,small_full,3,forward,1,0.980363667011261,1.7821353673934937,1.8651152849197388,0.0829799175262451,1.7821353673934937
2,block3_h36_seed13,3735,small_full,4,backward,1,0.9978012442588806,0.9367925524711608,1.0683919191360474,0.1315993666648864,0.9367925524711608
2,block3_h36_seed13,3736,small_full,1,right,1,0.999711573123932,1.0131396055221558,1.187031865119934,0.1738922595977783,1.0131396055221558
2,block3_h36_seed13,3737,small_full,2,left,1,0.9997404217720032,1.0178762674331665,1.1944053173065186,0.176529049873352,1.0178762674331665
2,block3_h36_seed13,3738,small_full,2,left,0,0.4810439944267273,1.41621196269989,1.4289413690567017,0.0127294063568115,1.4289413690567017
2,block3_h36_seed13,3739,small_full,4,backward,1,0.9992871880531312,1.1676467657089231,1.3219364881515503,0.1542897224426269,1.1676467657089231
2,block3_h36_seed13,3740,small_full,4,backward,1,0.9157267212867736,1.6344934701919556,1.6910909414291382,0.0565974712371826,1.6344934701919556
2,block3_h36_seed13,3741,small_full,4,backward,1,0.996889054775238,1.631330490112305,1.7489690780639648,0.1176385879516601,1.631330490112305
2,block3_h36_seed13,3744,small_full,1,right,1,0.990656852722168,1.6798385381698608,1.7757381200790403,0.0958995819091796,1.6798385381698608
2,block3_h36_seed13,3745,small_full,4,backward,1,0.999886155128479,0.87433260679245,1.0734597444534302,0.1991271376609802,0.87433260679245
2,block3_h36_seed13,3746,small_full,4,backward,1,0.9946976900100708,1.8221105337142944,1.9307359457015991,0.1086254119873046,1.8221105337142944
2,block3_h36_seed13,3747,small_full,4,backward,0,0.7967472076416016,1.5187839269638062,1.558111548423767,0.0393276214599609,1.558111548423767
2,block3_h36_seed13,3748,small_full,2,left,1,0.9994997978210448,1.1615432500839231,1.328440546989441,0.1668972969055175,1.1615432500839231
2,block3_h36_seed13,3749,small_full,4,backward,1,0.9999943971633912,1.055566668510437,1.302056908607483,0.2464902400970459,1.055566668510437
2,block3_h36_seed13,3750,small_full,2,left,1,0.9067319631576538,1.358105182647705,1.4067920446395874,0.0486868619918823,1.358105182647705
2,block3_h36_seed13,3751,small_full,1,right,1,0.9957634210586548,1.014365792274475,1.136101484298706,0.1217356920242309,1.014365792274475
2,block3_h36_seed13,3752,small_full,1,right,0,0.5059739351272583,1.7930771112442017,1.7993227243423462,0.0062456130981445,1.7993227243423462
2,block3_h36_seed13,3753,small_full,4,backward,1,0.9451910853385924,1.6238175630569458,1.6821774244308472,0.0583598613739013,1.6238175630569458
2,block3_h36_seed13,3754,small_full,2,left,1,0.9990772008895874,1.0178762674331665,1.1602221727371216,0.142345905303955,1.0178762674331665
2,block3_h36_seed13,3755,small_full,4,backward,1,0.9496964812278748,1.1523524522781372,1.2153221368789673,0.06296968460083,1.1523524522781372
2,block3_h36_seed13,3756,small_full,3,forward,1,0.9976292252540588,1.788336157798767,1.9231209754943848,0.1347848176956176,1.788336157798767
2,block3_h36_seed13,3757,small_full,1,right,1,0.998581886291504,1.5178643465042114,1.6549655199050903,0.1371011734008789,1.5178643465042114
2,block3_h36_seed13,3758,small_full,3,forward,1,0.9267204999923706,2.098296403884888,2.149310827255249,0.0510144233703613,2.098296403884888
2,block3_h36_seed13,3759,small_full,1,right,1,0.7369027733802795,1.761487603187561,1.783694863319397,0.0222072601318359,1.761487603187561
2,block3_h36_seed13,3761,small_full,2,left,1,0.983741283416748,1.4688315391540527,1.5600605010986328,0.09122896194458,1.4688315391540527
2,block3_h36_seed13,3762,small_full,4,backward,1,0.987266719341278,1.6053193807601929,1.694865584373474,0.0895462036132812,1.6053193807601929
2,block3_h36_seed13,3763,small_full,1,right,1,0.7884823083877563,1.8640605211257932,1.9050618410110476,0.0410013198852539,1.8640605211257932
2,block3_h36_seed13,3764,small_full,4,backward,0,0.8423295021057129,1.5187839269638062,1.558111548423767,0.0393276214599609,1.558111548423767
2,block3_h36_seed13,3765,small_full,2,left,1,0.9668697118759156,2.030192375183105,2.097874402999878,0.0676820278167724,2.030192375183105
2,block3_h36_seed13,3766,small_full,3,forward,0,0.5898900628089905,0.849442720413208,0.857422411441803,0.0079796910285949,0.9336757063865662
2,block3_h36_seed13,3767,small_full,2,left,1,0.9956966638565063,1.800711750984192,1.9107729196548464,0.1100611686706543,1.800711750984192
2,block3_h36_seed13,3769,small_full,2,left,1,0.9993440508842468,1.033297061920166,1.1985650062561035,0.1652679443359375,1.033297061920166
2,block3_h36_seed13,3770,small_full,2,left,1,0.9037128686904908,1.666059136390686,1.712669014930725,0.046609878540039,1.666059136390686
2,block3_h36_seed13,3771,small_full,1,right,1,0.989000678062439,1.8054038286209104,1.9046869277954104,0.0992830991744995,1.8054038286209104
2,block3_h36_seed13,3772,small_full,1,right,1,0.9423307776451112,1.761487603187561,1.8264789581298828,0.0649913549423217,1.761487603187561
2,block3_h36_seed13,3774,small_full,1,right,1,0.921475887298584,1.54108989238739,1.608645796775818,0.0675559043884277,1.54108989238739
2,block3_h36_seed13,3775,small_full,2,left,1,0.9829683899879456,1.3252171277999878,1.4070111513137815,0.0817940235137939,1.3252171277999878
2,block3_h36_seed13,3776,small_full,1,right,0,0.5647485256195068,1.4484987258911133,1.4687747955322266,0.0202760696411132,1.4687747955322266
2,block3_h36_seed13,3777,small_full,3,forward,1,0.9988137483596802,1.5632156133651731,1.7026238441467283,0.1394082307815551,1.5632156133651731
2,block3_h36_seed13,3779,small_full,1,right,1,0.9831826686859132,1.676815152168274,1.7713427543640137,0.0945276021957397,1.676815152168274
2,block3_h36_seed13,3781,small_full,4,backward,1,0.8749573230743408,1.82731294631958,1.873534202575684,0.0462212562561035,1.82731294631958
2,block3_h36_seed13,3782,small_full,1,right,1,0.9993033409118652,1.1642757654190063,1.3188904523849487,0.1546146869659423,1.1642757654190063
2,block3_h36_seed13,3783,small_full,3,forward,1,0.997593343257904,1.6544194221496582,1.7843551635742188,0.1299357414245605,1.6544194221496582
2,block3_h36_seed13,3784,small_full,2,left,1,0.9999842643737792,1.08405601978302,1.315956473350525,0.2319004535675048,1.08405601978302
2,block3_h36_seed13,3785,small_full,1,right,1,0.9958223104476928,1.4020570516586304,1.5219227075576782,0.1198656558990478,1.4020570516586304
2,block3_h36_seed13,3786,small_full,2,left,0,0.4597561061382293,1.5212100744247437,1.5327123403549194,0.0115022659301757,1.5327123403549194
2,block3_h36_seed13,3787,small_full,1,right,1,0.9675483107566832,1.752605438232422,1.832810997962952,0.0802055597305297,1.752605438232422
2,block3_h36_seed13,3790,small_full,2,left,1,0.9982348680496216,1.2984760999679563,1.4455455541610718,0.1470694541931152,1.2984760999679563
2,block3_h36_seed13,3792,small_full,4,backward,1,0.9960222840309144,1.850659728050232,1.9621695280075075,0.1115097999572753,1.850659728050232
2,block3_h36_seed13,3793,small_full,3,forward,1,0.9799531698226928,2.1160364151000977,2.2124502658843994,0.0964138507843017,2.1160364151000977
2,block3_h36_seed13,3794,small_full,4,backward,1,0.9093613028526306,1.82731294631958,1.873534202575684,0.0462212562561035,1.82731294631958
2,block3_h36_seed13,3795,small_full,4,backward,1,0.9920433163642884,1.8780912160873413,1.980640292167664,0.1025490760803222,1.8780912160873413
2,block3_h36_seed13,3796,small_full,3,forward,1,0.988134503364563,1.8417539596557615,1.9367460012435915,0.0949920415878295,1.8417539596557615
2,block3_h36_seed13,3798,small_full,1,right,0,0.3105792999267578,1.3367924690246582,1.341429352760315,0.0046368837356567,1.343082070350647
2,block3_h36_seed13,3799,small_full,4,backward,1,0.9761112332344056,1.439162254333496,1.526771903038025,0.0876096487045288,1.439162254333496
2,block3_h36_seed13,3800,small_full,3,forward,1,0.8164651393890381,1.2678306102752686,1.299176812171936,0.0313462018966674,1.2678306102752686
2,block3_h36_seed13,3801,small_full,2,left,0,0.4958815574645996,1.4271773099899292,1.4363662004470823,0.0091888904571533,1.4363662004470823
2,block3_h36_seed13,3803,small_full,3,forward,1,0.988907754421234,1.68325674533844,1.7896896600723269,0.1064329147338867,1.68325674533844
2,block3_h36_seed13,3804,small_full,1,right,1,0.8348038196563721,1.8507747650146484,1.8904534578323364,0.0396786928176879,1.8507747650146484
2,block3_h36_seed13,3805,small_full,2,left,0,0.4533290863037109,1.4983278512954712,1.4990234375,0.0006955862045288,1.5327123403549194
2,block3_h36_seed13,3806,small_full,1,right,0,0.6433997750282288,1.4097200632095337,1.43084716796875,0.0211271047592163,1.4419797658920288
2,block3_h36_seed13,3807,small_full,2,left,1,0.923660397529602,1.6006184816360474,1.6514748334884644,0.0508563518524169,1.6006184816360474
2,block3_h36_seed13,3808,small_full,3,forward,0,0.7028138637542725,1.8676642179489136,1.8918641805648804,0.0241999626159667,1.8918641805648804
2,block3_h36_seed13,3809,small_full,3,forward,1,0.9886754751205444,1.977416038513184,2.06722092628479,0.0898048877716064,1.977416038513184
2,block3_h36_seed13,3810,small_full,2,left,1,0.9999387264251708,1.2446335554122925,1.454560160636902,0.2099266052246093,1.2446335554122925
2,block3_h36_seed13,3811,small_full,2,left,1,0.998403251171112,0.9913890361785888,1.130104422569275,0.138715386390686,0.9913890361785888
2,block3_h36_seed13,3813,small_full,3,forward,1,0.7443795800209045,1.525317668914795,1.5485464334487915,0.0232287645339965,1.525317668914795
2,block3_h36_seed13,3815,small_full,2,left,0,0.6335870623588562,1.324877142906189,1.3370846509933472,0.0122075080871582,1.3939615488052368
2,block3_h36_seed13,3816,small_full,4,backward,1,0.9667275547981262,1.513905048370361,1.5838791131973269,0.0699740648269653,1.513905048370361
2,block3_h36_seed13,3817,small_full,1,right,1,0.999842405319214,1.0372320413589478,1.226170778274536,0.1889387369155883,1.0372320413589478
2,block3_h36_seed13,3818,small_full,1,right,1,0.9996029734611512,1.0372320413589478,1.2113677263259888,0.174135684967041,1.0372320413589478
2,block3_h36_seed13,3820,small_full,3,forward,0,0.766465425491333,0.8308846354484558,0.8635685443878174,0.0326839089393615,0.8764914870262146
2,block3_h36_seed13,3822,small_full,1,right,1,0.9953150749206544,1.1938284635543823,1.3115452527999878,0.1177167892456054,1.1938284635543823
2,block3_h36_seed13,3824,small_full,4,backward,1,0.9967336654663086,1.620663046836853,1.7391945123672483,0.1185314655303955,1.620663046836853
2,block3_h36_seed13,3825,small_full,2,left,1,0.9996139407157898,1.8787609338760376,2.041142702102661,0.1623817682266235,1.8787609338760376
2,block3_h36_seed13,3826,small_full,3,forward,1,0.995764970779419,1.4577802419662476,1.5809046030044556,0.123124361038208,1.4577802419662476
2,block3_h36_seed13,3827,small_full,1,right,1,0.9988417029380798,1.3286510705947876,1.4652414321899414,0.1365903615951538,1.3286510705947876
2,block3_h36_seed13,3829,small_full,4,backward,1,0.9944674968719482,1.410505294799805,1.5261977910995483,0.1156924962997436,1.410505294799805
2,block3_h36_seed13,3830,small_full,4,backward,1,0.9966185092926024,1.5626821517944336,1.6862425804138184,0.1235604286193847,1.5626821517944336
2,block3_h36_seed13,3832,small_full,1,right,1,0.7943211197853088,1.7808780670166016,1.8151124715805051,0.0342344045639038,1.7808780670166016
2,block3_h36_seed13,3833,small_full,4,backward,1,0.9998157620429992,0.8987295031547546,1.0788220167160034,0.1800925135612487,0.8987295031547546
2,block3_h36_seed13,3834,small_full,4,backward,1,0.9947466254234314,0.8203835487365723,0.928278148174286,0.1078945994377136,0.8203835487365723
2,block3_h36_seed13,3835,small_full,2,left,1,0.9999133348464966,1.001853108406067,1.1948606967926023,0.1930075883865356,1.001853108406067
2,block3_h36_seed13,3836,small_full,3,forward,1,0.9445632100105286,1.525317668914795,1.596917748451233,0.0716000795364379,1.525317668914795
2,block3_h36_seed13,3838,small_full,3,forward,1,0.9998893737792968,0.8070029616355896,1.00223970413208,0.1952367424964904,0.8070029616355896
2,block3_h36_seed13,3839,small_full,3,forward,1,0.9978394508361816,1.809852123260498,1.9352340698242188,0.1253819465637207,1.809852123260498
2,block3_h36_seed13,3840,small_full,3,forward,1,0.9764446020126344,1.6547781229019165,1.7356905937194824,0.0809124708175659,1.6547781229019165
2,block3_h36_seed13,3841,small_full,4,backward,1,0.947925627231598,1.6910260915756226,1.7690283060073853,0.0780022144317627,1.6910260915756226
2,block3_h36_seed13,3842,small_full,4,backward,1,0.9981313347816468,1.631330490112305,1.7604762315750122,0.1291457414627075,1.631330490112305
2,block3_h36_seed13,3844,small_full,4,backward,1,0.4468135833740234,1.0163133144378662,1.030154824256897,0.0138415098190307,1.0163133144378662
2,block3_h36_seed13,3845,small_full,2,left,0,0.6056492328643799,1.134464979171753,1.158876895904541,0.024411916732788,1.158876895904541
2,block3_h36_seed13,3846,small_full,1,right,1,0.9774274826049804,2.1123926639556885,2.200569629669189,0.0881769657135009,2.1123926639556885
2,block3_h36_seed13,3847,small_full,3,forward,1,0.8965480923652649,1.5287861824035645,1.5758765935897827,0.0470904111862182,1.5287861824035645
2,block3_h36_seed13,3848,small_full,3,forward,1,0.7619679570198059,1.7311919927597046,1.7677072286605835,0.0365152359008789,1.7311919927597046
2,block3_h36_seed13,3849,small_full,2,left,0,0.5121398568153381,1.4021129608154297,1.4111003875732422,0.0089874267578125,1.4111003875732422
2,block3_h36_seed13,3853,small_full,2,left,1,0.9999712705612184,1.0140758752822876,1.23927903175354,0.2252031564712524,1.0140758752822876
2,block3_h36_seed13,3856,small_full,1,right,1,0.91579669713974,1.264764428138733,1.3132845163345337,0.0485200881958007,1.264764428138733
2,block3_h36_seed13,3857,small_full,2,left,1,0.7937275171279907,1.6766101121902466,1.716569900512695,0.0399597883224487,1.6766101121902466
2,block3_h36_seed13,3858,small_full,3,forward,1,0.98447984457016,1.6804977655410769,1.7763614654541016,0.0958636999130249,1.6804977655410769
2,block3_h36_seed13,3859,small_full,4,backward,1,0.9671488404273988,1.7660621404647827,1.8444428443908687,0.0783807039260864,1.7660621404647827
2,block3_h36_seed13,3860,small_full,2,left,0,0.7351962924003601,1.182464361190796,1.2034822702407837,0.0210179090499877,1.2034822702407837
2,block3_h36_seed13,3861,small_full,3,forward,1,0.9761664271354676,1.367465615272522,1.4426695108413696,0.0752038955688476,1.367465615272522
2,block3_h36_seed13,3862,small_full,3,forward,1,0.9999854564666748,1.0876423120498655,1.3241677284240725,0.2365254163742065,1.0876423120498655
2,block3_h36_seed13,3863,small_full,4,backward,1,0.945683479309082,1.6238175630569458,1.6821774244308472,0.0583598613739013,1.6238175630569458
2,block3_h36_seed13,3864,small_full,3,forward,1,0.9679741263389589,2.022717237472534,2.092085123062134,0.0693678855895996,2.022717237472534
2,block3_h36_seed13,3865,small_full,3,forward,1,0.9999932050704956,0.8745725750923157,1.124739408493042,0.2501668334007263,0.8745725750923157
2,block3_h36_seed13,3866,small_full,2,left,1,0.9999821186065674,1.0140758752822876,1.23927903175354,0.2252031564712524,1.0140758752822876
2,block3_h36_seed13,3867,small_full,1,right,1,0.9998446702957152,1.0131396055221558,1.1927757263183594,0.1796361207962036,1.0131396055221558
2,block3_h36_seed13,3868,small_full,2,left,0,0.4449661672115326,1.4081445932388306,1.4110502004623413,0.0029056072235107,1.4110502004623413
2,block3_h36_seed13,3869,small_full,3,forward,1,0.9249484539031982,1.659392237663269,1.718277096748352,0.058884859085083,1.659392237663269
2,block3_h36_seed13,3870,small_full,1,right,0,0.5657545328140259,1.4333462715148926,1.4419797658920288,0.0086334943771362,1.4419797658920288
2,block3_h36_seed13,3871,small_full,3,forward,1,0.9998082518577576,0.8857705593109131,1.0744985342025757,0.1887279748916626,0.8857705593109131
2,block3_h36_seed13,3873,small_full,1,right,1,0.7980366945266724,1.5601040124893188,1.598710060119629,0.03860604763031,1.5601040124893188
2,block3_h36_seed13,3874,small_full,3,forward,1,0.9999831914901732,1.075249195098877,1.3125272989273071,0.2372781038284301,1.075249195098877
2,block3_h36_seed13,3875,small_full,3,forward,0,0.8616187572479248,0.9934470057487488,1.0497955083847046,0.0563485026359558,1.0497955083847046
2,block3_h36_seed13,3876,small_full,2,left,1,0.9998010993003844,0.9754782319068908,1.1569901704788208,0.1815119385719299,0.9754782319068908
2,block3_h36_seed13,3877,small_full,2,left,1,0.8669823408126831,1.3374944925308228,1.3915023803710938,0.0540078878402709,1.3374944925308228
2,block3_h36_seed13,3878,small_full,4,backward,1,0.974432647228241,1.7599636316299438,1.8327919244766235,0.0728282928466796,1.7599636316299438
2,block3_h36_seed13,3879,small_full,2,left,0,0.4439737200736999,1.472335696220398,1.4790868759155271,0.0067511796951293,1.4790868759155271
2,block3_h36_seed13,3880,small_full,2,left,0,0.8813192248344421,1.322728157043457,1.3640731573104858,0.0413450002670288,1.3640731573104858
2,block3_h36_seed13,3881,small_full,2,left,1,0.9170061349868774,2.191535234451294,2.2405126094818115,0.0489773750305175,2.191535234451294
2,block3_h36_seed13,3882,small_full,1,right,1,0.844944417476654,1.4198919534683228,1.466018557548523,0.0461266040802001,1.4198919534683228
2,block3_h36_seed13,3883,small_full,2,left,1,0.9888448119163512,1.842847466468811,1.9367526769638064,0.0939052104949951,1.842847466468811
2,block3_h36_seed13,3884,small_full,2,left,1,0.9999512434005736,1.2057244777679443,1.4141188859939575,0.2083944082260131,1.2057244777679443
2,block3_h36_seed13,3886,small_full,1,right,1,0.5674941539764404,1.4173765182495115,1.425318717956543,0.0079421997070312,1.4173765182495115
2,block3_h36_seed13,3887,small_full,3,forward,1,0.8157075643539429,1.4307259321212769,1.4614815711975098,0.0307556390762329,1.4307259321212769
2,block3_h36_seed13,3888,small_full,1,right,1,0.9855043292045592,1.8278907537460327,1.921919703483581,0.0940289497375488,1.8278907537460327
2,block3_h36_seed13,3889,small_full,3,forward,1,0.9389387369155884,1.5269759893417358,1.5825834274291992,0.0556074380874633,1.5269759893417358
2,block3_h36_seed13,3890,small_full,3,forward,1,0.9508842825889589,2.131420135498047,2.1930861473083496,0.0616660118103027,2.131420135498047
2,block3_h36_seed13,3893,small_full,4,backward,1,0.9959428906440736,1.6249641180038452,1.7366455793380735,0.1116814613342285,1.6249641180038452
2,block3_h36_seed13,3894,small_full,4,backward,1,0.9843134880065918,1.5309534072875977,1.6137666702270508,0.0828132629394531,1.5309534072875977
2,block3_h36_seed13,3895,small_full,1,right,1,0.9745661020278932,1.8503671884536743,1.9233230352401731,0.072955846786499,1.8503671884536743
2,block3_h36_seed13,3896,small_full,1,right,1,0.5265510082244873,1.2537301778793335,1.2596864700317385,0.0059562921524047,1.2537301778793335
2,block3_h36_seed13,3897,small_full,3,forward,1,0.9193187355995178,1.3720178604125977,1.4332470893859863,0.0612292289733886,1.3720178604125977
2,block3_h36_seed13,3898,small_full,1,right,1,0.6575421094894409,1.2788609266281128,1.2992944717407229,0.0204335451126098,1.2788609266281128
2,block3_h36_seed13,3899,small_full,3,forward,1,0.9779050946235656,1.7060667276382446,1.7878307104110718,0.0817639827728271,1.7060667276382446
2,block3_h36_seed13,3900,small_full,3,forward,1,0.9998664855957032,0.8740808367729187,1.055139183998108,0.1810583472251892,0.8740808367729187
2,block3_h36_seed13,3901,small_full,3,forward,1,0.7473121881484985,1.502058029174805,1.5268625020980835,0.0248044729232788,1.502058029174805
2,block3_h36_seed13,3902,small_full,2,left,0,0.5141070485115051,1.5150123834609983,1.5341933965682983,0.0191810131072998,1.5371074676513672
2,block3_h36_seed13,3903,small_full,2,left,1,0.9991600513458252,1.033297061920166,1.1868720054626465,0.1535749435424804,1.033297061920166
2,block3_h36_seed13,3904,small_full,4,backward,1,0.9700855016708374,1.701033592224121,1.782034993171692,0.0810014009475708,1.701033592224121
2,block3_h36_seed13,3905,small_full,2,left,1,0.9983481168746948,0.9913890361785888,1.130104422569275,0.138715386390686,0.9913890361785888
2,block3_h36_seed13,3906,small_full,3,forward,1,0.9124804735183716,1.13438880443573,1.2059944868087769,0.0716056823730468,1.13438880443573
2,block3_h36_seed13,3907,small_full,1,right,1,0.9981926083564758,1.051741123199463,1.188045859336853,0.1363047361373901,1.051741123199463
2,block3_h36_seed13,3909,small_full,1,right,1,0.5307645201683044,1.4731054306030271,1.4851006269454956,0.0119951963424682,1.4731054306030271
2,block3_h36_seed13,3910,small_full,1,right,1,0.7950989603996277,1.8779581785202024,1.9102483987808228,0.0322902202606201,1.8779581785202024
2,block3_h36_seed13,3911,small_full,1,right,1,0.99860817193985,1.6877245903015137,1.819668412208557,0.1319438219070434,1.6877245903015137
2,block3_h36_seed13,3912,small_full,2,left,1,0.999437153339386,1.09740149974823,1.2601338624954224,0.1627323627471923,1.09740149974823
2,block3_h36_seed13,3913,small_full,4,backward,1,0.9955798983573914,1.6489953994750977,1.7625207901000977,0.113525390625,1.6489953994750977
2,block3_h36_seed13,3914,small_full,3,forward,1,0.9998993873596193,0.8070029616355896,1.00223970413208,0.1952367424964904,0.8070029616355896
2,block3_h36_seed13,3915,small_full,1,right,0,0.4003873467445373,1.824586272239685,1.8256677389144895,0.0010814666748046,1.8256677389144895
2,block3_h36_seed13,3916,small_full,1,right,1,0.5449594855308533,1.513689398765564,1.52316153049469,0.0094721317291259,1.513689398765564
2,block3_h36_seed13,3920,small_full,3,forward,1,0.999991536140442,1.0876423120498655,1.3387283086776731,0.2510859966278076,1.0876423120498655
2,block3_h36_seed13,3921,small_full,2,left,1,0.9997575879096984,1.001853108406067,1.1724989414215088,0.1706458330154419,1.001853108406067
2,block3_h36_seed13,3922,small_full,2,left,1,0.999062478542328,1.141101956367493,1.28455650806427,0.1434545516967773,1.141101956367493
2,block3_h36_seed13,3923,small_full,3,forward,1,0.9870375394821168,1.9894670248031616,2.0773184299468994,0.0878514051437377,1.9894670248031616
2,block3_h36_seed13,3927,small_full,1,right,1,0.9998985528945924,1.4667552709579468,1.6661629676818848,0.199407696723938,1.4667552709579468
2,block3_h36_seed13,3929,small_full,1,right,0,0.5947074294090271,1.460180163383484,1.4731054306030271,0.0129252672195434,1.4731054306030271
2,block3_h36_seed13,3931,small_full,2,left,1,0.9766794443130492,1.413386344909668,1.496870040893555,0.0834836959838867,1.413386344909668
2,block3_h36_seed13,3932,small_full,2,left,1,0.458668977022171,1.4790868759155271,1.4864200353622437,0.0073331594467163,1.4790868759155271
2,block3_h36_seed13,3933,small_full,2,left,1,0.9990078806877136,1.0178762674331665,1.1602221727371216,0.142345905303955,1.0178762674331665
2,block3_h36_seed13,3934,small_full,4,backward,1,0.999995231628418,0.989586055278778,1.2474043369293213,0.2578182816505432,0.989586055278778
2,block3_h36_seed13,3935,small_full,4,backward,1,0.96761816740036,1.1000438928604126,1.1689077615737915,0.0688638687133789,1.1000438928604126
2,block3_h36_seed13,3936,small_full,4,backward,1,0.6629932522773743,1.7700389623641968,1.7947311401367188,0.0246921777725219,1.7700389623641968
2,block3_h36_seed13,3937,small_full,4,backward,1,0.9978877902030944,0.9367925524711608,1.0683919191360474,0.1315993666648864,0.9367925524711608
2,block3_h36_seed13,3938,small_full,2,left,0,0.9573850631713868,0.9253504276275636,0.991924285888672,0.0665738582611084,1.032024383544922
2,block3_h36_seed13,3939,small_full,2,left,1,0.5315431952476501,1.6078516244888306,1.615587830543518,0.0077362060546875,1.6078516244888306
2,block3_h36_seed13,3942,small_full,2,left,1,0.9133664965629578,1.6757501363754272,1.72331440448761,0.0475642681121826,1.6757501363754272
2,block3_h36_seed13,3943,small_full,3,forward,0,0.682741641998291,1.2160810232162476,1.2384710311889648,0.0223900079727172,1.2384710311889648
2,block3_h36_seed13,3944,small_full,3,forward,1,0.999866247177124,0.9160820841789246,1.1076117753982544,0.1915296912193298,0.9160820841789246
2,block3_h36_seed13,3945,small_full,1,right,1,0.6038371920585632,1.4612480401992798,1.4813823699951172,0.0201343297958374,1.4612480401992798
2,block3_h36_seed13,3946,small_full,2,left,0,0.657259464263916,1.6423500776290894,1.661577582359314,0.0192275047302246,1.6850547790527344
2,block3_h36_seed13,3947,small_full,4,backward,1,0.6469905972480774,1.7700389623641968,1.7947311401367188,0.0246921777725219,1.7700389623641968
2,block3_h36_seed13,3948,small_full,3,forward,0,0.6853509545326233,1.1160838603973389,1.1371750831604004,0.0210912227630615,1.1371750831604004
2,block3_h36_seed13,3950,small_full,2,left,0,0.4879721999168396,1.2586889266967771,1.265339732170105,0.0066508054733276,1.287974238395691
2,block3_h36_seed13,3951,small_full,4,backward,1,0.9930765628814696,1.5712798833847046,1.67434561252594,0.1030657291412353,1.5712798833847046
2,block3_h36_seed13,3952,small_full,2,left,1,0.9598527550697328,1.3069926500320437,1.3914369344711304,0.0844442844390869,1.3069926500320437
2,block3_h36_seed13,3953,small_full,1,right,1,0.9912152290344238,1.3086518049240112,1.4175057411193848,0.1088539361953735,1.3086518049240112
2,block3_h36_seed13,3956,small_full,2,left,1,0.988994300365448,1.188286304473877,1.2904318571090698,0.1021455526351928,1.188286304473877
2,block3_h36_seed13,3957,small_full,1,right,1,0.6031357049942017,1.2788609266281128,1.2992944717407229,0.0204335451126098,1.2788609266281128
2,block3_h36_seed13,3958,small_full,4,backward,1,0.9996744394302368,1.7027047872543335,1.8634487390518188,0.1607439517974853,1.7027047872543335
2,block3_h36_seed13,3959,small_full,4,backward,1,0.9985083937644958,1.665458083152771,1.7959904670715332,0.1305323839187622,1.665458083152771
2,block3_h36_seed13,3960,small_full,2,left,1,0.9912250638008118,2.2259323596954346,2.320673942565918,0.0947415828704834,2.2259323596954346
2,block3_h36_seed13,3961,small_full,4,backward,1,0.8127363920211792,1.6491228342056274,1.6890605688095093,0.0399377346038818,1.6491228342056274
2,block3_h36_seed13,3962,small_full,2,left,1,0.994055986404419,1.4676538705825806,1.5781139135360718,0.1104600429534912,1.4676538705825806
2,block3_h36_seed13,3963,small_full,2,left,1,0.7379311323165894,2.1487221717834477,2.180122137069702,0.0313999652862548,2.1487221717834477
2,block3_h36_seed13,3965,small_full,1,right,1,0.7667067646980286,1.4850784540176392,1.5123127698898315,0.0272343158721923,1.4850784540176392
2,block3_h36_seed13,3966,small_full,2,left,1,0.9879180788993835,1.950413703918457,2.052194356918335,0.1017806529998779,1.950413703918457
2,block3_h36_seed13,3968,small_full,1,right,1,0.8676605224609375,1.776626467704773,1.821704745292664,0.0450782775878906,1.776626467704773
2,block3_h36_seed13,3969,small_full,4,backward,1,0.958712637424469,1.6910258531570437,1.7723406553268433,0.0813148021697998,1.6910258531570437
2,block3_h36_seed13,3970,small_full,1,right,1,0.9796999096870422,1.6154565811157229,1.705769419670105,0.0903128385543823,1.6154565811157229
2,block3_h36_seed13,3971,small_full,2,left,1,0.9314786791801452,1.5338845252990725,1.5950886011123655,0.0612040758132934,1.5338845252990725
2,block3_h36_seed13,3973,small_full,1,right,1,0.9942551255226136,1.3860095739364624,1.4909480810165403,0.1049385070800781,1.3860095739364624
2,block3_h36_seed13,3974,small_full,3,forward,1,0.9957672357559204,1.5489155054092407,1.6589971780776978,0.110081672668457,1.5489155054092407
2,block3_h36_seed13,3975,small_full,1,right,1,0.7927141189575195,1.1157498359680176,1.157361388206482,0.0416115522384643,1.1157498359680176
2,block3_h36_seed13,3976,small_full,4,backward,1,0.9412913918495178,1.629310965538025,1.684996485710144,0.0556855201721191,1.629310965538025
2,block3_h36_seed13,3977,small_full,1,right,1,0.9995999932289124,1.1798887252807615,1.3496886491775513,0.1697999238967895,1.1798887252807615
2,block3_h36_seed13,3978,small_full,2,left,1,0.7906243205070496,2.006690740585327,2.0444610118865967,0.0377702713012695,2.006690740585327
2,block3_h36_seed13,3981,small_full,1,right,1,0.7205792665481567,1.46951425075531,1.500566482543945,0.0310522317886352,1.46951425075531
2,block3_h36_seed13,3982,small_full,4,backward,1,0.985235333442688,1.6053193807601929,1.7040882110595703,0.0987688302993774,1.6053193807601929
2,block3_h36_seed13,3983,small_full,3,forward,1,0.9995771050453186,1.7681326866149902,1.9242857694625852,0.1561530828475952,1.7681326866149902
2,block3_h36_seed13,3984,small_full,1,right,1,0.8581215143203735,1.7987662553787231,1.835137724876404,0.0363714694976806,1.7987662553787231
2,block3_h36_seed13,3985,small_full,2,left,1,0.9997900128364564,1.0810670852661133,1.2638168334960938,0.1827497482299804,1.0810670852661133
2,block3_h36_seed13,3988,small_full,3,forward,1,0.899608850479126,1.9197396039962769,1.9715065956115725,0.0517669916152954,1.9197396039962769
2,block3_h36_seed13,3989,small_full,2,left,1,0.9570627212524414,2.130242109298706,2.194720983505249,0.0644788742065429,2.130242109298706
2,block3_h36_seed13,3990,small_full,1,right,1,0.9998856782913208,1.3286510705947876,1.5188132524490356,0.190162181854248,1.3286510705947876
2,block3_h36_seed13,3991,small_full,3,forward,1,0.997925877571106,1.621027588844299,1.75983989238739,0.1388123035430908,1.621027588844299
2,block3_h36_seed13,3992,small_full,4,backward,1,0.9998552799224854,1.6987072229385376,1.8867913484573364,0.1880841255187988,1.6987072229385376
2,block3_h36_seed13,3994,small_full,2,left,0,0.6101903319358826,1.3207815885543823,1.341107964515686,0.0203263759613037,1.341107964515686
2,block3_h36_seed13,3995,small_full,1,right,1,0.9959867596626282,1.3988126516342163,1.5296393632888794,0.130826711654663,1.3988126516342163
2,block3_h36_seed13,3996,small_full,4,backward,1,0.9511576294898988,1.6959222555160522,1.7555755376815796,0.0596532821655273,1.6959222555160522
2,block3_h36_seed13,3997,small_full,3,forward,1,0.8451976776123047,1.61190927028656,1.6541765928268433,0.0422673225402832,1.61190927028656
2,block3_h36_seed13,3998,small_full,3,forward,1,0.9336079955101012,2.131419897079468,2.1930859088897705,0.0616660118103027,2.131419897079468
2,block3_h36_seed13,3999,small_full,3,forward,1,0.7473015785217285,1.9848756790161133,2.0066792964935303,0.0218036174774169,1.9848756790161133
2,block3_h36_seed13,3500,full,4,backward,1,0.9999178647994996,0.5390059351921082,0.7413730621337891,0.2023671269416809,0.5390059351921082
2,block3_h36_seed13,3501,full,1,right,0,0.8797343969345093,1.229068160057068,1.271628975868225,0.0425608158111572,1.271628975868225
2,block3_h36_seed13,3502,full,3,forward,1,0.9999430179595948,0.5339004397392273,0.7374476790428162,0.2035472393035888,0.5339004397392273
2,block3_h36_seed13,3503,full,3,forward,1,0.8809753656387329,1.1419047117233276,1.187102198600769,0.0451974868774414,1.1419047117233276
2,block3_h36_seed13,3504,full,4,backward,1,0.7706651091575623,0.9586613774299622,0.9856922030448914,0.0270308256149292,0.9586613774299622
2,block3_h36_seed13,3506,full,4,backward,1,0.9976640939712524,0.4547887146472931,0.5813471674919128,0.1265584528446197,0.4547887146472931
2,block3_h36_seed13,3507,full,2,left,0,0.9172887802124025,1.3403135538101196,1.3946123123168943,0.0542987585067749,1.416674256324768
2,block3_h36_seed13,3508,full,4,backward,1,0.9999922513961792,0.4331436157226562,0.6786009669303894,0.2454573512077331,0.4331436157226562
2,block3_h36_seed13,3509,full,2,left,1,0.9738051891326904,0.9048984050750732,0.9900762438774108,0.0851778388023376,0.9048984050750732
2,block3_h36_seed13,3510,full,2,left,1,0.7442424297332764,1.0285080671310425,1.0584319829940796,0.0299239158630371,1.0285080671310425
2,block3_h36_seed13,3511,full,1,right,1,0.984493374824524,1.3961786031723022,1.4861173629760742,0.0899387598037719,1.3961786031723022
2,block3_h36_seed13,3512,full,1,right,0,0.4202778041362762,0.8178694844245911,0.8252289891242981,0.007359504699707,0.8469455242156982
2,block3_h36_seed13,3513,full,1,right,1,0.5199543833732605,0.6145709156990051,0.622209370136261,0.0076384544372558,0.6145709156990051
2,block3_h36_seed13,3514,full,3,forward,1,0.9997678399086,1.1599704027175903,1.328464388847351,0.1684939861297607,1.1599704027175903
2,block3_h36_seed13,3518,full,4,backward,1,0.974748969078064,1.0886129140853882,1.1622872352600098,0.0736743211746215,1.0886129140853882
2,block3_h36_seed13,3520,full,3,forward,1,0.9491335153579712,0.907825529575348,0.9784933924674988,0.0706678628921508,0.907825529575348
2,block3_h36_seed13,3521,full,2,left,0,0.740287721157074,1.360936999320984,1.3831478357315063,0.0222108364105224,1.3831478357315063
2,block3_h36_seed13,3522,full,1,right,0,0.768328070640564,0.558706521987915,0.5827962756156921,0.0240897536277771,0.6897814869880676
2,block3_h36_seed13,3523,full,3,forward,0,0.3969435393810272,0.9627031683921814,0.9633000493049622,0.0005968809127807,0.9782593846321106
2,block3_h36_seed13,3524,full,2,left,0,0.8320456147193909,0.6347951292991638,0.6669027209281921,0.0321075916290283,0.7993418574333191
2,block3_h36_seed13,3525,full,2,left,1,0.9839345812797546,0.9854838848114014,1.0770257711410522,0.0915418863296508,0.9854838848114014
2,block3_h36_seed13,3526,full,4,backward,1,0.9882185459136964,1.232802391052246,1.3271450996398926,0.0943427085876464,1.232802391052246
2,block3_h36_seed13,3527,full,4,backward,1,0.987851083278656,1.3968075513839722,1.4877915382385254,0.0909839868545532,1.3968075513839722
2,block3_h36_seed13,3528,full,2,left,0,0.910422146320343,1.2869749069213867,1.3348594903945925,0.0478845834732055,1.3348594903945925
2,block3_h36_seed13,3529,full,1,right,0,0.7547945976257324,1.0222653150558472,1.0492204427719116,0.0269551277160644,1.0492204427719116
2,block3_h36_seed13,3531,full,3,forward,1,0.999995231628418,0.5328729152679443,0.7877352833747864,0.254862368106842,0.5328729152679443
2,block3_h36_seed13,3532,full,3,forward,1,0.9999756813049316,0.5967037081718445,0.8284549713134766,0.231751263141632,0.5967037081718445
2,block3_h36_seed13,3533,full,1,right,1,0.5668042898178101,1.949199676513672,1.9694799184799197,0.0202802419662475,1.949199676513672
2,block3_h36_seed13,3534,full,2,left,1,0.9953469634056092,0.4368602335453033,0.5562756061553955,0.1194153726100921,0.4368602335453033
2,block3_h36_seed13,3536,full,2,left,1,0.9998748302459716,0.4833846092224121,0.680511474609375,0.1971268653869629,0.4833846092224121
2,block3_h36_seed13,3537,full,1,right,1,0.9443627595901488,0.8901853561401367,0.9556503295898438,0.065464973449707,0.8901853561401367
2,block3_h36_seed13,3538,full,1,right,0,0.5449638366699219,1.4398308992385864,1.4435361623764038,0.0037052631378173,1.4435361623764038
2,block3_h36_seed13,3539,full,2,left,1,0.9939427971839904,1.2027347087860107,1.3054766654968262,0.1027419567108154,1.2027347087860107
2,block3_h36_seed13,3540,full,4,backward,1,0.9994798302650452,0.4802359044551849,0.6528496146202087,0.1726137101650238,0.4802359044551849
2,block3_h36_seed13,3541,full,2,left,0,0.6784955263137817,1.4070745706558228,1.4298497438430786,0.0227751731872558,1.4298497438430786
2,block3_h36_seed13,3542,full,4,backward,1,0.9984610080718994,0.9275136590003968,1.0574389696121216,0.1299253106117248,0.9275136590003968
2,block3_h36_seed13,3543,full,3,forward,1,0.99794739484787,1.313530445098877,1.4379730224609375,0.1244425773620605,1.313530445098877
2,block3_h36_seed13,3544,full,3,forward,0,0.935361385345459,0.6074784994125366,0.669287919998169,0.0618094205856323,0.6885469555854797
2,block3_h36_seed13,3545,full,2,left,1,0.9982896447181702,1.277920842170715,1.4109045267105105,0.1329836845397949,1.277920842170715
2,block3_h36_seed13,3546,full,3,forward,1,0.9949634075164796,1.2110780477523804,1.3170949220657349,0.1060168743133544,1.2110780477523804
2,block3_h36_seed13,3547,full,1,right,0,0.668382465839386,0.8035041689872742,0.8194723129272461,0.0159681439399719,0.8673922419548035
2,block3_h36_seed13,3548,full,3,forward,1,0.9996522665023804,1.4457364082336426,1.6056667566299438,0.1599303483963012,1.4457364082336426
2,block3_h36_seed13,3549,full,2,left,1,0.998872935771942,0.5076732635498047,0.6494005918502808,0.141727328300476,0.5076732635498047
2,block3_h36_seed13,3550,full,3,forward,1,0.9619979858398438,1.2250207662582395,1.2942789793014526,0.0692582130432128,1.2250207662582395
2,block3_h36_seed13,3551,full,2,left,1,0.9626783728599548,1.375894546508789,1.4409443140029907,0.0650497674942016,1.375894546508789
2,block3_h36_seed13,3552,full,2,left,1,0.5768711566925049,1.3060790300369265,1.3123384714126587,0.0062594413757324,1.3060790300369265
2,block3_h36_seed13,3553,full,2,left,0,0.6317033171653748,1.2353099584579468,1.2638182640075684,0.0285083055496215,1.2638182640075684
2,block3_h36_seed13,3554,full,3,forward,1,0.8321565985679626,1.2248897552490234,1.2578694820404053,0.0329797267913818,1.2248897552490234
2,block3_h36_seed13,3555,full,2,left,1,0.9964889287948608,1.3777927160263062,1.496253490447998,0.1184607744216919,1.3777927160263062
2,block3_h36_seed13,3556,full,2,left,1,0.7850814461708069,1.3000868558883667,1.3260003328323364,0.0259134769439697,1.3000868558883667
2,block3_h36_seed13,3559,full,2,left,1,0.9996002316474916,1.3699170351028442,1.5281823873519895,0.1582653522491455,1.3699170351028442
2,block3_h36_seed13,3560,full,3,forward,1,0.8744928240776062,1.1419047117233276,1.1820311546325684,0.0401264429092407,1.1419047117233276
2,block3_h36_seed13,3561,full,1,right,1,0.9999721050262452,0.4341699182987213,0.6529043316841125,0.2187344133853912,0.4341699182987213
2,block3_h36_seed13,3562,full,4,backward,1,0.8705787658691406,1.001537203788757,1.0484179258346558,0.0468807220458984,1.001537203788757
2,block3_h36_seed13,3563,full,1,right,1,0.9766265749931335,1.2350318431854248,1.31171715259552,0.0766853094100952,1.2350318431854248
2,block3_h36_seed13,3564,full,3,forward,1,0.9996676445007324,0.5339004397392273,0.7042224407196045,0.1703220009803772,0.5339004397392273
2,block3_h36_seed13,3565,full,2,left,1,0.999942421913147,0.421410471200943,0.6254462599754333,0.2040357887744903,0.421410471200943
2,block3_h36_seed13,3567,full,3,forward,1,0.4069322049617767,0.712644100189209,0.7129114270210266,0.0002673268318176,0.712644100189209
2,block3_h36_seed13,3568,full,4,backward,0,0.6610780358314514,0.8030484318733215,0.818754255771637,0.0157058238983154,0.818754255771637
2,block3_h36_seed13,3569,full,1,right,0,0.5847222805023193,1.2194459438323977,1.229068160057068,0.0096222162246704,1.271628975868225
2,block3_h36_seed13,3570,full,1,right,0,0.9439711570739746,0.9163886904716492,0.9911249279975892,0.0747362375259399,0.9936093688011168
2,block3_h36_seed13,3571,full,2,left,0,0.5588753819465637,1.3373260498046875,1.3420952558517456,0.0047692060470581,1.3420952558517456
2,block3_h36_seed13,3572,full,2,left,1,0.999881625175476,0.3870727717876434,0.5713065266609192,0.1842337548732757,0.3870727717876434
2,block3_h36_seed13,3573,full,3,forward,1,0.5730560421943665,1.285042643547058,1.2932981252670288,0.0082554817199707,1.285042643547058
2,block3_h36_seed13,3574,full,4,backward,1,0.9979372024536132,0.9670855402946472,1.1020115613937378,0.1349260210990905,0.9670855402946472
2,block3_h36_seed13,3576,full,2,left,1,0.9989822506904602,1.1687027215957642,1.31576406955719,0.1470613479614257,1.1687027215957642
2,block3_h36_seed13,3577,full,2,left,0,0.6979508996009827,1.2068310976028442,1.22520911693573,0.0183780193328857,1.22520911693573
2,block3_h36_seed13,3579,full,1,right,1,0.9999213218688964,1.6300770044326782,1.8195219039916992,0.189444899559021,1.6300770044326782
2,block3_h36_seed13,3580,full,4,backward,1,0.9937269687652588,1.0255674123764038,1.1363753080368042,0.1108078956604003,1.0255674123764038
2,block3_h36_seed13,3581,full,3,forward,1,0.9998254179954528,0.6289923191070557,0.8064709305763245,0.1774786114692688,0.6289923191070557
2,block3_h36_seed13,3582,full,1,right,1,0.919901967048645,0.9695594906806946,1.0284947156906128,0.0589352250099182,0.9695594906806946
2,block3_h36_seed13,3584,full,4,backward,1,0.9981689453125,0.6425909996032715,0.7732734084129333,0.1306824088096618,0.6425909996032715
2,block3_h36_seed13,3585,full,2,left,0,0.9687073230743408,0.7189672589302063,0.7943926453590393,0.075425386428833,0.8691892623901367
2,block3_h36_seed13,3586,full,3,forward,1,0.9999879598617554,0.5967037081718445,0.831341564655304,0.2346378564834594,0.5967037081718445
2,block3_h36_seed13,3587,full,3,forward,1,0.9948742985725404,1.274899125099182,1.3811553716659546,0.1062562465667724,1.274899125099182
2,block3_h36_seed13,3589,full,3,forward,1,0.998484194278717,1.3619189262390137,1.500316143035889,0.138397216796875,1.3619189262390137
2,block3_h36_seed13,3590,full,4,backward,1,0.9987288117408752,0.8922248482704163,1.0267982482910156,0.1345734000205993,0.8922248482704163
2,block3_h36_seed13,3591,full,3,forward,1,0.9990548491477966,0.9178509712219238,1.066933512687683,0.1490825414657592,0.9178509712219238
2,block3_h36_seed13,3592,full,1,right,1,0.9822178483009338,1.3755308389663696,1.4611231088638306,0.0855922698974609,1.3755308389663696
2,block3_h36_seed13,3593,full,4,backward,1,0.9997175335884094,0.992420256137848,1.1566203832626345,0.1642001271247863,0.992420256137848
2,block3_h36_seed13,3594,full,3,forward,1,0.9997110962867736,0.737004816532135,0.9131741523742676,0.1761693358421325,0.737004816532135
2,block3_h36_seed13,3595,full,3,forward,0,0.5791006088256836,0.5220777988433838,0.5297699570655823,0.0076921582221984,0.6017060279846191
2,block3_h36_seed13,3596,full,4,backward,1,0.9986658096313475,1.1935030221939087,1.3323982954025269,0.1388952732086181,1.1935030221939087
2,block3_h36_seed13,3597,full,1,right,1,0.9948523640632628,0.8081502318382263,0.9174286723136902,0.1092784404754638,0.8081502318382263
2,block3_h36_seed13,3598,full,3,forward,1,0.9952279329299928,1.3288997411727903,1.44945228099823,0.1205525398254394,1.3288997411727903
2,block3_h36_seed13,3599,full,1,right,1,0.4239424169063568,1.3671118021011353,1.3737703561782837,0.0066585540771484,1.3671118021011353
2,block3_h36_seed13,3600,full,3,forward,1,0.9899542331695556,1.271976351737976,1.3754631280899048,0.1034867763519287,1.271976351737976
2,block3_h36_seed13,3601,full,3,forward,1,0.9796764850616456,0.9124049544334412,0.9899798035621644,0.0775748491287231,0.9124049544334412
2,block3_h36_seed13,3602,full,2,left,1,0.9997865557670592,0.4904049932956695,0.6734921932220459,0.1830871999263763,0.4904049932956695
2,block3_h36_seed13,3603,full,4,backward,1,0.9573569893836976,1.0160645246505735,1.0834016799926758,0.067337155342102,1.0160645246505735
2,block3_h36_seed13,3605,full,3,forward,1,0.9999659061431884,0.6339532732963562,0.8466315269470215,0.2126782536506652,0.6339532732963562
2,block3_h36_seed13,3606,full,2,left,1,0.927249789237976,1.5123443603515625,1.574601173400879,0.0622568130493164,1.5123443603515625
2,block3_h36_seed13,3607,full,2,left,1,0.8610653281211853,1.0857995748519895,1.141217589378357,0.0554180145263671,1.0857995748519895
2,block3_h36_seed13,3608,full,1,right,0,0.4587206542491913,1.3129324913024902,1.3131033182144165,0.0001708269119262,1.3470624685287476
2,block3_h36_seed13,3609,full,1,right,0,0.4193921983242035,0.9225104451179504,0.9252031445503236,0.002692699432373,0.9252031445503236
2,block3_h36_seed13,3610,full,2,left,1,0.959055483341217,1.1152294874191284,1.1829456090927124,0.0677161216735839,1.1152294874191284
2,block3_h36_seed13,3611,full,4,backward,1,0.9825146794319152,0.8015816807746887,0.8868589997291565,0.0852773189544677,0.8015816807746887
2,block3_h36_seed13,3612,full,3,forward,1,0.94195294380188,1.1853233575820925,1.2465254068374634,0.061202049255371,1.1853233575820925
2,block3_h36_seed13,3613,full,2,left,1,0.9999614953994752,0.421410471200943,0.6403825283050537,0.2189720571041107,0.421410471200943
2,block3_h36_seed13,3614,full,2,left,1,0.9999380111694336,0.4834418296813965,0.6850493550300598,0.2016075253486633,0.4834418296813965
2,block3_h36_seed13,3615,full,1,right,0,0.9954144954681396,0.6526219248771667,0.7739514708518982,0.1213295459747314,0.8310295939445496
2,block3_h36_seed13,3616,full,1,right,1,0.996802568435669,0.9820190072059632,1.0972641706466677,0.1152451634407043,0.9820190072059632
2,block3_h36_seed13,3617,full,2,left,1,0.9966927766799928,1.1116666793823242,1.2415566444396973,0.129889965057373,1.1116666793823242
2,block3_h36_seed13,3618,full,3,forward,1,0.9996330738067628,0.9178509712219238,1.081391453742981,0.1635404825210571,0.9178509712219238
2,block3_h36_seed13,3619,full,4,backward,1,0.999964475631714,0.3918255865573883,0.604327380657196,0.2125017940998077,0.3918255865573883
2,block3_h36_seed13,3620,full,1,right,1,0.973733365535736,1.632083296775818,1.7143869400024414,0.0823036432266235,1.632083296775818
2,block3_h36_seed13,3621,full,2,left,1,0.9998999834060668,0.5200064182281494,0.7049345970153809,0.1849281787872314,0.5200064182281494
2,block3_h36_seed13,3622,full,2,left,1,0.8828199505805969,1.3128533363342283,1.3541752099990845,0.0413218736648559,1.3128533363342283
2,block3_h36_seed13,3623,full,2,left,1,0.9122750163078308,1.4560447931289673,1.5034526586532593,0.0474078655242919,1.4560447931289673
2,block3_h36_seed13,3625,full,3,forward,1,0.9911872744560242,0.8232887387275696,0.9205805659294128,0.0972918272018432,0.8232887387275696
2,block3_h36_seed13,3626,full,3,forward,0,0.9212546944618224,0.531460702419281,0.5930151343345642,0.0615544319152832,0.610919177532196
2,block3_h36_seed13,3627,full,2,left,0,0.5226134061813354,0.578167736530304,0.5802109837532043,0.0020432472229003,0.6844379305839539
2,block3_h36_seed13,3628,full,4,backward,1,0.990871250629425,1.0763388872146606,1.1703838109970093,0.0940449237823486,1.0763388872146606
2,block3_h36_seed13,3629,full,3,forward,1,0.9999977350234984,0.5328729152679443,0.8050264716148376,0.2721535563468933,0.5328729152679443
2,block3_h36_seed13,3631,full,4,backward,1,0.9984458088874816,1.0375148057937622,1.175770878791809,0.1382560729980468,1.0375148057937622
2,block3_h36_seed13,3633,full,2,left,1,0.9916131496429444,1.5514205694198608,1.6507049798965454,0.0992844104766845,1.5514205694198608
2,block3_h36_seed13,3634,full,4,backward,1,0.9998193383216858,0.4019018113613128,0.5812243223190308,0.1793225109577179,0.4019018113613128
2,block3_h36_seed13,3636,full,4,backward,1,0.9728235602378844,0.912324607372284,0.9844862818717957,0.0721616744995117,0.912324607372284
2,block3_h36_seed13,3637,full,2,left,1,0.999862551689148,0.421410471200943,0.6025143265724182,0.1811038553714752,0.421410471200943
2,block3_h36_seed13,3638,full,2,left,0,0.6011194586753845,0.7729966640472412,0.7858737111091614,0.0128770470619201,0.8691892623901367
2,block3_h36_seed13,3639,full,2,left,1,0.9936739206314088,1.5241962671279907,1.62578284740448,0.1015865802764892,1.5241962671279907
2,block3_h36_seed13,3640,full,1,right,1,0.9408881664276124,1.5662485361099243,1.625853180885315,0.0596046447753906,1.5662485361099243
2,block3_h36_seed13,3641,full,2,left,1,0.9999760389328004,0.5200064182281494,0.7496366500854492,0.2296302318572998,0.5200064182281494
2,block3_h36_seed13,3642,full,2,left,1,0.9972813129425048,0.4568496644496918,0.5834217071533203,0.1265720427036285,0.4568496644496918
2,block3_h36_seed13,3643,full,4,backward,1,0.943435549736023,1.3564029932022097,1.414146900177002,0.0577439069747924,1.3564029932022097
2,block3_h36_seed13,3644,full,4,backward,1,0.619158923625946,0.8851988911628723,0.906898021697998,0.0216991305351257,0.8851988911628723
2,block3_h36_seed13,3645,full,4,backward,1,0.9869911074638368,0.8471949696540833,0.9347967505455016,0.0876017808914184,0.8471949696540833
2,block3_h36_seed13,3647,full,1,right,1,0.995371162891388,0.4526247978210449,0.5770806670188904,0.1244558691978454,0.4526247978210449
2,block3_h36_seed13,3648,full,2,left,1,0.9927380681037904,1.1457091569900513,1.2483352422714231,0.102626085281372,1.1457091569900513
2,block3_h36_seed13,3649,full,1,right,1,0.9985793828964232,1.2425342798233032,1.384167194366455,0.1416329145431518,1.2425342798233032
2,block3_h36_seed13,3651,full,1,right,0,0.5364426374435425,0.9288949966430664,0.9339876174926758,0.0050926208496093,0.9339876174926758
2,block3_h36_seed13,3652,full,2,left,1,0.9956637024879456,1.1721795797348022,1.2815959453582764,0.1094163656234741,1.1721795797348022
2,block3_h36_seed13,3653,full,2,left,1,0.997128427028656,1.1116666793823242,1.2415566444396973,0.129889965057373,1.1116666793823242
2,block3_h36_seed13,3655,full,1,right,1,0.9997782111167908,0.4521320164203644,0.6250289082527161,0.1728968918323516,0.4521320164203644
2,block3_h36_seed13,3656,full,4,backward,1,0.9990743398666382,1.2398862838745115,1.3823925256729126,0.1425062417984008,1.2398862838745115
2,block3_h36_seed13,3657,full,3,forward,1,0.9980530738830566,1.195563793182373,1.3251253366470337,0.1295615434646606,1.195563793182373
2,block3_h36_seed13,3658,full,3,forward,1,0.9998849630355836,0.6845797896385193,0.875812828540802,0.1912330389022827,0.6845797896385193
2,block3_h36_seed13,3659,full,1,right,1,0.9982295632362366,0.8081502318382263,0.9422497749328612,0.134099543094635,0.8081502318382263
2,block3_h36_seed13,3660,full,2,left,1,0.9986019730567932,0.4495828449726105,0.5898342728614807,0.1402514278888702,0.4495828449726105
2,block3_h36_seed13,3661,full,4,backward,1,0.9996095299720764,0.4547887146472931,0.6238622665405273,0.1690735518932342,0.4547887146472931
2,block3_h36_seed13,3662,full,4,backward,1,0.8806785941123962,1.2991714477539062,1.339176058769226,0.0400046110153198,1.2991714477539062
2,block3_h36_seed13,3664,full,2,left,1,0.99359130859375,1.332627773284912,1.4375382661819458,0.1049104928970336,1.332627773284912
2,block3_h36_seed13,3665,full,2,left,1,0.9994155168533324,1.7505650520324707,1.9088417291641235,0.1582766771316528,1.7505650520324707
2,block3_h36_seed13,3666,full,4,backward,1,0.8220520615577698,0.8069882988929749,0.8570311665534973,0.0500428676605224,0.8069882988929749
2,block3_h36_seed13,3668,full,1,right,1,0.999498963356018,0.5270993709564209,0.6917051672935486,0.1646057963371276,0.5270993709564209
2,block3_h36_seed13,3670,full,4,backward,1,0.9753811955451964,1.1595823764801023,1.2361871004104614,0.0766047239303588,1.1595823764801023
2,block3_h36_seed13,3671,full,3,forward,1,0.9928109049797058,1.4324737787246704,1.5429588556289673,0.1104850769042968,1.4324737787246704
2,block3_h36_seed13,3672,full,4,backward,1,0.9977989792823792,0.8539997935295105,0.9766671061515808,0.1226673126220703,0.8539997935295105
2,block3_h36_seed13,3673,full,3,forward,1,0.9996567964553832,1.41698157787323,1.5815858840942385,0.1646043062210083,1.41698157787323
2,block3_h36_seed13,3674,full,4,backward,1,0.9976859092712402,0.8959488868713379,1.0187126398086548,0.1227637529373169,0.8959488868713379
2,block3_h36_seed13,3678,full,1,right,0,0.4841793179512024,0.6238542199134827,0.6239743828773499,0.0001201629638671,0.7311816215515137
2,block3_h36_seed13,3679,full,2,left,1,0.9998334646224976,1.4950488805770874,1.678067326545715,0.1830184459686279,1.4950488805770874
2,block3_h36_seed13,3680,full,2,left,1,0.9981268048286438,1.1116666793823242,1.2415566444396973,0.129889965057373,1.1116666793823242
2,block3_h36_seed13,3682,full,1,right,0,0.8359102010726929,1.323525071144104,1.3671118021011353,0.0435867309570312,1.3671118021011353
2,block3_h36_seed13,3683,full,4,backward,1,0.8797808289527893,1.2374285459518433,1.2773733139038086,0.0399447679519653,1.2374285459518433
2,block3_h36_seed13,3684,full,1,right,1,0.9980477094650269,0.7192605137825012,0.8537793755531311,0.1345188617706298,0.7192605137825012
2,block3_h36_seed13,3685,full,2,left,0,0.9618403911590576,0.940532684326172,1.018445611000061,0.0779129266738891,1.018445611000061
2,block3_h36_seed13,3686,full,2,left,1,0.9968684315681458,1.5025157928466797,1.636095404624939,0.1335796117782592,1.5025157928466797
2,block3_h36_seed13,3689,full,1,right,1,0.9998496770858764,0.5874386429786682,0.7741835117340088,0.1867448687553405,0.5874386429786682
2,block3_h36_seed13,3690,full,3,forward,1,0.603339433670044,1.045375943183899,1.0544241666793823,0.0090482234954833,1.045375943183899
2,block3_h36_seed13,3691,full,1,right,1,0.855176568031311,1.129765510559082,1.166697382926941,0.0369318723678588,1.129765510559082
2,block3_h36_seed13,3692,full,2,left,0,0.9388748407363892,0.8227627873420715,0.8891260027885437,0.0663632154464721,0.9021078944206238
2,block3_h36_seed13,3693,full,4,backward,1,0.944706380367279,0.9119256138801576,0.9725636839866638,0.0606380701065063,0.9119256138801576
2,block3_h36_seed13,3694,full,2,left,1,0.7549954652786255,1.082050085067749,1.104845404624939,0.0227953195571899,1.082050085067749
2,block3_h36_seed13,3695,full,3,forward,0,0.6355584859848022,0.529528796672821,0.5406903624534607,0.0111615657806396,0.6740386486053467
2,block3_h36_seed13,3696,full,3,forward,1,0.999929904937744,1.4237436056137085,1.622245192527771,0.1985015869140625,1.4237436056137085
2,block3_h36_seed13,3697,full,3,forward,1,0.8511826992034912,0.9358494877815248,0.976963996887207,0.0411145091056823,0.9358494877815248
2,block3_h36_seed13,3698,full,2,left,1,0.9985055923461914,0.9890165328979492,1.1193805932998655,0.1303640604019165,0.9890165328979492
2,block3_h36_seed13,3699,full,1,right,1,0.9993070363998412,0.6538426876068115,0.8188210129737854,0.1649783253669738,0.6538426876068115
2,block3_h36_seed13,3700,full,1,right,0,0.9068462252616882,0.8637382984161377,0.9118757247924804,0.0481374263763427,0.9118757247924804
2,block3_h36_seed13,3701,full,2,left,1,0.9883153438568116,1.4144444465637207,1.5188932418823242,0.1044487953186035,1.4144444465637207
2,block3_h36_seed13,3703,full,3,forward,1,0.8831322193145752,0.9358494877815248,0.976963996887207,0.0411145091056823,0.9358494877815248
2,block3_h36_seed13,3704,full,4,backward,1,0.9980583786964417,0.6282984614372253,0.7588000297546387,0.1305015683174133,0.6282984614372253
2,block3_h36_seed13,3705,full,1,right,0,0.8509067296981812,0.8080506324768066,0.8479706645011902,0.0399200320243835,0.8881691098213196
2,block3_h36_seed13,3706,full,4,backward,1,0.9997857213020324,0.6754987835884094,0.8653860688209534,0.1898872852325439,0.6754987835884094
2,block3_h36_seed13,3707,full,4,backward,1,0.9950380921363832,1.0375148057937622,1.1439359188079834,0.1064211130142211,1.0375148057937622
2,block3_h36_seed13,3708,full,4,backward,1,0.9999691247940063,0.4086371958255768,0.627103865146637,0.2184666693210601,0.4086371958255768
2,block3_h36_seed13,3711,full,2,left,1,0.999926209449768,1.0193525552749634,1.217145562171936,0.1977930068969726,1.0193525552749634
2,block3_h36_seed13,3712,full,1,right,1,0.9843123555183412,1.7786363363265991,1.867126941680908,0.088490605354309,1.7786363363265991
2,block3_h36_seed13,3713,full,2,left,1,0.9916113018989564,1.7828645706176758,1.8783997297286987,0.0955351591110229,1.7828645706176758
2,block3_h36_seed13,3715,full,2,left,1,0.9999138116836548,0.4904049932956695,0.6877300143241882,0.1973250210285186,0.4904049932956695
2,block3_h36_seed13,3716,full,3,forward,1,0.9999663829803468,0.6676238179206848,0.8965795040130615,0.2289556860923767,0.6676238179206848
2,block3_h36_seed13,3718,full,3,forward,1,0.9946186542510986,1.3158115148544312,1.4209483861923218,0.1051368713378906,1.3158115148544312
2,block3_h36_seed13,3719,full,1,right,1,0.999723255634308,0.4527007341384887,0.628670871257782,0.1759701371192932,0.4527007341384887
2,block3_h36_seed13,3721,full,4,backward,1,0.9987257122993468,0.6282984614372253,0.7767019867897034,0.148403525352478,0.6282984614372253
2,block3_h36_seed13,3722,full,4,backward,0,0.8366524577140808,0.7343904972076416,0.7700750231742859,0.0356845259666442,0.7700750231742859
2,block3_h36_seed13,3723,full,3,forward,1,0.9970043301582336,0.83819580078125,0.959939420223236,0.121743619441986,0.83819580078125
2,block3_h36_seed13,3724,full,4,backward,1,0.954803466796875,1.192332744598389,1.2585402727127075,0.0662075281143188,1.192332744598389
2,block3_h36_seed13,3727,full,1,right,1,0.9617102146148682,1.6048541069030762,1.673929214477539,0.0690751075744628,1.6048541069030762
2,block3_h36_seed13,3728,full,3,forward,0,0.8725026845932007,0.8670918345451355,0.9097769260406494,0.0426850914955139,0.9097769260406494
2,block3_h36_seed13,3729,full,1,right,1,0.9833242893218994,1.7188738584518433,1.807884693145752,0.0890108346939086,1.7188738584518433
2,block3_h36_seed13,3730,full,4,backward,1,0.9989179372787476,1.1315137147903442,1.280319094657898,0.1488053798675537,1.1315137147903442
2,block3_h36_seed13,3731,full,4,backward,1,0.9999603033065796,0.3918255865573883,0.604327380657196,0.2125017940998077,0.3918255865573883
2,block3_h36_seed13,3732,full,1,right,0,0.6946669220924377,0.7416800856590271,0.770086944103241,0.0284068584442138,0.7741117477416992
2,block3_h36_seed13,3733,full,4,backward,1,0.7402312159538269,1.0294164419174194,1.059252142906189,0.0298357009887695,1.0294164419174194
2,block3_h36_seed13,3734,full,3,forward,1,0.9746180772781372,1.0878523588180542,1.165715575218201,0.0778632164001464,1.0878523588180542
2,block3_h36_seed13,3735,full,4,backward,1,0.9997420907020568,0.5463412404060364,0.7300096154212952,0.1836683750152588,0.5463412404060364
2,block3_h36_seed13,3736,full,1,right,1,0.9994741082191468,0.5101127624511719,0.6754286885261536,0.1653159260749817,0.5101127624511719
2,block3_h36_seed13,3737,full,2,left,1,0.9997273087501526,0.5556362867355347,0.7335777282714844,0.1779414415359497,0.5556362867355347
2,block3_h36_seed13,3738,full,2,left,1,0.6386628150939941,1.278315544128418,1.3040019273757937,0.0256863832473754,1.278315544128418
2,block3_h36_seed13,3739,full,4,backward,1,0.9989080429077148,1.0180073976516724,1.1543898582458496,0.1363824605941772,1.0180073976516724
2,block3_h36_seed13,3740,full,4,backward,1,0.6657384634017944,0.9546768069267272,0.9790900349617004,0.0244132280349731,0.9546768069267272
2,block3_h36_seed13,3741,full,4,backward,1,0.9895416498184204,0.9677373766899108,1.058984637260437,0.0912472605705261,0.9677373766899108
2,block3_h36_seed13,3744,full,1,right,1,0.9662676453590392,1.2337325811386108,1.3056495189666748,0.0719169378280639,1.2337325811386108
2,block3_h36_seed13,3745,full,4,backward,1,0.9999489784240724,0.4945737421512604,0.7054803967475891,0.2109066545963287,0.4945737421512604
2,block3_h36_seed13,3746,full,4,backward,1,0.9940793514251708,1.1358351707458496,1.2391937971115112,0.1033586263656616,1.1358351707458496
2,block3_h36_seed13,3747,full,4,backward,0,0.5743371248245239,0.8972573280334473,0.9068430066108704,0.009585678577423,0.9068430066108704
2,block3_h36_seed13,3748,full,2,left,1,0.9997934699058532,0.53887540102005,0.7215272784233093,0.1826518774032592,0.53887540102005
2,block3_h36_seed13,3749,full,4,backward,1,0.999961256980896,0.4415879249572754,0.6517305970191956,0.2101426720619201,0.4415879249572754
2,block3_h36_seed13,3750,full,2,left,1,0.8823000192642212,1.0857995748519895,1.141217589378357,0.0554180145263671,1.0857995748519895
2,block3_h36_seed13,3751,full,1,right,1,0.999409794807434,0.5096947550773621,0.6698489785194397,0.1601542234420776,0.5096947550773621
2,block3_h36_seed13,3752,full,1,right,1,0.767391562461853,1.2930580377578735,1.3236334323883057,0.0305753946304321,1.2930580377578735
2,block3_h36_seed13,3753,full,4,backward,1,0.9732975363731384,1.0763388872146606,1.1484524011611938,0.0721135139465332,1.0763388872146606
2,block3_h36_seed13,3754,full,2,left,1,0.999176561832428,0.5556362867355347,0.7011651396751404,0.1455288529396057,0.5556362867355347
2,block3_h36_seed13,3755,full,4,backward,1,0.9994066953659058,0.7691623568534851,0.9287023544311525,0.1595399975776672,0.7691623568534851
2,block3_h36_seed13,3756,full,3,forward,1,0.9996898174285888,1.1856456995010376,1.352563738822937,0.1669180393218994,1.1856456995010376
2,block3_h36_seed13,3757,full,1,right,1,0.9999123811721802,1.216753005981445,1.4107452630996704,0.1939922571182251,1.216753005981445
2,block3_h36_seed13,3758,full,3,forward,1,0.9539443850517272,1.1853233575820925,1.2465254068374634,0.061202049255371,1.1853233575820925
2,block3_h36_seed13,3759,full,1,right,1,0.9947459697723388,1.232641339302063,1.3424938917160034,0.1098525524139404,1.232641339302063
2,block3_h36_seed13,3761,full,2,left,1,0.988617479801178,1.124265432357788,1.2182263135910034,0.0939608812332153,1.124265432357788
2,block3_h36_seed13,3762,full,4,backward,1,0.9445713758468628,0.7716140151023865,0.837909996509552,0.0662959814071655,0.7716140151023865
2,block3_h36_seed13,3763,full,1,right,1,0.8889334201812744,0.8117814064025879,0.8707842230796814,0.0590028166770935,0.8117814064025879
2,block3_h36_seed13,3764,full,4,backward,0,0.5756219029426575,0.8972573280334473,0.9068430066108704,0.009585678577423,0.9068430066108704
2,block3_h36_seed13,3765,full,2,left,1,0.9508180022239684,1.1990370750427246,1.258310317993164,0.0592732429504394,1.1990370750427246
2,block3_h36_seed13,3766,full,3,forward,0,0.6366173624992371,0.5586135983467102,0.5710892677307129,0.0124756693840026,0.6400139331817627
2,block3_h36_seed13,3767,full,2,left,1,0.9984715580940248,1.7505650520324707,1.8805700540542605,0.1300050020217895,1.7505650520324707
2,block3_h36_seed13,3769,full,2,left,1,0.9989744424819946,0.6046590805053711,0.7582115530967712,0.1535524725914001,0.6046590805053711
2,block3_h36_seed13,3770,full,2,left,1,0.998862624168396,1.7004510164260864,1.8409591913223269,0.1405081748962402,1.7004510164260864
2,block3_h36_seed13,3771,full,1,right,1,0.977106511592865,1.632083296775818,1.7192844152450562,0.0872011184692382,1.632083296775818
2,block3_h36_seed13,3772,full,1,right,1,0.9987698197364808,1.232641339302063,1.3702183961868286,0.1375770568847656,1.232641339302063
2,block3_h36_seed13,3774,full,1,right,0,0.7118728756904602,0.949631929397583,0.9830510020256042,0.0334190726280212,0.9830510020256042
2,block3_h36_seed13,3775,full,2,left,1,0.5263277292251587,1.0285080671310425,1.0452289581298828,0.0167208909988403,1.0285080671310425
2,block3_h36_seed13,3776,full,1,right,1,0.4499662816524505,0.7470605969429016,0.7545203566551208,0.0074597597122192,0.7470605969429016
2,block3_h36_seed13,3777,full,3,forward,1,0.9989013671875,1.117213010787964,1.259236454963684,0.1420234441757202,1.117213010787964
2,block3_h36_seed13,3779,full,1,right,1,0.9960805773735046,1.1721299886703491,1.289042353630066,0.1169123649597168,1.1721299886703491
2,block3_h36_seed13,3781,full,4,backward,1,0.950420379638672,1.1215810775756836,1.1907404661178589,0.0691593885421752,1.1215810775756836
2,block3_h36_seed13,3782,full,1,right,1,0.9978944659233092,0.4558285176753998,0.591170608997345,0.1353420913219452,0.4558285176753998
2,block3_h36_seed13,3783,full,3,forward,1,0.9977549910545348,1.41698157787323,1.541911482810974,0.1249299049377441,1.41698157787323
2,block3_h36_seed13,3784,full,2,left,1,0.9999725818634032,0.569553554058075,0.7938659191131592,0.2243123650550842,0.569553554058075
2,block3_h36_seed13,3785,full,1,right,1,0.9992238283157348,1.2944473028182983,1.4475716352462769,0.1531243324279785,1.2944473028182983
2,block3_h36_seed13,3786,full,2,left,0,0.6667717099189758,1.6778898239135742,1.6967134475708008,0.0188236236572265,1.723767638206482
2,block3_h36_seed13,3787,full,1,right,1,0.9935792684555054,1.2024930715560913,1.3202067613601685,0.1177136898040771,1.2024930715560913
2,block3_h36_seed13,3790,full,2,left,1,0.9960313439369202,0.4368602335453033,0.5710725784301758,0.1342123448848724,0.4368602335453033
2,block3_h36_seed13,3792,full,4,backward,1,0.9975427389144896,0.8959488868713379,1.0187126398086548,0.1227637529373169,0.8959488868713379
2,block3_h36_seed13,3793,full,3,forward,1,0.9962820410728456,1.3619189262390137,1.484010100364685,0.1220911741256713,1.3619189262390137
2,block3_h36_seed13,3794,full,4,backward,1,0.9678353071212769,1.1215810775756836,1.1907404661178589,0.0691593885421752,1.1215810775756836
2,block3_h36_seed13,3795,full,4,backward,1,0.9938867688179016,1.1265279054641724,1.2386401891708374,0.112112283706665,1.1265279054641724
2,block3_h36_seed13,3796,full,3,forward,1,0.9972713589668274,1.3146322965621948,1.4457130432128906,0.1310807466506958,1.3146322965621948
2,block3_h36_seed13,3798,full,1,right,0,0.4367376565933227,0.8178694844245911,0.8252289891242981,0.007359504699707,0.8469455242156982
2,block3_h36_seed13,3799,full,4,backward,1,0.9833778142929076,1.1315137147903442,1.2141845226287842,0.0826708078384399,1.1315137147903442
2,block3_h36_seed13,3800,full,3,forward,1,0.9947682619094848,1.313530445098877,1.4290951490402222,0.1155647039413452,1.313530445098877
2,block3_h36_seed13,3801,full,2,left,1,0.8027431964874268,1.47150456905365,1.5119794607162476,0.0404748916625976,1.47150456905365
2,block3_h36_seed13,3803,full,3,forward,1,0.9761537909507751,0.912820041179657,1.0043147802352903,0.0914947390556335,0.912820041179657
2,block3_h36_seed13,3804,full,1,right,1,0.9681360125541688,1.000515103340149,1.0710393190383911,0.0705242156982421,1.000515103340149
2,block3_h36_seed13,3805,full,2,left,0,0.5718466639518738,1.6651021242141724,1.6734848022460938,0.0083826780319213,1.723767638206482
2,block3_h36_seed13,3806,full,1,right,0,0.5035196542739868,0.582407534122467,0.5827962756156921,0.000388741493225,0.6897814869880676
2,block3_h36_seed13,3807,full,2,left,1,0.7830429077148438,1.4405717849731443,1.4767422676086426,0.036170482635498,1.4405717849731443
2,block3_h36_seed13,3808,full,3,forward,0,0.6332188248634338,1.2505977153778076,1.2745033502578735,0.0239056348800659,1.2745033502578735
2,block3_h36_seed13,3809,full,3,forward,1,0.993173897266388,1.2157011032104492,1.3176517486572266,0.1019506454467773,1.2157011032104492
2,block3_h36_seed13,3810,full,2,left,1,0.999968409538269,0.5676594972610474,0.7798523902893066,0.2121928930282592,0.5676594972610474
2,block3_h36_seed13,3811,full,2,left,1,0.9986120462417604,0.4901004135608673,0.6386122703552246,0.1485118567943573,0.4901004135608673
2,block3_h36_seed13,3813,full,3,forward,1,0.94442218542099,0.83819580078125,0.9038662910461426,0.0656704902648925,0.83819580078125
2,block3_h36_seed13,3815,full,2,left,0,0.9868055582046508,0.7161805033683777,0.8052119612693787,0.0890314579010009,0.8564770817756653
2,block3_h36_seed13,3816,full,4,backward,1,0.9963926672935486,1.1935030221939087,1.312584400177002,0.1190813779830932,1.1935030221939087
2,block3_h36_seed13,3817,full,1,right,1,0.9988667964935304,0.7192605137825012,0.8731583952903748,0.1538978815078735,0.7192605137825012
2,block3_h36_seed13,3818,full,1,right,1,0.9964019060134888,0.7192605137825012,0.8491847515106201,0.1299242377281189,0.7192605137825012
2,block3_h36_seed13,3820,full,3,forward,0,0.5867968201637268,0.5220777988433838,0.5297699570655823,0.0076921582221984,0.6017060279846191
2,block3_h36_seed13,3822,full,1,right,1,0.991209864616394,0.8697047233581543,0.977290153503418,0.1075854301452636,0.8697047233581543
2,block3_h36_seed13,3824,full,4,backward,1,0.9850100874900818,1.0227690935134888,1.1137295961380005,0.0909605026245117,1.0227690935134888
2,block3_h36_seed13,3825,full,2,left,1,0.9997090697288512,1.3420952558517456,1.5051826238632202,0.1630873680114746,1.3420952558517456
2,block3_h36_seed13,3826,full,3,forward,1,0.9930912256240844,1.128604292869568,1.2340008020401,0.1053965091705322,1.128604292869568
2,block3_h36_seed13,3827,full,1,right,1,0.9996628761291504,0.5400490760803223,0.7008588910102844,0.1608098149299621,0.5400490760803223
2,block3_h36_seed13,3829,full,4,backward,1,0.9980840682983398,0.7562863230705261,0.8949976563453674,0.1387113332748413,0.7562863230705261
2,block3_h36_seed13,3830,full,4,backward,1,0.9979538917541504,0.9964838027954102,1.120937705039978,0.1244539022445678,0.9964838027954102
2,block3_h36_seed13,3832,full,1,right,1,0.664426326751709,2.129323720932007,2.150811195373535,0.0214874744415283,2.129323720932007
2,block3_h36_seed13,3833,full,4,backward,1,0.9996485710144044,0.3776289224624634,0.5459313988685608,0.1683024764060974,0.3776289224624634
2,block3_h36_seed13,3834,full,4,backward,1,0.9993316531181335,0.4019018113613128,0.5618312954902649,0.159929484128952,0.4019018113613128
2,block3_h36_seed13,3835,full,2,left,1,0.9999568462371826,0.4495828449726105,0.6597406268119812,0.2101577818393707,0.4495828449726105
2,block3_h36_seed13,3836,full,3,forward,1,0.9768503904342652,0.83819580078125,0.9152512550354004,0.0770554542541503,0.83819580078125
2,block3_h36_seed13,3838,full,3,forward,1,0.999990463256836,0.5131714940071106,0.7614569067955017,0.2482854127883911,0.5131714940071106
2,block3_h36_seed13,3839,full,3,forward,1,0.998137354850769,1.2250207662582395,1.354946494102478,0.1299257278442382,1.2250207662582395
2,block3_h36_seed13,3840,full,3,forward,1,0.9597223997116088,1.110223412513733,1.1831427812576294,0.0729193687438964,1.110223412513733
2,block3_h36_seed13,3841,full,4,backward,1,0.9909271001815796,1.1772828102111816,1.2813960313796997,0.104113221168518,1.1772828102111816
2,block3_h36_seed13,3842,full,4,backward,1,0.9971300959587096,0.9677373766899108,1.085699200630188,0.1179618239402771,0.9677373766899108
2,block3_h36_seed13,3844,full,4,backward,1,0.989075779914856,0.8336356282234192,0.9433401226997375,0.1097044944763183,0.8336356282234192
2,block3_h36_seed13,3845,full,2,left,0,0.6755181550979614,1.0043429136276243,1.025898575782776,0.0215556621551513,1.049580216407776
2,block3_h36_seed13,3846,full,1,right,1,0.9901710152626038,1.056923270225525,1.1529794931411743,0.0960562229156494,1.056923270225525
2,block3_h36_seed13,3847,full,3,forward,1,0.936391294002533,1.2195556163787842,1.273464560508728,0.0539089441299438,1.2195556163787842
2,block3_h36_seed13,3848,full,3,forward,0,0.9941688776016236,0.876332700252533,0.9940770268440248,0.1177443265914917,0.9940770268440248
2,block3_h36_seed13,3849,full,2,left,0,0.5137417316436768,0.4605360925197601,0.4658771455287933,0.0053410530090332,0.5020307898521423
2,block3_h36_seed13,3853,full,2,left,1,0.9998360872268676,0.3538343906402588,0.5374531149864197,0.1836187243461609,0.3538343906402588
2,block3_h36_seed13,3856,full,1,right,1,0.9589828848838806,1.17714524269104,1.241304874420166,0.0641596317291259,1.17714524269104
2,block3_h36_seed13,3857,full,2,left,1,0.9870129227638244,1.26266610622406,1.3520292043685913,0.0893630981445312,1.26266610622406
2,block3_h36_seed13,3858,full,3,forward,1,0.9786903858184814,1.271976351737976,1.3519481420516968,0.0799717903137207,1.271976351737976
2,block3_h36_seed13,3859,full,4,backward,1,0.9868907332420348,1.1411187648773191,1.2296018600463867,0.0884830951690673,1.1411187648773191
2,block3_h36_seed13,3860,full,2,left,1,0.9937174320220948,1.1117106676101685,1.2226219177246094,0.1109112501144409,1.1117106676101685
2,block3_h36_seed13,3861,full,3,forward,0,0.6495499014854431,0.6067283153533936,0.6216017603874207,0.0148734450340271,0.6659837365150452
2,block3_h36_seed13,3862,full,3,forward,1,0.9999845027923584,0.4950443804264068,0.7215878963470459,0.226543515920639,0.4950443804264068
2,block3_h36_seed13,3863,full,4,backward,1,0.9650232195854188,1.0763388872146606,1.1484524011611938,0.0721135139465332,1.0763388872146606
2,block3_h36_seed13,3864,full,3,forward,1,0.9946893453598022,1.411481857299805,1.5162605047225952,0.1047786474227905,1.411481857299805
2,block3_h36_seed13,3865,full,3,forward,1,0.9999955892562866,0.5328729152679443,0.7877352833747864,0.254862368106842,0.5328729152679443
2,block3_h36_seed13,3866,full,2,left,1,0.9999279975891112,0.3538343906402588,0.5572648644447327,0.2034304738044738,0.3538343906402588
2,block3_h36_seed13,3867,full,1,right,1,0.9998094439506532,0.5101127624511719,0.700661838054657,0.1905490756034851,0.5101127624511719
2,block3_h36_seed13,3868,full,2,left,1,0.4882677495479584,0.9555323123931884,0.9606609344482422,0.0051286220550537,0.9555323123931884
2,block3_h36_seed13,3869,full,3,forward,1,0.9789806604385376,1.123856782913208,1.2125251293182373,0.0886683464050293,1.123856782913208
2,block3_h36_seed13,3870,full,1,right,0,0.7371797561645508,0.589977502822876,0.6110838055610657,0.0211063027381896,0.6897814869880676
2,block3_h36_seed13,3871,full,3,forward,1,0.9999507665634156,0.3920729458332062,0.5987544059753418,0.2066814601421356,0.3920729458332062
2,block3_h36_seed13,3873,full,1,right,1,0.9632790684700012,1.1854404211044312,1.257537841796875,0.0720974206924438,1.1854404211044312
2,block3_h36_seed13,3874,full,3,forward,1,0.9999754428863524,0.5136914849281311,0.7379651665687561,0.224273681640625,0.5136914849281311
2,block3_h36_seed13,3875,full,3,forward,0,0.9337306618690492,0.5087676048278809,0.5619819760322571,0.0532143712043762,0.6740386486053467
2,block3_h36_seed13,3876,full,2,left,1,0.9997922778129578,0.55159991979599,0.7324294447898865,0.1808295249938964,0.55159991979599
2,block3_h36_seed13,3877,full,2,left,1,0.9934009909629822,1.2027347087860107,1.3054766654968262,0.1027419567108154,1.2027347087860107
2,block3_h36_seed13,3878,full,4,backward,1,0.9657580256462096,0.8691913485527039,0.9360020160675048,0.066810667514801,0.8691913485527039
2,block3_h36_seed13,3879,full,2,left,1,0.6459087133407593,1.5041066408157349,1.528180480003357,0.024073839187622,1.5041066408157349
2,block3_h36_seed13,3880,full,2,left,0,0.8626771569252014,0.8266445994377136,0.8638195395469666,0.0371749401092529,0.950878918170929
2,block3_h36_seed13,3881,full,2,left,1,0.9335426688194276,1.358601212501526,1.411594033241272,0.052992820739746,1.358601212501526
2,block3_h36_seed13,3882,full,1,right,1,0.8946194052696228,1.092709183692932,1.1463720798492432,0.053662896156311,1.092709183692932
2,block3_h36_seed13,3883,full,2,left,1,0.972244143486023,1.0654605627059937,1.1390047073364258,0.0735441446304321,1.0654605627059937
2,block3_h36_seed13,3884,full,2,left,1,0.999925971031189,0.4255256652832031,0.6327994465827942,0.207273781299591,0.4255256652832031
2,block3_h36_seed13,3886,full,1,right,0,0.6606756448745728,0.4890857636928558,0.5026339888572693,0.0135482251644134,0.5939659476280212
2,block3_h36_seed13,3887,full,3,forward,1,0.692912220954895,1.205316185951233,1.221945881843567,0.0166296958923339,1.205316185951233
2,block3_h36_seed13,3888,full,1,right,1,0.9966921806335448,1.0735024213790894,1.2033675909042358,0.1298651695251464,1.0735024213790894
2,block3_h36_seed13,3889,full,3,forward,1,0.9803351163864136,1.2324419021606443,1.3156300783157349,0.0831881761550903,1.2324419021606443
2,block3_h36_seed13,3890,full,3,forward,1,0.9977771639823914,1.3934122323989868,1.5262409448623655,0.1328287124633789,1.3934122323989868
2,block3_h36_seed13,3893,full,4,backward,1,0.9958940744400024,1.0681151151657104,1.187352418899536,0.1192373037338256,1.0681151151657104
2,block3_h36_seed13,3894,full,4,backward,1,0.8768402338027954,0.8293099403381348,0.8709795475006104,0.0416696071624755,0.8293099403381348
2,block3_h36_seed13,3895,full,1,right,1,0.9936671853065492,1.3542219400405884,1.4553861618041992,0.1011642217636108,1.3542219400405884
2,block3_h36_seed13,3896,full,1,right,1,0.9949485063552856,1.2531064748764038,1.3747342824935913,0.1216278076171875,1.2531064748764038
2,block3_h36_seed13,3897,full,3,forward,1,0.759432852268219,0.9219061732292176,0.9536641240119934,0.0317579507827758,0.9219061732292176
2,block3_h36_seed13,3898,full,1,right,1,0.5971322059631348,1.3671118021011353,1.3782607316970823,0.0111489295959472,1.3671118021011353
2,block3_h36_seed13,3899,full,3,forward,1,0.986240565776825,1.4373022317886353,1.5273412466049194,0.0900390148162841,1.4373022317886353
2,block3_h36_seed13,3900,full,3,forward,1,0.9999778270721436,0.5967037081718445,0.8144922256469727,0.2177885174751281,0.5967037081718445
2,block3_h36_seed13,3901,full,3,forward,0,0.5242655873298645,0.4761537611484527,0.4782018661499023,0.0020481050014495,0.5901240706443787
2,block3_h36_seed13,3902,full,2,left,0,0.5484465956687927,0.5355198979377747,0.5401061177253723,0.0045862197875976,0.6179248690605164
2,block3_h36_seed13,3903,full,2,left,1,0.9989721775054932,0.6046590805053711,0.7582115530967712,0.1535524725914001,0.6046590805053711
2,block3_h36_seed13,3904,full,4,backward,1,0.9940542578697203,1.0375148057937622,1.1439359188079834,0.1064211130142211,1.0375148057937622
2,block3_h36_seed13,3905,full,2,left,1,0.9988528490066528,0.4901004135608673,0.6386122703552246,0.1485118567943573,0.4901004135608673
2,block3_h36_seed13,3906,full,3,forward,1,0.9733659625053406,1.386579990386963,1.4674458503723145,0.0808658599853515,1.386579990386963
2,block3_h36_seed13,3907,full,1,right,1,0.998104453086853,0.7278664112091064,0.8609602451324463,0.1330938339233398,0.7278664112091064
2,block3_h36_seed13,3909,full,1,right,0,0.4598938822746277,1.3129324913024902,1.3131033182144165,0.0001708269119262,1.3470624685287476
2,block3_h36_seed13,3910,full,1,right,1,0.8624699711799622,1.5780882835388184,1.6298580169677734,0.051769733428955,1.5780882835388184
2,block3_h36_seed13,3911,full,1,right,1,0.998889148235321,1.6300770044326782,1.7661370038986206,0.1360599994659423,1.6300770044326782
2,block3_h36_seed13,3912,full,2,left,1,0.9994418025016784,0.3870070874691009,0.5489498972892761,0.1619428098201751,0.3870070874691009
2,block3_h36_seed13,3913,full,4,backward,1,0.998709797859192,1.099290132522583,1.235039234161377,0.1357491016387939,1.099290132522583
2,block3_h36_seed13,3914,full,3,forward,1,0.9999830722808838,0.5131714940071106,0.7521594166755676,0.238987922668457,0.5131714940071106
2,block3_h36_seed13,3915,full,1,right,0,0.8269625306129456,1.4190555810928345,1.4597501754760742,0.0406945943832397,1.4597501754760742
2,block3_h36_seed13,3916,full,1,right,1,0.8289558291435242,1.0710221529006958,1.1167136430740356,0.0456914901733398,1.0710221529006958
2,block3_h36_seed13,3920,full,3,forward,1,0.9999959468841552,0.4950443804264068,0.766015350818634,0.2709709703922272,0.4950443804264068
2,block3_h36_seed13,3921,full,2,left,1,0.9997450709342957,0.4495828449726105,0.6163641810417175,0.166781336069107,0.4495828449726105
2,block3_h36_seed13,3922,full,2,left,1,0.997692346572876,0.6289579272270203,0.7556492686271667,0.1266913414001464,0.6289579272270203
2,block3_h36_seed13,3923,full,3,forward,1,0.9995809197425842,1.4193133115768433,1.5814619064331057,0.1621485948562622,1.4193133115768433
2,block3_h36_seed13,3927,full,1,right,1,0.9997082352638244,0.4521320164203644,0.6250289082527161,0.1728968918323516,0.4521320164203644
2,block3_h36_seed13,3929,full,1,right,0,0.5709965825080872,1.3129324913024902,1.326036810874939,0.0131043195724487,1.3470624685287476
2,block3_h36_seed13,3931,full,2,left,1,0.996696710586548,1.4731048345565796,1.5977226495742798,0.1246178150177002,1.4731048345565796
2,block3_h36_seed13,3932,full,2,left,1,0.7377215623855591,1.5041066408157349,1.528180480003357,0.024073839187622,1.5041066408157349
2,block3_h36_seed13,3933,full,2,left,1,0.999128758907318,0.5556362867355347,0.7011651396751404,0.1455288529396057,0.5556362867355347
2,block3_h36_seed13,3934,full,4,backward,1,0.9999514818191528,0.5608460903167725,0.7724364399909973,0.2115903496742248,0.5608460903167725
2,block3_h36_seed13,3935,full,4,backward,1,0.9993923902511596,0.8623043894767761,1.0116002559661863,0.1492958664894104,0.8623043894767761
2,block3_h36_seed13,3936,full,4,backward,1,0.7828615307807922,0.9586613774299622,0.9856922030448914,0.0270308256149292,0.9586613774299622
2,block3_h36_seed13,3937,full,4,backward,1,0.9997830986976624,0.5463412404060364,0.7300096154212952,0.1836683750152588,0.5463412404060364
2,block3_h36_seed13,3938,full,2,left,0,0.9275838136672974,0.4527104794979095,0.5038432478904724,0.0511327683925628,0.6550595164299011
2,block3_h36_seed13,3939,full,2,left,1,0.6388331651687622,1.2794290781021118,1.290994644165039,0.0115655660629272,1.2794290781021118
2,block3_h36_seed13,3942,full,2,left,1,0.7549954056739807,1.082050085067749,1.104845404624939,0.0227953195571899,1.082050085067749
2,block3_h36_seed13,3943,full,3,forward,0,0.6907617449760437,0.5545298457145691,0.575369119644165,0.0208392739295959,0.6077364087104797
2,block3_h36_seed13,3944,full,3,forward,1,0.9999620914459229,0.5945309996604919,0.8075465559959412,0.2130155563354492,0.5945309996604919
2,block3_h36_seed13,3945,full,1,right,0,0.7888692617416382,0.7809163928031921,0.8080506324768066,0.0271342396736145,0.8881691098213196
2,block3_h36_seed13,3946,full,2,left,1,0.5100312232971191,0.966209888458252,0.9767139554023744,0.0105040669441223,0.966209888458252
2,block3_h36_seed13,3947,full,4,backward,1,0.7615870833396912,0.9586613774299622,0.9856922030448914,0.0270308256149292,0.9586613774299622
2,block3_h36_seed13,3948,full,3,forward,0,0.906016767024994,0.531460702419281,0.5930151343345642,0.0615544319152832,0.610919177532196
2,block3_h36_seed13,3950,full,2,left,0,0.642696738243103,0.5678374171257019,0.5802109837532043,0.0123735666275024,0.6844379305839539
2,block3_h36_seed13,3951,full,4,backward,1,0.9757543802261353,0.8727187514305115,0.9500791430473328,0.0773603916168212,0.8727187514305115
2,block3_h36_seed13,3952,full,2,left,1,0.9858060479164124,1.372819900512695,1.460743427276611,0.087923526763916,1.372819900512695
2,block3_h36_seed13,3953,full,1,right,1,0.9992226362228394,0.5270993709564209,0.6810658574104309,0.15396648645401,0.5270993709564209
2,block3_h36_seed13,3956,full,2,left,1,0.9990007281303406,0.9012778401374816,1.0461463928222656,0.1448685526847839,0.9012778401374816
2,block3_h36_seed13,3957,full,1,right,1,0.4989210963249206,1.3671118021011353,1.3782607316970823,0.0111489295959472,1.3671118021011353
2,block3_h36_seed13,3958,full,4,backward,1,0.9992222785949708,1.1364699602127075,1.2797541618347168,0.1432842016220092,1.1364699602127075
2,block3_h36_seed13,3959,full,4,backward,1,0.9993076324462892,1.031325340270996,1.177489161491394,0.1461638212203979,1.031325340270996
2,block3_h36_seed13,3960,full,2,left,1,0.9969891905784608,1.3881250619888306,1.5042163133621216,0.116091251373291,1.3881250619888306
2,block3_h36_seed13,3961,full,4,backward,1,0.9908733367919922,1.2242261171340942,1.319282054901123,0.0950559377670288,1.2242261171340942
2,block3_h36_seed13,3962,full,2,left,1,0.9938229322433472,1.005685329437256,1.1158652305603027,0.1101799011230468,1.005685329437256
2,block3_h36_seed13,3963,full,2,left,1,0.7602006793022156,1.4952479600906372,1.5217857360839844,0.0265377759933471,1.4952479600906372
2,block3_h36_seed13,3965,full,1,right,1,0.995525062084198,1.314152717590332,1.4363878965377808,0.1222351789474487,1.314152717590332
2,block3_h36_seed13,3966,full,2,left,1,0.9896754622459412,1.401379942893982,1.4983148574829102,0.0969349145889282,1.401379942893982
2,block3_h36_seed13,3968,full,1,right,1,0.9234956502914428,1.0974096059799194,1.150123953819275,0.0527143478393554,1.0974096059799194
2,block3_h36_seed13,3969,full,4,backward,1,0.990925908088684,1.1772829294204712,1.2813962697982788,0.1041133403778076,1.1772829294204712
2,block3_h36_seed13,3970,full,1,right,1,0.7089567184448242,0.6145707368850708,0.6478102803230286,0.0332395434379577,0.6145707368850708
2,block3_h36_seed13,3971,full,2,left,1,0.9009953141212464,1.0773917436599731,1.1311230659484863,0.0537313222885131,1.0773917436599731
2,block3_h36_seed13,3973,full,1,right,1,0.9800432920455932,1.0461574792861938,1.1333096027374268,0.0871521234512329,1.0461574792861938
2,block3_h36_seed13,3974,full,3,forward,1,0.999886989593506,1.2359966039657593,1.421918511390686,0.1859219074249267,1.2359966039657593
2,block3_h36_seed13,3975,full,1,right,0,0.6839797496795654,0.790178120136261,0.8059610724449158,0.0157829523086547,0.8901584148406982
2,block3_h36_seed13,3976,full,4,backward,1,0.9938538074493408,0.9762895703315736,1.082499623298645,0.1062100529670715,0.9762895703315736
2,block3_h36_seed13,3977,full,1,right,1,0.9983099699020386,0.5477831959724426,0.6896980404853821,0.1419148445129394,0.5477831959724426
2,block3_h36_seed13,3978,full,2,left,1,0.5743108987808228,1.3060787916183472,1.3123382329940796,0.0062594413757324,1.3060787916183472
2,block3_h36_seed13,3981,full,1,right,1,0.983437955379486,1.5989017486572266,1.6985708475112915,0.0996690988540649,1.5989017486572266
2,block3_h36_seed13,3982,full,4,backward,1,0.930104434490204,0.7716140747070312,0.838946521282196,0.0673324465751648,0.7716140747070312
2,block3_h36_seed13,3983,full,3,forward,1,0.99915874004364,1.076182246208191,1.218189358711243,0.1420071125030517,1.076182246208191
2,block3_h36_seed13,3984,full,1,right,1,0.991342544555664,1.7082329988479614,1.8114646673202517,0.10323166847229,1.7082329988479614
2,block3_h36_seed13,3985,full,2,left,1,0.99982088804245,0.4170475006103515,0.6086584329605103,0.1916109323501587,0.4170475006103515
2,block3_h36_seed13,3988,full,3,forward,1,0.9708701968193054,1.314012885093689,1.396297812461853,0.082284927368164,1.314012885093689
2,block3_h36_seed13,3989,full,2,left,1,0.9785943627357484,1.5138750076293943,1.5904325246810913,0.0765575170516967,1.5138750076293943
2,block3_h36_seed13,3990,full,1,right,1,0.999913215637207,0.5400490164756775,0.7313228249549866,0.191273808479309,0.5400490164756775
2,block3_h36_seed13,3991,full,3,forward,0,0.6865077018737793,0.8013811707496643,0.8204212188720703,0.019040048122406,0.8204212188720703
2,block3_h36_seed13,3992,full,4,backward,1,0.99652099609375,0.7365582585334778,0.8518972396850586,0.1153389811515808,0.7365582585334778
2,block3_h36_seed13,3994,full,2,left,0,0.508790910243988,0.9584119319915771,0.9655301570892334,0.0071182250976562,0.9997215270996094
2,block3_h36_seed13,3995,full,1,right,1,0.9983750581741332,0.808150589466095,0.9447910785675048,0.1366404891014099,0.808150589466095
2,block3_h36_seed13,3996,full,4,backward,1,0.8857051134109497,1.0294164419174194,1.0709710121154783,0.041554570198059,1.0294164419174194
2,block3_h36_seed13,3997,full,3,forward,1,0.9143352508544922,1.2337040901184082,1.2920355796813965,0.0583314895629882,1.2337040901184082
2,block3_h36_seed13,3998,full,3,forward,1,0.9953291416168212,1.3934122323989868,1.501718521118164,0.1083062887191772,1.3934122323989868
2,block3_h36_seed13,3999,full,3,forward,1,0.7880346179008484,1.3726059198379517,1.3993674516677856,0.0267615318298339,1.3726059198379517
2,block3_h48_seed10,3500,small_full,4,backward,0,0.8842647075653076,0.8825560212135315,0.9426727890968324,0.0601167678833007,0.948448896408081
2,block3_h48_seed10,3501,small_full,1,right,0,0.5705105662345886,1.4674001932144165,1.476610541343689,0.0092103481292724,1.476610541343689
2,block3_h48_seed10,3502,small_full,2,left,1,0.9914417862892152,2.065194845199585,2.1616814136505127,0.0964865684509277,2.065194845199585
2,block3_h48_seed10,3504,small_full,1,right,1,0.9985806941986084,0.9492504596710204,1.0817657709121704,0.1325153112411499,0.9492504596710204
2,block3_h48_seed10,3505,small_full,2,left,0,0.5985204577445984,1.0190027952194214,1.0294440984725952,0.0104413032531738,1.0737520456314087
2,block3_h48_seed10,3506,small_full,4,backward,1,0.9922771453857422,0.8026571273803711,0.9047224521636964,0.1020653247833252,0.8026571273803711
2,block3_h48_seed10,3507,small_full,4,backward,1,0.8984264731407166,1.9578150510787964,2.0015783309936523,0.0437632799148559,1.9578150510787964
2,block3_h48_seed10,3508,small_full,4,backward,1,0.9931185245513916,1.852455496788025,1.958533883094788,0.1060783863067627,1.852455496788025
2,block3_h48_seed10,3511,small_full,2,left,1,0.8104486465454102,1.429669737815857,1.4708824157714844,0.0412126779556274,1.429669737815857
2,block3_h48_seed10,3513,small_full,4,backward,1,0.9924692511558532,1.64181387424469,1.73953115940094,0.09771728515625,1.64181387424469
2,block3_h48_seed10,3514,small_full,1,right,1,0.9952397346496582,1.094947338104248,1.2103406190872192,0.1153932809829711,1.094947338104248
2,block3_h48_seed10,3515,small_full,3,forward,0,0.7396262288093567,1.09898579120636,1.1205713748931885,0.0215855836868286,1.190024495124817
2,block3_h48_seed10,3516,small_full,4,backward,1,0.9998672008514404,1.8640379905700684,2.0458524227142334,0.181814432144165,1.8640379905700684
2,block3_h48_seed10,3518,small_full,2,left,1,0.9462440013885498,1.8224471807479856,1.882246017456055,0.0597988367080688,1.8224471807479856
2,block3_h48_seed10,3519,small_full,4,backward,1,0.999046504497528,0.7906613945960999,0.9315996766090392,0.1409382820129394,0.7906613945960999
2,block3_h48_seed10,3520,small_full,3,forward,1,0.9953646659851074,1.4840885400772097,1.5933653116226196,0.1092767715454101,1.4840885400772097
2,block3_h48_seed10,3521,small_full,3,forward,0,0.6969245672225952,1.5718684196472168,1.5888910293579102,0.0170226097106933,1.5888910293579102
2,block3_h48_seed10,3522,small_full,4,backward,1,0.9900087118148804,1.4746156930923462,1.5879606008529663,0.1133449077606201,1.4746156930923462
2,block3_h48_seed10,3523,small_full,2,left,1,0.990454375743866,1.0718454122543335,1.1682010889053345,0.0963556766510009,1.0718454122543335
2,block3_h48_seed10,3524,small_full,3,forward,1,0.4600030481815338,1.026785373687744,1.0325945615768433,0.0058091878890991,1.026785373687744
2,block3_h48_seed10,3525,small_full,3,forward,1,0.8871034383773804,1.2014931440353394,1.258191704750061,0.0566985607147216,1.2014931440353394
2,block3_h48_seed10,3527,small_full,3,forward,1,0.999980926513672,1.0476354360580444,1.2787593603134155,0.2311239242553711,1.0476354360580444
2,block3_h48_seed10,3528,small_full,2,left,1,0.9944920539855956,1.7266837358474731,1.8312783241271973,0.1045945882797241,1.7266837358474731
2,block3_h48_seed10,3529,small_full,2,left,0,0.8792480826377869,1.7149683237075806,1.7634989023208618,0.0485305786132812,1.7634989023208618
2,block3_h48_seed10,3530,small_full,4,backward,0,0.9340804815292358,1.815143704414368,1.879693984985352,0.0645502805709838,1.8858951330184937
2,block3_h48_seed10,3531,small_full,4,backward,1,0.9989545345306396,1.8503414392471316,1.994515061378479,0.1441736221313476,1.8503414392471316
2,block3_h48_seed10,3532,small_full,2,left,0,0.5725015997886658,1.36241352558136,1.3731526136398315,0.0107390880584716,1.4047998189926147
2,block3_h48_seed10,3533,small_full,3,forward,1,0.9951844811439514,1.6614118814468384,1.7794246673583984,0.11801278591156,1.6614118814468384
2,block3_h48_seed10,3534,small_full,4,backward,0,0.8609737157821655,1.6159111261367798,1.653455138206482,0.0375440120697021,1.653455138206482
2,block3_h48_seed10,3535,small_full,4,backward,0,0.5759212970733643,1.7626367807388306,1.7713359594345093,0.0086991786956787,1.8148585557937624
2,block3_h48_seed10,3536,small_full,2,left,1,0.8939042687416077,1.3685564994812012,1.4150762557983398,0.0465197563171386,1.3685564994812012
2,block3_h48_seed10,3538,small_full,1,right,1,0.9999845027923584,1.177207350730896,1.4084267616271973,0.2312194108963012,1.177207350730896
2,block3_h48_seed10,3541,small_full,3,forward,1,0.9999157190322876,1.609330654144287,1.8038564920425413,0.1945258378982544,1.609330654144287
2,block3_h48_seed10,3542,small_full,1,right,1,0.9997764229774476,1.1703304052352903,1.3523398637771606,0.1820094585418701,1.1703304052352903
2,block3_h48_seed10,3543,small_full,2,left,1,0.9989663362503052,1.1509006023406982,1.2891618013381958,0.1382611989974975,1.1509006023406982
2,block3_h48_seed10,3545,small_full,3,forward,1,0.8708735704421997,1.4207464456558228,1.4770675897598269,0.0563211441040039,1.4207464456558228
2,block3_h48_seed10,3546,small_full,1,right,1,0.9998506307601928,1.0980318784713743,1.277666091918945,0.1796342134475708,1.0980318784713743
2,block3_h48_seed10,3547,small_full,3,forward,1,0.99513840675354,1.910070776939392,2.0165350437164307,0.1064642667770385,1.910070776939392
2,block3_h48_seed10,3548,small_full,1,right,1,0.8202708959579468,1.5689777135849,1.6029319763183594,0.0339542627334594,1.5689777135849
2,block3_h48_seed10,3549,small_full,2,left,1,0.9134783744812012,1.5957990884780884,1.6559481620788574,0.060149073600769,1.5957990884780884
2,block3_h48_seed10,3552,small_full,2,left,1,0.9999587535858154,0.9615457653999328,1.1769813299179075,0.2154355645179748,0.9615457653999328
2,block3_h48_seed10,3553,small_full,3,forward,1,0.9868294596672058,1.4644293785095217,1.5516061782836914,0.0871767997741699,1.4644293785095217
2,block3_h48_seed10,3554,small_full,3,forward,1,0.6731401681900024,1.7662888765335083,1.7957077026367188,0.0294188261032104,1.7662888765335083
2,block3_h48_seed10,3555,small_full,1,right,1,0.3725583553314209,1.643344521522522,1.6448618173599243,0.0015172958374023,1.643344521522522
2,block3_h48_seed10,3556,small_full,1,right,0,0.798163115978241,1.8620115518569944,1.8896602392196653,0.0276486873626709,1.8896602392196653
2,block3_h48_seed10,3559,small_full,3,forward,1,0.9999996423721312,0.8860786557197571,1.1835662126541138,0.2974875569343567,0.8860786557197571
2,block3_h48_seed10,3560,small_full,1,right,1,0.9949935078620912,1.865501046180725,1.977288842201233,0.1117877960205078,1.865501046180725
2,block3_h48_seed10,3562,small_full,2,left,0,0.5166575312614441,0.9883343577384948,0.990112006664276,0.0017776489257812,1.0665640830993652
2,block3_h48_seed10,3564,small_full,1,right,1,0.9996529817581176,0.9979893565177916,1.1716915369033811,0.1737021803855896,0.9979893565177916
2,block3_h48_seed10,3565,small_full,2,left,1,0.7231624722480774,1.3734866380691528,1.3999284505844116,0.0264418125152587,1.3734866380691528
2,block3_h48_seed10,3566,small_full,2,left,1,0.9123936891555786,1.8224471807479856,1.86931574344635,0.0468685626983642,1.8224471807479856
2,block3_h48_seed10,3567,small_full,1,right,1,0.5285906195640564,1.371590256690979,1.3746188879013062,0.0030286312103271,1.371590256690979
2,block3_h48_seed10,3568,small_full,1,right,1,0.9991530179977416,1.012528419494629,1.16331684589386,0.1507884263992309,1.012528419494629
2,block3_h48_seed10,3569,small_full,1,right,1,0.9962660670280457,1.8698877096176147,1.9835562705993648,0.1136685609817504,1.8698877096176147
2,block3_h48_seed10,3570,small_full,1,right,1,0.9999674558639526,1.1312055587768557,1.3473907709121704,0.2161852121353149,1.1312055587768557
2,block3_h48_seed10,3571,small_full,3,forward,1,0.981306791305542,1.3608741760253906,1.4458898305892944,0.0850156545639038,1.3608741760253906
2,block3_h48_seed10,3572,small_full,2,left,1,0.9998950958251952,1.1100001335144043,1.301514983177185,0.1915148496627807,1.1100001335144043
2,block3_h48_seed10,3573,small_full,3,forward,1,0.5411707162857056,1.0045076608657837,1.0088518857955933,0.0043442249298095,1.0045076608657837
2,block3_h48_seed10,3574,small_full,1,right,0,0.448875367641449,1.7831374406814575,1.7892990112304688,0.0061615705490112,1.7892990112304688
2,block3_h48_seed10,3575,small_full,3,forward,1,0.9257916212081908,1.680315375328064,1.7312625646591189,0.0509471893310546,1.680315375328064
2,block3_h48_seed10,3576,small_full,4,backward,1,0.9996711015701294,1.6107802391052246,1.7743459939956665,0.1635657548904419,1.6107802391052246
2,block3_h48_seed10,3577,small_full,4,backward,1,0.9685981273651124,1.562310814857483,1.6413593292236328,0.0790485143661499,1.562310814857483
2,block3_h48_seed10,3578,small_full,2,left,1,0.9994342923164368,2.065194845199585,2.215351104736328,0.1501562595367431,2.065194845199585
2,block3_h48_seed10,3580,small_full,4,backward,0,0.5762525200843811,1.7543530464172363,1.762556552886963,0.0082035064697265,1.808711051940918
2,block3_h48_seed10,3581,small_full,4,backward,1,0.8504550457000732,1.105843186378479,1.1485027074813845,0.0426595211029052,1.105843186378479
2,block3_h48_seed10,3582,small_full,3,forward,1,0.9722299575805664,1.3741594552993774,1.4522110223770142,0.0780515670776367,1.3741594552993774
2,block3_h48_seed10,3583,small_full,3,forward,1,0.9696524739265442,1.7778688669204712,1.8509117364883425,0.0730428695678711,1.7778688669204712
2,block3_h48_seed10,3584,small_full,1,right,1,0.999930739402771,1.1340049505233765,1.3366259336471558,0.2026209831237793,1.1340049505233765
2,block3_h48_seed10,3585,small_full,3,forward,1,0.9162878394126892,1.869805932044983,1.918102741241455,0.0482968091964721,1.869805932044983
2,block3_h48_seed10,3586,small_full,3,forward,1,0.8858780860900879,1.4788717031478882,1.5343866348266602,0.0555149316787719,1.4788717031478882
2,block3_h48_seed10,3587,small_full,4,backward,1,0.9990990161895752,1.7170249223709106,1.857298851013184,0.1402739286422729,1.7170249223709106
2,block3_h48_seed10,3589,small_full,4,backward,1,0.8288024663925171,1.105843186378479,1.1485027074813845,0.0426595211029052,1.105843186378479
2,block3_h48_seed10,3591,small_full,4,backward,1,0.9801780581474304,1.687877535820007,1.7726997137069702,0.0848221778869628,1.687877535820007
2,block3_h48_seed10,3592,small_full,3,forward,1,0.9680436253547668,1.7778688669204712,1.8509117364883425,0.0730428695678711,1.7778688669204712
2,block3_h48_seed10,3593,small_full,1,right,1,0.9298393726348876,1.712095856666565,1.771299958229065,0.0592041015625,1.712095856666565
2,block3_h48_seed10,3594,small_full,1,right,1,0.6842254996299744,1.640609860420227,1.6651277542114258,0.0245178937911987,1.640609860420227
2,block3_h48_seed10,3596,small_full,2,left,1,0.9380770921707152,1.5957990884780884,1.661171793937683,0.0653727054595947,1.5957990884780884
2,block3_h48_seed10,3597,small_full,4,backward,1,0.9907001852989196,1.7708481550216677,1.867998123168945,0.0971499681472778,1.7708481550216677
2,block3_h48_seed10,3600,small_full,3,forward,1,0.999487042427063,1.8821773529052732,2.035850763320923,0.1536734104156494,1.8821773529052732
2,block3_h48_seed10,3601,small_full,4,backward,1,0.99964702129364,1.5654557943344116,1.7245783805847168,0.1591225862503051,1.5654557943344116
2,block3_h48_seed10,3603,small_full,4,backward,1,0.9999977350234984,0.9175683856010436,1.1854978799819946,0.2679294943809509,0.9175683856010436
2,block3_h48_seed10,3604,small_full,1,right,1,0.9920255541801452,1.706336498260498,1.802864670753479,0.0965281724929809,1.706336498260498
2,block3_h48_seed10,3606,small_full,1,right,1,0.9993168115615844,1.1803878545761108,1.3450499773025513,0.1646621227264404,1.1803878545761108
2,block3_h48_seed10,3609,small_full,4,backward,1,0.99998140335083,0.8147620558738708,1.0402638912200928,0.2255018353462219,0.8147620558738708
2,block3_h48_seed10,3611,small_full,2,left,1,0.5102953314781189,1.6051950454711914,1.612343192100525,0.0071481466293334,1.6051950454711914
2,block3_h48_seed10,3612,small_full,2,left,1,0.9996588230133056,1.7111259698867798,1.87177312374115,0.1606471538543701,1.7111259698867798
2,block3_h48_seed10,3613,small_full,3,forward,1,0.9999945163726808,0.959444522857666,1.2184656858444214,0.2590211629867553,0.959444522857666
2,block3_h48_seed10,3614,small_full,4,backward,1,0.9707865118980408,1.821954369544983,1.892887115478516,0.0709327459335327,1.821954369544983
2,block3_h48_seed10,3615,small_full,1,right,1,0.9898751378059388,1.9434232711791992,2.0417349338531494,0.0983116626739502,1.9434232711791992
2,block3_h48_seed10,3616,small_full,1,right,1,0.9909479022026062,1.6243181228637695,1.729487419128418,0.1051692962646484,1.6243181228637695
2,block3_h48_seed10,3617,small_full,3,forward,1,0.9228195548057556,1.4788717031478882,1.5343866348266602,0.0555149316787719,1.4788717031478882
2,block3_h48_seed10,3618,small_full,2,left,1,0.9483973979949952,2.3619625568389893,2.425764799118042,0.0638022422790527,2.3619625568389893
2,block3_h48_seed10,3619,small_full,2,left,1,0.9859570264816284,1.5546722412109375,1.6487864255905151,0.0941141843795776,1.5546722412109375
2,block3_h48_seed10,3620,small_full,1,right,1,0.9999560117721558,1.100274920463562,1.3020470142364502,0.2017720937728881,1.100274920463562
2,block3_h48_seed10,3621,small_full,2,left,0,0.6978554725646973,1.260710835456848,1.2899776697158811,0.0292668342590332,1.2899776697158811
2,block3_h48_seed10,3623,small_full,3,forward,1,0.9992412328720092,1.8619176149368288,2.005855798721313,0.1439381837844848,1.8619176149368288
2,block3_h48_seed10,3624,small_full,4,backward,0,0.55742347240448,1.7858260869979858,1.7904430627822876,0.0046169757843017,1.7904430627822876
2,block3_h48_seed10,3625,small_full,2,left,1,0.9547173976898192,1.8902034759521484,1.9537431001663208,0.0635396242141723,1.8902034759521484
2,block3_h48_seed10,3626,small_full,4,backward,1,0.9999771118164062,0.8818379044532776,1.0989667177200315,0.2171288132667541,0.8818379044532776
2,block3_h48_seed10,3627,small_full,4,backward,1,0.997316300868988,1.6727064847946167,1.7919254302978516,0.1192189455032348,1.6727064847946167
2,block3_h48_seed10,3628,small_full,4,backward,1,0.9989835619926452,1.629162311553955,1.78303325176239,0.153870940208435,1.629162311553955
2,block3_h48_seed10,3631,small_full,1,right,1,0.9970908164978028,1.708704948425293,1.8381468057632449,0.1294418573379516,1.708704948425293
2,block3_h48_seed10,3634,small_full,4,backward,1,0.935077667236328,1.750679850578308,1.808497428894043,0.0578175783157348,1.750679850578308
2,block3_h48_seed10,3635,small_full,3,forward,1,0.9999985694885254,0.9959779381752014,1.280337691307068,0.2843597531318664,0.9959779381752014
2,block3_h48_seed10,3636,small_full,3,forward,1,0.9626433253288268,1.7028542757034302,1.7682136297225952,0.065359354019165,1.7028542757034302
2,block3_h48_seed10,3637,small_full,2,left,1,0.9999408721923828,0.988544762134552,1.198605179786682,0.2100604176521301,0.988544762134552
2,block3_h48_seed10,3639,small_full,1,right,1,0.9920886754989624,2.0016539096832275,2.108528852462769,0.106874942779541,2.0016539096832275
2,block3_h48_seed10,3640,small_full,2,left,1,0.9975593090057372,0.941268503665924,1.0675278902053833,0.1262593865394592,0.941268503665924
2,block3_h48_seed10,3641,small_full,1,right,1,0.9810282588005066,1.2457317113876345,1.3260325193405151,0.0803008079528808,1.2457317113876345
2,block3_h48_seed10,3642,small_full,3,forward,1,0.95597642660141,1.8499221801757808,1.9126724004745483,0.062750220298767,1.8499221801757808
2,block3_h48_seed10,3643,small_full,1,right,0,0.3519715070724487,1.4636536836624146,1.465571045875549,0.0019173622131347,1.465571045875549
2,block3_h48_seed10,3644,small_full,3,forward,1,0.9435802698135376,1.9154030084609983,1.9724745750427248,0.057071566581726,1.9154030084609983
2,block3_h48_seed10,3645,small_full,3,forward,1,0.9989622831344604,1.609330654144287,1.7484086751937866,0.1390780210494995,1.609330654144287
2,block3_h48_seed10,3646,small_full,3,forward,0,0.8196662664413452,0.814073383808136,0.8467418551445007,0.0326684713363647,0.8912901878356934
2,block3_h48_seed10,3647,small_full,4,backward,1,0.999697208404541,0.9636607766151428,1.127178430557251,0.1635176539421081,0.9636607766151428
2,block3_h48_seed10,3648,small_full,4,backward,1,0.979547083377838,1.7557073831558228,1.836997628211975,0.0812902450561523,1.7557073831558228
2,block3_h48_seed10,3649,small_full,1,right,1,0.9036449193954468,1.894217014312744,1.9399739503860476,0.0457569360733032,1.894217014312744
2,block3_h48_seed10,3651,small_full,4,backward,1,0.7168548107147217,1.4338980913162231,1.458330750465393,0.0244326591491699,1.4338980913162231
2,block3_h48_seed10,3652,small_full,3,forward,1,0.999729335308075,0.8800878524780273,1.05748188495636,0.1773940324783325,0.8800878524780273
2,block3_h48_seed10,3653,small_full,1,right,1,0.9929447770118712,1.2092061042785645,1.3107270002365112,0.1015208959579467,1.2092061042785645
2,block3_h48_seed10,3655,small_full,2,left,1,0.9999827146530152,1.1522167921066284,1.3853139877319336,0.2330971956253051,1.1522167921066284
2,block3_h48_seed10,3656,small_full,3,forward,1,0.9953290224075316,1.373212814331055,1.4955039024353027,0.122291088104248,1.373212814331055
2,block3_h48_seed10,3657,small_full,1,right,1,0.5838490128517151,1.8069838285446167,1.829664707183838,0.0226808786392211,1.8069838285446167
2,block3_h48_seed10,3658,small_full,2,left,1,0.8288465142250061,1.2196710109710691,1.2569268941879272,0.0372558832168579,1.2196710109710691
2,block3_h48_seed10,3660,small_full,1,right,1,0.7167007923126221,1.445195198059082,1.4729028940200806,0.0277076959609985,1.445195198059082
2,block3_h48_seed10,3663,small_full,3,forward,1,0.9999736547470092,0.8706833720207214,1.0897125005722046,0.2190291285514831,0.8706833720207214
2,block3_h48_seed10,3664,small_full,4,backward,1,0.9883691072463988,1.6727064847946167,1.7616338729858398,0.0889273881912231,1.6727064847946167
2,block3_h48_seed10,3667,small_full,3,forward,0,0.5146059989929199,1.6674236059188845,1.671270728111267,0.0038471221923828,1.671270728111267
2,block3_h48_seed10,3668,small_full,4,backward,1,0.9894737601280212,1.7692896127700806,1.8726202249526975,0.1033306121826171,1.7692896127700806
2,block3_h48_seed10,3669,small_full,3,forward,1,0.9979851245880128,1.640445590019226,1.7660051584243774,0.1255595684051513,1.640445590019226
2,block3_h48_seed10,3670,small_full,2,left,1,0.9941009879112244,1.6113554239273071,1.7276443243026731,0.1162889003753662,1.6113554239273071
2,block3_h48_seed10,3671,small_full,1,right,1,0.99812513589859,1.1280637979507446,1.2665610313415527,0.1384972333908081,1.1280637979507446
2,block3_h48_seed10,3672,small_full,3,forward,1,0.8567863702774048,1.680315375328064,1.7237361669540403,0.0434207916259765,1.680315375328064
2,block3_h48_seed10,3673,small_full,1,right,0,0.7787545919418335,1.280211091041565,1.3080860376358032,0.0278749465942382,1.3080860376358032
2,block3_h48_seed10,3675,small_full,4,backward,0,0.5753476619720459,1.2620888948440552,1.2694865465164185,0.0073976516723632,1.3257640600204468
2,block3_h48_seed10,3676,small_full,3,forward,1,0.9924412965774536,1.409294605255127,1.5110126733779907,0.1017180681228637,1.409294605255127
2,block3_h48_seed10,3677,small_full,2,left,0,0.4311524331569671,1.345550537109375,1.3511924743652344,0.0056419372558593,1.3679412603378296
2,block3_h48_seed10,3678,small_full,1,right,1,0.9899846315383912,2.057497024536133,2.1700315475463867,0.1125345230102539,2.057497024536133
2,block3_h48_seed10,3679,small_full,3,forward,1,0.9992951154708862,1.1338824033737185,1.2805413007736206,0.1466588973999023,1.1338824033737185
2,block3_h48_seed10,3682,small_full,4,backward,0,0.7169107794761658,1.7717132568359375,1.7903016805648804,0.0185884237289428,1.7903016805648804
2,block3_h48_seed10,3683,small_full,3,forward,1,0.9539269804954528,1.7028542757034302,1.7647705078125,0.0619162321090698,1.7028542757034302
2,block3_h48_seed10,3685,small_full,2,left,1,0.99998676776886,1.246627688407898,1.4747496843338013,0.2281219959259033,1.246627688407898
2,block3_h48_seed10,3687,small_full,4,backward,1,0.9679816365242004,1.527093529701233,1.599761962890625,0.072668433189392,1.527093529701233
2,block3_h48_seed10,3688,small_full,2,left,1,0.8589819073677063,1.7340402603149414,1.7723575830459597,0.038317322731018,1.7340402603149414
2,block3_h48_seed10,3689,small_full,1,right,1,0.9921808242797852,1.16810142993927,1.275548815727234,0.1074473857879638,1.16810142993927
2,block3_h48_seed10,3690,small_full,4,backward,1,0.9282075762748718,1.7165250778198242,1.7700611352920532,0.053536057472229,1.7165250778198242
2,block3_h48_seed10,3691,small_full,3,forward,1,0.9390373229980468,1.4566513299942017,1.5224494934082031,0.0657981634140014,1.4566513299942017
2,block3_h48_seed10,3692,small_full,1,right,1,0.9964011907577516,1.818876266479492,1.9315648078918457,0.1126885414123535,1.818876266479492
2,block3_h48_seed10,3693,small_full,1,right,1,0.996084690093994,1.921122908592224,2.0334455966949463,0.1123226881027221,1.921122908592224
2,block3_h48_seed10,3694,small_full,2,left,1,0.994256556034088,1.7266837358474731,1.8312783241271973,0.1045945882797241,1.7266837358474731
2,block3_h48_seed10,3695,small_full,3,forward,1,0.9488627314567566,1.6872950792312622,1.7559547424316406,0.0686596632003784,1.6872950792312622
2,block3_h48_seed10,3696,small_full,1,right,0,0.5570646524429321,1.4502960443496704,1.465571045875549,0.0152750015258789,1.465571045875549
2,block3_h48_seed10,3697,small_full,3,forward,1,0.8201774954795837,1.754773736000061,1.7897428274154663,0.0349690914154052,1.754773736000061
2,block3_h48_seed10,3698,small_full,3,forward,1,0.9600861668586732,1.3741594552993774,1.4522110223770142,0.0780515670776367,1.3741594552993774
2,block3_h48_seed10,3699,small_full,1,right,1,0.878246009349823,1.6668401956558228,1.714885711669922,0.0480455160140991,1.6668401956558228
2,block3_h48_seed10,3700,small_full,4,backward,1,0.9840145707130432,1.874394774436951,1.9570531845092771,0.0826584100723266,1.874394774436951
2,block3_h48_seed10,3703,small_full,3,forward,1,0.9846414923667908,1.1019957065582275,1.1863019466400146,0.0843062400817871,1.1019957065582275
2,block3_h48_seed10,3704,small_full,3,forward,1,0.9991078972816468,1.648993968963623,1.8006000518798828,0.1516060829162597,1.648993968963623
2,block3_h48_seed10,3705,small_full,2,left,1,0.999990701675415,1.0506176948547363,1.2858349084854126,0.2352172136306762,1.0506176948547363
2,block3_h48_seed10,3706,small_full,3,forward,1,0.9052093029022216,1.7461014986038208,1.804897904396057,0.0587964057922363,1.7461014986038208
2,block3_h48_seed10,3707,small_full,2,left,1,0.5943791270256042,1.4872688055038452,1.495134353637695,0.00786554813385,1.4872688055038452
2,block3_h48_seed10,3708,small_full,1,right,1,0.9916828870773317,1.690682291984558,1.8002170324325562,0.109534740447998,1.690682291984558
2,block3_h48_seed10,3709,small_full,2,left,1,0.9736671447753906,1.9509371519088743,2.0232455730438232,0.0723084211349487,1.9509371519088743
2,block3_h48_seed10,3710,small_full,2,left,1,0.861234188079834,2.0034258365631104,2.0528392791748047,0.0494134426116943,2.0034258365631104
2,block3_h48_seed10,3711,small_full,3,forward,0,0.7332574129104614,0.8285261988639832,0.8488214612007141,0.0202952623367309,0.9636713862419128
2,block3_h48_seed10,3712,small_full,2,left,1,0.9997910857200624,1.393061280250549,1.5757083892822266,0.1826471090316772,1.393061280250549
2,block3_h48_seed10,3713,small_full,4,backward,1,0.9958602786064148,1.654693603515625,1.767827391624451,0.1131337881088256,1.654693603515625
2,block3_h48_seed10,3714,small_full,4,backward,1,0.973656415939331,2.00566840171814,2.081503391265869,0.0758349895477294,2.00566840171814
2,block3_h48_seed10,3715,small_full,3,forward,1,0.9062969088554382,1.4207464456558228,1.4770675897598269,0.0563211441040039,1.4207464456558228
2,block3_h48_seed10,3716,small_full,2,left,1,0.8655818104743958,1.5369755029678345,1.585524559020996,0.0485490560531616,1.5369755029678345
2,block3_h48_seed10,3717,small_full,1,right,1,0.9892470240592957,2.0465307235717773,2.137134552001953,0.0906038284301757,2.0465307235717773
2,block3_h48_seed10,3718,small_full,3,forward,1,0.9981465339660645,1.7441978454589844,1.869995713233948,0.1257978677749633,1.7441978454589844
2,block3_h48_seed10,3719,small_full,3,forward,1,0.9999874830245972,1.0735278129577637,1.304350972175598,0.2308231592178344,1.0735278129577637
2,block3_h48_seed10,3720,small_full,4,backward,1,0.9973962306976318,1.780970573425293,1.9029783010482788,0.1220077276229858,1.780970573425293
2,block3_h48_seed10,3721,small_full,1,right,1,0.6168120503425598,1.7523069381713867,1.7785258293151855,0.0262188911437988,1.7523069381713867
2,block3_h48_seed10,3722,small_full,3,forward,1,0.9730812907218932,1.6373310089111328,1.7104262113571167,0.0730952024459838,1.6373310089111328
2,block3_h48_seed10,3725,small_full,4,backward,1,0.9895600080490112,1.4746156930923462,1.5805405378341677,0.1059248447418212,1.4746156930923462
2,block3_h48_seed10,3726,small_full,3,forward,1,0.999692678451538,0.8800878524780273,1.05748188495636,0.1773940324783325,0.8800878524780273
2,block3_h48_seed10,3727,small_full,2,left,1,0.9989951252937316,0.9518551826477052,1.105929613113403,0.1540744304656982,0.9518551826477052
2,block3_h48_seed10,3728,small_full,1,right,1,0.9972942471504213,1.818706512451172,1.9386024475097656,0.1198959350585937,1.818706512451172
2,block3_h48_seed10,3729,small_full,2,left,1,0.9916664958000184,1.2323784828186035,1.3362412452697754,0.1038627624511718,1.2323784828186035
2,block3_h48_seed10,3730,small_full,2,left,1,0.9975898265838624,1.2173879146575928,1.3529987335205078,0.135610818862915,1.2173879146575928
2,block3_h48_seed10,3731,small_full,4,backward,1,0.9785699844360352,1.4726881980895996,1.5709518194198608,0.0982636213302612,1.4726881980895996
2,block3_h48_seed10,3732,small_full,4,backward,1,0.9999274015426636,1.5125932693481443,1.704237937927246,0.1916446685791015,1.5125932693481443
2,block3_h48_seed10,3733,small_full,4,backward,1,0.9451003670692444,1.8204771280288696,1.8866592645645144,0.0661821365356445,1.8204771280288696
2,block3_h48_seed10,3734,small_full,2,left,1,0.9637725949287416,1.518103003501892,1.5929311513900757,0.0748281478881836,1.518103003501892
2,block3_h48_seed10,3735,small_full,4,backward,1,0.9978739023208618,1.4755897521972656,1.6099437475204468,0.1343539953231811,1.4755897521972656
2,block3_h48_seed10,3736,small_full,3,forward,1,0.8352965712547302,1.1063114404678345,1.1417027711868286,0.0353913307189941,1.1063114404678345
2,block3_h48_seed10,3737,small_full,4,backward,1,0.9997296929359436,1.0858181715011597,1.2686326503753662,0.1828144788742065,1.0858181715011597
2,block3_h48_seed10,3739,small_full,4,backward,0,0.8621453642845154,1.613421082496643,1.6502281427383425,0.0368070602416992,1.6502281427383425
2,block3_h48_seed10,3740,small_full,3,forward,1,0.9770392775535583,1.484646201133728,1.5624717473983765,0.0778255462646484,1.484646201133728
2,block3_h48_seed10,3741,small_full,1,right,1,0.7635115385055542,1.4860843420028689,1.5217100381851196,0.0356256961822509,1.4860843420028689
2,block3_h48_seed10,3745,small_full,4,backward,0,0.4734850525856018,1.2867695093154907,1.287580966949463,0.0008114576339721,1.287580966949463
2,block3_h48_seed10,3749,small_full,2,left,1,0.6879228353500366,1.5347585678100586,1.5661907196044922,0.0314321517944335,1.5347585678100586
2,block3_h48_seed10,3750,small_full,3,forward,1,0.998946726322174,1.8535772562026975,1.9906762838363647,0.137099027633667,1.8535772562026975
2,block3_h48_seed10,3751,small_full,2,left,1,0.9824545979499816,1.5957990884780884,1.6909595727920532,0.0951604843139648,1.5957990884780884
2,block3_h48_seed10,3752,small_full,1,right,1,0.9631417393684388,1.7938541173934937,1.8648362159729004,0.0709820985794067,1.7938541173934937
2,block3_h48_seed10,3753,small_full,2,left,0,0.5930357575416565,2.337432622909546,2.3577353954315186,0.0203027725219726,2.3619625568389893
2,block3_h48_seed10,3754,small_full,2,left,1,0.984548270702362,1.1460096836090088,1.242622971534729,0.0966132879257202,1.1460096836090088
2,block3_h48_seed10,3755,small_full,4,backward,0,0.8065484762191772,1.8793721199035645,1.9102946519851685,0.030922532081604,1.9648832082748413
2,block3_h48_seed10,3756,small_full,2,left,1,0.8885536789894104,1.706339955329895,1.7517976760864258,0.0454577207565307,1.706339955329895
2,block3_h48_seed10,3757,small_full,3,forward,1,0.925873041152954,1.680315375328064,1.7312625646591189,0.0509471893310546,1.680315375328064
2,block3_h48_seed10,3759,small_full,3,forward,1,0.9908514618873596,1.9748388528823853,2.076753616333008,0.1019147634506225,1.9748388528823853
2,block3_h48_seed10,3760,small_full,1,right,1,0.970475733280182,1.430045247077942,1.5035972595214844,0.0735520124435424,1.430045247077942
2,block3_h48_seed10,3761,small_full,3,forward,1,0.6936350464820862,1.3719148635864258,1.3917099237442017,0.0197950601577758,1.3719148635864258
2,block3_h48_seed10,3763,small_full,3,forward,1,0.990575671195984,1.848804473876953,1.9419631958007808,0.0931587219238281,1.848804473876953
2,block3_h48_seed10,3764,small_full,4,backward,0,0.9389320015907288,1.591213583946228,1.6506108045578003,0.0593972206115722,1.6506108045578003
2,block3_h48_seed10,3765,small_full,3,forward,1,0.8377674221992493,2.01206374168396,2.0491292476654053,0.0370655059814453,2.01206374168396
2,block3_h48_seed10,3766,small_full,2,left,1,0.9719736576080322,1.7162580490112305,1.795291543006897,0.0790334939956665,1.7162580490112305
2,block3_h48_seed10,3767,small_full,1,right,1,0.9998071789741516,1.012490153312683,1.185941457748413,0.1734513044357299,1.012490153312683
2,block3_h48_seed10,3770,small_full,2,left,1,0.8812885880470276,1.317820429801941,1.374010682106018,0.0561902523040771,1.317820429801941
2,block3_h48_seed10,3771,small_full,3,forward,1,0.996787428855896,1.9748388528823853,2.090667486190796,0.1158286333084106,1.9748388528823853
2,block3_h48_seed10,3772,small_full,2,left,1,0.3890245854854584,1.289476752281189,1.2960776090621948,0.0066008567810058,1.289476752281189
2,block3_h48_seed10,3773,small_full,2,left,1,0.9999716281890868,1.246627688407898,1.467544436454773,0.220916748046875,1.246627688407898
2,block3_h48_seed10,3774,small_full,2,left,1,0.6622752547264099,1.4858897924423218,1.514194130897522,0.0283043384552001,1.4858897924423218
2,block3_h48_seed10,3775,small_full,4,backward,1,0.9752816557884216,1.6021453142166138,1.675779938697815,0.0736346244812011,1.6021453142166138
2,block3_h48_seed10,3776,small_full,4,backward,0,0.9207096695899964,1.2883963584899902,1.3408327102661133,0.052436351776123,1.3408327102661133
2,block3_h48_seed10,3777,small_full,4,backward,1,0.935445249080658,1.744351506233215,1.8000131845474243,0.0556616783142089,1.744351506233215
2,block3_h48_seed10,3778,small_full,4,backward,1,0.9842733144760132,1.6977733373641968,1.781596541404724,0.0838232040405273,1.6977733373641968
2,block3_h48_seed10,3780,small_full,2,left,0,0.5779207944869995,1.5416492223739624,1.55233895778656,0.0106897354125976,1.55233895778656
2,block3_h48_seed10,3781,small_full,1,right,0,0.5501653552055359,1.1204304695129397,1.1247539520263672,0.0043234825134277,1.2101303339004517
2,block3_h48_seed10,3782,small_full,2,left,0,0.7859514355659485,1.239840030670166,1.266446828842163,0.026606798171997,1.3404597043991089
2,block3_h48_seed10,3784,small_full,3,forward,1,0.9355241060256958,1.3838801383972168,1.441602349281311,0.0577222108840942,1.3838801383972168
2,block3_h48_seed10,3785,small_full,2,left,1,0.9997628331184388,0.8934933543205261,1.0743379592895508,0.1808446049690246,0.8934933543205261
2,block3_h48_seed10,3786,small_full,4,backward,1,0.999982476234436,0.6941736340522766,0.9214746356010436,0.2273010015487671,0.6941736340522766
2,block3_h48_seed10,3787,small_full,3,forward,1,0.970085084438324,1.7778688669204712,1.8509117364883425,0.0730428695678711,1.7778688669204712
2,block3_h48_seed10,3788,small_full,1,right,1,0.999467432498932,1.0213483572006226,1.1831010580062866,0.161752700805664,1.0213483572006226
2,block3_h48_seed10,3789,small_full,2,left,1,0.98157399892807,1.4364852905273438,1.5218521356582642,0.0853668451309204,1.4364852905273438
2,block3_h48_seed10,3790,small_full,4,backward,1,0.9690383076667786,1.463789939880371,1.5449353456497192,0.0811454057693481,1.463789939880371
2,block3_h48_seed10,3791,small_full,1,right,1,0.919220507144928,1.445195198059082,1.4983354806900024,0.0531402826309204,1.445195198059082
2,block3_h48_seed10,3792,small_full,1,right,1,0.9895048141479492,1.645185112953186,1.7376857995986938,0.0925006866455078,1.645185112953186
2,block3_h48_seed10,3793,small_full,2,left,1,0.9032119512557985,1.5369755029678345,1.5868011713027954,0.0498256683349609,1.5369755029678345
2,block3_h48_seed10,3795,small_full,2,left,1,0.7893278002738953,1.8547433614730835,1.894510269165039,0.0397669076919555,1.8547433614730835
2,block3_h48_seed10,3796,small_full,4,backward,1,0.9036550521850586,1.750679850578308,1.7971467971801758,0.0464669466018676,1.750679850578308
2,block3_h48_seed10,3797,small_full,1,right,1,0.9955899715423584,1.921122908592224,2.0312321186065674,0.1101092100143432,1.921122908592224
2,block3_h48_seed10,3798,small_full,3,forward,1,0.8220433592796326,1.4518295526504517,1.4861736297607422,0.0343440771102905,1.4518295526504517
2,block3_h48_seed10,3799,small_full,3,forward,1,0.999398946762085,0.8395379185676575,0.99891597032547,0.1593780517578125,0.8395379185676575
2,block3_h48_seed10,3800,small_full,1,right,1,0.9832799434661864,1.8896602392196653,1.9908981323242188,0.1012378931045532,1.8896602392196653
2,block3_h48_seed10,3801,small_full,1,right,0,0.6889265179634094,1.9268347024917605,1.9542474746704104,0.0274127721786499,1.9634088277816768
2,block3_h48_seed10,3802,small_full,3,forward,1,0.952247142791748,1.6172040700912476,1.6843231916427612,0.0671191215515136,1.6172040700912476
2,block3_h48_seed10,3803,small_full,4,backward,1,0.9996083378791808,1.6842145919799805,1.849364280700684,0.1651496887207031,1.6842145919799805
2,block3_h48_seed10,3804,small_full,4,backward,1,0.9561869502067566,1.9123276472091677,1.985963463783264,0.0736358165740966,1.9123276472091677
2,block3_h48_seed10,3805,small_full,2,left,1,0.9992269277572632,1.1260948181152344,1.2708635330200195,0.1447687149047851,1.1260948181152344
2,block3_h48_seed10,3806,small_full,1,right,1,0.9795861840248108,1.8698877096176147,1.9476410150527956,0.0777533054351806,1.8698877096176147
2,block3_h48_seed10,3807,small_full,4,backward,1,0.9900016784667968,1.670101761817932,1.768503189086914,0.0984014272689819,1.670101761817932
2,block3_h48_seed10,3808,small_full,3,forward,1,0.966083824634552,1.7778688669204712,1.8509117364883425,0.0730428695678711,1.7778688669204712
2,block3_h48_seed10,3809,small_full,3,forward,1,0.9945539236068726,1.713295340538025,1.8197612762451167,0.1064659357070922,1.713295340538025
2,block3_h48_seed10,3810,small_full,4,backward,1,0.850869357585907,1.6734232902526855,1.7106218338012695,0.0371985435485839,1.6734232902526855
2,block3_h48_seed10,3812,small_full,2,left,1,0.9999374151229858,1.0435618162155151,1.2426975965499878,0.1991357803344726,1.0435618162155151
2,block3_h48_seed10,3813,small_full,3,forward,1,0.9846709966659546,1.3750362396240234,1.466985821723938,0.0919495820999145,1.3750362396240234
2,block3_h48_seed10,3815,small_full,4,backward,1,0.9653698205947876,1.7404160499572754,1.815935730934143,0.0755196809768676,1.7404160499572754
2,block3_h48_seed10,3817,small_full,2,left,1,0.999248206615448,2.053645133972168,2.200233221054077,0.1465880870819091,2.053645133972168
2,block3_h48_seed10,3818,small_full,4,backward,1,0.9995304346084596,1.629162311553955,1.78303325176239,0.153870940208435,1.629162311553955
2,block3_h48_seed10,3821,small_full,3,forward,1,0.936831533908844,1.8499221801757808,1.915626883506775,0.0657047033309936,1.8499221801757808
2,block3_h48_seed10,3822,small_full,3,forward,1,0.7899700999259949,1.6396278142929075,1.6834253072738647,0.043797492980957,1.6396278142929075
2,block3_h48_seed10,3823,small_full,1,right,1,0.9990133047103882,1.9918617010116575,2.130922079086304,0.139060378074646,1.9918617010116575
2,block3_h48_seed10,3824,small_full,2,left,1,0.9518568515777588,1.854326605796814,1.9141782522201536,0.0598516464233398,1.854326605796814
2,block3_h48_seed10,3825,small_full,2,left,1,0.8765124678611755,1.705264449119568,1.7513742446899414,0.0461097955703735,1.705264449119568
2,block3_h48_seed10,3826,small_full,4,backward,1,0.93765789270401,1.4696578979492188,1.538729548454285,0.0690716505050659,1.4696578979492188
2,block3_h48_seed10,3827,small_full,2,left,0,0.6403588056564331,1.2543154954910278,1.266446828842163,0.0121313333511352,1.3404597043991089
2,block3_h48_seed10,3828,small_full,3,forward,1,0.9924505352973938,1.848804473876953,1.9538949728012085,0.1050904989242553,1.848804473876953
2,block3_h48_seed10,3830,small_full,2,left,1,0.9946660995483398,1.7266837358474731,1.8312783241271973,0.1045945882797241,1.7266837358474731
2,block3_h48_seed10,3831,small_full,4,backward,1,0.9979966282844543,1.2265702486038208,1.3524894714355469,0.125919222831726,1.2265702486038208
2,block3_h48_seed10,3832,small_full,3,forward,1,0.8567848205566406,1.680315375328064,1.7237361669540403,0.0434207916259765,1.680315375328064
2,block3_h48_seed10,3833,small_full,3,forward,1,0.9999812841415404,0.8015313148498535,1.0371392965316772,0.2356079816818237,0.8015313148498535
2,block3_h48_seed10,3836,small_full,1,right,1,0.998488187789917,1.0213483572006226,1.1548686027526855,0.133520245552063,1.0213483572006226
2,block3_h48_seed10,3839,small_full,2,left,1,0.999588668346405,0.9572997093200684,1.1176248788833618,0.1603251695632934,0.9572997093200684
2,block3_h48_seed10,3840,small_full,3,forward,1,0.9847695827484132,1.324140548706055,1.4103466272354126,0.0862060785293579,1.324140548706055
2,block3_h48_seed10,3842,small_full,1,right,1,0.9997873902320862,1.1791983842849731,1.352782130241394,0.1735837459564209,1.1791983842849731
2,block3_h48_seed10,3843,small_full,3,forward,1,0.9233952164649964,2.0469229221343994,2.1058027744293213,0.0588798522949218,2.0469229221343994
2,block3_h48_seed10,3844,small_full,2,left,1,0.924117147922516,1.508317947387695,1.5610069036483765,0.0526889562606811,1.508317947387695
2,block3_h48_seed10,3845,small_full,1,right,0,0.5690658092498779,1.4020179510116575,1.4232831001281738,0.0212651491165161,1.4232831001281738
2,block3_h48_seed10,3846,small_full,3,forward,1,0.9999942779541016,0.959444522857666,1.2027398347854614,0.2432953119277954,0.959444522857666
2,block3_h48_seed10,3847,small_full,4,backward,1,0.8719664812088013,1.6410236358642578,1.6898645162582395,0.0488408803939819,1.6410236358642578
2,block3_h48_seed10,3848,small_full,2,left,0,0.93947571516037,1.483911633491516,1.555904984474182,0.071993350982666,1.558058738708496
2,block3_h48_seed10,3849,small_full,2,left,1,0.9750533103942872,1.757593274116516,1.8416813611984253,0.0840880870819091,1.757593274116516
2,block3_h48_seed10,3850,small_full,4,backward,1,0.9998401403427124,0.8147620558738708,0.9918224215507508,0.1770603656768798,0.8147620558738708
2,block3_h48_seed10,3851,small_full,3,forward,0,0.9870281219482422,1.082208514213562,1.1713954210281372,0.0891869068145752,1.1713954210281372
2,block3_h48_seed10,3852,small_full,2,left,1,0.949278712272644,2.0417234897613525,2.1060714721679688,0.0643479824066162,2.0417234897613525
2,block3_h48_seed10,3853,small_full,4,backward,1,0.9949178695678712,1.6801942586898804,1.790226936340332,0.1100326776504516,1.6801942586898804
2,block3_h48_seed10,3855,small_full,3,forward,1,0.9999949932098388,0.8386103510856628,1.0870682001113892,0.2484578490257263,0.8386103510856628
2,block3_h48_seed10,3856,small_full,2,left,1,0.6801074743270874,1.3870954513549805,1.4071141481399536,0.0200186967849731,1.3870954513549805
2,block3_h48_seed10,3857,small_full,3,forward,1,0.9994006156921388,1.713295340538025,1.861773133277893,0.1484777927398681,1.713295340538025
2,block3_h48_seed10,3858,small_full,4,backward,1,0.9893680214881896,1.63166344165802,1.7285236120224,0.0968601703643798,1.63166344165802
2,block3_h48_seed10,3859,small_full,3,forward,1,0.9999731779098512,1.0735278129577637,1.2912449836730957,0.217717170715332,1.0735278129577637
2,block3_h48_seed10,3860,small_full,2,left,1,0.7472060918807983,1.9746780395507808,2.005014181137085,0.0303361415863037,1.9746780395507808
2,block3_h48_seed10,3861,small_full,2,left,1,0.6242550611495972,1.5215845108032229,1.541306495666504,0.0197219848632812,1.5215845108032229
2,block3_h48_seed10,3862,small_full,3,forward,1,0.99050772190094,1.9084768295288088,2.003037452697754,0.0945606231689453,1.9084768295288088
2,block3_h48_seed10,3863,small_full,4,backward,1,0.9243786931037904,1.6443647146224976,1.6990045309066772,0.0546398162841796,1.6443647146224976
2,block3_h48_seed10,3865,small_full,3,forward,0,0.4463296234607696,1.0649003982543943,1.070254683494568,0.0053542852401733,1.0803266763687134
2,block3_h48_seed10,3866,small_full,2,left,1,0.9635908007621764,1.7162580490112305,1.795291543006897,0.0790334939956665,1.7162580490112305
2,block3_h48_seed10,3867,small_full,4,backward,1,0.994783103466034,1.63166344165802,1.7524652481079102,0.1208018064498901,1.63166344165802
2,block3_h48_seed10,3870,small_full,2,left,1,0.998878538608551,1.2623848915100098,1.4170957803726196,0.1547108888626098,1.2623848915100098
2,block3_h48_seed10,3871,small_full,4,backward,0,0.8452578186988831,1.6347789764404297,1.6794151067733765,0.0446361303329467,1.6794151067733765
2,block3_h48_seed10,3872,small_full,3,forward,1,0.9999642372131348,1.0735278129577637,1.2912449836730957,0.217717170715332,1.0735278129577637
2,block3_h48_seed10,3873,small_full,4,backward,1,0.9996044039726256,1.550129771232605,1.7069987058639526,0.1568689346313476,1.550129771232605
2,block3_h48_seed10,3874,small_full,2,left,0,0.5270481705665588,1.36241352558136,1.3731526136398315,0.0107390880584716,1.4047998189926147
2,block3_h48_seed10,3875,small_full,4,backward,1,0.9976845979690552,1.7514270544052124,1.8756567239761357,0.1242296695709228,1.7514270544052124
2,block3_h48_seed10,3876,small_full,3,forward,1,0.9996269941329956,1.7752569913864136,1.9372159242630005,0.1619589328765869,1.7752569913864136
2,block3_h48_seed10,3877,small_full,2,left,1,0.9995934367179872,1.3205641508102417,1.4810609817504885,0.1604968309402465,1.3205641508102417
2,block3_h48_seed10,3878,small_full,4,backward,1,0.9959934949874878,1.6803293228149414,1.7930240631103516,0.1126947402954101,1.6803293228149414
2,block3_h48_seed10,3879,small_full,3,forward,1,0.8362025022506714,1.3719148635864258,1.4133647680282593,0.0414499044418334,1.3719148635864258
2,block3_h48_seed10,3880,small_full,2,left,1,0.999925136566162,1.1402150392532349,1.3406692743301392,0.2004542350769043,1.1402150392532349
2,block3_h48_seed10,3882,small_full,2,left,1,0.8876287937164307,1.4550377130508425,1.511651873588562,0.0566141605377197,1.4550377130508425
2,block3_h48_seed10,3883,small_full,2,left,1,0.9535934329032898,1.4387298822402954,1.5134278535842896,0.0746979713439941,1.4387298822402954
2,block3_h48_seed10,3884,small_full,4,backward,1,0.9925098419189452,1.7414268255233765,1.8402153253555296,0.0987884998321533,1.7414268255233765
2,block3_h48_seed10,3885,small_full,4,backward,1,0.9999983310699464,0.9637556076049804,1.2329773902893066,0.2692217826843261,0.9637556076049804
2,block3_h48_seed10,3887,small_full,3,forward,1,0.9999954700469972,0.8968819975852966,1.1476659774780271,0.2507839798927307,0.8968819975852966
2,block3_h48_seed10,3888,small_full,1,right,1,0.9548879861831664,1.7092746496200562,1.7717851400375366,0.0625104904174804,1.7092746496200562
2,block3_h48_seed10,3889,small_full,1,right,1,0.99610435962677,1.787451148033142,1.9040098190307615,0.1165586709976196,1.787451148033142
2,block3_h48_seed10,3890,small_full,3,forward,1,0.8587310910224915,1.680315375328064,1.7237361669540403,0.0434207916259765,1.680315375328064
2,block3_h48_seed10,3891,small_full,1,right,1,0.9995456337928772,0.9932117462158204,1.1477032899856567,0.1544915437698364,0.9932117462158204
2,block3_h48_seed10,3892,small_full,2,left,1,0.6703200936317444,1.8547433614730835,1.887495040893555,0.0327516794204711,1.8547433614730835
2,block3_h48_seed10,3894,small_full,3,forward,1,0.8278157711029053,1.6574926376342771,1.693842530250549,0.0363498926162719,1.6574926376342771
2,block3_h48_seed10,3896,small_full,3,forward,1,0.999638557434082,1.951048493385315,2.1105048656463623,0.1594563722610473,1.951048493385315
2,block3_h48_seed10,3897,small_full,3,forward,0,0.6446759104728699,0.801713228225708,0.814073383808136,0.0123601555824279,0.8912901878356934
2,block3_h48_seed10,3898,small_full,4,backward,1,0.9980931878089904,1.7151819467544556,1.841501235961914,0.1263192892074585,1.7151819467544556
2,block3_h48_seed10,3899,small_full,3,forward,1,0.9909000396728516,1.7441978454589844,1.842522501945496,0.0983246564865112,1.7441978454589844
2,block3_h48_seed10,3900,small_full,2,left,1,0.7059180736541748,2.031735181808472,2.0498664379119877,0.0181312561035156,2.031735181808472
2,block3_h48_seed10,3901,small_full,4,backward,1,0.9776405096054076,1.6406383514404297,1.730019211769104,0.0893808603286743,1.6406383514404297
2,block3_h48_seed10,3902,small_full,3,forward,0,0.6006180644035339,1.0738131999969482,1.082208514213562,0.0083953142166137,1.1713954210281372
2,block3_h48_seed10,3903,small_full,4,backward,1,0.9998670816421508,1.6842145919799805,1.8628333806991575,0.1786187887191772,1.6842145919799805
2,block3_h48_seed10,3904,small_full,3,forward,1,0.9879559874534608,1.6614118814468384,1.7565895318984983,0.0951776504516601,1.6614118814468384
2,block3_h48_seed10,3905,small_full,2,left,1,0.9496039748191832,1.2945833206176758,1.3609641790390017,0.0663808584213256,1.2945833206176758
2,block3_h48_seed10,3906,small_full,1,right,1,0.999749720096588,1.6121902465820312,1.780526638031006,0.1683363914489746,1.6121902465820312
2,block3_h48_seed10,3907,small_full,1,right,1,0.5961248278617859,1.8069838285446167,1.829664707183838,0.0226808786392211,1.8069838285446167
2,block3_h48_seed10,3909,small_full,4,backward,1,0.998060405254364,1.6634804010391235,1.7911137342453003,0.1276333332061767,1.6634804010391235
2,block3_h48_seed10,3910,small_full,3,forward,1,0.999556005001068,1.2312417030334473,1.3906644582748413,0.159422755241394,1.2312417030334473
2,block3_h48_seed10,3911,small_full,4,backward,1,0.9914432168006896,1.670101761817932,1.768503189086914,0.0984014272689819,1.670101761817932
2,block3_h48_seed10,3912,small_full,2,left,1,0.9735103249549866,2.053645133972168,2.126152515411377,0.0725073814392089,2.053645133972168
2,block3_h48_seed10,3913,small_full,3,forward,1,0.8750308752059937,1.6396278142929075,1.6834253072738647,0.043797492980957,1.6396278142929075
2,block3_h48_seed10,3914,small_full,4,backward,1,0.9685860276222228,1.527093529701233,1.599761962890625,0.072668433189392,1.527093529701233
2,block3_h48_seed10,3915,small_full,4,backward,1,0.9998595714569092,1.5125932693481443,1.704237937927246,0.1916446685791015,1.5125932693481443
2,block3_h48_seed10,3916,small_full,2,left,1,0.9910139441490172,1.757593274116516,1.8517221212387085,0.0941288471221923,1.757593274116516
2,block3_h48_seed10,3917,small_full,4,backward,1,0.9996066689491272,1.8392373323440552,2.010568618774414,0.1713312864303589,1.8392373323440552
2,block3_h48_seed10,3918,small_full,3,forward,1,0.9907138347625732,1.910070776939392,2.0165350437164307,0.1064642667770385,1.910070776939392
2,block3_h48_seed10,3919,small_full,3,forward,1,0.927228569984436,1.5039057731628418,1.5583187341690063,0.0544129610061645,1.5039057731628418
2,block3_h48_seed10,3920,small_full,2,left,1,0.9500610828399658,2.0563058853149414,2.116119384765625,0.0598134994506835,2.0563058853149414
2,block3_h48_seed10,3921,small_full,3,forward,1,0.99050772190094,1.9084768295288088,2.003037452697754,0.0945606231689453,1.9084768295288088
2,block3_h48_seed10,3922,small_full,4,backward,1,0.9013952612876892,1.5645933151245115,1.616959571838379,0.0523662567138671,1.5645933151245115
2,block3_h48_seed10,3923,small_full,3,forward,1,0.7391979694366455,1.6574926376342771,1.693842530250549,0.0363498926162719,1.6574926376342771
2,block3_h48_seed10,3924,small_full,2,left,0,0.6338356137275696,1.9821487665176392,1.993181586265564,0.0110328197479248,1.993181586265564
2,block3_h48_seed10,3926,small_full,4,backward,1,0.9997097849845886,1.7170249223709106,1.8937422037124636,0.1767172813415527,1.7170249223709106
2,block3_h48_seed10,3927,small_full,1,right,1,0.9996647834777832,1.0410367250442505,1.2036336660385132,0.1625969409942627,1.0410367250442505
2,block3_h48_seed10,3928,small_full,4,backward,1,0.9998204112052916,1.7151819467544556,1.90070116519928,0.1855192184448242,1.7151819467544556
2,block3_h48_seed10,3929,small_full,2,left,1,0.9999098777770996,1.190032124519348,1.3801079988479614,0.1900758743286132,1.190032124519348
2,block3_h48_seed10,3931,small_full,1,right,1,0.9443594217300416,1.818706512451172,1.8783960342407229,0.0596895217895507,1.818706512451172
2,block3_h48_seed10,3932,small_full,3,forward,1,0.9999873638153076,0.7416450381278992,0.987188994884491,0.2455439567565918,0.7416450381278992
2,block3_h48_seed10,3933,small_full,3,forward,1,0.8617835640907288,1.6506668329238892,1.693074345588684,0.0424075126647949,1.6506668329238892
2,block3_h48_seed10,3934,small_full,3,forward,1,0.9994840621948242,0.9402391314506532,1.1013493537902832,0.1611102223396301,0.9402391314506532
2,block3_h48_seed10,3937,small_full,3,forward,1,0.998906135559082,1.836391568183899,1.974103927612305,0.1377123594284057,1.836391568183899
2,block3_h48_seed10,3938,small_full,1,right,1,0.9048178791999816,1.6668401956558228,1.7290583848953247,0.0622181892395019,1.6668401956558228
2,block3_h48_seed10,3940,small_full,1,right,1,0.9997590184211732,1.1818801164627075,1.3486900329589844,0.1668099164962768,1.1818801164627075
2,block3_h48_seed10,3941,small_full,4,backward,0,0.5052950978279114,1.3384629487991333,1.3422003984451294,0.003737449645996,1.376523494720459
2,block3_h48_seed10,3942,small_full,2,left,1,0.9971014857292176,1.0817464590072632,1.209579586982727,0.1278331279754638,1.0817464590072632
2,block3_h48_seed10,3943,small_full,4,backward,0,0.7986353039741516,1.8532267808914185,1.8858951330184937,0.0326683521270751,1.8858951330184937
2,block3_h48_seed10,3944,small_full,3,forward,1,0.993212103843689,1.409294605255127,1.5110126733779907,0.1017180681228637,1.409294605255127
2,block3_h48_seed10,3945,small_full,2,left,0,0.5512839555740356,1.6895831823349,1.706339955329895,0.0167567729949951,1.706339955329895
2,block3_h48_seed10,3946,small_full,2,left,1,0.986470639705658,1.6765741109848022,1.7645288705825806,0.0879547595977783,1.6765741109848022
2,block3_h48_seed10,3947,small_full,2,left,0,0.826375424861908,1.252320647239685,1.283947467803955,0.03162682056427,1.3626891374588013
2,block3_h48_seed10,3948,small_full,3,forward,1,0.9999855756759644,0.8618423342704773,1.0990279912948608,0.2371856570243835,0.8618423342704773
2,block3_h48_seed10,3949,small_full,4,backward,0,0.6570478677749634,1.2694865465164185,1.2850319147109983,0.01554536819458,1.3257640600204468
2,block3_h48_seed10,3950,small_full,3,forward,0,0.5036280155181885,1.869234681129456,1.869805932044983,0.0005712509155273,1.869805932044983
2,block3_h48_seed10,3951,small_full,3,forward,1,0.9999886751174928,0.7599945068359375,0.9988689422607422,0.2388744354248047,0.7599945068359375
2,block3_h48_seed10,3952,small_full,4,backward,1,0.9835716485977172,1.7369168996810913,1.819109559059143,0.0821926593780517,1.7369168996810913
2,block3_h48_seed10,3953,small_full,4,backward,0,0.8235110640525818,1.5075416564941406,1.550764083862305,0.043222427368164,1.550764083862305
2,block3_h48_seed10,3954,small_full,1,right,1,0.9994219541549684,1.0213483572006226,1.1831010580062866,0.161752700805664,1.0213483572006226
2,block3_h48_seed10,3955,small_full,2,left,1,0.8961778283119202,1.508317947387695,1.5610069036483765,0.0526889562606811,1.508317947387695
2,block3_h48_seed10,3956,small_full,2,left,1,0.977073073387146,1.9542078971862795,2.031745672225952,0.0775377750396728,1.9542078971862795
2,block3_h48_seed10,3957,small_full,3,forward,1,0.839252233505249,1.5246319770812988,1.5594571828842163,0.0348252058029174,1.5246319770812988
2,block3_h48_seed10,3958,small_full,4,backward,1,0.9862855076789856,1.7871040105819702,1.8790117502212524,0.0919077396392822,1.7871040105819702
2,block3_h48_seed10,3960,small_full,1,right,1,0.8902242183685303,1.8521133661270144,1.906445026397705,0.0543316602706909,1.8521133661270144
2,block3_h48_seed10,3961,small_full,4,backward,1,0.9129937887191772,0.981926441192627,1.040928602218628,0.0590021610260009,0.981926441192627
2,block3_h48_seed10,3962,small_full,3,forward,1,0.998007595539093,1.5776586532592771,1.7051353454589844,0.127476692199707,1.5776586532592771
2,block3_h48_seed10,3963,small_full,2,left,1,0.9975529313087464,0.941268503665924,1.0675278902053833,0.1262593865394592,0.941268503665924
2,block3_h48_seed10,3964,small_full,1,right,1,0.955045759677887,1.865501046180725,1.9309390783309937,0.0654380321502685,1.865501046180725
2,block3_h48_seed10,3965,small_full,3,forward,1,0.5095838904380798,1.7107166051864624,1.7123807668685913,0.0016641616821289,1.7107166051864624
2,block3_h48_seed10,3966,small_full,3,forward,1,0.9903468489646912,2.16182017326355,2.2559094429016118,0.0940892696380615,2.16182017326355
2,block3_h48_seed10,3967,small_full,1,right,1,0.8586674928665161,1.6671537160873413,1.703666090965271,0.0365123748779296,1.6671537160873413
2,block3_h48_seed10,3968,small_full,4,backward,0,0.5406878590583801,1.1756247282028198,1.184085726737976,0.0084609985351562,1.184085726737976
2,block3_h48_seed10,3969,small_full,4,backward,1,0.99384343624115,1.8552182912826536,1.9569206237792969,0.101702332496643,1.8552182912826536
2,block3_h48_seed10,3970,small_full,2,left,1,0.999519944190979,0.9272313714027404,1.086403250694275,0.1591718792915344,0.9272313714027404
2,block3_h48_seed10,3971,small_full,2,left,1,0.9525596499443054,1.9216712713241575,1.989493012428284,0.0678217411041259,1.9216712713241575
2,block3_h48_seed10,3972,small_full,2,left,1,0.9825538992881776,1.6765741109848022,1.7645288705825806,0.0879547595977783,1.6765741109848022
2,block3_h48_seed10,3973,small_full,3,forward,1,0.9166743755340576,1.6028119325637815,1.6523189544677734,0.0495070219039917,1.6028119325637815
2,block3_h48_seed10,3976,small_full,4,backward,1,0.9976804256439208,1.7514266967773438,1.875656485557556,0.1242297887802124,1.7514266967773438
2,block3_h48_seed10,3978,small_full,4,backward,1,0.9982509016990662,1.6304296255111694,1.757373929023743,0.1269443035125732,1.6304296255111694
2,block3_h48_seed10,3979,small_full,3,forward,0,0.5744085311889648,1.654011368751526,1.6670726537704468,0.0130612850189208,1.686815619468689
2,block3_h48_seed10,3981,small_full,1,right,1,0.9999741315841676,1.2399150133132937,1.4656540155410769,0.2257390022277832,1.2399150133132937
2,block3_h48_seed10,3982,small_full,4,backward,1,0.986610472202301,1.7871040105819702,1.8790115118026731,0.0919075012207031,1.7871040105819702
2,block3_h48_seed10,3983,small_full,2,left,1,0.986470639705658,1.6765741109848022,1.7645288705825806,0.0879547595977783,1.6765741109848022
2,block3_h48_seed10,3984,small_full,1,right,1,0.9999382495880128,1.5551576614379885,1.7618592977523804,0.2067016363143921,1.5551576614379885
2,block3_h48_seed10,3986,small_full,3,forward,1,0.7108656764030457,1.5661786794662476,1.603072166442871,0.0368934869766235,1.5661786794662476
2,block3_h48_seed10,3987,small_full,2,left,1,0.9651861190795898,1.9958858489990237,2.0726358890533447,0.0767500400543212,1.9958858489990237
2,block3_h48_seed10,3988,small_full,1,right,1,0.8089211583137512,1.5761981010437012,1.616103172302246,0.0399050712585449,1.5761981010437012
2,block3_h48_seed10,3989,small_full,4,backward,1,0.9614765644073486,1.8219542503356931,1.892887115478516,0.0709328651428222,1.8219542503356931
2,block3_h48_seed10,3990,small_full,1,right,1,0.9997054934501648,1.1638917922973633,1.3328503370285034,0.1689585447311401,1.1638917922973633
2,block3_h48_seed10,3992,small_full,4,backward,1,0.5390208959579468,1.9578148126602173,1.9639652967453003,0.006150484085083,1.9578148126602173
2,block3_h48_seed10,3994,small_full,3,forward,1,0.9959048628807068,1.9100710153579712,2.0199878215789795,0.1099168062210083,1.9100710153579712
2,block3_h48_seed10,3995,small_full,4,backward,1,0.8442990183830261,1.644364356994629,1.6834169626235962,0.0390526056289672,1.644364356994629
2,block3_h48_seed10,3996,small_full,1,right,1,0.902554214000702,1.787450909614563,1.831997036933899,0.0445461273193359,1.787450909614563
2,block3_h48_seed10,3997,small_full,2,left,0,0.6097665429115295,1.3731532096862793,1.3914095163345337,0.0182563066482543,1.404800295829773
2,block3_h48_seed10,3500,full,4,backward,1,0.812215268611908,1.165807604789734,1.1956629753112793,0.0298553705215454,1.165807604789734
2,block3_h48_seed10,3501,full,1,right,1,0.9529220461845398,1.185781478881836,1.2582558393478394,0.0724743604660034,1.185781478881836
2,block3_h48_seed10,3502,full,2,left,1,0.9986114501953124,1.226249098777771,1.3621982336044312,0.1359491348266601,1.226249098777771
2,block3_h48_seed10,3504,full,1,right,1,0.9999774694442748,0.4726006984710693,0.6964146494865417,0.2238139510154724,0.4726006984710693
2,block3_h48_seed10,3505,full,2,left,0,0.938110888004303,0.9845579266548156,1.0406781435012815,0.056120216846466,1.094253659248352
2,block3_h48_seed10,3506,full,4,backward,1,0.9988994598388672,0.3975883424282074,0.5413704514503479,0.1437821090221405,0.3975883424282074
2,block3_h48_seed10,3507,full,4,backward,1,0.991420030593872,1.17973792552948,1.2748390436172483,0.0951011180877685,1.17973792552948
2,block3_h48_seed10,3508,full,4,backward,1,0.9723584055900574,0.8252687454223633,0.8971508145332336,0.0718820691108703,0.8252687454223633
2,block3_h48_seed10,3511,full,2,left,1,0.9846333861351012,1.547934889793396,1.6496158838272097,0.1016809940338134,1.547934889793396
2,block3_h48_seed10,3513,full,4,backward,1,0.998785674571991,0.667091429233551,0.8171138763427734,0.1500224471092224,0.667091429233551
2,block3_h48_seed10,3514,full,1,right,1,0.9998996257781982,0.4370987713336944,0.6346012949943542,0.1975025236606598,0.4370987713336944
2,block3_h48_seed10,3515,full,3,forward,0,0.7920829057693481,0.5613014698028564,0.5880581736564636,0.0267567038536071,0.7664900422096252
2,block3_h48_seed10,3516,full,4,backward,1,0.999852180480957,0.8875733017921448,1.0660165548324585,0.1784432530403137,0.8875733017921448
2,block3_h48_seed10,3518,full,2,left,1,0.7272365093231201,1.4190858602523804,1.4463094472885132,0.0272235870361328,1.4190858602523804
2,block3_h48_seed10,3519,full,4,backward,1,0.99985933303833,0.3809858858585357,0.5634295344352722,0.1824436485767364,0.3809858858585357
2,block3_h48_seed10,3520,full,3,forward,1,0.997298777103424,1.1600621938705444,1.2827043533325195,0.1226421594619751,1.1600621938705444
2,block3_h48_seed10,3521,full,3,forward,1,0.8527494668960571,1.3905858993530271,1.4259837865829468,0.0353978872299194,1.3905858993530271
2,block3_h48_seed10,3522,full,4,backward,1,0.9513869285583496,1.110614776611328,1.1830259561538696,0.0724111795425415,1.110614776611328
2,block3_h48_seed10,3523,full,2,left,1,0.9945027828216552,0.4865219593048095,0.6059953570365906,0.119473397731781,0.4865219593048095
2,block3_h48_seed10,3524,full,3,forward,1,0.918717086315155,1.182888150215149,1.23568594455719,0.052797794342041,1.182888150215149
2,block3_h48_seed10,3525,full,3,forward,1,0.7636286616325378,0.9018020629882812,0.9366011619567872,0.0347990989685058,0.9018020629882812
2,block3_h48_seed10,3527,full,3,forward,1,0.9999436140060424,0.4733189642429352,0.6800373196601868,0.2067183554172516,0.4733189642429352
2,block3_h48_seed10,3528,full,2,left,1,0.9982448816299438,1.0808112621307373,1.2080445289611816,0.1272332668304443,1.0808112621307373
2,block3_h48_seed10,3529,full,2,left,0,0.8737290501594543,0.9280677437782288,0.9670114517211914,0.0389437079429626,1.0672448873519895
2,block3_h48_seed10,3530,full,4,backward,0,0.9287213683128356,1.2105882167816162,1.275867581367493,0.0652793645858764,1.2774641513824463
2,block3_h48_seed10,3531,full,4,backward,1,0.998916506767273,0.9609797596931458,1.10432231426239,0.1433425545692443,0.9609797596931458
2,block3_h48_seed10,3532,full,2,left,0,0.5447453856468201,0.9989307522773744,1.0177701711654663,0.018839418888092,1.0177701711654663
2,block3_h48_seed10,3533,full,3,forward,1,0.9996665716171264,0.9003133773803711,1.063182353973389,0.1628689765930175,0.9003133773803711
2,block3_h48_seed10,3534,full,4,backward,1,0.5319257378578186,0.7169545292854309,0.7195835113525391,0.0026289820671081,0.7169545292854309
2,block3_h48_seed10,3535,full,4,backward,0,0.489178329706192,1.0973929166793823,1.1074854135513306,0.0100924968719482,1.1074854135513306
2,block3_h48_seed10,3536,full,2,left,1,0.8075883388519287,0.9760454297065736,1.0059555768966677,0.0299101471900939,0.9760454297065736
2,block3_h48_seed10,3538,full,1,right,1,0.9999735355377196,0.371515154838562,0.5960667729377747,0.2245516180992126,0.371515154838562
2,block3_h48_seed10,3541,full,3,forward,1,0.9998247027397156,1.2755006551742554,1.4485734701156616,0.1730728149414062,1.2755006551742554
2,block3_h48_seed10,3542,full,1,right,1,0.9993436932563782,0.7612042427062988,0.9087844491004944,0.1475802063941955,0.7612042427062988
2,block3_h48_seed10,3543,full,2,left,1,0.9994717240333556,0.5252262353897095,0.6805381774902344,0.1553119421005249,0.5252262353897095
2,block3_h48_seed10,3545,full,3,forward,1,0.9453091025352478,1.4129524230957031,1.470308780670166,0.0573563575744628,1.4129524230957031
2,block3_h48_seed10,3546,full,1,right,1,0.9999502897262572,0.4881675243377685,0.6939725279808044,0.2058050036430359,0.4881675243377685
2,block3_h48_seed10,3547,full,3,forward,1,0.9994511008262634,1.0590780973434448,1.2093570232391355,0.1502789258956909,1.0590780973434448
2,block3_h48_seed10,3548,full,1,right,1,0.9754073023796082,1.4027215242385864,1.493085503578186,0.0903639793395996,1.4027215242385864
2,block3_h48_seed10,3549,full,2,left,0,0.7605500221252441,1.1603714227676392,1.183998465538025,0.0236270427703857,1.259163498878479
2,block3_h48_seed10,3552,full,2,left,1,0.9997307658195496,0.5125586986541748,0.6832031607627869,0.170644462108612,0.5125586986541748
2,block3_h48_seed10,3553,full,3,forward,1,0.9920847415924072,0.9519569277763368,1.0594269037246704,0.1074699759483337,0.9519569277763368
2,block3_h48_seed10,3554,full,3,forward,1,0.7785213589668274,1.0292218923568726,1.0584301948547363,0.0292083024978637,1.0292218923568726
2,block3_h48_seed10,3555,full,1,right,0,0.4910703897476196,1.3031820058822632,1.3079973459243774,0.0048153400421142,1.3079973459243774
2,block3_h48_seed10,3556,full,1,right,1,0.9938538074493408,1.09151291847229,1.2008641958236694,0.1093512773513794,1.09151291847229
2,block3_h48_seed10,3559,full,3,forward,1,0.9999996423721312,0.4657899439334869,0.770442545413971,0.304652601480484,0.4657899439334869
2,block3_h48_seed10,3560,full,1,right,1,0.9632614850997924,0.9765586853027344,1.045186161994934,0.0686274766921997,0.9765586853027344
2,block3_h48_seed10,3562,full,2,left,0,0.6359221935272217,0.4713964462280273,0.4832386076450348,0.0118421614170074,0.550947368144989
2,block3_h48_seed10,3564,full,1,right,1,0.9998968839645386,0.4344880580902099,0.627753734588623,0.193265676498413,0.4344880580902099
2,block3_h48_seed10,3565,full,2,left,1,0.9980740547180176,1.1048378944396973,1.2361871004104614,0.1313492059707641,1.1048378944396973
2,block3_h48_seed10,3566,full,2,left,1,0.9549961686134338,1.4190858602523804,1.480417251586914,0.0613313913345336,1.4190858602523804
2,block3_h48_seed10,3567,full,1,right,1,0.9630600214004515,1.1685975790023804,1.2472038269042969,0.0786062479019165,1.1685975790023804
2,block3_h48_seed10,3568,full,1,right,1,0.9936875700950624,0.5469488501548767,0.654414176940918,0.1074653267860412,0.5469488501548767
2,block3_h48_seed10,3569,full,1,right,1,0.99840646982193,1.3122822046279907,1.4456430673599243,0.1333608627319336,1.3122822046279907
2,block3_h48_seed10,3570,full,1,right,1,0.9998152852058412,0.3793710768222809,0.5654475688934326,0.1860764920711517,0.3793710768222809
2,block3_h48_seed10,3571,full,3,forward,1,0.8844618201255798,0.6008808016777039,0.6465772986412048,0.0456964969635009,0.6008808016777039
2,block3_h48_seed10,3572,full,2,left,1,0.9998714923858644,0.3602789342403412,0.542630136013031,0.1823512017726898,0.3602789342403412
2,block3_h48_seed10,3573,full,3,forward,0,0.8802080154418945,0.772634744644165,0.8146023750305176,0.0419676303863525,0.8146023750305176
2,block3_h48_seed10,3574,full,1,right,0,0.752190113067627,0.6488540768623352,0.6742727160453796,0.0254186391830444,0.7191703915596008
2,block3_h48_seed10,3575,full,3,forward,1,0.9736651182174684,1.0621823072433472,1.1350239515304563,0.0728416442871093,1.0621823072433472
2,block3_h48_seed10,3576,full,4,backward,1,0.9989781379699708,0.8602275848388672,0.999522864818573,0.1392952799797058,0.8602275848388672
2,block3_h48_seed10,3577,full,4,backward,1,0.9955310225486756,0.962988555431366,1.0836362838745115,0.1206477284431457,0.962988555431366
2,block3_h48_seed10,3578,full,2,left,1,0.9997379183769226,1.226249098777771,1.39291250705719,0.1666634082794189,1.226249098777771
2,block3_h48_seed10,3580,full,4,backward,0,0.74337238073349,1.389046311378479,1.417475700378418,0.0284293889999389,1.417475700378418
2,block3_h48_seed10,3581,full,4,backward,1,0.9924896359443665,0.7394862771034241,0.8498517870903015,0.1103655099868774,0.7394862771034241
2,block3_h48_seed10,3582,full,3,forward,1,0.874338686466217,0.6970412135124207,0.7509700655937195,0.0539288520812988,0.6970412135124207
2,block3_h48_seed10,3583,full,3,forward,1,0.9875684380531312,1.369089126586914,1.4626535177230835,0.0935643911361694,1.369089126586914
2,block3_h48_seed10,3584,full,1,right,1,0.9999632835388184,0.5207865834236145,0.7338897585868835,0.213103175163269,0.5207865834236145
2,block3_h48_seed10,3585,full,3,forward,1,0.9325580596923828,1.2967270612716677,1.349830985069275,0.0531039237976074,1.2967270612716677
2,block3_h48_seed10,3586,full,3,forward,1,0.9312690496444702,0.9827575087547302,1.0513654947280884,0.0686079859733581,0.9827575087547302
2,block3_h48_seed10,3587,full,4,backward,1,0.998948872089386,1.206696391105652,1.343845009803772,0.1371486186981201,1.206696391105652
2,block3_h48_seed10,3589,full,4,backward,1,0.9909546971321106,0.7394862771034241,0.8437851071357727,0.1042988300323486,0.7394862771034241
2,block3_h48_seed10,3591,full,4,backward,1,0.9831425547599792,1.0733672380447388,1.166383981704712,0.0930167436599731,1.0733672380447388
2,block3_h48_seed10,3592,full,3,forward,1,0.9873943328857422,1.369089126586914,1.4626535177230835,0.0935643911361694,1.369089126586914
2,block3_h48_seed10,3593,full,1,right,1,0.9883024096488952,1.4720077514648438,1.564630389213562,0.0926226377487182,1.4720077514648438
2,block3_h48_seed10,3594,full,1,right,0,0.8461681604385376,0.7581358551979065,0.7966988682746887,0.0385630130767822,0.7966988682746887
2,block3_h48_seed10,3596,full,2,left,0,0.904391884803772,1.183998465538025,1.234580636024475,0.0505821704864501,1.259163498878479
2,block3_h48_seed10,3597,full,4,backward,1,0.9952921867370604,1.238345742225647,1.3454667329788208,0.1071209907531738,1.238345742225647
2,block3_h48_seed10,3600,full,3,forward,1,0.9997608065605164,1.3568755388259888,1.5245307683944702,0.1676552295684814,1.3568755388259888
2,block3_h48_seed10,3601,full,4,backward,1,0.9997190833091736,0.9989121556282043,1.1625168323516846,0.1636046767234802,0.9989121556282043
2,block3_h48_seed10,3603,full,4,backward,1,0.9999942779541016,0.3464218080043793,0.59562748670578,0.2492056787014007,0.3464218080043793
2,block3_h48_seed10,3604,full,1,right,1,0.9970923662185668,2.0970828533172607,2.213846445083618,0.1167635917663574,2.0970828533172607
2,block3_h48_seed10,3606,full,1,right,1,0.9990886449813844,0.6010757088661194,0.7591956257820129,0.1581199169158935,0.6010757088661194
2,block3_h48_seed10,3609,full,4,backward,1,0.9999576807022096,0.4191623628139496,0.6330091953277588,0.2138468325138092,0.4191623628139496
2,block3_h48_seed10,3611,full,2,left,1,0.5614129304885864,0.6241043210029602,0.6354292035102844,0.0113248825073242,0.6241043210029602
2,block3_h48_seed10,3612,full,2,left,1,0.9993258714675904,1.1254229545593262,1.2716330289840698,0.1462100744247436,1.1254229545593262
2,block3_h48_seed10,3613,full,3,forward,1,0.999986171722412,0.5661242604255676,0.8006221652030945,0.2344979047775268,0.5661242604255676
2,block3_h48_seed10,3614,full,4,backward,1,0.9919983744621276,1.168850064277649,1.2654355764389038,0.0965855121612548,1.168850064277649
2,block3_h48_seed10,3615,full,1,right,1,0.9877051115036012,1.7568477392196655,1.8475884199142456,0.09074068069458,1.7568477392196655
2,block3_h48_seed10,3616,full,1,right,1,0.5803889632225037,1.1951130628585815,1.2153702974319458,0.0202572345733642,1.1951130628585815
2,block3_h48_seed10,3617,full,3,forward,1,0.95097815990448,0.9827575087547302,1.0513654947280884,0.0686079859733581,0.9827575087547302
2,block3_h48_seed10,3618,full,2,left,1,0.9718736410140992,1.4938780069351196,1.5655244588851929,0.0716464519500732,1.4938780069351196
2,block3_h48_seed10,3619,full,2,left,1,0.9997772574424744,1.4418540000915527,1.6154714822769165,0.1736174821853637,1.4418540000915527
2,block3_h48_seed10,3620,full,1,right,1,0.9999247789382936,0.4490255415439605,0.6470632553100586,0.198037713766098,0.4490255415439605
2,block3_h48_seed10,3621,full,2,left,0,0.7383483052253723,1.055747389793396,1.0806586742401123,0.0249112844467163,1.0806586742401123
2,block3_h48_seed10,3623,full,3,forward,1,0.9986186027526855,1.1643668413162231,1.2962685823440552,0.131901741027832,1.1643668413162231
2,block3_h48_seed10,3624,full,4,backward,1,0.8048603534698486,1.0824536085128784,1.1108099222183228,0.0283563137054443,1.0824536085128784
2,block3_h48_seed10,3625,full,2,left,1,0.8931132555007935,1.4625420570373535,1.5074710845947266,0.044929027557373,1.4625420570373535
2,block3_h48_seed10,3626,full,4,backward,1,0.9999423027038574,0.4925666749477386,0.6911495327949524,0.1985828578472137,0.4925666749477386
2,block3_h48_seed10,3627,full,4,backward,1,0.9970692992210388,0.8519818186759949,0.969665229320526,0.1176834106445312,0.8519818186759949
2,block3_h48_seed10,3628,full,4,backward,1,0.999222993850708,1.0002455711364746,1.1535500288009644,0.1533044576644897,1.0002455711364746
2,block3_h48_seed10,3631,full,1,right,0,0.7386248707771301,0.7443878054618835,0.7685713768005371,0.0241835713386535,0.8029597401618958
2,block3_h48_seed10,3634,full,4,backward,1,0.8764112591743469,1.0184928178787231,1.07077157497406,0.0522787570953369,1.0184928178787231
2,block3_h48_seed10,3635,full,3,forward,1,0.9999974966049194,0.4981518685817718,0.7662996649742126,0.2681477963924408,0.4981518685817718
2,block3_h48_seed10,3636,full,3,forward,1,0.960513710975647,1.2766523361206057,1.3408842086791992,0.0642318725585937,1.2766523361206057
2,block3_h48_seed10,3637,full,2,left,1,0.9999240636825562,0.4578094482421875,0.6553849577903748,0.1975755095481872,0.4578094482421875
2,block3_h48_seed10,3639,full,1,right,1,0.993770182132721,1.8713126182556152,1.974336624145508,0.1030240058898925,1.8713126182556152
2,block3_h48_seed10,3640,full,2,left,1,0.9961344003677368,0.5095091462135315,0.632296621799469,0.1227874755859375,0.5095091462135315
2,block3_h48_seed10,3641,full,1,right,1,0.9993914365768432,0.7748053669929504,0.9318631291389464,0.1570577621459961,0.7748053669929504
2,block3_h48_seed10,3642,full,3,forward,0,0.7510207891464233,1.044508457183838,1.06843364238739,0.0239251852035522,1.118199110031128
2,block3_h48_seed10,3643,full,1,right,1,0.8245605230331421,1.12321937084198,1.1677321195602417,0.0445127487182617,1.12321937084198
2,block3_h48_seed10,3644,full,3,forward,1,0.94667387008667,1.220857858657837,1.2788546085357666,0.0579967498779296,1.220857858657837
2,block3_h48_seed10,3645,full,3,forward,1,0.9976771473884584,1.2755006551742554,1.3983169794082642,0.1228163242340087,1.2755006551742554
2,block3_h48_seed10,3646,full,3,forward,0,0.5871535539627075,0.5014644265174866,0.5086823105812073,0.0072178840637207,0.6087281107902527
2,block3_h48_seed10,3647,full,4,backward,1,0.9999440908432008,0.5079382658004761,0.7059759497642517,0.1980376839637756,0.5079382658004761
2,block3_h48_seed10,3648,full,4,backward,1,0.9967899918556212,1.0465341806411743,1.175578474998474,0.1290442943572998,1.0465341806411743
2,block3_h48_seed10,3649,full,1,right,1,0.8202782273292542,1.5079339742660522,1.5385500192642212,0.0306160449981689,1.5079339742660522
2,block3_h48_seed10,3651,full,4,backward,1,0.926981508731842,1.3537683486938477,1.4157248735427856,0.0619565248489379,1.3537683486938477
2,block3_h48_seed10,3652,full,3,forward,1,0.9998821020126344,0.5051068663597107,0.7027460932731628,0.1976392269134521,0.5051068663597107
2,block3_h48_seed10,3653,full,1,right,1,0.987134039402008,0.9813823699951172,1.077075481414795,0.0956931114196777,0.9813823699951172
2,block3_h48_seed10,3655,full,2,left,1,0.9999573230743408,0.5560976266860962,0.7691771388053894,0.2130795121192932,0.5560976266860962
2,block3_h48_seed10,3656,full,3,forward,1,0.6479673385620117,0.6657818555831909,0.6798526644706726,0.0140708088874816,0.6657818555831909
2,block3_h48_seed10,3657,full,1,right,1,0.6525203585624695,0.6510246396064758,0.6680006980895996,0.0169760584831237,0.6510246396064758
2,block3_h48_seed10,3658,full,2,left,1,0.997922956943512,1.0297068357467651,1.167899250984192,0.1381924152374267,1.0297068357467651
2,block3_h48_seed10,3660,full,1,right,0,0.4377979040145874,0.5634177327156067,0.5673052072525024,0.0038874745368957,0.5673052072525024
2,block3_h48_seed10,3663,full,3,forward,1,0.9999899864196776,0.5140652060508728,0.750572919845581,0.2365077137947082,0.5140652060508728
2,block3_h48_seed10,3664,full,4,backward,1,0.9749003648757936,0.8519818186759949,0.9251821637153624,0.0732003450393676,0.8519818186759949
2,block3_h48_seed10,3667,full,3,forward,1,0.6370466351509094,0.8744862675666809,0.9060595631599426,0.0315732955932617,0.8744862675666809
2,block3_h48_seed10,3668,full,4,backward,1,0.9092811942100524,0.9034883975982666,0.9516542553901672,0.0481658577919006,0.9034883975982666
2,block3_h48_seed10,3669,full,3,forward,1,0.9969587326049804,0.9673715233802797,1.085216403007507,0.1178448796272277,0.9673715233802797
2,block3_h48_seed10,3670,full,2,left,1,0.9994841814041138,0.98933744430542,1.1466751098632812,0.1573376655578613,0.98933744430542
2,block3_h48_seed10,3671,full,1,right,1,0.9993290901184082,0.5147386789321899,0.6679084300994873,0.1531697511672973,0.5147386789321899
2,block3_h48_seed10,3672,full,3,forward,1,0.968730330467224,1.0621823072433472,1.1380215883255005,0.0758392810821533,1.0621823072433472
2,block3_h48_seed10,3673,full,1,right,0,0.847812831401825,0.5415927767753601,0.5761832594871521,0.0345904827117919,0.6734201312065125
2,block3_h48_seed10,3675,full,4,backward,1,0.9998722076416016,0.7467367053031921,0.9364004135131836,0.1896637082099914,0.7467367053031921
2,block3_h48_seed10,3676,full,3,forward,1,0.9851216077804564,0.8185541033744812,0.9095099568367004,0.0909558534622192,0.8185541033744812
2,block3_h48_seed10,3677,full,2,left,0,0.5859938263893127,0.7696834206581116,0.7769465446472168,0.0072631239891052,0.870129406452179
2,block3_h48_seed10,3678,full,1,right,1,0.9961593151092528,2.0335049629211426,2.165940284729004,0.1324353218078613,2.0335049629211426
2,block3_h48_seed10,3679,full,3,forward,1,0.9998726844787598,0.4608097076416015,0.6496883034706116,0.18887859582901,0.4608097076416015
2,block3_h48_seed10,3682,full,4,backward,0,0.7881019115447998,1.1665616035461426,1.1928333044052124,0.0262717008590698,1.1928333044052124
2,block3_h48_seed10,3683,full,3,forward,1,0.946742057800293,1.2766523361206057,1.341675877571106,0.0650235414505004,1.2766523361206057
2,block3_h48_seed10,3685,full,2,left,1,0.9999897480010986,0.4147872924804687,0.6527113318443298,0.237924039363861,0.4147872924804687
2,block3_h48_seed10,3687,full,4,backward,1,0.9939517378807068,0.6860719323158264,0.8030657768249512,0.1169938445091247,0.6860719323158264
2,block3_h48_seed10,3688,full,2,left,1,0.845474123954773,1.474082589149475,1.50985848903656,0.0357758998870849,1.474082589149475
2,block3_h48_seed10,3689,full,1,right,1,0.9973248243331908,0.4922188222408294,0.62140291929245,0.1291840970516204,0.4922188222408294
2,block3_h48_seed10,3690,full,4,backward,1,0.9617934823036194,0.9447248578071594,1.0188298225402832,0.0741049647331237,0.9447248578071594
2,block3_h48_seed10,3691,full,3,forward,1,0.9688423275947572,1.1935099363327026,1.27210795879364,0.0785980224609375,1.1935099363327026
2,block3_h48_seed10,3692,full,1,right,1,0.9935184121131896,1.52914297580719,1.6303443908691406,0.1012014150619506,1.52914297580719
2,block3_h48_seed10,3693,full,1,right,1,0.9809169173240662,1.1911566257476809,1.273728847503662,0.0825722217559814,1.1911566257476809
2,block3_h48_seed10,3694,full,2,left,1,0.9980658888816832,1.0808112621307373,1.2080445289611816,0.1272332668304443,1.0808112621307373
2,block3_h48_seed10,3695,full,3,forward,1,0.9553205966949464,1.5390691757202148,1.6152528524398804,0.0761836767196655,1.5390691757202148
2,block3_h48_seed10,3696,full,1,right,1,0.7296249866485596,1.12321937084198,1.159184813499451,0.0359654426574707,1.12321937084198
2,block3_h48_seed10,3697,full,3,forward,1,0.9888916015625,1.3220232725143433,1.4157787561416626,0.0937554836273193,1.3220232725143433
2,block3_h48_seed10,3698,full,3,forward,1,0.5619063377380371,0.6970412135124207,0.7048079371452332,0.0077667236328125,0.6970412135124207
2,block3_h48_seed10,3699,full,1,right,1,0.950458824634552,1.153934359550476,1.2181987762451172,0.0642644166946411,1.153934359550476
2,block3_h48_seed10,3700,full,4,backward,1,0.985935926437378,1.19035804271698,1.2755264043807983,0.0851683616638183,1.19035804271698
2,block3_h48_seed10,3703,full,3,forward,1,0.9912652373313904,0.8730736374855042,0.968265950679779,0.0951923131942749,0.8730736374855042
2,block3_h48_seed10,3704,full,3,forward,1,0.997423768043518,1.166028380393982,1.290788650512695,0.1247602701187133,1.166028380393982
2,block3_h48_seed10,3705,full,2,left,1,0.9999786615371704,0.4224095344543457,0.6514926552772522,0.2290831208229065,0.4224095344543457
2,block3_h48_seed10,3706,full,3,forward,1,0.9522578716278076,1.3115342855453491,1.3832440376281738,0.0717097520828247,1.3115342855453491
2,block3_h48_seed10,3707,full,2,left,1,0.6906626224517822,0.9947770237922668,1.010991454124451,0.0162144303321838,0.9947770237922668
2,block3_h48_seed10,3708,full,1,right,1,0.9914467334747314,1.625962257385254,1.7245029211044312,0.0985406637191772,1.625962257385254
2,block3_h48_seed10,3709,full,2,left,1,0.985202968120575,1.572690486907959,1.6567758321762085,0.0840853452682495,1.572690486907959
2,block3_h48_seed10,3710,full,2,left,1,0.9069013595581056,1.2550883293151855,1.302507996559143,0.0474196672439575,1.2550883293151855
2,block3_h48_seed10,3711,full,3,forward,0,0.6858994364738464,0.3817305564880371,0.3973722457885742,0.0156416893005371,0.561968982219696
2,block3_h48_seed10,3712,full,2,left,1,0.999983549118042,0.975522518157959,1.1966097354888916,0.2210872173309326,0.975522518157959
2,block3_h48_seed10,3713,full,4,backward,1,0.9994394183158876,1.0622349977493286,1.2162169218063354,0.1539819240570068,1.0622349977493286
2,block3_h48_seed10,3714,full,4,backward,1,0.9381772875785828,1.254709243774414,1.319995999336243,0.0652867555618286,1.254709243774414
2,block3_h48_seed10,3715,full,3,forward,1,0.9458173513412476,1.4129524230957031,1.470308780670166,0.0573563575744628,1.4129524230957031
2,block3_h48_seed10,3716,full,2,left,0,0.781160295009613,0.6967191696166992,0.7222996354103088,0.0255804657936096,0.8254316449165344
2,block3_h48_seed10,3717,full,1,right,1,0.995320737361908,1.4070192575454712,1.515062689781189,0.1080434322357177,1.4070192575454712
2,block3_h48_seed10,3718,full,3,forward,1,0.9995365142822266,1.1025892496109009,1.2561464309692385,0.1535571813583374,1.1025892496109009
2,block3_h48_seed10,3719,full,3,forward,1,0.9999933242797852,0.5426888465881348,0.7915568351745605,0.2488679885864257,0.5426888465881348
2,block3_h48_seed10,3720,full,4,backward,1,0.9991495609283448,0.932494342327118,1.0872085094451904,0.1547141671180725,0.932494342327118
2,block3_h48_seed10,3721,full,1,right,1,0.9632174968719482,1.8486863374710083,1.929377555847168,0.0806912183761596,1.8486863374710083
2,block3_h48_seed10,3722,full,3,forward,1,0.9765412211418152,1.4012808799743652,1.4771922826766968,0.0759114027023315,1.4012808799743652
2,block3_h48_seed10,3725,full,4,backward,1,0.9749369621276855,1.110614776611328,1.1858067512512207,0.0751919746398925,1.110614776611328
2,block3_h48_seed10,3726,full,3,forward,1,0.9998561143875122,0.5051068663597107,0.7027460932731628,0.1976392269134521,0.5051068663597107
2,block3_h48_seed10,3727,full,2,left,1,0.9908985495567322,0.5477088093757629,0.6474449038505554,0.0997360944747924,0.5477088093757629
2,block3_h48_seed10,3728,full,1,right,1,0.998983919620514,1.3621597290039062,1.501599907875061,0.1394401788711547,1.3621597290039062
2,block3_h48_seed10,3729,full,2,left,1,0.997251570224762,1.093944072723389,1.2137391567230225,0.1197950839996337,1.093944072723389
2,block3_h48_seed10,3730,full,2,left,1,0.9997830986976624,0.6694528460502625,0.855060875415802,0.1856080293655395,0.6694528460502625
2,block3_h48_seed10,3731,full,4,backward,1,0.9876217246055604,1.1367875337600708,1.2299495935440063,0.0931620597839355,1.1367875337600708
2,block3_h48_seed10,3732,full,4,backward,1,0.9753249287605286,0.6472941040992737,0.7209089398384094,0.0736148357391357,0.6472941040992737
2,block3_h48_seed10,3733,full,4,backward,1,0.9626906514167786,1.02869713306427,1.1010692119598389,0.0723720788955688,1.02869713306427
2,block3_h48_seed10,3734,full,2,left,1,0.961193323135376,1.2939698696136477,1.3627885580062866,0.0688186883926391,1.2939698696136477
2,block3_h48_seed10,3735,full,4,backward,1,0.9989851117134094,0.9425687789916992,1.0932170152664185,0.1506482362747192,0.9425687789916992
2,block3_h48_seed10,3736,full,3,forward,1,0.9986585378646852,1.207062602043152,1.341314673423767,0.1342520713806152,1.207062602043152
2,block3_h48_seed10,3737,full,4,backward,1,0.999897599220276,0.6086898446083069,0.8028011918067932,0.1941113471984863,0.6086898446083069
2,block3_h48_seed10,3739,full,4,backward,0,0.9148457050323486,0.8690198063850403,0.9173293113708496,0.0483095049858093,0.9173293113708496
2,block3_h48_seed10,3740,full,3,forward,0,0.5052157640457153,0.532916247844696,0.5409843921661377,0.0080681443214416,0.5677196979522705
2,block3_h48_seed10,3741,full,1,right,0,0.7898312211036682,0.770050585269928,0.7989996075630188,0.0289490222930908,0.8469874262809753
2,block3_h48_seed10,3745,full,4,backward,0,0.4256694316864013,0.6878385543823242,0.6938011050224304,0.0059625506401062,0.6938011050224304
2,block3_h48_seed10,3749,full,2,left,0,0.8010466694831848,0.774616003036499,0.8053128123283386,0.0306968092918396,0.8053128123283386
2,block3_h48_seed10,3750,full,3,forward,1,0.99895441532135,1.1540673971176147,1.2913199663162231,0.1372525691986084,1.1540673971176147
2,block3_h48_seed10,3751,full,2,left,0,0.6954410672187805,1.183998465538025,1.2016440629959106,0.0176455974578857,1.259163498878479
2,block3_h48_seed10,3752,full,1,right,1,0.9898197054862976,1.4984194040298462,1.5955008268356323,0.0970814228057861,1.4984194040298462
2,block3_h48_seed10,3753,full,2,left,0,0.7375726103782654,1.4571185111999512,1.4930025339126587,0.0358840227127075,1.4938780069351196
2,block3_h48_seed10,3754,full,2,left,1,0.9983208775520324,0.5957514643669128,0.731528103351593,0.1357766389846801,0.5957514643669128
2,block3_h48_seed10,3755,full,4,backward,0,0.6602661609649658,1.2045153379440308,1.2219887971878052,0.0174734592437744,1.2545976638793943
2,block3_h48_seed10,3756,full,2,left,0,0.7017538547515869,1.5388303995132446,1.56045401096344,0.0216236114501953,1.56045401096344
2,block3_h48_seed10,3757,full,3,forward,1,0.9732354283332824,1.0621823072433472,1.1350239515304563,0.0728416442871093,1.0621823072433472
2,block3_h48_seed10,3759,full,3,forward,1,0.9855802655220032,1.4041584730148315,1.5014644861221311,0.0973060131072998,1.4041584730148315
2,block3_h48_seed10,3760,full,1,right,1,0.999308943748474,1.7129592895507812,1.8635592460632324,0.1505999565124511,1.7129592895507812
2,block3_h48_seed10,3761,full,3,forward,0,0.6764678359031677,0.7293359637260437,0.7500767111778259,0.0207407474517822,0.7723474502563477
2,block3_h48_seed10,3763,full,3,forward,1,0.987898886203766,1.0491448640823364,1.1396771669387815,0.0905323028564453,1.0491448640823364
2,block3_h48_seed10,3764,full,4,backward,0,0.9333323240280152,0.9608588218688964,1.0214115381240845,0.0605527162551879,1.0214115381240845
2,block3_h48_seed10,3765,full,3,forward,1,0.7953972816467285,0.9969542622566224,1.0257099866867063,0.0287557244300842,0.9969542622566224
2,block3_h48_seed10,3766,full,2,left,0,0.4338820874691009,0.926408588886261,0.9381338953971864,0.0117253065109252,0.9381338953971864
2,block3_h48_seed10,3767,full,1,right,1,0.9997085928916932,0.4791087806224823,0.6541922688484192,0.1750834882259369,0.4791087806224823
2,block3_h48_seed10,3770,full,2,left,1,0.9355323314666748,1.5399280786514282,1.6063836812973022,0.066455602645874,1.5399280786514282
2,block3_h48_seed10,3771,full,3,forward,1,0.9922450184822084,1.4041584730148315,1.5014644861221311,0.0973060131072998,1.4041584730148315
2,block3_h48_seed10,3772,full,2,left,1,0.5950270295143127,0.5665860772132874,0.5815891027450562,0.0150030255317687,0.5665860772132874
2,block3_h48_seed10,3773,full,2,left,1,0.9999828338623048,0.4147872924804687,0.654224693775177,0.2394374012947082,0.4147872924804687
2,block3_h48_seed10,3774,full,2,left,0,0.7075623273849487,1.2578338384628296,1.2834535837173462,0.0256197452545166,1.2834535837173462
2,block3_h48_seed10,3775,full,4,backward,1,0.9834161996841432,0.9960062503814696,1.0776962041854858,0.0816899538040161,0.9960062503814696
2,block3_h48_seed10,3776,full,4,backward,0,0.722662091255188,0.9249861836433412,0.9492947459220886,0.0243085622787475,0.9492947459220886
2,block3_h48_seed10,3777,full,4,backward,1,0.9196040630340576,1.0471582412719729,1.104559063911438,0.0574008226394653,1.0471582412719729
2,block3_h48_seed10,3778,full,4,backward,1,0.9872940182685852,0.9228201508522034,1.0102163553237915,0.0873962044715881,0.9228201508522034
2,block3_h48_seed10,3780,full,2,left,1,0.920634925365448,1.5974565744400024,1.6467448472976685,0.049288272857666,1.5974565744400024
2,block3_h48_seed10,3781,full,1,right,0,0.6908025741577148,0.9690068364143372,0.9860119819641112,0.0170051455497741,1.0494171380996704
2,block3_h48_seed10,3782,full,2,left,0,0.8663876056671143,0.862091064453125,0.9002508521080017,0.0381597876548767,0.9736191630363464
2,block3_h48_seed10,3784,full,3,forward,1,0.9161354303359984,1.1434944868087769,1.197007417678833,0.0535129308700561,1.1434944868087769
2,block3_h48_seed10,3785,full,2,left,1,0.9997839331626892,0.5356547236442566,0.7239075303077698,0.1882528066635131,0.5356547236442566
2,block3_h48_seed10,3786,full,4,backward,1,0.9999830722808838,0.3151462972164154,0.5407620072364807,0.2256157100200653,0.3151462972164154
2,block3_h48_seed10,3787,full,3,forward,1,0.9875453114509584,1.369089126586914,1.4626535177230835,0.0935643911361694,1.369089126586914
2,block3_h48_seed10,3788,full,1,right,1,0.999804675579071,0.4967968761920929,0.6877667307853699,0.1909698545932769,0.4967968761920929
2,block3_h48_seed10,3789,full,2,left,1,0.9861499071121216,1.3161829710006714,1.402518630027771,0.0863356590270996,1.3161829710006714
2,block3_h48_seed10,3790,full,4,backward,1,0.9794949293136596,1.0013467073440552,1.0803358554840088,0.0789891481399536,1.0013467073440552
2,block3_h48_seed10,3791,full,1,right,1,0.6353842616081238,0.5673052072525024,0.5840789675712585,0.0167737603187561,0.5673052072525024
2,block3_h48_seed10,3792,full,1,right,1,0.993519127368927,1.6712702512741089,1.772022724151611,0.1007524728775024,1.6712702512741089
2,block3_h48_seed10,3793,full,2,left,0,0.5598351359367371,0.7013795375823975,0.7062430381774902,0.0048635005950927,0.8254316449165344
2,block3_h48_seed10,3795,full,2,left,0,0.6297109127044678,0.586564838886261,0.5974724292755127,0.0109075903892517,0.7116729617118835
2,block3_h48_seed10,3796,full,4,backward,1,0.8008031845092773,1.0184928178787231,1.0516963005065918,0.0332034826278686,1.0184928178787231
2,block3_h48_seed10,3797,full,1,right,1,0.993764102458954,1.1911566257476809,1.3053094148635864,0.1141527891159057,1.1911566257476809
2,block3_h48_seed10,3798,full,3,forward,1,0.9817042946815492,1.3136752843856812,1.3936892747879028,0.0800139904022216,1.3136752843856812
2,block3_h48_seed10,3799,full,3,forward,1,0.9997910857200624,0.6077550053596497,0.7901082038879395,0.1823531985282898,0.6077550053596497
2,block3_h48_seed10,3800,full,1,right,1,0.9964284300804138,1.09151291847229,1.2162978649139404,0.1247849464416503,1.09151291847229
2,block3_h48_seed10,3801,full,1,right,1,0.5944497585296631,1.2225091457366943,1.254397988319397,0.0318888425827026,1.2225091457366943
2,block3_h48_seed10,3802,full,3,forward,0,0.8347582817077637,0.9919468760490416,1.0263499021530151,0.0344030261039733,1.0263499021530151
2,block3_h48_seed10,3803,full,4,backward,1,0.998359739780426,0.8224055767059326,0.9559727311134338,0.1335671544075012,0.8224055767059326
2,block3_h48_seed10,3804,full,4,backward,1,0.9777669906616212,1.1771608591079712,1.2578965425491333,0.0807356834411621,1.1771608591079712
2,block3_h48_seed10,3805,full,2,left,1,0.999706208705902,0.5431723594665527,0.7083060145378113,0.1651336550712585,0.5431723594665527
2,block3_h48_seed10,3806,full,1,right,1,0.9852448105812072,1.3122822046279907,1.3967472314834597,0.0844650268554687,1.3122822046279907
2,block3_h48_seed10,3807,full,4,backward,1,0.998403251171112,1.0231105089187622,1.1545844078063965,0.1314738988876342,1.0231105089187622
2,block3_h48_seed10,3808,full,3,forward,1,0.9902162551879884,1.369089126586914,1.4626535177230835,0.0935643911361694,1.369089126586914
2,block3_h48_seed10,3809,full,3,forward,1,0.9972335696220398,1.3878158330917358,1.5065444707870483,0.1187286376953125,1.3878158330917358
2,block3_h48_seed10,3810,full,4,backward,1,0.9151668548583984,0.851665735244751,0.9063995480537416,0.0547338128089904,0.851665735244751
2,block3_h48_seed10,3812,full,2,left,1,0.9998329877853394,0.4590366184711456,0.6443228125572205,0.1852861940860748,0.4590366184711456
2,block3_h48_seed10,3813,full,3,forward,1,0.9930781722068788,1.0666779279708862,1.180675029754639,0.1139971017837524,1.0666779279708862
2,block3_h48_seed10,3815,full,4,backward,1,0.997062623500824,0.7350899577140808,0.8553507328033447,0.1202607750892639,0.7350899577140808
2,block3_h48_seed10,3817,full,2,left,0,0.6954036951065063,1.150748610496521,1.1698464155197144,0.0190978050231933,1.2101980447769165
2,block3_h48_seed10,3818,full,4,backward,1,0.9996950626373292,1.0002455711364746,1.1624053716659546,0.1621598005294799,1.0002455711364746
2,block3_h48_seed10,3821,full,3,forward,0,0.7375041842460632,1.0232295989990234,1.044508457183838,0.0212788581848144,1.118199110031128
2,block3_h48_seed10,3822,full,3,forward,1,0.5427621006965637,1.1628743410110474,1.1716536283493042,0.0087792873382568,1.1628743410110474
2,block3_h48_seed10,3823,full,1,right,1,0.999433696269989,1.4251279830932615,1.5757784843444824,0.1506505012512207,1.4251279830932615
2,block3_h48_seed10,3824,full,2,left,1,0.9109002351760864,0.9663545489311218,1.013023853302002,0.0466693043708801,0.9663545489311218
2,block3_h48_seed10,3825,full,2,left,1,0.8047639727592468,1.504912257194519,1.5424104928970337,0.0374982357025146,1.504912257194519
2,block3_h48_seed10,3826,full,4,backward,1,0.9945072531700134,1.5207494497299194,1.625146985054016,0.1043975353240966,1.5207494497299194
2,block3_h48_seed10,3827,full,2,left,0,0.821153461933136,0.868995189666748,0.9002508521080017,0.0312556624412536,0.9736191630363464
2,block3_h48_seed10,3828,full,3,forward,1,0.984388828277588,1.0491448640823364,1.1391979455947876,0.0900530815124511,1.0491448640823364
2,block3_h48_seed10,3830,full,2,left,1,0.9982709884643556,1.0808112621307373,1.2080445289611816,0.1272332668304443,1.0808112621307373
2,block3_h48_seed10,3831,full,4,backward,1,0.9992223978042604,0.8005599975585938,0.94535493850708,0.1447949409484863,0.8005599975585938
2,block3_h48_seed10,3832,full,3,forward,1,0.9678717255592346,1.0621823072433472,1.1380215883255005,0.0758392810821533,1.0621823072433472
2,block3_h48_seed10,3833,full,3,forward,1,0.9999936819076538,0.5603688359260559,0.8133759498596191,0.2530071139335632,0.5603688359260559
2,block3_h48_seed10,3836,full,1,right,1,0.9997989535331726,0.4967968761920929,0.6745848655700684,0.1777879893779754,0.4967968761920929
2,block3_h48_seed10,3839,full,2,left,1,0.9998819828033448,0.5026447176933289,0.691063404083252,0.1884186863899231,0.5026447176933289
2,block3_h48_seed10,3840,full,3,forward,1,0.9936229586601256,1.2052887678146362,1.3066166639328003,0.101327896118164,1.2052887678146362
2,block3_h48_seed10,3842,full,1,right,1,0.9998058676719666,0.4853264391422272,0.6583029627799988,0.1729765236377716,0.4853264391422272
2,block3_h48_seed10,3843,full,3,forward,1,0.9241324663162231,0.9020071625709534,0.960220992565155,0.0582138299942016,0.9020071625709534
2,block3_h48_seed10,3844,full,2,left,1,0.9920873045921326,0.9929655194282532,1.092553973197937,0.0995884537696838,0.9929655194282532
2,block3_h48_seed10,3845,full,1,right,0,0.8436969518661499,1.1496292352676392,1.1927663087844849,0.0431370735168457,1.217596411705017
2,block3_h48_seed10,3846,full,3,forward,1,0.999970555305481,0.5661242604255676,0.7769289016723633,0.2108046412467956,0.5661242604255676
2,block3_h48_seed10,3847,full,4,backward,1,0.8543283939361572,0.8451312184333801,0.8812239766120911,0.0360927581787109,0.8451312184333801
2,block3_h48_seed10,3848,full,2,left,1,0.8998043537139893,1.9559402465820312,2.0014772415161133,0.045536994934082,1.9559402465820312
2,block3_h48_seed10,3849,full,2,left,1,0.9989306330680848,1.1758445501327517,1.3182997703552246,0.1424552202224731,1.1758445501327517
2,block3_h48_seed10,3850,full,4,backward,1,0.9999066591262816,0.4191623628139496,0.6113671064376831,0.1922047436237335,0.4191623628139496
2,block3_h48_seed10,3851,full,3,forward,0,0.9811576008796692,0.856225311756134,0.9364683032035828,0.0802429914474487,0.9364683032035828
2,block3_h48_seed10,3852,full,2,left,1,0.9172275066375732,1.2093020677566528,1.2578833103179932,0.0485812425613403,1.2093020677566528
2,block3_h48_seed10,3853,full,4,backward,1,0.9799843430519104,0.8996159434318542,0.9806224703788756,0.0810065269470214,0.8996159434318542
2,block3_h48_seed10,3855,full,3,forward,1,0.9999974966049194,0.5160515904426575,0.7882833480834961,0.2722317576408386,0.5160515904426575
2,block3_h48_seed10,3856,full,2,left,1,0.9989020824432372,1.287591576576233,1.4342107772827148,0.1466192007064819,1.287591576576233
2,block3_h48_seed10,3857,full,3,forward,1,0.9998672008514404,1.3878158330917358,1.566401124000549,0.1785852909088134,1.3878158330917358
2,block3_h48_seed10,3858,full,4,backward,1,0.9899747967720032,0.6473403573036194,0.7537458539009094,0.10640549659729,0.6473403573036194
2,block3_h48_seed10,3859,full,3,forward,1,0.9999911785125732,0.5426888465881348,0.7885369658470154,0.2458481192588806,0.5426888465881348
2,block3_h48_seed10,3860,full,2,left,1,0.9835485816001892,1.5315290689468384,1.6218472719192505,0.0903182029724121,1.5315290689468384
2,block3_h48_seed10,3861,full,2,left,1,0.48059743642807,1.2115538120269775,1.2161428928375244,0.0045890808105468,1.2115538120269775
2,block3_h48_seed10,3862,full,3,forward,1,0.9968947172164916,1.2126708030700684,1.3308812379837036,0.1182104349136352,1.2126708030700684
2,block3_h48_seed10,3863,full,4,backward,1,0.8133823871612549,1.0311623811721802,1.078261375427246,0.0470989942550659,1.0311623811721802
2,block3_h48_seed10,3865,full,3,forward,1,0.9791505336761476,1.0105973482131958,1.0958257913589478,0.0852284431457519,1.0105973482131958
2,block3_h48_seed10,3866,full,2,left,1,0.3149527013301849,0.9381338953971864,0.9387269020080566,0.0005930066108703,0.9381338953971864
2,block3_h48_seed10,3867,full,4,backward,1,0.9834718704223632,0.6473403573036194,0.7469663023948669,0.0996259450912475,0.6473403573036194
2,block3_h48_seed10,3870,full,2,left,1,0.9988204836845398,0.8827932476997375,1.0235861539840698,0.1407929062843322,0.8827932476997375
2,block3_h48_seed10,3871,full,4,backward,0,0.7906820178031921,1.5829119682312012,1.6152490377426147,0.0323370695114135,1.6152490377426147
2,block3_h48_seed10,3872,full,3,forward,1,0.9999877214431764,0.5426888465881348,0.7885369658470154,0.2458481192588806,0.5426888465881348
2,block3_h48_seed10,3873,full,4,backward,1,0.9996782541275024,0.977769672870636,1.138663649559021,0.160893976688385,0.977769672870636
2,block3_h48_seed10,3874,full,2,left,0,0.6033441424369812,0.9989307522773744,1.0177701711654663,0.018839418888092,1.0177701711654663
2,block3_h48_seed10,3875,full,4,backward,1,0.9934819340705872,0.9148454666137696,1.0181595087051392,0.1033140420913696,0.9148454666137696
2,block3_h48_seed10,3876,full,3,forward,1,0.9995799660682678,1.2168523073196411,1.3767858743667605,0.1599335670471191,1.2168523073196411
2,block3_h48_seed10,3877,full,2,left,1,0.9988508224487304,0.8552391529083252,1.0093437433242798,0.1541045904159546,0.8552391529083252
2,block3_h48_seed10,3878,full,4,backward,1,0.9982144832611084,1.4136810302734375,1.5402966737747192,0.1266156435012817,1.4136810302734375
2,block3_h48_seed10,3879,full,3,forward,0,0.6859272718429565,0.7500767111778259,0.7723474502563477,0.0222707390785217,0.7723474502563477
2,block3_h48_seed10,3880,full,2,left,1,0.9999631643295288,0.3585095405578613,0.5744113922119141,0.2159018516540527,0.3585095405578613
2,block3_h48_seed10,3882,full,2,left,1,0.9816216826438904,1.1689759492874146,1.2589086294174194,0.0899326801300048,1.1689759492874146
2,block3_h48_seed10,3883,full,2,left,1,0.9831811785697936,1.3115516901016235,1.39759361743927,0.0860419273376464,1.3115516901016235
2,block3_h48_seed10,3884,full,4,backward,1,0.9911399483680724,1.1740394830703735,1.2687056064605713,0.0946661233901977,1.1740394830703735
2,block3_h48_seed10,3885,full,4,backward,1,0.999995231628418,0.5886878371238708,0.8377652764320374,0.2490774393081665,0.5886878371238708
2,block3_h48_seed10,3887,full,3,forward,1,0.9999939203262328,0.575212836265564,0.8238697648048401,0.2486569285392761,0.575212836265564
2,block3_h48_seed10,3888,full,1,right,1,0.99489825963974,1.3247156143188477,1.4409326314926147,0.116217017173767,1.3247156143188477
2,block3_h48_seed10,3889,full,1,right,1,0.9984538555145264,2.1683695316314697,2.3002312183380127,0.1318616867065429,2.1683695316314697
2,block3_h48_seed10,3890,full,3,forward,1,0.973810851573944,1.0621823072433472,1.1380215883255005,0.0758392810821533,1.0621823072433472
2,block3_h48_seed10,3891,full,1,right,1,0.9993556141853333,0.5241101980209351,0.6755342483520508,0.1514240503311157,0.5241101980209351
2,block3_h48_seed10,3892,full,2,left,0,0.6318715810775757,0.586564838886261,0.5974724292755127,0.0109075903892517,0.7116729617118835
2,block3_h48_seed10,3894,full,3,forward,1,0.9456223249435424,1.0320261716842651,1.0938454866409302,0.061819314956665,1.0320261716842651
2,block3_h48_seed10,3896,full,3,forward,1,0.9997816681861876,1.621384620666504,1.790890336036682,0.1695057153701782,1.621384620666504
2,block3_h48_seed10,3897,full,3,forward,0,0.9025613069534302,0.4568296372890472,0.5014644265174866,0.0446347892284393,0.6087281107902527
2,block3_h48_seed10,3898,full,4,backward,1,0.9991517066955566,1.1611815690994265,1.3044871091842651,0.1433055400848388,1.1611815690994265
2,block3_h48_seed10,3899,full,3,forward,1,0.9981783628463744,1.1025892496109009,1.23457670211792,0.131987452507019,1.1025892496109009
2,block3_h48_seed10,3900,full,2,left,1,0.994559109210968,1.2157278060913086,1.320722222328186,0.1049944162368774,1.2157278060913086
2,block3_h48_seed10,3901,full,4,backward,1,0.9967094659805298,1.1462719440460205,1.2670550346374512,0.1207830905914306,1.1462719440460205
2,block3_h48_seed10,3902,full,3,forward,0,0.4967206716537475,0.856225311756134,0.8563240170478821,9.870529174804688e-05,0.9364683032035828
2,block3_h48_seed10,3903,full,4,backward,1,0.9987378716468812,0.8224055767059326,0.9559727311134338,0.1335671544075012,0.8224055767059326
2,block3_h48_seed10,3904,full,3,forward,1,0.9995431900024414,0.9003133773803711,1.0553979873657229,0.1550846099853515,0.9003133773803711
2,block3_h48_seed10,3905,full,2,left,1,0.944182813167572,1.1061813831329346,1.1628555059432983,0.0566741228103637,1.1061813831329346
2,block3_h48_seed10,3906,full,1,right,1,0.9999245405197144,1.19100022315979,1.3940963745117188,0.2030961513519287,1.19100022315979
2,block3_h48_seed10,3907,full,1,right,1,0.8299084305763245,0.6510246396064758,0.6970046162605286,0.0459799766540527,0.6510246396064758
2,block3_h48_seed10,3909,full,4,backward,1,0.9966417551040648,1.0077500343322754,1.1274696588516235,0.1197196245193481,1.0077500343322754
2,block3_h48_seed10,3910,full,3,forward,1,0.9999107122421264,0.5582002997398376,0.7555097937583923,0.1973094940185547,0.5582002997398376
2,block3_h48_seed10,3911,full,4,backward,1,0.999857783317566,1.0231105089187622,1.211750626564026,0.1886401176452636,1.0231105089187622
2,block3_h48_seed10,3912,full,2,left,0,0.8979332447052002,1.157922863960266,1.2101980447769165,0.0522751808166503,1.2101980447769165
2,block3_h48_seed10,3913,full,3,forward,1,0.5844799280166626,1.1628743410110474,1.1716536283493042,0.0087792873382568,1.1628743410110474
2,block3_h48_seed10,3914,full,4,backward,1,0.9919242262840272,0.6860719323158264,0.7922906875610352,0.1062187552452087,0.6860719323158264
2,block3_h48_seed10,3915,full,4,backward,1,0.975126087665558,0.6472941040992737,0.7209089398384094,0.0736148357391357,0.6472941040992737
2,block3_h48_seed10,3916,full,2,left,1,0.9991877675056458,1.1758445501327517,1.3182997703552246,0.1424552202224731,1.1758445501327517
2,block3_h48_seed10,3917,full,4,backward,1,0.9993176460266112,1.1340398788452148,1.281295895576477,0.1472560167312622,1.1340398788452148
2,block3_h48_seed10,3918,full,3,forward,1,0.9985170960426332,1.0590780973434448,1.1985582113265991,0.1394801139831543,1.0590780973434448
2,block3_h48_seed10,3919,full,3,forward,1,0.8457800149917603,1.0319465398788452,1.066904067993164,0.0349575281143188,1.0319465398788452
2,block3_h48_seed10,3920,full,2,left,1,0.8916669487953186,1.5064783096313477,1.5499387979507446,0.0434604883193969,1.5064783096313477
2,block3_h48_seed10,3921,full,3,forward,1,0.9968947172164916,1.2126708030700684,1.3308812379837036,0.1182104349136352,1.2126708030700684
2,block3_h48_seed10,3922,full,4,backward,1,0.994554877281189,1.425876259803772,1.5406333208084106,0.1147570610046386,1.425876259803772
2,block3_h48_seed10,3923,full,3,forward,1,0.8977218866348267,1.0320261716842651,1.0916852951049805,0.0596591234207153,1.0320261716842651
2,block3_h48_seed10,3924,full,2,left,0,0.6488907933235168,1.424214243888855,1.4464921951293943,0.0222779512405395,1.4464921951293943
2,block3_h48_seed10,3926,full,4,backward,1,0.9997203946113586,1.206696391105652,1.379306674003601,0.1726102828979492,1.206696391105652
2,block3_h48_seed10,3927,full,1,right,1,0.9998583793640136,0.5094941258430481,0.6940192580223083,0.1845251321792602,0.5094941258430481
2,block3_h48_seed10,3928,full,4,backward,1,0.9998495578765868,1.1611815690994265,1.3510757684707642,0.1898941993713379,1.1611815690994265
2,block3_h48_seed10,3929,full,2,left,1,0.9999738931655884,0.4213854074478149,0.6381758451461792,0.2167904376983642,0.4213854074478149
2,block3_h48_seed10,3931,full,1,right,1,0.9624287486076356,1.3621597290039062,1.4281142950057983,0.065954566001892,1.3621597290039062
2,block3_h48_seed10,3932,full,3,forward,1,0.9999988079071044,0.4832219183444977,0.7721697688102722,0.2889478504657745,0.4832219183444977
2,block3_h48_seed10,3933,full,3,forward,1,0.5271153450012207,0.9037609100341796,0.919730007648468,0.0159690976142883,0.9037609100341796
2,block3_h48_seed10,3934,full,3,forward,1,0.9986310601234436,0.8973026275634766,1.0412099361419678,0.1439073085784912,0.8973026275634766
2,block3_h48_seed10,3937,full,3,forward,1,0.991901695728302,0.8984310030937195,1.0020687580108645,0.1036377549171447,0.8984310030937195
2,block3_h48_seed10,3938,full,1,right,1,0.9667344093322754,1.153934359550476,1.2330251932144165,0.0790908336639404,1.153934359550476
2,block3_h48_seed10,3940,full,1,right,1,0.9999366998672484,0.5388426184654236,0.7380857467651367,0.1992431282997131,0.5388426184654236
2,block3_h48_seed10,3941,full,4,backward,0,0.5800489783287048,1.0127379894256592,1.0217334032058716,0.0089954137802124,1.061978459358215
2,block3_h48_seed10,3942,full,2,left,1,0.9997400641441344,0.9987228512763976,1.170385241508484,0.1716623902320861,0.9987228512763976
2,block3_h48_seed10,3943,full,4,backward,0,0.6373381018638611,1.2613959312438965,1.2774641513824463,0.0160682201385498,1.2774641513824463
2,block3_h48_seed10,3944,full,3,forward,1,0.988941729068756,0.8185541033744812,0.9095099568367004,0.0909558534622192,0.8185541033744812
2,block3_h48_seed10,3945,full,2,left,0,0.784222424030304,1.4544576406478882,1.4806596040725708,0.0262019634246826,1.56045401096344
2,block3_h48_seed10,3946,full,2,left,1,0.9886125922203064,1.176666259765625,1.269457221031189,0.0927909612655639,1.176666259765625
2,block3_h48_seed10,3947,full,2,left,0,0.481943815946579,0.5223290920257568,0.5250973105430603,0.0027682185173034,0.5544935464859009
2,block3_h48_seed10,3948,full,3,forward,1,0.9999858140945436,0.6246786713600159,0.8589566349983215,0.2342779636383056,0.6246786713600159
2,block3_h48_seed10,3949,full,4,backward,1,0.9995948672294616,0.7467367053031921,0.9062041640281676,0.1594674587249755,0.7467367053031921
2,block3_h48_seed10,3950,full,3,forward,1,0.5607784986495972,1.2967270612716677,1.3023899793624878,0.0056629180908203,1.2967270612716677
2,block3_h48_seed10,3951,full,3,forward,1,0.9999216794967652,0.4062562882900238,0.6080049872398376,0.2017486989498138,0.4062562882900238
2,block3_h48_seed10,3952,full,4,backward,1,0.9933927655220032,1.2267080545425415,1.3292245864868164,0.1025165319442749,1.2267080545425415
2,block3_h48_seed10,3953,full,4,backward,1,0.5195621848106384,0.8247883319854736,0.8347816467285156,0.0099933147430419,0.8247883319854736
2,block3_h48_seed10,3954,full,1,right,1,0.999772846698761,0.4967968761920929,0.6737890839576721,0.1769922077655792,0.4967968761920929
2,block3_h48_seed10,3955,full,2,left,1,0.990116536617279,0.9929655194282532,1.092553973197937,0.0995884537696838,0.9929655194282532
2,block3_h48_seed10,3956,full,2,left,1,0.9440814256668092,1.4229129552841189,1.4841400384902954,0.0612270832061767,1.4229129552841189
2,block3_h48_seed10,3957,full,3,forward,0,0.8427472114562988,1.0018881559371948,1.0358614921569824,0.0339733362197876,1.0358614921569824
2,block3_h48_seed10,3958,full,4,backward,1,0.993121325969696,0.9350916743278505,1.0464074611663818,0.1113157868385315,0.9350916743278505
2,block3_h48_seed10,3960,full,1,right,1,0.959843635559082,1.6360403299331665,1.7188042402267456,0.0827639102935791,1.6360403299331665
2,block3_h48_seed10,3961,full,4,backward,1,0.9992369413375854,0.7229230999946594,0.8729173541069031,0.1499942541122436,0.7229230999946594
2,block3_h48_seed10,3962,full,3,forward,1,0.9976263642311096,1.018384337425232,1.1413332223892212,0.1229488849639892,1.018384337425232
2,block3_h48_seed10,3963,full,2,left,1,0.9946586489677428,0.5095091462135315,0.6289986968040466,0.1194895505905151,0.5095091462135315
2,block3_h48_seed10,3964,full,1,right,1,0.932449221611023,0.9765586853027344,1.0334296226501465,0.0568709373474121,0.9765586853027344
2,block3_h48_seed10,3965,full,3,forward,1,0.8166764974594116,1.3319988250732422,1.3749135732650757,0.0429147481918334,1.3319988250732422
2,block3_h48_seed10,3966,full,3,forward,1,0.9906094670295716,1.4381881952285769,1.5322346687316897,0.0940464735031127,1.4381881952285769
2,block3_h48_seed10,3967,full,1,right,1,0.9376690983772278,1.3814882040023804,1.439430832862854,0.0579426288604736,1.3814882040023804
2,block3_h48_seed10,3968,full,4,backward,0,0.923217475414276,0.623371958732605,0.6832248568534851,0.0598528981208801,0.6961407661437988
2,block3_h48_seed10,3969,full,4,backward,1,0.9951878786087036,1.0667835474014282,1.173456072807312,0.1066725254058837,1.0667835474014282
2,block3_h48_seed10,3970,full,2,left,1,0.998291313648224,0.5067483186721802,0.6414343118667603,0.13468599319458,0.5067483186721802
2,block3_h48_seed10,3971,full,2,left,1,0.9543699026107788,1.061050295829773,1.1232422590255735,0.0621919631958007,1.061050295829773
2,block3_h48_seed10,3972,full,2,left,1,0.987497329711914,1.176666259765625,1.269457221031189,0.0927909612655639,1.176666259765625
2,block3_h48_seed10,3973,full,3,forward,1,0.9415252804756165,0.8046629428863525,0.860781729221344,0.0561187863349914,0.8046629428863525
2,block3_h48_seed10,3976,full,4,backward,1,0.9934749007225036,0.9148454070091248,1.0181595087051392,0.1033141016960144,0.9148454070091248
2,block3_h48_seed10,3978,full,4,backward,1,0.9990897178649902,1.0384260416030884,1.1784753799438477,0.1400493383407592,1.0384260416030884
2,block3_h48_seed10,3979,full,3,forward,0,0.5027931332588196,0.4623537361621856,0.4788072109222412,0.0164534747600555,0.4788072109222412
2,block3_h48_seed10,3981,full,1,right,1,0.9998399019241332,0.4030444622039795,0.5897189974784851,0.1866745352745056,0.4030444622039795
2,block3_h48_seed10,3982,full,4,backward,1,0.9902350902557372,0.9350915551185608,1.037396788597107,0.1023052334785461,0.9350915551185608
2,block3_h48_seed10,3983,full,2,left,1,0.9886125922203064,1.1766663789749146,1.2694573402404783,0.0927909612655639,1.1766663789749146
2,block3_h48_seed10,3984,full,1,right,1,0.999648094177246,0.494870513677597,0.6587520241737366,0.1638815104961395,0.494870513677597
2,block3_h48_seed10,3986,full,3,forward,1,0.9418376684188844,1.1282132863998413,1.1920381784439087,0.0638248920440673,1.1282132863998413
2,block3_h48_seed10,3987,full,2,left,1,0.968923568725586,1.4136642217636108,1.4844341278076172,0.0707699060440063,1.4136642217636108
2,block3_h48_seed10,3988,full,1,right,1,0.9914360642433168,1.7694107294082642,1.8725074529647827,0.1030967235565185,1.7694107294082642
2,block3_h48_seed10,3989,full,4,backward,1,0.9898125529289246,1.168850302696228,1.265435814857483,0.0965855121612548,1.168850302696228
2,block3_h48_seed10,3990,full,1,right,1,0.9985700845718384,0.5266585350036621,0.6673682332038879,0.1407096982002258,0.5266585350036621
2,block3_h48_seed10,3992,full,4,backward,1,0.9353950619697572,1.1797378063201904,1.2359308004379272,0.0561929941177368,1.1797378063201904
2,block3_h48_seed10,3994,full,3,forward,1,0.9959861636161804,1.059077262878418,1.169376015663147,0.110298752784729,1.059077262878418
2,block3_h48_seed10,3995,full,4,backward,1,0.7591380476951599,1.0311628580093384,1.0775693655014038,0.0464065074920654,1.0311628580093384
2,block3_h48_seed10,3996,full,1,right,1,0.8891684412956238,2.168370008468628,2.210017442703247,0.0416474342346191,2.168370008468628
2,block3_h48_seed10,3997,full,2,left,0,0.6186662316322327,1.001963496208191,1.017770290374756,0.0158067941665649,1.017770290374756
2,block3_h72_seed14,3500,small_full,2,left,1,0.6023645401000977,1.5055809020996094,1.517660140991211,0.0120792388916015,1.5055809020996094
2,block3_h72_seed14,3501,small_full,2,left,0,0.4397591352462768,1.5084198713302612,1.5091146230697632,0.0006947517395019,1.5327081680297852
2,block3_h72_seed14,3502,small_full,4,backward,0,0.912642538547516,1.302047848701477,1.3594422340393066,0.0573943853378295,1.3743053674697876
2,block3_h72_seed14,3503,small_full,4,backward,1,0.6852626204490662,1.4825520515441897,1.4985793828964231,0.0160273313522338,1.4825520515441897
2,block3_h72_seed14,3504,small_full,2,left,1,0.8671069741249084,1.793025016784668,1.8401912450790403,0.0471662282943725,1.793025016784668
2,block3_h72_seed14,3505,small_full,4,backward,1,0.7904293537139893,1.6029683351516724,1.6417512893676758,0.0387829542160034,1.6029683351516724
2,block3_h72_seed14,3507,small_full,4,backward,1,0.9997126460075378,0.9017178416252136,1.0763201713562012,0.1746023297309875,0.9017178416252136
2,block3_h72_seed14,3508,small_full,2,left,1,0.9504130482673644,1.8452104330062864,1.9109106063842771,0.0657001733779907,1.8452104330062864
2,block3_h72_seed14,3509,small_full,2,left,1,0.9992511868476868,1.0197376012802124,1.1734310388565063,0.1536934375762939,1.0197376012802124
2,block3_h72_seed14,3510,small_full,3,forward,1,0.9992021918296814,1.783920407295227,1.9414361715316768,0.1575157642364502,1.783920407295227
2,block3_h72_seed14,3511,small_full,2,left,0,0.6165708303451538,1.5084198713302612,1.5327081680297852,0.0242882966995239,1.5327081680297852
2,block3_h72_seed14,3513,small_full,4,backward,1,0.9856331944465636,1.6963609457015991,1.786227822303772,0.0898668766021728,1.6963609457015991
2,block3_h72_seed14,3514,small_full,2,left,1,0.7397217750549316,1.9775482416152956,2.00904393196106,0.0314956903457641,1.9775482416152956
2,block3_h72_seed14,3515,small_full,3,forward,1,0.987135112285614,0.88140469789505,0.9703778624534608,0.0889731645584106,0.88140469789505
2,block3_h72_seed14,3516,small_full,1,right,0,0.4457315802574157,1.7639309167861938,1.7707172632217407,0.0067863464355468,1.7707172632217407
2,block3_h72_seed14,3518,small_full,3,forward,1,0.5426178574562073,1.3759924173355105,1.3845888376235962,0.0085964202880859,1.3759924173355105
2,block3_h72_seed14,3519,small_full,4,backward,1,0.8349634408950806,1.5054105520248413,1.5393203496932983,0.033909797668457,1.5054105520248413
2,block3_h72_seed14,3520,small_full,2,left,1,0.9988805651664734,0.9726104140281676,1.1147398948669434,0.1421294808387756,0.9726104140281676
2,block3_h72_seed14,3521,small_full,3,forward,0,0.5900946855545044,0.9485289454460144,0.9570801258087158,0.0085511803627014,1.013147234916687
2,block3_h72_seed14,3522,small_full,1,right,1,0.994322657585144,1.3395265340805054,1.4539903402328491,0.1144638061523437,1.3395265340805054
2,block3_h72_seed14,3524,small_full,3,forward,1,0.7378312349319458,1.383480668067932,1.406927466392517,0.0234467983245849,1.383480668067932
2,block3_h72_seed14,3525,small_full,2,left,1,0.6519635319709778,1.6139198541641235,1.6321120262145996,0.018192172050476,1.6139198541641235
2,block3_h72_seed14,3526,small_full,3,forward,1,0.9816166162490844,1.3871922492980957,1.4710034132003784,0.0838111639022827,1.3871922492980957
2,block3_h72_seed14,3527,small_full,2,left,0,0.8059116005897522,1.2412796020507812,1.2753775119781494,0.0340979099273681,1.2753775119781494
2,block3_h72_seed14,3528,small_full,3,forward,1,0.9739068150520324,1.3876429796218872,1.4665714502334597,0.0789284706115722,1.3876429796218872
2,block3_h72_seed14,3529,small_full,4,backward,1,0.99673730134964,0.7987934947013855,0.9247371554374696,0.1259436607360839,0.7987934947013855
2,block3_h72_seed14,3530,small_full,2,left,1,0.9999980926513672,1.145556092262268,1.4268585443496704,0.2813024520874023,1.145556092262268
2,block3_h72_seed14,3531,small_full,2,left,0,0.6535492539405823,1.403048396110535,1.4174925088882446,0.0144441127777099,1.4174925088882446
2,block3_h72_seed14,3533,small_full,2,left,1,0.9864137768745422,2.2154135704040527,2.317664623260498,0.1022510528564453,2.2154135704040527
2,block3_h72_seed14,3535,small_full,1,right,0,0.9637621641159058,1.4121171236038208,1.48346745967865,0.0713503360748291,1.48346745967865
2,block3_h72_seed14,3536,small_full,1,right,1,0.9982568621635436,1.125066161155701,1.2636827230453491,0.1386165618896484,1.125066161155701
2,block3_h72_seed14,3537,small_full,2,left,0,0.6214123964309692,1.3459993600845337,1.36423921585083,0.0182398557662963,1.3914724588394165
2,block3_h72_seed14,3538,small_full,2,left,1,0.9985283613204956,1.5275429487228394,1.662430763244629,0.1348878145217895,1.5275429487228394
2,block3_h72_seed14,3539,small_full,1,right,1,0.9620816111564636,1.53669011592865,1.6230759620666504,0.0863858461380004,1.53669011592865
2,block3_h72_seed14,3540,small_full,4,backward,1,0.9941864013671876,1.6054681539535522,1.7102965116500854,0.1048283576965332,1.6054681539535522
2,block3_h72_seed14,3541,small_full,3,forward,1,0.3504111766815185,1.2231119871139526,1.2240595817565918,0.0009475946426391,1.2231119871139526
2,block3_h72_seed14,3542,small_full,3,forward,1,0.9786568284034728,1.7788556814193726,1.8616338968276975,0.0827782154083252,1.7788556814193726
2,block3_h72_seed14,3543,small_full,4,backward,1,0.988602578639984,1.1444133520126345,1.246994137763977,0.1025807857513427,1.1444133520126345
2,block3_h72_seed14,3544,small_full,2,left,1,0.4128341674804687,1.8079628944396973,1.8110146522521973,0.0030517578125,1.8079628944396973
2,block3_h72_seed14,3545,small_full,4,backward,1,0.9998934268951416,0.8622830510139465,1.0583864450454712,0.1961033940315246,0.8622830510139465
2,block3_h72_seed14,3546,small_full,4,backward,1,0.6652284264564514,1.6338669061660769,1.656778335571289,0.0229114294052124,1.6338669061660769
2,block3_h72_seed14,3547,small_full,1,right,1,0.9981420040130616,1.7924861907958984,1.9236019849777224,0.1311157941818237,1.7924861907958984
2,block3_h72_seed14,3549,small_full,4,backward,1,0.9891510009765624,0.9031071066856384,1.0085598230361938,0.1054527163505554,0.9031071066856384
2,block3_h72_seed14,3551,small_full,3,forward,1,0.9278818964958192,1.9900054931640625,2.0424814224243164,0.0524759292602539,1.9900054931640625
2,block3_h72_seed14,3552,small_full,3,forward,1,0.9999805688858032,1.10070538520813,1.3216789960861206,0.2209736108779907,1.10070538520813
2,block3_h72_seed14,3553,small_full,2,left,1,0.9919719696044922,1.8439545631408687,1.948363304138184,0.1044087409973144,1.8439545631408687
2,block3_h72_seed14,3554,small_full,2,left,1,0.9976890087127686,0.9771357178688048,1.0990042686462402,0.1218685507774353,0.9771357178688048
2,block3_h72_seed14,3555,small_full,4,backward,1,0.9594157934188844,1.8900200128555296,1.9533544778823853,0.0633344650268554,1.8900200128555296
2,block3_h72_seed14,3556,small_full,4,backward,0,0.6236554980278015,1.719050407409668,1.732548713684082,0.013498306274414,1.732548713684082
2,block3_h72_seed14,3557,small_full,1,right,1,0.9725199341773988,1.0540854930877686,1.1277529001235962,0.0736674070358276,1.0540854930877686
2,block3_h72_seed14,3559,small_full,3,forward,1,0.9999600648880004,0.7660999298095703,0.9722780585289,0.2061781287193298,0.7660999298095703
2,block3_h72_seed14,3560,small_full,2,left,0,0.5211430191993713,1.2381175756454468,1.243658185005188,0.0055406093597412,1.2753775119781494
2,block3_h72_seed14,3561,small_full,3,forward,0,0.5100545287132263,1.5038002729415894,1.5091687440872192,0.0053684711456298,1.5384303331375122
2,block3_h72_seed14,3563,small_full,4,backward,1,0.9463819861412048,1.2741771936416626,1.3396021127700806,0.0654249191284179,1.2741771936416626
2,block3_h72_seed14,3564,small_full,1,right,1,0.7758729457855225,1.7597368955612185,1.7965754270553589,0.0368385314941406,1.7597368955612185
2,block3_h72_seed14,3565,small_full,2,left,1,0.9999817609786988,1.1212090253829956,1.35722553730011,0.2360165119171142,1.1212090253829956
2,block3_h72_seed14,3566,small_full,3,forward,1,0.9510805010795592,0.986952781677246,1.0592427253723145,0.0722899436950683,0.986952781677246
2,block3_h72_seed14,3568,small_full,3,forward,1,0.999977707862854,1.849037170410156,2.0633111000061035,0.2142739295959472,1.849037170410156
2,block3_h72_seed14,3569,small_full,1,right,1,0.971124231815338,1.2132362127304075,1.286329984664917,0.0730937719345092,1.2132362127304075
2,block3_h72_seed14,3570,small_full,3,forward,1,0.9999880790710448,0.9578673243522644,1.1860510110855105,0.2281836867332458,0.9578673243522644
2,block3_h72_seed14,3571,small_full,1,right,0,0.8079969882965088,1.3948068618774414,1.4240103960037231,0.0292035341262817,1.4996343851089478
2,block3_h72_seed14,3572,small_full,2,left,1,0.9983153343200684,1.7221498489379885,1.8671445846557615,0.1449947357177734,1.7221498489379885
2,block3_h72_seed14,3573,small_full,2,left,0,0.3760446906089782,1.7363964319229126,1.7375288009643557,0.0011323690414428,1.7375288009643557
2,block3_h72_seed14,3574,small_full,2,left,0,0.6691926121711731,1.0077651739120483,1.0223051309585571,0.0145399570465087,1.1079835891723633
2,block3_h72_seed14,3575,small_full,4,backward,1,0.9994124174118042,0.956521213054657,1.109315037727356,0.1527938246726989,0.956521213054657
2,block3_h72_seed14,3576,small_full,2,left,0,0.3598615229129791,1.178367257118225,1.1813079118728638,0.0029406547546386,1.1813079118728638
2,block3_h72_seed14,3578,small_full,4,backward,1,0.9823102355003356,1.679054856300354,1.759696125984192,0.0806412696838378,1.679054856300354
2,block3_h72_seed14,3579,small_full,3,forward,1,0.9444607496261596,1.9208062887191768,1.9887380599975584,0.0679317712783813,1.9208062887191768
2,block3_h72_seed14,3580,small_full,1,right,1,0.9297958612442015,1.341024398803711,1.403450608253479,0.062426209449768,1.341024398803711
2,block3_h72_seed14,3581,small_full,1,right,0,0.7169193029403687,1.5070061683654783,1.5269150733947754,0.0199089050292968,1.5269150733947754
2,block3_h72_seed14,3582,small_full,1,right,1,0.9841269850730896,1.3395265340805054,1.436746597290039,0.0972200632095336,1.3395265340805054
2,block3_h72_seed14,3583,small_full,3,forward,1,0.9936237335205078,0.88140469789505,0.9937836527824402,0.1123789548873901,0.88140469789505
2,block3_h72_seed14,3584,small_full,2,left,1,0.4235843122005462,1.7853256464004517,1.7927967309951782,0.0074710845947265,1.7853256464004517
2,block3_h72_seed14,3585,small_full,4,backward,1,0.9843122363090516,1.6884498596191406,1.771626114845276,0.0831762552261352,1.6884498596191406
2,block3_h72_seed14,3586,small_full,1,right,1,0.9998672008514404,1.3177186250686646,1.5180301666259766,0.200311541557312,1.3177186250686646
2,block3_h72_seed14,3587,small_full,4,backward,1,0.9993571639060974,0.9042995572090148,1.0554453134536743,0.1511457562446594,0.9042995572090148
2,block3_h72_seed14,3588,small_full,4,backward,1,0.9997599720954896,0.8824565410614014,1.056576371192932,0.1741198301315307,0.8824565410614014
2,block3_h72_seed14,3589,small_full,4,backward,1,0.9987673759460448,1.7374601364135742,1.885443329811096,0.1479831933975219,1.7374601364135742
2,block3_h72_seed14,3590,small_full,3,forward,1,0.969212293624878,1.973350048065185,2.0547521114349365,0.0814020633697509,1.973350048065185
2,block3_h72_seed14,3591,small_full,3,forward,0,0.4380539953708648,1.7947505712509155,1.79562246799469,0.0008718967437744,1.818809151649475
2,block3_h72_seed14,3593,small_full,4,backward,1,0.9999983310699464,1.0358275175094604,1.3067058324813845,0.2708783149719238,1.0358275175094604
2,block3_h72_seed14,3594,small_full,4,backward,1,0.9997438788414,0.9016718864440918,1.0721949338912964,0.1705230474472046,0.9016718864440918
2,block3_h72_seed14,3595,small_full,4,backward,1,0.9998006224632264,0.9042995572090148,1.0804535150527954,0.1761539578437805,0.9042995572090148
2,block3_h72_seed14,3596,small_full,2,left,1,0.9980061650276184,1.859910607337952,2.000672578811645,0.1407619714736938,1.859910607337952
2,block3_h72_seed14,3597,small_full,1,right,1,0.9830058217048644,1.790843486785889,1.8879023790359497,0.097058892250061,1.790843486785889
2,block3_h72_seed14,3598,small_full,1,right,0,0.624737024307251,1.2865643501281738,1.3112908601760864,0.0247265100479125,1.3470667600631714
2,block3_h72_seed14,3599,small_full,1,right,0,0.4028186500072479,1.9591022729873655,1.9622761011123655,0.003173828125,1.9706827402114868
2,block3_h72_seed14,3600,small_full,1,right,0,0.7210032939910889,1.5070061683654783,1.5269150733947754,0.0199089050292968,1.5269150733947754
2,block3_h72_seed14,3601,small_full,2,left,1,0.9608868956565856,1.782832145690918,1.8472853899002075,0.0644532442092895,1.782832145690918
2,block3_h72_seed14,3602,small_full,3,forward,0,0.9459284543991088,0.8412647247314453,0.9145247340202332,0.0732600092887878,0.9145247340202332
2,block3_h72_seed14,3603,small_full,2,left,1,0.8342235088348389,1.1472722291946411,1.190868854522705,0.0435966253280639,1.1472722291946411
2,block3_h72_seed14,3604,small_full,4,backward,1,0.8342603445053101,1.5054105520248413,1.5393203496932983,0.033909797668457,1.5054105520248413
2,block3_h72_seed14,3606,small_full,2,left,1,0.9999788999557496,1.1683244705200195,1.3900233507156372,0.2216988801956176,1.1683244705200195
2,block3_h72_seed14,3608,small_full,3,forward,1,0.9988872408866882,0.9007903933525084,1.053832769393921,0.1530423760414123,0.9007903933525084
2,block3_h72_seed14,3609,small_full,1,right,1,0.9006145000457764,1.370134353637695,1.4207502603530884,0.050615906715393,1.370134353637695
2,block3_h72_seed14,3610,small_full,4,backward,1,0.9829819798469543,1.7436347007751465,1.8248029947280884,0.0811682939529419,1.7436347007751465
2,block3_h72_seed14,3611,small_full,3,forward,0,0.5751415491104126,1.446009635925293,1.4568791389465332,0.0108695030212402,1.4568791389465332
2,block3_h72_seed14,3612,small_full,4,backward,1,0.9999878406524658,0.8334136009216309,1.074567198753357,0.241153597831726,0.8334136009216309
2,block3_h72_seed14,3613,small_full,3,forward,1,0.9755210280418396,1.5572638511657717,1.6436430215835571,0.0863791704177856,1.5572638511657717
2,block3_h72_seed14,3614,small_full,1,right,1,0.9999845027923584,1.2869678735733032,1.521748423576355,0.2347805500030517,1.2869678735733032
2,block3_h72_seed14,3615,small_full,1,right,1,0.8970943093299866,1.662541389465332,1.7162723541259766,0.0537309646606445,1.662541389465332
2,block3_h72_seed14,3616,small_full,3,forward,1,0.9974243640899658,1.070496916770935,1.200690507888794,0.1301935911178589,1.070496916770935
2,block3_h72_seed14,3617,small_full,2,left,1,0.4139679372310638,1.184808611869812,1.1922259330749512,0.0074173212051391,1.184808611869812
2,block3_h72_seed14,3618,small_full,3,forward,1,0.9638601541519164,0.986952781677246,1.0592427253723145,0.0722899436950683,0.986952781677246
2,block3_h72_seed14,3619,small_full,1,right,1,0.4927877783775329,1.48393714427948,1.484465718269348,0.0005285739898681,1.48393714427948
2,block3_h72_seed14,3620,small_full,3,forward,0,0.4179512560367584,1.6457589864730835,1.646975040435791,0.0012160539627075,1.646975040435791
2,block3_h72_seed14,3621,small_full,3,forward,1,0.9865497946739196,0.8732052445411682,0.969093382358551,0.0958881378173828,0.8732052445411682
2,block3_h72_seed14,3622,small_full,3,forward,1,0.9736663699150084,1.3061482906341553,1.3851011991500854,0.0789529085159301,1.3061482906341553
2,block3_h72_seed14,3623,small_full,1,right,1,0.9921066761016846,2.058921813964844,2.1626172065734863,0.1036953926086425,2.058921813964844
2,block3_h72_seed14,3624,small_full,4,backward,1,0.999941349029541,0.8334136009216309,1.0289198160171509,0.19550621509552,0.8334136009216309
2,block3_h72_seed14,3625,small_full,2,left,1,0.9856987595558168,1.5465494394302368,1.6338157653808594,0.0872663259506225,1.5465494394302368
2,block3_h72_seed14,3626,small_full,2,left,0,0.4489358961582184,1.7365392446517944,1.736584186553955,4.494190216064453e-05,1.7660460472106934
2,block3_h72_seed14,3627,small_full,2,left,1,0.717668890953064,1.9775482416152956,2.0053870677948,0.0278388261795043,1.9775482416152956
2,block3_h72_seed14,3628,small_full,1,right,1,0.9996098875999452,1.178053855895996,1.3524845838546753,0.1744307279586792,1.178053855895996
2,block3_h72_seed14,3629,small_full,4,backward,0,0.8449416756629944,1.7926359176635742,1.832411289215088,0.0397753715515136,1.832411289215088
2,block3_h72_seed14,3631,small_full,1,right,1,0.9936827421188354,1.3289645910263062,1.4325908422470093,0.1036262512207031,1.3289645910263062
2,block3_h72_seed14,3633,small_full,4,backward,1,0.9999885559082032,0.9162505269050598,1.1479820013046265,0.2317314743995666,0.9162505269050598
2,block3_h72_seed14,3634,small_full,4,backward,1,0.9217501282691956,1.4590846300125122,1.5157710313796997,0.0566864013671875,1.4590846300125122
2,block3_h72_seed14,3637,small_full,4,backward,1,0.6937954425811768,1.9136863946914675,1.930371642112732,0.0166852474212646,1.9136863946914675
2,block3_h72_seed14,3638,small_full,3,forward,1,0.9999912977218628,0.7153375148773193,0.9605140686035156,0.2451765537261963,0.7153375148773193
2,block3_h72_seed14,3639,small_full,3,forward,1,0.9980993866920472,1.659122109413147,1.787200927734375,0.128078818321228,1.659122109413147
2,block3_h72_seed14,3640,small_full,4,backward,1,0.4391326606273651,1.2741771936416626,1.2766269445419312,0.0024497509002685,1.2741771936416626
2,block3_h72_seed14,3642,small_full,1,right,1,0.9542651176452636,1.7179123163223269,1.7811015844345093,0.0631892681121826,1.7179123163223269
2,block3_h72_seed14,3643,small_full,1,right,1,0.9071580171585084,1.6749805212020874,1.7358742952346802,0.0608937740325927,1.6749805212020874
2,block3_h72_seed14,3644,small_full,1,right,1,0.8252429962158203,1.7597368955612185,1.8050400018692017,0.0453031063079834,1.7597368955612185
2,block3_h72_seed14,3645,small_full,1,right,1,0.9977426528930664,1.1752517223358154,1.3066774606704712,0.1314257383346557,1.1752517223358154
2,block3_h72_seed14,3646,small_full,3,forward,1,0.9663164019584656,1.2045530080795288,1.2835315465927124,0.0789785385131836,1.2045530080795288
2,block3_h72_seed14,3647,small_full,3,forward,1,0.9999992847442628,1.0356837511062622,1.3361395597457886,0.3004558086395263,1.0356837511062622
2,block3_h72_seed14,3648,small_full,4,backward,1,0.6760743260383606,1.6338669061660769,1.656778335571289,0.0229114294052124,1.6338669061660769
2,block3_h72_seed14,3649,small_full,3,forward,0,0.7680951356887817,1.5994305610656738,1.6311216354370115,0.0316910743713378,1.6311216354370115
2,block3_h72_seed14,3651,small_full,4,backward,1,0.9984983205795288,1.624361515045166,1.7635825872421265,0.1392210721969604,1.624361515045166
2,block3_h72_seed14,3652,small_full,4,backward,1,0.9999979734420776,0.8351540565490723,1.0978713035583496,0.2627172470092773,0.8351540565490723
2,block3_h72_seed14,3653,small_full,3,forward,1,0.9982492923736572,1.783920407295227,1.91621196269989,0.132291555404663,1.783920407295227
2,block3_h72_seed14,3654,small_full,4,backward,1,0.9999762773513794,0.8334136009216309,1.049761414527893,0.2163478136062622,0.8334136009216309
2,block3_h72_seed14,3655,small_full,2,left,0,0.5213049054145813,1.2381175756454468,1.243658185005188,0.0055406093597412,1.2753775119781494
2,block3_h72_seed14,3656,small_full,1,right,0,0.7201985120773315,1.5070061683654783,1.5269150733947754,0.0199089050292968,1.5269150733947754
2,block3_h72_seed14,3657,small_full,4,backward,1,0.9641332626342772,1.7442563772201538,1.8265849351882932,0.0823285579681396,1.7442563772201538
2,block3_h72_seed14,3660,small_full,1,right,1,0.7341601252555847,1.6272530555725098,1.6592460870742798,0.03199303150177,1.6272530555725098
2,block3_h72_seed14,3661,small_full,2,left,1,0.7798756957054138,1.6139198541641235,1.645594596862793,0.0316747426986694,1.6139198541641235
2,block3_h72_seed14,3662,small_full,1,right,1,0.988749623298645,1.857073783874512,1.9579252004623413,0.1008514165878295,1.857073783874512
2,block3_h72_seed14,3665,small_full,2,left,0,0.433171272277832,1.403048396110535,1.4174925088882446,0.0144441127777099,1.4174925088882446
2,block3_h72_seed14,3666,small_full,3,forward,1,0.9593411087989808,1.8508976697921755,1.9240127801895144,0.0731151103973388,1.8508976697921755
2,block3_h72_seed14,3667,small_full,3,forward,1,0.9937738180160522,1.9015568494796755,2.012422800064087,0.1108659505844116,1.9015568494796755
2,block3_h72_seed14,3670,small_full,2,left,1,0.9999924898147584,1.1683244705200195,1.4148622751235962,0.2465378046035766,1.1683244705200195
2,block3_h72_seed14,3671,small_full,1,right,1,0.6703444719314575,1.688299536705017,1.703863263130188,0.0155637264251708,1.688299536705017
2,block3_h72_seed14,3674,small_full,1,right,1,0.9909341335296632,1.8318315744400024,1.9391794204711916,0.1073478460311889,1.8318315744400024
2,block3_h72_seed14,3675,small_full,3,forward,1,0.9998167157173156,1.8504992723464968,2.028461456298828,0.1779621839523315,1.8504992723464968
2,block3_h72_seed14,3676,small_full,1,right,0,0.6052629351615906,1.550697684288025,1.5783237218856812,0.0276260375976562,1.5850814580917358
2,block3_h72_seed14,3677,small_full,2,left,0,0.974787414073944,1.8728243112564087,1.953705191612244,0.0808808803558349,1.953705191612244
2,block3_h72_seed14,3678,small_full,4,backward,1,0.9344274997711182,1.2784956693649292,1.3411768674850464,0.0626811981201171,1.2784956693649292
2,block3_h72_seed14,3679,small_full,2,left,1,0.924191415309906,1.9733538627624512,2.039133787155152,0.0657799243927002,1.9733538627624512
2,block3_h72_seed14,3680,small_full,2,left,0,0.6158778667449951,1.618099570274353,1.6440221071243286,0.0259225368499755,1.6462279558181765
2,block3_h72_seed14,3681,small_full,2,left,1,0.9992735981941224,1.0197376012802124,1.180557131767273,0.1608195304870605,1.0197376012802124
2,block3_h72_seed14,3682,small_full,2,left,1,0.9654252529144288,2.0674705505371094,2.1491732597351074,0.081702709197998,2.0674705505371094
2,block3_h72_seed14,3683,small_full,4,backward,0,0.9295378923416138,1.6761560440063477,1.732548713684082,0.0563926696777343,1.732548713684082
2,block3_h72_seed14,3684,small_full,1,right,1,0.9956257343292236,1.115347981452942,1.2253855466842651,0.1100375652313232,1.115347981452942
2,block3_h72_seed14,3685,small_full,4,backward,1,0.9999980926513672,0.9644076228141784,1.2419663667678833,0.2775587439537048,0.9644076228141784
2,block3_h72_seed14,3686,small_full,3,forward,1,0.9738285541534424,1.449285864830017,1.52618408203125,0.0768982172012329,1.449285864830017
2,block3_h72_seed14,3689,small_full,4,backward,1,0.9997588992118835,0.9016718864440918,1.0721949338912964,0.1705230474472046,0.9016718864440918
2,block3_h72_seed14,3690,small_full,1,right,1,0.9993081092834472,1.751564860343933,1.9087775945663448,0.1572127342224121,1.751564860343933
2,block3_h72_seed14,3691,small_full,2,left,1,0.9737334847450256,1.8294172286987305,1.9035974740982056,0.0741802453994751,1.8294172286987305
2,block3_h72_seed14,3692,small_full,3,forward,1,0.9999986886978148,1.0356837511062622,1.3211201429367063,0.2854363918304443,1.0356837511062622
2,block3_h72_seed14,3693,small_full,4,backward,1,0.9253407120704652,1.624361515045166,1.6857649087905884,0.0614033937454223,1.624361515045166
2,block3_h72_seed14,3694,small_full,1,right,1,0.9641686081886292,1.0706087350845337,1.139028787612915,0.0684200525283813,1.0706087350845337
2,block3_h72_seed14,3695,small_full,2,left,1,0.9996633529663086,1.0197376012802124,1.183547019958496,0.1638094186782837,1.0197376012802124
2,block3_h72_seed14,3696,small_full,1,right,1,0.6602519750595093,1.810801863670349,1.827832579612732,0.0170307159423828,1.810801863670349
2,block3_h72_seed14,3697,small_full,2,left,0,0.4133033752441406,1.5102607011795044,1.5154337882995603,0.0051730871200561,1.5192556381225586
2,block3_h72_seed14,3698,small_full,1,right,1,0.9996542930603028,1.178053855895996,1.3524845838546753,0.1744307279586792,1.178053855895996
2,block3_h72_seed14,3699,small_full,4,backward,0,0.44241464138031,1.3797550201416016,1.3866044282913208,0.0068494081497192,1.3866044282913208
2,block3_h72_seed14,3700,small_full,4,backward,1,0.998991310596466,1.610148787498474,1.750266671180725,0.1401178836822509,1.610148787498474
2,block3_h72_seed14,3701,small_full,4,backward,1,0.9823985695838928,1.5661535263061523,1.6472340822219849,0.0810805559158325,1.5661535263061523
2,block3_h72_seed14,3703,small_full,1,right,1,0.9042810201644896,1.5386167764663696,1.5982723236083984,0.0596555471420288,1.5386167764663696
2,block3_h72_seed14,3704,small_full,4,backward,1,0.8764550089836121,1.929800629615784,1.9690083265304563,0.0392076969146728,1.929800629615784
2,block3_h72_seed14,3705,small_full,1,right,1,0.9991194605827332,1.220302939414978,1.376987099647522,0.1566841602325439,1.220302939414978
2,block3_h72_seed14,3706,small_full,1,right,1,0.9997761845588684,1.102288842201233,1.2767850160598757,0.1744961738586425,1.102288842201233
2,block3_h72_seed14,3707,small_full,4,backward,1,0.7927654385566711,1.753153920173645,1.7871246337890625,0.0339707136154174,1.753153920173645
2,block3_h72_seed14,3708,small_full,3,forward,1,0.9974206686019896,0.8496288657188416,0.9844095706939696,0.1347807049751281,0.8496288657188416
2,block3_h72_seed14,3709,small_full,2,left,0,0.5743055939674377,1.736303210258484,1.753231644630432,0.0169284343719482,1.753231644630432
2,block3_h72_seed14,3710,small_full,3,forward,1,0.3504111766815185,1.2231119871139526,1.2240595817565918,0.0009475946426391,1.2231119871139526
2,block3_h72_seed14,3712,small_full,2,left,1,0.4131280481815338,1.5940518379211426,1.597783088684082,0.0037312507629394,1.5940518379211426
2,block3_h72_seed14,3713,small_full,4,backward,1,0.95406574010849,1.768314242362976,1.829317927360535,0.0610036849975585,1.768314242362976
2,block3_h72_seed14,3716,small_full,3,forward,1,0.990198016166687,2.001351356506348,2.09460973739624,0.0932583808898925,2.001351356506348
2,block3_h72_seed14,3717,small_full,1,right,1,0.9999558925628662,1.240923285484314,1.4626363515853882,0.2217130661010742,1.240923285484314
2,block3_h72_seed14,3718,small_full,4,backward,1,0.9949837923049928,1.7315425872802734,1.850197911262512,0.1186553239822387,1.7315425872802734
2,block3_h72_seed14,3719,small_full,3,forward,1,0.7437580823898315,1.2979251146316528,1.3344234228134155,0.0364983081817626,1.2979251146316528
2,block3_h72_seed14,3720,small_full,2,left,0,0.9152971506118774,1.1947118043899536,1.24261212348938,0.0479003190994262,1.329959750175476
2,block3_h72_seed14,3721,small_full,1,right,1,0.9017733931541444,1.29169499874115,1.3533464670181274,0.0616514682769775,1.29169499874115
2,block3_h72_seed14,3722,small_full,3,forward,1,0.9984970092773438,1.5901899337768557,1.7241417169570925,0.1339517831802368,1.5901899337768557
2,block3_h72_seed14,3724,small_full,4,backward,1,0.9632251858711244,1.8268102407455444,1.895136475563049,0.0683262348175048,1.8268102407455444
2,block3_h72_seed14,3726,small_full,1,right,1,0.99394553899765,1.857073783874512,1.9676557779312132,0.1105819940567016,1.857073783874512
2,block3_h72_seed14,3727,small_full,2,left,0,0.5623576641082764,1.4503469467163086,1.469844937324524,0.0194979906082153,1.469844937324524
2,block3_h72_seed14,3728,small_full,4,backward,1,0.8896099328994751,0.8739258646965027,0.9176106452941896,0.0436847805976867,0.8739258646965027
2,block3_h72_seed14,3729,small_full,1,right,1,0.9999895095825196,1.2869678735733032,1.5302438735961914,0.2432760000228881,1.2869678735733032
2,block3_h72_seed14,3730,small_full,3,forward,0,0.5787922739982605,0.8519940972328186,0.8583765029907227,0.006382405757904,0.9922568798065186
2,block3_h72_seed14,3731,small_full,3,forward,1,0.9152228832244872,2.0609586238861084,2.1242430210113525,0.0632843971252441,2.0609586238861084
2,block3_h72_seed14,3732,small_full,4,backward,1,0.9995670914649964,1.608029007911682,1.766757607460022,0.1587285995483398,1.608029007911682
2,block3_h72_seed14,3733,small_full,2,left,0,0.7573117017745972,1.123963475227356,1.146759271621704,0.0227957963943481,1.2817851305007937
2,block3_h72_seed14,3734,small_full,2,left,1,0.9524247646331788,1.6387100219726562,1.708743691444397,0.0700336694717407,1.6387100219726562
2,block3_h72_seed14,3735,small_full,3,forward,1,0.9988623857498168,0.9007903933525084,1.0517377853393557,0.1509473919868469,0.9007903933525084
2,block3_h72_seed14,3736,small_full,1,right,1,0.9587513208389282,1.7179123163223269,1.7811015844345093,0.0631892681121826,1.7179123163223269
2,block3_h72_seed14,3737,small_full,1,right,1,0.7280404567718506,1.3581146001815796,1.397436499595642,0.0393218994140625,1.3581146001815796
2,block3_h72_seed14,3738,small_full,3,forward,1,0.5226476192474365,1.85616397857666,1.8588966131210327,0.0027326345443725,1.85616397857666
2,block3_h72_seed14,3739,small_full,3,forward,1,0.9716663956642152,1.7741292715072632,1.8530009984970093,0.0788717269897461,1.7741292715072632
2,block3_h72_seed14,3741,small_full,2,left,1,0.9363699555397034,1.6421762704849243,1.7042717933654783,0.0620955228805542,1.6421762704849243
2,block3_h72_seed14,3743,small_full,4,backward,1,0.9599666595458984,1.586099624633789,1.6630882024765017,0.0769885778427124,1.586099624633789
2,block3_h72_seed14,3744,small_full,2,left,0,0.5330772399902344,1.7813118696212769,1.797526717185974,0.0162148475646972,1.801230788230896
2,block3_h72_seed14,3746,small_full,1,right,1,0.9906009435653688,1.2542113065719604,1.370720386505127,0.1165090799331665,1.2542113065719604
2,block3_h72_seed14,3749,small_full,2,left,0,0.5729958415031433,1.736303210258484,1.753231644630432,0.0169284343719482,1.753231644630432
2,block3_h72_seed14,3750,small_full,3,forward,1,0.9708837866783142,1.526049256324768,1.619001865386963,0.0929526090621948,1.526049256324768
2,block3_h72_seed14,3751,small_full,4,backward,1,0.8226262927055359,1.4737071990966797,1.512174129486084,0.0384669303894043,1.4737071990966797
2,block3_h72_seed14,3753,small_full,1,right,1,0.6720070838928223,1.6909929513931274,1.7067455053329468,0.0157525539398193,1.6909929513931274
2,block3_h72_seed14,3756,small_full,4,backward,1,0.9830033779144288,1.8900200128555296,1.971357345581055,0.0813373327255249,1.8900200128555296
2,block3_h72_seed14,3757,small_full,1,right,1,0.982331395149231,0.9792887568473816,1.0681613683700562,0.0888726115226745,0.9792887568473816
2,block3_h72_seed14,3758,small_full,3,forward,1,0.7509639859199524,1.1008402109146118,1.1257139444351196,0.0248737335205078,1.1008402109146118
2,block3_h72_seed14,3759,small_full,1,right,0,0.427598088979721,1.6186857223510742,1.6217422485351562,0.003056526184082,1.6217422485351562
2,block3_h72_seed14,3760,small_full,1,right,1,0.9750619530677797,1.5795607566833496,1.666266918182373,0.0867061614990234,1.5795607566833496
2,block3_h72_seed14,3761,small_full,1,right,1,0.983578324317932,1.032607078552246,1.1206709146499634,0.0880638360977172,1.032607078552246
2,block3_h72_seed14,3762,small_full,1,right,1,0.6765580177307129,1.7949528694152832,1.8202041387557983,0.0252512693405151,1.7949528694152832
2,block3_h72_seed14,3763,small_full,3,forward,1,0.9856593012809752,1.4821629524230957,1.5808534622192385,0.0986905097961425,1.4821629524230957
2,block3_h72_seed14,3765,small_full,4,backward,1,0.9998990297317504,1.0098782777786257,1.1981000900268557,0.1882218122482299,1.0098782777786257
2,block3_h72_seed14,3768,small_full,4,backward,0,0.7501917481422424,1.075830340385437,1.099565029144287,0.02373468875885,1.1476774215698242
2,block3_h72_seed14,3769,small_full,4,backward,0,0.6516228318214417,1.8375850915908811,1.8541847467422483,0.0165996551513671,1.8541847467422483
2,block3_h72_seed14,3770,small_full,2,left,0,0.6474546194076538,1.587734580039978,1.6002334356307983,0.0124988555908203,1.6878385543823242
2,block3_h72_seed14,3771,small_full,3,forward,0,0.4800680875778198,1.4956250190734863,1.5055818557739258,0.0099568367004394,1.5055818557739258
2,block3_h72_seed14,3772,small_full,2,left,0,0.5761531591415405,1.2380270957946775,1.244187831878662,0.0061607360839843,1.392377853393555
2,block3_h72_seed14,3773,small_full,4,backward,1,0.6534678936004639,1.7883572578430176,1.804136872291565,0.0157796144485473,1.7883572578430176
2,block3_h72_seed14,3774,small_full,2,left,0,0.6823304891586304,1.3889274597167969,1.4131836891174316,0.0242562294006347,1.4251724481582642
2,block3_h72_seed14,3775,small_full,3,forward,1,0.9971362352371216,1.3567651510238647,1.4931236505508425,0.1363584995269775,1.3567651510238647
2,block3_h72_seed14,3776,small_full,1,right,1,0.9532129168510436,1.3323183059692385,1.394879698753357,0.0625613927841186,1.3323183059692385
2,block3_h72_seed14,3777,small_full,1,right,1,0.4781775176525116,1.5554885864257812,1.5577417612075806,0.0022531747817993,1.5554885864257812
2,block3_h72_seed14,3778,small_full,4,backward,1,0.7183363437652588,1.7889200448989868,1.8171333074569704,0.0282132625579834,1.7889200448989868
2,block3_h72_seed14,3779,small_full,1,right,1,0.5827987790107727,1.4162979125976562,1.434425950050354,0.0181280374526977,1.4162979125976562
2,block3_h72_seed14,3780,small_full,2,left,1,0.979710340499878,1.4426568746566772,1.5233391523361206,0.0806822776794433,1.4426568746566772
2,block3_h72_seed14,3781,small_full,1,right,1,0.6392486095428467,1.3561807870864868,1.379985809326172,0.023805022239685,1.3561807870864868
2,block3_h72_seed14,3782,small_full,3,forward,1,0.9690036177635192,1.510649800300598,1.5930238962173462,0.082374095916748,1.510649800300598
2,block3_h72_seed14,3783,small_full,2,left,0,0.9355018734931946,1.2752748727798462,1.3289775848388672,0.0537027120590209,1.3289775848388672
2,block3_h72_seed14,3786,small_full,2,left,1,0.9999833106994628,1.1394939422607422,1.3725844621658323,0.2330905199050903,1.1394939422607422
2,block3_h72_seed14,3788,small_full,2,left,1,0.9148926734924316,1.7365851402282717,1.7852897644042969,0.0487046241760253,1.7365851402282717
2,block3_h72_seed14,3789,small_full,4,backward,1,0.9986910223960876,0.913508117198944,1.065927505493164,0.1524193882942199,0.913508117198944
2,block3_h72_seed14,3790,small_full,2,left,1,0.9449582695961,2.024914026260376,2.0825021266937256,0.0575881004333496,2.024914026260376
2,block3_h72_seed14,3791,small_full,3,forward,1,0.9983077049255372,1.713070273399353,1.8478938341140747,0.1348235607147216,1.713070273399353
2,block3_h72_seed14,3793,small_full,1,right,1,0.9996733665466307,1.1440739631652832,1.314881682395935,0.1708077192306518,1.1440739631652832
2,block3_h72_seed14,3794,small_full,3,forward,1,0.9988611936569214,0.8885768055915833,1.032915472984314,0.1443386673927307,0.8885768055915833
2,block3_h72_seed14,3796,small_full,2,left,0,0.5789323449134827,1.302985906600952,1.3147555589675903,0.0117696523666381,1.3147555589675903
2,block3_h72_seed14,3797,small_full,4,backward,1,0.9999998807907104,1.0473748445510864,1.3623048067092896,0.3149299621582031,1.0473748445510864
2,block3_h72_seed14,3798,small_full,2,left,1,0.9794460535049438,1.6387100219726562,1.722328782081604,0.0836187601089477,1.6387100219726562
2,block3_h72_seed14,3799,small_full,2,left,1,0.9995219707489014,1.7520993947982788,1.9056549072265625,0.1535555124282837,1.7520993947982788
2,block3_h72_seed14,3800,small_full,4,backward,1,0.9998879432678224,0.89588862657547,1.09176504611969,0.1958764195442199,0.89588862657547
2,block3_h72_seed14,3801,small_full,2,left,1,0.9999759197235109,1.1747359037399292,1.404023051261902,0.2292871475219726,1.1747359037399292
2,block3_h72_seed14,3802,small_full,2,left,0,0.9630564451217652,0.8208046555519104,0.8890447020530701,0.0682400465011596,0.9277165532112122
2,block3_h72_seed14,3804,small_full,4,backward,1,0.9778013825416564,1.6963609457015991,1.791307806968689,0.0949468612670898,1.6963609457015991
2,block3_h72_seed14,3805,small_full,1,right,1,0.5984433889389038,1.9081052541732788,1.920621514320373,0.0125162601470947,1.9081052541732788
2,block3_h72_seed14,3806,small_full,1,right,1,0.9984831213951112,1.2461495399475098,1.395621657371521,0.1494721174240112,1.2461495399475098
2,block3_h72_seed14,3807,small_full,4,backward,1,0.993416428565979,1.8417234420776367,1.9507204294204712,0.1089969873428344,1.8417234420776367
2,block3_h72_seed14,3808,small_full,2,left,1,0.9788665175437928,2.105860710144043,2.183595895767212,0.0777351856231689,2.105860710144043
2,block3_h72_seed14,3809,small_full,1,right,1,0.9356024861335754,1.758016586303711,1.831722617149353,0.073706030845642,1.758016586303711
2,block3_h72_seed14,3810,small_full,4,backward,1,0.7400302290916443,1.578039050102234,1.6029934883117676,0.0249544382095336,1.578039050102234
2,block3_h72_seed14,3811,small_full,3,forward,1,0.9233503341674804,1.3981084823608398,1.451582908630371,0.0534744262695312,1.3981084823608398
2,block3_h72_seed14,3813,small_full,3,forward,1,0.7429693341255188,1.2979251146316528,1.3344234228134155,0.0364983081817626,1.2979251146316528
2,block3_h72_seed14,3815,small_full,3,forward,1,0.9504109025001526,1.4971696138381958,1.5599361658096311,0.0627665519714355,1.4971696138381958
2,block3_h72_seed14,3816,small_full,4,backward,1,0.982377290725708,1.5661535263061523,1.6472340822219849,0.0810805559158325,1.5661535263061523
2,block3_h72_seed14,3817,small_full,3,forward,1,0.9856888055801392,2.1084673404693604,2.2063353061676025,0.0978679656982421,2.1084673404693604
2,block3_h72_seed14,3818,small_full,2,left,1,0.76209557056427,1.8452104330062864,1.8696212768554688,0.0244108438491821,1.8452104330062864
2,block3_h72_seed14,3819,small_full,4,backward,1,0.993808925151825,1.679054856300354,1.782106876373291,0.103052020072937,1.679054856300354
2,block3_h72_seed14,3820,small_full,3,forward,1,0.9999083280563354,0.7660999298095703,0.9563970565795898,0.1902971267700195,0.7660999298095703
2,block3_h72_seed14,3821,small_full,1,right,1,0.989243745803833,1.2542113065719604,1.3677915334701538,0.1135802268981933,1.2542113065719604
2,block3_h72_seed14,3822,small_full,2,left,0,0.6518664956092834,2.169430017471313,2.198726177215576,0.0292961597442626,2.2033116817474365
2,block3_h72_seed14,3823,small_full,1,right,0,0.5612996220588684,1.550697684288025,1.5700149536132812,0.0193172693252563,1.5850814580917358
2,block3_h72_seed14,3824,small_full,3,forward,1,0.963347315788269,0.8689999580383301,0.9389961361885072,0.069996178150177,0.8689999580383301
2,block3_h72_seed14,3825,small_full,1,right,1,0.9740630984306335,1.53669011592865,1.6230759620666504,0.0863858461380004,1.53669011592865
2,block3_h72_seed14,3826,small_full,3,forward,1,0.7429693341255188,1.2979251146316528,1.3344234228134155,0.0364983081817626,1.2979251146316528
2,block3_h72_seed14,3828,small_full,4,backward,0,0.911613404750824,1.4992824792861938,1.5465478897094729,0.0472654104232788,1.5465478897094729
2,block3_h72_seed14,3829,small_full,3,forward,1,0.9911104440689088,1.07826566696167,1.177203893661499,0.0989382266998291,1.07826566696167
2,block3_h72_seed14,3830,small_full,2,left,1,0.9897835850715636,1.042327880859375,1.1362648010253906,0.0939369201660156,1.042327880859375
2,block3_h72_seed14,3831,small_full,4,backward,1,0.9999818801879884,0.9334047436714172,1.1631708145141602,0.2297660708427429,0.9334047436714172
2,block3_h72_seed14,3832,small_full,2,left,1,0.5869977474212646,1.3114957809448242,1.331151843070984,0.0196560621261596,1.3114957809448242
2,block3_h72_seed14,3833,small_full,2,left,0,0.9137340188026428,0.8463284969329834,0.8941786885261536,0.0478501915931701,0.8941786885261536
2,block3_h72_seed14,3835,small_full,3,forward,1,0.9930083751678468,1.9009815454483032,2.005867719650269,0.1048861742019653,1.9009815454483032
2,block3_h72_seed14,3836,small_full,1,right,1,0.996582806110382,1.178053855895996,1.2929586172103882,0.114904761314392,1.178053855895996
2,block3_h72_seed14,3838,small_full,3,forward,1,0.98032146692276,1.6845766305923462,1.7699600458145142,0.0853834152221679,1.6845766305923462
2,block3_h72_seed14,3839,small_full,1,right,1,0.8492457270622253,1.7618738412857056,1.804151177406311,0.0422773361206054,1.7618738412857056
2,block3_h72_seed14,3841,small_full,3,forward,1,0.9669613242149352,1.449285864830017,1.52618408203125,0.0768982172012329,1.449285864830017
2,block3_h72_seed14,3842,small_full,3,forward,1,0.9900672435760498,1.9015568494796755,2.0037434101104736,0.1021865606307983,1.9015568494796755
2,block3_h72_seed14,3843,small_full,4,backward,0,0.7137258648872375,1.3280705213546753,1.3494771718978882,0.0214066505432128,1.3866044282913208
2,block3_h72_seed14,3844,small_full,2,left,0,0.5591925382614136,1.545563817024231,1.550920009613037,0.0053561925888061,1.625630021095276
2,block3_h72_seed14,3846,small_full,4,backward,1,0.9999971389770508,0.962043285369873,1.2215194702148438,0.2594761848449707,0.962043285369873
2,block3_h72_seed14,3847,small_full,1,right,1,0.9126929044723512,1.3784226179122925,1.4326286315917969,0.0542060136795043,1.3784226179122925
2,block3_h72_seed14,3848,small_full,3,forward,0,0.8933133482933044,0.9321000576019288,0.9799525141716005,0.0478524565696716,1.0045722723007202
2,block3_h72_seed14,3849,small_full,2,left,0,0.6282110214233398,1.334048867225647,1.3466330766677856,0.0125842094421386,1.3926154375076294
2,block3_h72_seed14,3850,small_full,3,forward,1,0.99233740568161,1.807107925415039,1.9146943092346191,0.10758638381958,1.807107925415039
2,block3_h72_seed14,3851,small_full,4,backward,1,0.895684003829956,1.6195987462997437,1.6834931373596191,0.0638943910598754,1.6195987462997437
2,block3_h72_seed14,3852,small_full,1,right,1,0.4245831072330475,1.4228016138076782,1.4262208938598633,0.003419280052185,1.4228016138076782
2,block3_h72_seed14,3853,small_full,2,left,1,0.9368681907653807,1.6356287002563477,1.6935979127883911,0.0579692125320434,1.6356287002563477
2,block3_h72_seed14,3854,small_full,2,left,1,0.9981271624565125,0.9719117283821106,1.1070934534072876,0.135181725025177,0.9719117283821106
2,block3_h72_seed14,3855,small_full,1,right,1,0.98832368850708,1.0823001861572266,1.1768180131912231,0.0945178270339965,1.0823001861572266
2,block3_h72_seed14,3856,small_full,1,right,1,0.5335175395011902,1.8828099966049197,1.8879175186157229,0.0051075220108032,1.8828099966049197
2,block3_h72_seed14,3857,small_full,1,right,0,0.6287012696266174,1.5090776681900024,1.5233969688415527,0.0143193006515502,1.5233969688415527
2,block3_h72_seed14,3858,small_full,1,right,1,0.9999994039535522,1.287752985954285,1.5832723379135132,0.2955193519592285,1.287752985954285
2,block3_h72_seed14,3859,small_full,1,right,1,0.5470937490463257,1.3561807870864868,1.3763285875320437,0.0201478004455566,1.3561807870864868
2,block3_h72_seed14,3860,small_full,3,forward,1,0.9995412826538086,1.3878802061080933,1.5438097715377808,0.1559295654296875,1.3878802061080933
2,block3_h72_seed14,3862,small_full,3,forward,1,0.7756508588790894,1.7045594453811646,1.7310075759887695,0.0264481306076049,1.7045594453811646
2,block3_h72_seed14,3863,small_full,3,forward,0,0.5805960297584534,1.3000835180282593,1.315789818763733,0.0157063007354736,1.315789818763733
2,block3_h72_seed14,3864,small_full,1,right,1,0.9995490908622742,1.1053287982940674,1.2691073417663574,0.16377854347229,1.1053287982940674
2,block3_h72_seed14,3865,small_full,2,left,1,0.9823510646820068,2.148091077804565,2.228595018386841,0.0805039405822753,2.148091077804565
2,block3_h72_seed14,3866,small_full,2,left,1,0.9999524354934692,1.0883036851882937,1.3011040687561035,0.21280038356781,1.0883036851882937
2,block3_h72_seed14,3868,small_full,4,backward,0,0.5478580594062805,1.3939152956008911,1.4067754745483398,0.0128601789474487,1.4067754745483398
2,block3_h72_seed14,3869,small_full,3,forward,1,0.9994496703147888,1.783920407295227,1.9438179731369016,0.1598975658416748,1.783920407295227
2,block3_h72_seed14,3870,small_full,3,forward,1,0.96287339925766,1.8724403381347656,1.9475339651107788,0.0750936269760131,1.8724403381347656
2,block3_h72_seed14,3871,small_full,3,forward,1,0.8412727117538452,1.322252869606018,1.3664277791976929,0.0441749095916748,1.322252869606018
2,block3_h72_seed14,3872,small_full,2,left,1,0.9987320303916932,2.0411746501922607,2.1932568550109863,0.1520822048187255,2.0411746501922607
2,block3_h72_seed14,3874,small_full,1,right,1,0.9676281213760376,1.21961510181427,1.287988543510437,0.0683734416961669,1.21961510181427
2,block3_h72_seed14,3876,small_full,4,backward,1,0.956603705883026,1.5863977670669556,1.6533087491989136,0.066910982131958,1.5863977670669556
2,block3_h72_seed14,3877,small_full,1,right,1,0.9856325387954712,1.5675398111343384,1.6546252965927124,0.087085485458374,1.5675398111343384
2,block3_h72_seed14,3878,small_full,1,right,1,0.9999643564224244,1.240923285484314,1.4626363515853882,0.2217130661010742,1.240923285484314
2,block3_h72_seed14,3879,small_full,2,left,0,0.6432511210441589,1.2207707166671753,1.2327194213867188,0.0119487047195434,1.3311644792556765
2,block3_h72_seed14,3880,small_full,1,right,1,0.9653539061546326,1.8318315744400024,1.901867389678955,0.0700358152389526,1.8318315744400024
2,block3_h72_seed14,3881,small_full,1,right,1,0.9999643564224244,1.3578729629516602,1.5789834260940552,0.221110463142395,1.3578729629516602
2,block3_h72_seed14,3882,small_full,3,forward,1,0.9520339369773864,2.0609586238861084,2.1299057006835938,0.0689470767974853,2.0609586238861084
2,block3_h72_seed14,3884,small_full,4,backward,1,0.994288444519043,1.8152343034744265,1.9186134338378904,0.1033791303634643,1.8152343034744265
2,block3_h72_seed14,3885,small_full,3,forward,1,0.9782481789588928,1.4971152544021606,1.582013726234436,0.0848984718322753,1.4971152544021606
2,block3_h72_seed14,3886,small_full,1,right,1,0.5332164168357849,1.63532555103302,1.645255446434021,0.0099298954010009,1.63532555103302
2,block3_h72_seed14,3887,small_full,3,forward,0,0.5730867385864258,1.446009635925293,1.4568791389465332,0.0108695030212402,1.4568791389465332
2,block3_h72_seed14,3888,small_full,3,forward,1,0.93535053730011,1.665851593017578,1.7294191122055054,0.0635675191879272,1.665851593017578
2,block3_h72_seed14,3889,small_full,3,forward,1,0.4774208962917328,1.7295297384262085,1.7396645545959473,0.0101348161697387,1.7295297384262085
2,block3_h72_seed14,3890,small_full,3,forward,1,0.9974188804626464,1.590470790863037,1.723049521446228,0.1325787305831909,1.590470790863037
2,block3_h72_seed14,3891,small_full,3,forward,1,0.992668390274048,1.8802838325500488,1.9795995950698853,0.0993157625198364,1.8802838325500488
2,block3_h72_seed14,3892,small_full,3,forward,1,0.9939748644828796,1.2045530080795288,1.3243160247802734,0.1197630167007446,1.2045530080795288
2,block3_h72_seed14,3893,small_full,1,right,1,0.994350254535675,1.115347981452942,1.2253855466842651,0.1100375652313232,1.115347981452942
2,block3_h72_seed14,3894,small_full,1,right,1,0.6759819388389587,1.7597368955612185,1.7767974138259888,0.0170605182647705,1.7597368955612185
2,block3_h72_seed14,3895,small_full,4,backward,1,0.9722118973731996,1.925380825996399,2.0002355575561523,0.0748547315597534,1.925380825996399
2,block3_h72_seed14,3896,small_full,4,backward,1,0.6931827664375305,1.6593073606491089,1.677521586418152,0.0182142257690429,1.6593073606491089
2,block3_h72_seed14,3897,small_full,2,left,0,0.3560778200626373,1.284862041473389,1.2883869409561155,0.003524899482727,1.2883869409561155
2,block3_h72_seed14,3898,small_full,2,left,0,0.4753060340881347,1.5013846158981323,1.511102318763733,0.0097177028656005,1.511102318763733
2,block3_h72_seed14,3899,small_full,4,backward,1,0.8444504737854004,1.753153920173645,1.7871246337890625,0.0339707136154174,1.753153920173645
2,block3_h72_seed14,3900,small_full,2,left,1,0.7380790710449219,1.3432308435440063,1.3769898414611816,0.0337589979171752,1.3432308435440063
2,block3_h72_seed14,3901,small_full,2,left,1,0.6829516887664795,1.0367188453674316,1.0622830390930176,0.0255641937255859,1.0367188453674316
2,block3_h72_seed14,3902,small_full,1,right,1,0.4993134140968323,1.4827489852905271,1.495881199836731,0.0131322145462036,1.4827489852905271
2,block3_h72_seed14,3904,small_full,4,backward,1,0.7752197980880737,1.6695795059204102,1.696407675743103,0.0268281698226928,1.6695795059204102
2,block3_h72_seed14,3905,small_full,3,forward,1,0.9835489988327026,1.4231630563735962,1.5113388299942017,0.0881757736206054,1.4231630563735962
2,block3_h72_seed14,3907,small_full,3,forward,1,0.9999430179595948,0.8877658247947693,1.0888546705245972,0.2010888457298278,0.8877658247947693
2,block3_h72_seed14,3909,small_full,3,forward,1,0.619734525680542,1.6678508520126345,1.6781644821166992,0.0103136301040649,1.6678508520126345
2,block3_h72_seed14,3910,small_full,2,left,1,0.9817239046096802,2.2154135704040527,2.312544107437134,0.097130537033081,2.2154135704040527
2,block3_h72_seed14,3911,small_full,1,right,1,0.7771335244178772,1.5031477212905884,1.5429233312606812,0.0397756099700927,1.5031477212905884
2,block3_h72_seed14,3912,small_full,1,right,0,0.498272567987442,1.1505804061889648,1.1521241664886477,0.0015437602996826,1.201146960258484
2,block3_h72_seed14,3913,small_full,4,backward,1,0.9924278855323792,1.83502995967865,1.939321517944336,0.104291558265686,1.83502995967865
2,block3_h72_seed14,3914,small_full,1,right,0,0.9539030194282532,1.8728084564208984,1.9394173622131348,0.0666089057922363,1.9394173622131348
2,block3_h72_seed14,3915,small_full,1,right,1,0.999622106552124,1.102288842201233,1.276242733001709,0.173953890800476,1.102288842201233
2,block3_h72_seed14,3916,small_full,3,forward,1,0.7566923499107361,0.9712896347045898,0.9997650980949402,0.0284754633903503,0.9712896347045898
2,block3_h72_seed14,3918,small_full,4,backward,1,0.9999834299087524,0.9058876037597656,1.133966088294983,0.2280784845352172,0.9058876037597656
2,block3_h72_seed14,3919,small_full,1,right,1,0.6059985160827637,1.379178524017334,1.3991827964782717,0.0200042724609375,1.379178524017334
2,block3_h72_seed14,3921,small_full,1,right,0,0.5263844132423401,1.584603786468506,1.588718295097351,0.0041145086288452,1.588718295097351
2,block3_h72_seed14,3922,small_full,2,left,1,0.8332745432853699,1.5153433084487915,1.5493115186691284,0.0339682102203369,1.5153433084487915
2,block3_h72_seed14,3923,small_full,3,forward,0,0.7268034815788269,1.4568818807601929,1.4899145364761353,0.0330326557159423,1.4899145364761353
2,block3_h72_seed14,3924,small_full,2,left,1,0.9478389620780944,2.113656044006348,2.182349920272827,0.0686938762664794,2.113656044006348
2,block3_h72_seed14,3925,small_full,2,left,1,0.8697014451026917,1.2137807607650757,1.2545150518417358,0.0407342910766601,1.2137807607650757
2,block3_h72_seed14,3926,small_full,2,left,1,0.9981592297554016,1.4462512731552124,1.5901492834091189,0.1438980102539062,1.4462512731552124
2,block3_h72_seed14,3927,small_full,1,right,1,0.7904993891716003,1.821027159690857,1.8505640029907229,0.0295368432998657,1.821027159690857
2,block3_h72_seed14,3928,small_full,2,left,1,0.7338471412658691,1.4334436655044556,1.4600597620010376,0.026616096496582,1.4334436655044556
2,block3_h72_seed14,3929,small_full,1,right,0,0.7902835607528687,1.3557647466659546,1.3867425918579102,0.0309778451919555,1.4201502799987793
2,block3_h72_seed14,3930,small_full,3,forward,1,0.7410401701927185,0.9418811202049256,0.9700519442558287,0.0281708240509033,0.9418811202049256
2,block3_h72_seed14,3931,small_full,3,forward,0,0.7648819088935852,0.9696194529533386,0.9935502409934998,0.0239307880401611,1.0774139165878296
2,block3_h72_seed14,3932,small_full,1,right,1,0.9233344793319702,1.2630116939544678,1.3252159357070925,0.0622042417526245,1.2630116939544678
2,block3_h72_seed14,3933,small_full,2,left,1,0.5075231194496155,1.2604528665542605,1.2652688026428225,0.004815936088562,1.2604528665542605
2,block3_h72_seed14,3934,small_full,1,right,0,0.9683148264884948,1.6479781866073608,1.7264150381088257,0.0784368515014648,1.7264150381088257
2,block3_h72_seed14,3935,small_full,2,left,1,0.6146177053451538,1.6139198541641235,1.6321120262145996,0.018192172050476,1.6139198541641235
2,block3_h72_seed14,3936,small_full,2,left,1,0.982344925403595,2.148091077804565,2.228595018386841,0.0805039405822753,2.148091077804565
2,block3_h72_seed14,3937,small_full,1,right,1,0.8712271451950073,1.6941499710083008,1.7403970956802368,0.046247124671936,1.6941499710083008
2,block3_h72_seed14,3938,small_full,1,right,1,0.9902639389038086,1.032607078552246,1.1372092962265017,0.1046022176742553,1.032607078552246
2,block3_h72_seed14,3940,small_full,3,forward,1,0.9841488003730774,1.612046241760254,1.7014600038528442,0.0894137620925903,1.612046241760254
2,block3_h72_seed14,3941,small_full,4,backward,1,0.9938052892684937,1.804763674736023,1.9065771102905276,0.1018134355545044,1.804763674736023
2,block3_h72_seed14,3942,small_full,2,left,1,0.9305515885353088,1.0251213312149048,1.0774903297424316,0.0523689985275268,1.0251213312149048
2,block3_h72_seed14,3943,small_full,1,right,0,0.6592501997947693,1.389992356300354,1.4033684730529783,0.0133761167526245,1.4996343851089478
2,block3_h72_seed14,3944,small_full,2,left,1,0.9999264478683472,1.1823320388793943,1.379683494567871,0.1973514556884765,1.1823320388793943
2,block3_h72_seed14,3945,small_full,4,backward,0,0.637920618057251,1.5345697402954102,1.5465478897094729,0.0119781494140625,1.5465478897094729
2,block3_h72_seed14,3946,small_full,2,left,1,0.9819782376289368,1.042327880859375,1.1362648010253906,0.0939369201660156,1.042327880859375
2,block3_h72_seed14,3949,small_full,3,forward,0,0.6049131751060486,0.9513354301452636,0.9600539207458496,0.0087184906005859,1.0530935525894165
2,block3_h72_seed14,3951,small_full,1,right,1,0.8283644914627075,1.4629493951797483,1.5106865167617798,0.0477371215820312,1.4629493951797483
2,block3_h72_seed14,3952,small_full,3,forward,1,0.921357810497284,1.3981084823608398,1.451582908630371,0.0534744262695312,1.3981084823608398
2,block3_h72_seed14,3953,small_full,4,backward,1,0.8574050068855286,1.8268102407455444,1.8690751791000368,0.0422649383544921,1.8268102407455444
2,block3_h72_seed14,3954,small_full,2,left,0,0.6841064691543579,1.3889274597167969,1.4131836891174316,0.0242562294006347,1.4251724481582642
2,block3_h72_seed14,3955,small_full,4,backward,1,0.9999855756759644,0.9343374371528624,1.169844627380371,0.2355071902275085,0.9343374371528624
2,block3_h72_seed14,3956,small_full,4,backward,1,0.8281984329223633,1.654178261756897,1.7023019790649414,0.0481237173080444,1.654178261756897
2,block3_h72_seed14,3957,small_full,1,right,1,0.7264021635055542,1.6272530555725098,1.6592460870742798,0.03199303150177,1.6272530555725098
2,block3_h72_seed14,3958,small_full,4,backward,1,0.999968647956848,1.0534303188323977,1.2668277025222778,0.2133973836898803,1.0534303188323977
2,block3_h72_seed14,3959,small_full,1,right,1,0.7880893349647522,1.8210269212722776,1.851620078086853,0.0305931568145751,1.8210269212722776
2,block3_h72_seed14,3960,small_full,1,right,0,0.7053952217102051,1.583774209022522,1.6050580739974976,0.0212838649749755,1.6389083862304688
2,block3_h72_seed14,3961,small_full,1,right,1,0.8523578643798828,1.075013279914856,1.1118202209472656,0.0368069410324096,1.075013279914856
2,block3_h72_seed14,3963,small_full,4,backward,1,0.999846339225769,0.8334137797355652,1.0123628377914429,0.1789490580558776,0.8334137797355652
2,block3_h72_seed14,3964,small_full,3,forward,0,0.8336808085441589,1.5240188837051392,1.5658124685287476,0.0417935848236084,1.5773624181747437
2,block3_h72_seed14,3965,small_full,4,backward,0,0.5009200572967529,1.4251174926757812,1.425455927848816,0.0003384351730346,1.425455927848816
2,block3_h72_seed14,3967,small_full,1,right,0,0.4867778122425079,1.2173609733581543,1.2279397249221802,0.0105787515640258,1.2330323457717896
2,block3_h72_seed14,3968,small_full,4,backward,1,0.9999432563781738,0.934337317943573,1.130969524383545,0.1966322064399719,0.934337317943573
2,block3_h72_seed14,3969,small_full,3,forward,1,0.9999784231185912,1.1007052659988403,1.3216787576675415,0.2209734916687011,1.1007052659988403
2,block3_h72_seed14,3970,small_full,1,right,1,0.8916777968406677,1.6941500902175903,1.7403974533081057,0.0462473630905151,1.6941500902175903
2,block3_h72_seed14,3971,small_full,4,backward,1,0.9980473518371582,0.956521213054657,1.0938800573349,0.1373588442802429,0.956521213054657
2,block3_h72_seed14,3972,small_full,2,left,1,0.8110817074775696,1.516964316368103,1.5557012557983398,0.0387369394302368,1.516964316368103
2,block3_h72_seed14,3973,small_full,3,forward,1,0.9995100498199464,0.9157917499542236,1.0815292596817017,0.165737509727478,0.9157917499542236
2,block3_h72_seed14,3975,small_full,3,forward,1,0.652923583984375,1.5130109786987305,1.5407129526138306,0.0277019739151,1.5130109786987305
2,block3_h72_seed14,3976,small_full,2,left,1,0.6020050644874573,1.3098901510238647,1.3357373476028442,0.0258471965789794,1.3098901510238647
2,block3_h72_seed14,3977,small_full,4,backward,1,0.9998915195465088,0.8622832298278809,1.0583864450454712,0.1961032152175903,0.8622832298278809
2,block3_h72_seed14,3978,small_full,4,backward,1,0.8503885865211487,1.7202123403549194,1.7553914785385132,0.0351791381835937,1.7202123403549194
2,block3_h72_seed14,3982,small_full,1,right,1,0.8012799620628357,1.7949528694152832,1.8291288614273071,0.0341759920120239,1.7949528694152832
2,block3_h72_seed14,3984,small_full,3,forward,1,0.9999921321868896,0.7153375148773193,0.96312016248703,0.2477826476097107,0.7153375148773193
2,block3_h72_seed14,3985,small_full,4,backward,1,0.9998643398284912,1.2623823881149292,1.4538798332214355,0.1914974451065063,1.2623823881149292
2,block3_h72_seed14,3987,small_full,3,forward,1,0.9999939203262328,0.9578673243522644,1.213394284248352,0.2555269598960876,0.9578673243522644
2,block3_h72_seed14,3988,small_full,3,forward,1,0.5432995557785034,1.806721806526184,1.8132060766220093,0.0064842700958251,1.806721806526184
2,block3_h72_seed14,3989,small_full,3,forward,1,0.9999728202819824,0.7660999298095703,0.9833818078041076,0.2172818779945373,0.7660999298095703
2,block3_h72_seed14,3990,small_full,4,backward,1,0.9013972878456116,1.4590846300125122,1.5157709121704102,0.0566862821578979,1.4590846300125122
2,block3_h72_seed14,3992,small_full,4,backward,1,0.9987911581993104,1.6707409620285034,1.8073058128356931,0.1365648508071899,1.6707409620285034
2,block3_h72_seed14,3993,small_full,3,forward,0,0.6045284867286682,0.951335608959198,0.9600539207458496,0.0087183117866516,1.053093671798706
2,block3_h72_seed14,3994,small_full,3,forward,0,0.5656553506851196,0.8530685305595398,0.8583765029907227,0.0053079724311828,0.9922568202018738
2,block3_h72_seed14,3997,small_full,2,left,1,0.9973134398460388,1.7828325033187866,1.912774443626404,0.1299419403076172,1.7828325033187866
2,block3_h72_seed14,3998,small_full,2,left,1,0.6044135689735413,1.389646053314209,1.39878511428833,0.009139060974121,1.389646053314209
2,block3_h72_seed14,3500,full,2,left,0,0.5755341053009033,1.099049687385559,1.1067508459091189,0.0077011585235595,1.1067508459091189
2,block3_h72_seed14,3501,full,2,left,1,0.9182124733924866,1.4019638299942017,1.4670172929763794,0.0650534629821777,1.4019638299942017
2,block3_h72_seed14,3502,full,4,backward,1,0.62510085105896,0.9517423510551452,0.9728131890296936,0.0210708379745483,0.9517423510551452
2,block3_h72_seed14,3503,full,4,backward,1,0.9899857044219972,1.1009339094161987,1.2010082006454468,0.100074291229248,1.1009339094161987
2,block3_h72_seed14,3504,full,2,left,1,0.4893236756324768,1.2128342390060425,1.2140494585037231,0.0012152194976806,1.2128342390060425
2,block3_h72_seed14,3505,full,4,backward,1,0.6478371620178223,1.2275257110595703,1.2445212602615356,0.0169955492019653,1.2275257110595703
2,block3_h72_seed14,3507,full,4,backward,1,0.9998080134391784,0.5992999076843262,0.7844303250312805,0.1851304173469543,0.5992999076843262
2,block3_h72_seed14,3508,full,2,left,1,0.9809752702713012,1.2988367080688477,1.380101203918457,0.0812644958496093,1.2988367080688477
2,block3_h72_seed14,3509,full,2,left,1,0.998779833316803,0.6181468367576599,0.7626312375068665,0.1444844007492065,0.6181468367576599
2,block3_h72_seed14,3510,full,3,forward,1,0.999526023864746,1.1124306917190552,1.277537226676941,0.1651065349578857,1.1124306917190552
2,block3_h72_seed14,3511,full,2,left,1,0.8143723607063293,1.4019638299942017,1.4429172277450562,0.0409533977508544,1.4019638299942017
2,block3_h72_seed14,3513,full,4,backward,1,0.998581051826477,1.088149905204773,1.2311619520187378,0.1430120468139648,1.088149905204773
2,block3_h72_seed14,3514,full,2,left,1,0.823522686958313,1.2868690490722656,1.317699313163757,0.0308302640914917,1.2868690490722656
2,block3_h72_seed14,3515,full,3,forward,1,0.9788036942481996,0.5189631581306458,0.6045757532119751,0.0856125950813293,0.5189631581306458
2,block3_h72_seed14,3516,full,1,right,0,0.6159031391143799,1.0737123489379885,1.086444854736328,0.0127325057983398,1.121843934059143
2,block3_h72_seed14,3518,full,3,forward,1,0.9802400469779968,1.491188645362854,1.5807366371154783,0.0895479917526245,1.491188645362854
2,block3_h72_seed14,3519,full,4,backward,1,0.9940834641456604,1.2401256561279297,1.3479790687561035,0.1078534126281738,1.2401256561279297
2,block3_h72_seed14,3520,full,2,left,1,0.9804020524024964,0.5018947720527649,0.5881238579750061,0.0862290859222412,0.5018947720527649
2,block3_h72_seed14,3521,full,3,forward,0,0.7725437879562378,0.8771600723266602,0.9019796252250672,0.0248195528984069,0.984812080860138
2,block3_h72_seed14,3522,full,1,right,1,0.9979464411735536,0.5251464247703552,0.6566126942634583,0.131466269493103,0.5251464247703552
2,block3_h72_seed14,3524,full,3,forward,0,0.5392565727233887,0.5149020552635193,0.5184149146080017,0.0035128593444824,0.5184149146080017
2,block3_h72_seed14,3525,full,2,left,1,0.8053291440010071,1.0946791172027588,1.1280733346939087,0.0333942174911499,1.0946791172027588
2,block3_h72_seed14,3526,full,3,forward,0,0.7168616652488708,0.7124249339103699,0.7318562865257263,0.0194313526153564,0.7318562865257263
2,block3_h72_seed14,3527,full,2,left,1,0.9549509286880492,1.150046706199646,1.2292736768722534,0.0792269706726074,1.150046706199646
2,block3_h72_seed14,3528,full,3,forward,1,0.9532769918441772,1.106586456298828,1.168411374092102,0.0618249177932739,1.106586456298828
2,block3_h72_seed14,3529,full,4,backward,1,0.9947450160980223,0.4579863548278808,0.5762996077537537,0.1183132529258728,0.4579863548278808
2,block3_h72_seed14,3530,full,2,left,1,0.9999921321868896,0.4481311738491058,0.7024980187416077,0.2543668448925018,0.4481311738491058
2,block3_h72_seed14,3531,full,2,left,0,0.607653796672821,1.1849309206008911,1.1939030885696411,0.00897216796875,1.1939030885696411
2,block3_h72_seed14,3533,full,2,left,1,0.9782986044883728,1.2445034980773926,1.3312383890151978,0.0867348909378051,1.2445034980773926
2,block3_h72_seed14,3535,full,1,right,1,0.7950873374938965,1.7850799560546875,1.8127679824829104,0.0276880264282226,1.7850799560546875
2,block3_h72_seed14,3536,full,1,right,1,0.9984728693962096,0.5749524235725403,0.7195592522621155,0.1446068286895752,0.5749524235725403
2,block3_h72_seed14,3537,full,2,left,0,0.7754984498023987,0.6798310875892639,0.7162908911705017,0.0364598035812377,0.7162908911705017
2,block3_h72_seed14,3538,full,2,left,1,0.9996919631958008,1.201607584953308,1.364484190940857,0.1628766059875488,1.201607584953308
2,block3_h72_seed14,3539,full,1,right,1,0.9934481978416444,1.7276792526245115,1.8389253616333008,0.111246109008789,1.7276792526245115
2,block3_h72_seed14,3540,full,4,backward,1,0.9887569546699524,0.9232500195503236,1.0148154497146606,0.0915654301643371,0.9232500195503236
2,block3_h72_seed14,3541,full,3,forward,0,0.7255915403366089,0.4864866733551025,0.5059378147125244,0.0194511413574218,0.6978084444999695
2,block3_h72_seed14,3542,full,3,forward,1,0.9869728684425354,1.2026816606521606,1.2974773645401,0.0947957038879394,1.2026816606521606
2,block3_h72_seed14,3543,full,4,backward,1,0.973440647125244,0.6784411072731018,0.7536384463310242,0.0751973390579223,0.6784411072731018
2,block3_h72_seed14,3544,full,2,left,1,0.5572029948234558,1.6292604207992554,1.6447328329086304,0.015472412109375,1.6292604207992554
2,block3_h72_seed14,3545,full,4,backward,1,0.99990975856781,0.4721167087554931,0.6669668555259705,0.1948501467704773,0.4721167087554931
2,block3_h72_seed14,3546,full,4,backward,1,0.9534004330635072,0.9731674194335938,1.0528239011764526,0.0796564817428588,0.9731674194335938
2,block3_h72_seed14,3547,full,1,right,1,0.9995872378349304,1.1522109508514404,1.3186317682266235,0.1664208173751831,1.1522109508514404
2,block3_h72_seed14,3549,full,4,backward,1,0.8547780513763428,0.5842859745025635,0.6343304514884949,0.0500444769859313,0.5842859745025635
2,block3_h72_seed14,3551,full,3,forward,1,0.9487482309341432,1.1082980632781982,1.17769193649292,0.0693938732147216,1.1082980632781982
2,block3_h72_seed14,3552,full,3,forward,1,0.9993317723274232,0.5674754977226257,0.7252735495567322,0.1577980518341064,0.5674754977226257
2,block3_h72_seed14,3553,full,2,left,1,0.9962348341941832,1.2600926160812378,1.3848600387573242,0.1247674226760864,1.2600926160812378
2,block3_h72_seed14,3554,full,2,left,1,0.9993498921394348,0.6191068291664124,0.7671524882316589,0.1480456590652465,0.6191068291664124
2,block3_h72_seed14,3555,full,4,backward,1,0.990471363067627,1.1040606498718262,1.1970287561416626,0.0929681062698364,1.1040606498718262
2,block3_h72_seed14,3556,full,4,backward,1,0.8557900190353394,1.1767204999923706,1.21632182598114,0.0396013259887695,1.1767204999923706
2,block3_h72_seed14,3557,full,1,right,1,0.9982684850692748,0.5439521074295044,0.6763628125190735,0.1324107050895691,0.5439521074295044
2,block3_h72_seed14,3559,full,3,forward,1,0.9982905983924866,0.6107965707778931,0.742287814617157,0.1314912438392639,0.6107965707778931
2,block3_h72_seed14,3560,full,2,left,1,0.8893575668334961,1.150046706199646,1.2075300216674805,0.0574833154678344,1.150046706199646
2,block3_h72_seed14,3561,full,3,forward,0,0.6303845047950745,0.9399152398109436,0.9635395407676696,0.023624300956726,0.9673500061035156
2,block3_h72_seed14,3563,full,4,backward,1,0.9186413884162904,0.8086037039756775,0.8726161122322083,0.0640124082565307,0.8086037039756775
2,block3_h72_seed14,3564,full,1,right,1,0.9989727735519408,1.2224644422531128,1.3781124353408811,0.1556479930877685,1.2224644422531128
2,block3_h72_seed14,3565,full,2,left,1,0.9998766183853148,0.3971823155879974,0.5913905501365662,0.1942082345485687,0.3971823155879974
2,block3_h72_seed14,3566,full,3,forward,1,0.9699845910072328,0.7275331020355225,0.799704372882843,0.0721712708473205,0.7275331020355225
2,block3_h72_seed14,3568,full,3,forward,1,0.999716579914093,1.166587233543396,1.330091118812561,0.163503885269165,1.166587233543396
2,block3_h72_seed14,3569,full,1,right,1,0.9976844787597656,0.4304645359516144,0.557200014591217,0.1267354786396026,0.4304645359516144
2,block3_h72_seed14,3570,full,3,forward,1,0.9996004700660706,0.6828925013542175,0.8401532173156738,0.1572607159614563,0.6828925013542175
2,block3_h72_seed14,3571,full,1,right,0,0.7725353837013245,0.645170271396637,0.6700776219367981,0.0249073505401611,0.746854305267334
2,block3_h72_seed14,3572,full,2,left,1,0.9971248507499696,1.1017662286758425,1.222301006317139,0.1205347776412963,1.1017662286758425
2,block3_h72_seed14,3573,full,2,left,0,0.7119535207748413,0.8274319767951965,0.8485785126686096,0.021146535873413,0.8485785126686096
2,block3_h72_seed14,3574,full,2,left,0,0.92222660779953,0.9662094116210938,1.0162076950073242,0.0499982833862304,1.1007455587387085
2,block3_h72_seed14,3575,full,4,backward,1,0.9995716214179992,0.4204345941543579,0.58185213804245,0.161417543888092,0.4204345941543579
2,block3_h72_seed14,3576,full,2,left,0,0.5659099221229553,1.0210939645767212,1.0265129804611206,0.0054190158843994,1.1374342441558838
2,block3_h72_seed14,3578,full,4,backward,1,0.989388108253479,0.9313335418701172,1.0231289863586426,0.0917954444885253,0.9313335418701172
2,block3_h72_seed14,3579,full,3,forward,1,0.8707006573677063,1.0190685987472534,1.0774331092834473,0.0583645105361938,1.0190685987472534
2,block3_h72_seed14,3580,full,1,right,1,0.9947891235351562,0.5116386413574219,0.619448721408844,0.1078100800514221,0.5116386413574219
2,block3_h72_seed14,3581,full,1,right,1,0.9841563105583192,1.88164746761322,1.96691370010376,0.0852662324905395,1.88164746761322
2,block3_h72_seed14,3582,full,1,right,1,0.9908952713012696,0.5251464247703552,0.6319275498390198,0.1067811250686645,0.5251464247703552
2,block3_h72_seed14,3583,full,3,forward,1,0.982862651348114,0.5189631581306458,0.6226106286048889,0.1036474704742431,0.5189631581306458
2,block3_h72_seed14,3584,full,2,left,1,0.9280148148536682,1.30447518825531,1.3561493158340454,0.0516741275787353,1.30447518825531
2,block3_h72_seed14,3585,full,4,backward,1,0.9662363529205322,1.021352767944336,1.089996337890625,0.068643569946289,1.021352767944336
2,block3_h72_seed14,3586,full,1,right,1,0.9999886751174928,0.5471027493476868,0.792943000793457,0.2458402514457702,0.5471027493476868
2,block3_h72_seed14,3587,full,4,backward,1,0.998118817806244,0.3945547044277191,0.5242369771003723,0.1296822726726532,0.3945547044277191
2,block3_h72_seed14,3588,full,4,backward,1,0.9999386072158812,0.524439811706543,0.7260187268257141,0.2015789151191711,0.524439811706543
2,block3_h72_seed14,3589,full,4,backward,1,0.9942849278450012,0.99566388130188,1.1081676483154297,0.1125037670135498,0.99566388130188
2,block3_h72_seed14,3590,full,3,forward,1,0.9941802024841307,1.4097884893417358,1.5241466760635376,0.1143581867218017,1.4097884893417358
2,block3_h72_seed14,3591,full,3,forward,0,0.3661058843135834,1.0179249048233032,1.0186165571212769,0.0006916522979736,1.0251048803329468
2,block3_h72_seed14,3593,full,4,backward,1,0.9999945163726808,0.4894134104251861,0.7377696633338928,0.2483562529087066,0.4894134104251861
2,block3_h72_seed14,3594,full,4,backward,1,0.9999568462371826,0.5615176558494568,0.7656726837158203,0.2041550278663635,0.5615176558494568
2,block3_h72_seed14,3595,full,4,backward,1,0.9994879961013794,0.3945547044277191,0.5534670352935791,0.1589123308658599,0.3945547044277191
2,block3_h72_seed14,3596,full,2,left,1,0.9967139959335328,1.16266667842865,1.2940117120742798,0.1313450336456298,1.16266667842865
2,block3_h72_seed14,3597,full,1,right,1,0.9968453049659728,1.0345269441604614,1.1557574272155762,0.1212304830551147,1.0345269441604614
2,block3_h72_seed14,3598,full,1,right,0,0.4816967248916626,0.5971919894218445,0.6147467494010925,0.017554759979248,0.630110502243042
2,block3_h72_seed14,3599,full,1,right,0,0.4220978617668152,1.1389373540878296,1.1396912336349487,0.0007538795471191,1.158002495765686
2,block3_h72_seed14,3600,full,1,right,1,0.9852317571640016,1.88164746761322,1.96691370010376,0.0852662324905395,1.88164746761322
2,block3_h72_seed14,3601,full,2,left,1,0.5918079018592834,1.1303406953811646,1.1384457349777222,0.0081050395965576,1.1303406953811646
2,block3_h72_seed14,3602,full,3,forward,0,0.8692095279693604,0.7416661381721497,0.7795628905296326,0.0378967523574829,0.9238317012786864
2,block3_h72_seed14,3603,full,2,left,1,0.6906279921531677,0.6728696227073669,0.6994245648384094,0.0265549421310424,0.6728696227073669
2,block3_h72_seed14,3604,full,4,backward,1,0.9941993951797484,1.2401256561279297,1.3479790687561035,0.1078534126281738,1.2401256561279297
2,block3_h72_seed14,3606,full,2,left,1,0.9971420168876648,0.3279951512813568,0.4553925693035126,0.1273974180221557,0.3279951512813568
2,block3_h72_seed14,3608,full,3,forward,1,0.9996956586837769,0.451299101114273,0.6157888770103455,0.1644897758960724,0.451299101114273
2,block3_h72_seed14,3609,full,1,right,1,0.9912376403808594,1.148092269897461,1.2547818422317505,0.1066895723342895,1.148092269897461
2,block3_h72_seed14,3610,full,4,backward,1,0.992443859577179,1.0889517068862915,1.1865179538726809,0.0975662469863891,1.0889517068862915
2,block3_h72_seed14,3611,full,3,forward,1,0.7769361138343811,1.1541012525558472,1.183182716369629,0.0290814638137817,1.1541012525558472
2,block3_h72_seed14,3612,full,4,backward,1,0.9999748468399048,0.4593702852725982,0.6896671652793884,0.2302968800067901,0.4593702852725982
2,block3_h72_seed14,3613,full,3,forward,1,0.9925875067710876,0.8383278846740723,0.948249340057373,0.1099214553833007,0.8383278846740723
2,block3_h72_seed14,3614,full,1,right,1,0.9999263286590576,0.4595755636692047,0.6630566716194153,0.2034811079502105,0.4595755636692047
2,block3_h72_seed14,3615,full,1,right,1,0.9131998419761658,1.319310188293457,1.3688055276870728,0.0494953393936157,1.319310188293457
2,block3_h72_seed14,3616,full,3,forward,1,0.9997144341468812,0.5857158303260803,0.7627688050270081,0.1770529747009277,0.5857158303260803
2,block3_h72_seed14,3617,full,2,left,0,0.5116040706634521,0.5707126259803772,0.5816963315010071,0.0109837055206298,0.5816963315010071
2,block3_h72_seed14,3618,full,3,forward,1,0.9582860469818116,0.7275331020355225,0.799704372882843,0.0721712708473205,0.7275331020355225
2,block3_h72_seed14,3619,full,1,right,1,0.9814789295196532,1.1469714641571045,1.247705101966858,0.1007336378097534,1.1469714641571045
2,block3_h72_seed14,3620,full,3,forward,0,0.4205486476421356,1.2072010040283203,1.2130793333053589,0.0058783292770385,1.2210408449172974
2,block3_h72_seed14,3621,full,3,forward,1,0.9979220032691956,0.5077057480812073,0.6415380835533142,0.1338323354721069,0.5077057480812073
2,block3_h72_seed14,3622,full,3,forward,1,0.9994182586669922,1.2778960466384888,1.4401050806045532,0.1622090339660644,1.2778960466384888
2,block3_h72_seed14,3623,full,1,right,1,0.9918754696846008,1.26799213886261,1.3687676191329956,0.1007754802703857,1.26799213886261
2,block3_h72_seed14,3624,full,4,backward,1,0.9998425245285034,0.4593702852725982,0.6361644864082336,0.1767942011356353,0.4593702852725982
2,block3_h72_seed14,3625,full,2,left,1,0.969054639339447,1.1452642679214478,1.2149189710617063,0.0696547031402587,1.1452642679214478
2,block3_h72_seed14,3626,full,2,left,0,0.7481697797775269,1.296223282814026,1.3185328245162964,0.0223095417022705,1.3912273645401
2,block3_h72_seed14,3627,full,2,left,1,0.9817342758178712,1.2868690490722656,1.3668127059936523,0.0799436569213867,1.2868690490722656
2,block3_h72_seed14,3628,full,1,right,1,0.9997102618217468,0.5170072317123413,0.6893492341041565,0.1723420023918151,0.5170072317123413
2,block3_h72_seed14,3629,full,4,backward,0,0.88907390832901,1.6039146184921265,1.6461249589920044,0.0422103404998779,1.6461249589920044
2,block3_h72_seed14,3631,full,1,right,1,0.999722421169281,1.1133676767349243,1.2860256433486938,0.1726579666137695,1.1133676767349243
2,block3_h72_seed14,3633,full,4,backward,1,0.9997127652168274,0.4210013449192047,0.5899671912193298,0.1689658463001251,0.4210013449192047
2,block3_h72_seed14,3634,full,4,backward,1,0.9897382855415344,0.7228667140007019,0.8251336216926575,0.1022669076919555,0.7228667140007019
2,block3_h72_seed14,3637,full,4,backward,1,0.907458484172821,1.2445603609085083,1.290887713432312,0.0463273525238037,1.2445603609085083
2,block3_h72_seed14,3638,full,3,forward,1,0.9999816417694092,0.5482736229896545,0.7827139496803284,0.2344403266906738,0.5482736229896545
2,block3_h72_seed14,3639,full,3,forward,1,0.999919295310974,1.315192461013794,1.5080567598342896,0.1928642988204956,1.315192461013794
2,block3_h72_seed14,3640,full,4,backward,1,0.4714921414852142,0.8086037039756775,0.8164262771606445,0.007822573184967,0.8086037039756775
2,block3_h72_seed14,3642,full,1,right,1,0.9880061745643616,1.050487399101257,1.1436022520065308,0.0931148529052734,1.050487399101257
2,block3_h72_seed14,3643,full,1,right,0,0.7936546802520752,0.5819945335388184,0.6092270016670227,0.0272324681282043,0.6959088444709778
2,block3_h72_seed14,3644,full,1,right,1,0.9984967708587646,1.2224644422531128,1.359302997589111,0.1368385553359985,1.2224644422531128
2,block3_h72_seed14,3645,full,1,right,1,0.9954423904418944,0.4489336907863617,0.569221556186676,0.1202878654003143,0.4489336907863617
2,block3_h72_seed14,3646,full,3,forward,1,0.962364375591278,1.2987462282180786,1.3772295713424685,0.0784833431243896,1.2987462282180786
2,block3_h72_seed14,3647,full,3,forward,1,0.9999995231628418,0.6749258041381836,0.9763598442077636,0.3014340400695801,0.6749258041381836
2,block3_h72_seed14,3648,full,4,backward,1,0.9596847295761108,0.9731674194335938,1.0528239011764526,0.0796564817428588,0.9731674194335938
2,block3_h72_seed14,3649,full,3,forward,0,0.6192651391029358,0.6231338381767273,0.6538949608802795,0.0307611227035522,0.6538949608802795
2,block3_h72_seed14,3651,full,4,backward,1,0.9982956051826476,0.7160894870758057,0.8472135663032532,0.1311240792274475,0.7160894870758057
2,block3_h72_seed14,3652,full,4,backward,1,0.9999994039535522,0.373077392578125,0.6603257060050964,0.2872483134269714,0.373077392578125
2,block3_h72_seed14,3653,full,3,forward,1,0.99925297498703,1.1124306917190552,1.2689272165298462,0.156496524810791,1.1124306917190552
2,block3_h72_seed14,3654,full,4,backward,1,0.999863862991333,0.4593702852725982,0.6396918892860413,0.180321604013443,0.4593702852725982
2,block3_h72_seed14,3655,full,2,left,1,0.8735226988792419,1.150046706199646,1.2075300216674805,0.0574833154678344,1.150046706199646
2,block3_h72_seed14,3656,full,1,right,1,0.9853222370147704,1.88164746761322,1.96691370010376,0.0852662324905395,1.88164746761322
2,block3_h72_seed14,3657,full,4,backward,1,0.9630998373031616,1.1786664724349976,1.248696208000183,0.0700297355651855,1.1786664724349976
2,block3_h72_seed14,3660,full,1,right,1,0.9733509421348572,2.1021151542663574,2.17495059967041,0.0728354454040527,2.1021151542663574
2,block3_h72_seed14,3661,full,2,left,1,0.8328098654747009,1.0946791172027588,1.1368098258972168,0.042130708694458,1.0946791172027588
2,block3_h72_seed14,3662,full,1,right,1,0.9814836382865906,1.35939359664917,1.4411077499389648,0.0817141532897949,1.35939359664917
2,block3_h72_seed14,3665,full,2,left,0,0.6010972261428833,1.1849309206008911,1.1939030885696411,0.00897216796875,1.1939030885696411
2,block3_h72_seed14,3666,full,3,forward,1,0.9028854966163636,1.3309321403503418,1.3852683305740356,0.0543361902236938,1.3309321403503418
2,block3_h72_seed14,3667,full,3,forward,1,0.9965685606002808,1.3640464544296265,1.4881900548934937,0.1241436004638671,1.3640464544296265
2,block3_h72_seed14,3670,full,2,left,1,0.9980090260505676,0.3279951512813568,0.4553925693035126,0.1273974180221557,0.3279951512813568
2,block3_h72_seed14,3671,full,1,right,1,0.9788447022438048,1.3208051919937134,1.4084806442260742,0.0876754522323608,1.3208051919937134
2,block3_h72_seed14,3674,full,1,right,1,0.9421705603599548,1.60549795627594,1.673172116279602,0.0676741600036621,1.60549795627594
2,block3_h72_seed14,3675,full,3,forward,1,0.9999945163726808,1.1269506216049194,1.3706674575805664,0.2437168359756469,1.1269506216049194
2,block3_h72_seed14,3676,full,1,right,0,0.462232381105423,1.3036346435546875,1.3110078573226929,0.0073732137680053,1.3110078573226929
2,block3_h72_seed14,3677,full,2,left,1,0.985565721988678,1.5088742971420288,1.5991743803024292,0.0903000831604003,1.5088742971420288
2,block3_h72_seed14,3678,full,4,backward,1,0.9571725726127625,0.8119117617607117,0.8825147151947021,0.0706029534339904,0.8119117617607117
2,block3_h72_seed14,3679,full,2,left,1,0.9156726598739624,1.6905478239059448,1.740147590637207,0.0495997667312622,1.6905478239059448
2,block3_h72_seed14,3680,full,2,left,1,0.8358887434005737,1.5267928838729858,1.5610865354537964,0.0342936515808105,1.5267928838729858
2,block3_h72_seed14,3681,full,2,left,1,0.9987565279006958,0.6181468367576599,0.7676555514335632,0.1495087146759033,0.6181468367576599
2,block3_h72_seed14,3682,full,2,left,1,0.9208236932754515,1.679250717163086,1.735653281211853,0.056402564048767,1.679250717163086
2,block3_h72_seed14,3683,full,4,backward,1,0.8265175223350525,1.1767204999923706,1.21632182598114,0.0396013259887695,1.1767204999923706
2,block3_h72_seed14,3684,full,1,right,1,0.9994924068450928,0.7035703659057617,0.8613243103027344,0.1577539443969726,0.7035703659057617
2,block3_h72_seed14,3685,full,4,backward,1,0.9999936819076538,0.4912090003490448,0.7386083602905273,0.2473993599414825,0.4912090003490448
2,block3_h72_seed14,3686,full,3,forward,1,0.9894990921020508,1.2268280982971191,1.319472312927246,0.0926442146301269,1.2268280982971191
2,block3_h72_seed14,3689,full,4,backward,1,0.9999579191207886,0.5615176558494568,0.7656726837158203,0.2041550278663635,0.5615176558494568
2,block3_h72_seed14,3690,full,1,right,1,0.9992571473121644,1.0272067785263062,1.1742678880691528,0.1470611095428466,1.0272067785263062
2,block3_h72_seed14,3691,full,2,left,1,0.9916634559631348,1.0002268552780151,1.0960108041763306,0.0957839488983154,1.0002268552780151
2,block3_h72_seed14,3692,full,3,forward,1,0.9999990463256836,0.6749258041381836,0.9750170707702636,0.3000912666320801,0.6749258041381836
2,block3_h72_seed14,3693,full,4,backward,1,0.9976625442504884,0.7160894870758057,0.8514628410339355,0.1353733539581298,0.7160894870758057
2,block3_h72_seed14,3694,full,1,right,1,0.9635219573974608,0.4781743288040161,0.5524745583534241,0.0743002295494079,0.4781743288040161
2,block3_h72_seed14,3695,full,2,left,1,0.999366581439972,0.6181468367576599,0.7722916007041931,0.1541447639465332,0.6181468367576599
2,block3_h72_seed14,3696,full,1,right,0,0.6283629536628723,0.9148820042610168,0.9290847778320312,0.0142027735710144,0.9290847778320312
2,block3_h72_seed14,3697,full,2,left,1,0.9702578783035278,1.1537903547286987,1.2353023290634155,0.0815119743347168,1.1537903547286987
2,block3_h72_seed14,3698,full,1,right,1,0.9998111128807068,0.5170072317123413,0.7084205746650696,0.1914133429527282,0.5170072317123413
2,block3_h72_seed14,3699,full,4,backward,1,0.7893266081809998,0.9373471140861512,0.9742918014526368,0.0369446873664855,0.9373471140861512
2,block3_h72_seed14,3700,full,4,backward,1,0.9955053329467772,0.9249040484428406,1.0410436391830444,0.1161395907402038,0.9249040484428406
2,block3_h72_seed14,3701,full,4,backward,1,0.9007065296173096,0.9524495005607604,0.9968182444572448,0.0443687438964843,0.9524495005607604
2,block3_h72_seed14,3703,full,1,right,1,0.6420145034790039,1.1570038795471191,1.1823062896728516,0.0253024101257324,1.1570038795471191
2,block3_h72_seed14,3704,full,4,backward,1,0.9480305910110474,1.143318772315979,1.201403021812439,0.0580842494964599,1.143318772315979
2,block3_h72_seed14,3705,full,1,right,1,0.9996353387832642,0.5218423008918762,0.6945751309394836,0.1727328300476074,0.5218423008918762
2,block3_h72_seed14,3706,full,1,right,1,0.9998019337654114,0.3640813827514648,0.5467818975448608,0.182700514793396,0.3640813827514648
2,block3_h72_seed14,3707,full,4,backward,1,0.7635436058044434,1.0850781202316284,1.1135772466659546,0.0284991264343261,1.0850781202316284
2,block3_h72_seed14,3708,full,3,forward,1,0.9994694590568542,0.5416411757469177,0.710982084274292,0.1693409085273742,0.5416411757469177
2,block3_h72_seed14,3709,full,2,left,1,0.9896644949913024,1.321414589881897,1.4147838354110718,0.0933692455291748,1.321414589881897
2,block3_h72_seed14,3710,full,3,forward,0,0.7255915403366089,0.4864866733551025,0.5059378147125244,0.0194511413574218,0.6978084444999695
2,block3_h72_seed14,3712,full,2,left,0,0.8839597105979919,0.9878605008125304,1.0295943021774292,0.0417338013648986,1.0908833742141724
2,block3_h72_seed14,3713,full,4,backward,1,0.9417521357536316,1.0209317207336426,1.078084945678711,0.0571532249450683,1.0209317207336426
2,block3_h72_seed14,3716,full,3,forward,1,0.991330862045288,1.3864654302597046,1.481742262840271,0.0952768325805664,1.3864654302597046
2,block3_h72_seed14,3717,full,1,right,1,0.9999223947525024,0.5098934173583984,0.7199602127075195,0.2100667953491211,0.5098934173583984
2,block3_h72_seed14,3718,full,4,backward,1,0.9720582365989684,0.7524362206459045,0.8244723677635193,0.0720361471176147,0.7524362206459045
2,block3_h72_seed14,3719,full,3,forward,1,0.9331901669502258,1.1261495351791382,1.187036395072937,0.0608868598937988,1.1261495351791382
2,block3_h72_seed14,3720,full,2,left,1,0.938950777053833,1.187144756317139,1.2459927797317505,0.0588480234146118,1.187144756317139
2,block3_h72_seed14,3721,full,1,right,0,0.5880547165870667,0.9549501538276672,0.9755499958992004,0.0205998420715332,0.9766881465911864
2,block3_h72_seed14,3722,full,3,forward,1,0.998497724533081,0.9296810626983644,1.0666414499282837,0.1369603872299194,0.9296810626983644
2,block3_h72_seed14,3724,full,4,backward,1,0.9784462451934814,1.2818340063095093,1.370926856994629,0.0890928506851196,1.2818340063095093
2,block3_h72_seed14,3726,full,1,right,1,0.9938794374465942,1.35939359664917,1.4681291580200195,0.1087355613708496,1.35939359664917
2,block3_h72_seed14,3727,full,2,left,1,0.4529061317443847,0.9137709140777588,0.9257287979125975,0.0119578838348388,0.9137709140777588
2,block3_h72_seed14,3728,full,4,backward,1,0.966254711151123,0.4463405907154083,0.5164601802825928,0.0701195895671844,0.4463405907154083
2,block3_h72_seed14,3729,full,1,right,1,0.999870538711548,0.4595755636692047,0.6571416258811951,0.1975660622119903,0.4595755636692047
2,block3_h72_seed14,3730,full,3,forward,0,0.6870049238204956,0.4376202523708343,0.4533439576625824,0.015723705291748,0.6784273982048035
2,block3_h72_seed14,3731,full,3,forward,1,0.9968511462211608,1.614108681678772,1.7403444051742554,0.1262357234954834,1.614108681678772
2,block3_h72_seed14,3732,full,4,backward,1,0.9985023736953736,0.873350203037262,1.0066202878952026,0.1332700848579406,0.873350203037262
2,block3_h72_seed14,3733,full,2,left,0,0.7537966370582581,0.4426964819431305,0.4652678966522217,0.0225714147090911,0.5717961192131042
2,block3_h72_seed14,3734,full,2,left,1,0.99027681350708,1.049439787864685,1.1451084613800049,0.0956686735153198,1.049439787864685
2,block3_h72_seed14,3735,full,3,forward,1,0.99992036819458,0.451299101114273,0.650276243686676,0.1989771425724029,0.451299101114273
2,block3_h72_seed14,3736,full,1,right,1,0.9901498556137084,1.050487399101257,1.1436022520065308,0.0931148529052734,1.050487399101257
2,block3_h72_seed14,3737,full,1,right,1,0.5172079801559448,1.304040551185608,1.307059407234192,0.0030188560485839,1.304040551185608
2,block3_h72_seed14,3738,full,3,forward,1,0.847763180732727,0.967475414276123,1.0066946744918823,0.0392192602157592,0.967475414276123
2,block3_h72_seed14,3739,full,3,forward,1,0.9932069182395936,1.2667948007583618,1.3725961446762085,0.1058013439178466,1.2667948007583618
2,block3_h72_seed14,3741,full,2,left,1,0.9901524186134338,1.4064451456069946,1.5004183053970337,0.093973159790039,1.4064451456069946
2,block3_h72_seed14,3743,full,4,backward,1,0.9627277851104736,1.0056437253952026,1.0765050649642944,0.0708613395690918,1.0056437253952026
2,block3_h72_seed14,3744,full,2,left,1,0.8334925174713135,1.6581178903579712,1.7072010040283203,0.0490831136703491,1.6581178903579712
2,block3_h72_seed14,3746,full,1,right,1,0.99746572971344,0.4224238097667694,0.5558497309684753,0.1334259212017059,0.4224238097667694
2,block3_h72_seed14,3749,full,2,left,1,0.9860008358955384,1.321414589881897,1.4147838354110718,0.0933692455291748,1.321414589881897
2,block3_h72_seed14,3750,full,3,forward,1,0.8378563523292542,0.9118239283561708,0.9642453789711,0.0524214506149292,0.9118239283561708
2,block3_h72_seed14,3751,full,4,backward,1,0.9891144037246704,1.306644320487976,1.3991785049438477,0.0925341844558715,1.306644320487976
2,block3_h72_seed14,3753,full,1,right,1,0.9334668517112732,1.114060401916504,1.1752572059631348,0.0611968040466308,1.114060401916504
2,block3_h72_seed14,3756,full,4,backward,1,0.9916580319404602,1.1040606498718262,1.1997259855270386,0.0956653356552124,1.1040606498718262
2,block3_h72_seed14,3757,full,1,right,1,0.9965478777885436,0.6330031752586365,0.7562940716743469,0.1232908964157104,0.6330031752586365
2,block3_h72_seed14,3758,full,3,forward,1,0.787700355052948,0.9227617383003236,0.9503366947174072,0.0275749564170837,0.9227617383003236
2,block3_h72_seed14,3759,full,1,right,0,0.9329309463500975,1.1541833877563477,1.2069185972213743,0.0527352094650268,1.3314515352249146
2,block3_h72_seed14,3760,full,1,right,1,0.9918017983436584,0.4681169688701629,0.5742679238319397,0.1061509549617767,0.4681169688701629
2,block3_h72_seed14,3761,full,1,right,1,0.8998987674713135,0.5295074582099915,0.5868684649467468,0.0573610067367553,0.5295074582099915
2,block3_h72_seed14,3762,full,1,right,0,0.7148315906524658,0.7866329550743103,0.805170476436615,0.0185375213623046,0.9034563899040222
2,block3_h72_seed14,3763,full,3,forward,1,0.9031773209571838,1.0506227016448977,1.1043182611465454,0.0536955595016479,1.0506227016448977
2,block3_h72_seed14,3765,full,4,backward,1,0.9999264478683472,0.4707860052585602,0.6723735928535461,0.2015875875949859,0.4707860052585602
2,block3_h72_seed14,3768,full,4,backward,0,0.5971067547798157,0.4652562141418457,0.4732385575771332,0.0079823434352874,0.581056535243988
2,block3_h72_seed14,3769,full,4,backward,0,0.8604627251625061,1.0540554523468018,1.0946420431137085,0.0405865907669067,1.0946420431137085
2,block3_h72_seed14,3770,full,2,left,1,0.6092967987060547,1.54981529712677,1.5826958417892456,0.0328805446624755,1.54981529712677
2,block3_h72_seed14,3771,full,3,forward,0,0.4128682315349579,0.6101331114768982,0.6193774342536926,0.0092443227767944,0.6238974928855896
2,block3_h72_seed14,3772,full,2,left,0,0.93389892578125,0.8639881014823914,0.9170975685119628,0.0531094670295715,1.0309239625930786
2,block3_h72_seed14,3773,full,4,backward,1,0.9976547956466676,0.754963219165802,0.8878057599067688,0.1328425407409668,0.754963219165802
2,block3_h72_seed14,3774,full,2,left,1,0.9637890458106996,1.424502968788147,1.5058656930923462,0.0813627243041992,1.424502968788147
2,block3_h72_seed14,3775,full,3,forward,1,0.990796685218811,1.1152291297912598,1.2255812883377075,0.1103521585464477,1.1152291297912598
2,block3_h72_seed14,3776,full,1,right,0,0.829581618309021,1.0483336448669434,1.092131495475769,0.0437978506088256,1.095737099647522
2,block3_h72_seed14,3777,full,1,right,1,0.6871904730796814,0.7030767798423767,0.7299426198005676,0.0268658399581909,0.7030767798423767
2,block3_h72_seed14,3778,full,4,backward,1,0.8247838020324707,1.0606826543807983,1.092536449432373,0.0318537950515747,1.0606826543807983
2,block3_h72_seed14,3779,full,1,right,1,0.9198142290115356,1.0164974927902222,1.0701498985290527,0.0536524057388305,1.0164974927902222
2,block3_h72_seed14,3780,full,2,left,1,0.9968762397766112,1.0490411520004272,1.1695088148117063,0.1204676628112793,1.0490411520004272
2,block3_h72_seed14,3781,full,1,right,1,0.7199103832244873,1.3350648880004885,1.3681296110153198,0.0330647230148315,1.3350648880004885
2,block3_h72_seed14,3782,full,3,forward,1,0.9851919412612916,1.2870484590530396,1.3815816640853882,0.0945332050323486,1.2870484590530396
2,block3_h72_seed14,3783,full,2,left,0,0.993511974811554,0.627400815486908,0.7285749912261963,0.1011741757392883,0.7285749912261963
2,block3_h72_seed14,3786,full,2,left,1,0.9996395111083984,0.4310062825679779,0.6086332201957703,0.1776269376277923,0.4310062825679779
2,block3_h72_seed14,3788,full,2,left,1,0.9813432097434998,1.3667563199996948,1.4476820230484009,0.080925703048706,1.3667563199996948
2,block3_h72_seed14,3789,full,4,backward,1,0.9985297918319702,0.4123066961765289,0.551794707775116,0.139488011598587,0.4123066961765289
2,block3_h72_seed14,3790,full,2,left,1,0.9185917973518372,1.2098259925842283,1.2585426568984983,0.04871666431427,1.2098259925842283
2,block3_h72_seed14,3791,full,3,forward,1,0.9973022937774658,1.177214503288269,1.3001749515533447,0.1229604482650756,1.177214503288269
2,block3_h72_seed14,3793,full,1,right,1,0.9969146251678468,0.6086066961288452,0.7310072779655457,0.1224005818367004,0.6086066961288452
2,block3_h72_seed14,3794,full,3,forward,1,0.999367892742157,0.6038783192634583,0.7551627159118652,0.1512843966484069,0.6038783192634583
2,block3_h72_seed14,3796,full,2,left,0,0.5359947085380554,1.1438223123550415,1.1497894525527954,0.0059671401977539,1.1497894525527954
2,block3_h72_seed14,3797,full,4,backward,1,0.9999524354934692,0.3328604996204376,0.5458552837371826,0.212994784116745,0.3328604996204376
2,block3_h72_seed14,3798,full,2,left,1,0.9966520667076112,1.049439787864685,1.1782851219177246,0.1288453340530395,1.049439787864685
2,block3_h72_seed14,3799,full,2,left,1,0.999964714050293,1.0743955373764038,1.2865314483642578,0.212135910987854,1.0743955373764038
2,block3_h72_seed14,3800,full,4,backward,1,0.999823033809662,0.4865463674068451,0.6677170395851135,0.1811706721782684,0.4865463674068451
2,block3_h72_seed14,3801,full,2,left,1,0.9996838569641112,0.6099751591682434,0.7805085182189941,0.1705333590507507,0.6099751591682434
2,block3_h72_seed14,3802,full,2,left,0,0.9532004594802856,0.3936490714550018,0.4542630016803741,0.0606139302253723,0.54225754737854
2,block3_h72_seed14,3804,full,4,backward,1,0.99494606256485,1.088149905204773,1.198460817337036,0.1103109121322631,1.088149905204773
2,block3_h72_seed14,3805,full,1,right,1,0.8210662603378296,1.3155750036239624,1.3467828035354614,0.031207799911499,1.3155750036239624
2,block3_h72_seed14,3806,full,1,right,1,0.9999417066574096,0.6854907870292664,0.8963978886604309,0.2109071016311645,0.6854907870292664
2,block3_h72_seed14,3807,full,4,backward,1,0.9985089898109436,1.064595341682434,1.1950331926345823,0.1304378509521484,1.064595341682434
2,block3_h72_seed14,3808,full,2,left,1,0.9920250177383424,1.366812229156494,1.4638699293136597,0.0970577001571655,1.366812229156494
2,block3_h72_seed14,3809,full,1,right,1,0.9548780918121338,1.2788256406784058,1.3562005758285522,0.0773749351501464,1.2788256406784058
2,block3_h72_seed14,3810,full,4,backward,1,0.9638580679893494,1.3664287328720093,1.4409480094909668,0.0745192766189575,1.3664287328720093
2,block3_h72_seed14,3811,full,3,forward,0,0.9809211492538452,0.7488402724266052,0.8285055160522461,0.0796652436256408,0.8915386199951172
2,block3_h72_seed14,3813,full,3,forward,1,0.9325884580612184,1.1261495351791382,1.187036395072937,0.0608868598937988,1.1261495351791382
2,block3_h72_seed14,3815,full,3,forward,1,0.994959592819214,0.9829992651939392,1.1066150665283203,0.1236158013343811,0.9829992651939392
2,block3_h72_seed14,3816,full,4,backward,1,0.9009361863136292,0.9524495005607604,0.9968182444572448,0.0443687438964843,0.9524495005607604
2,block3_h72_seed14,3817,full,3,forward,1,0.979868233203888,1.4191957712173462,1.5014861822128296,0.0822904109954834,1.4191957712173462
2,block3_h72_seed14,3818,full,2,left,1,0.9295970797538756,1.2988367080688477,1.3511451482772827,0.052308440208435,1.2988367080688477
2,block3_h72_seed14,3819,full,4,backward,1,0.9981655478477478,0.9313335418701172,1.0691174268722534,0.1377838850021362,0.9313335418701172
2,block3_h72_seed14,3820,full,3,forward,1,0.998474895954132,0.6107965707778931,0.7582792639732361,0.147482693195343,0.6107965707778931
2,block3_h72_seed14,3821,full,1,right,1,0.9981829524040222,0.4224238097667694,0.5558497309684753,0.1334259212017059,0.4224238097667694
2,block3_h72_seed14,3822,full,2,left,0,0.6426125764846802,1.1723984479904177,1.1843980550765991,0.0119996070861816,1.2841542959213257
2,block3_h72_seed14,3823,full,1,right,0,0.4143731296062469,1.3075257539749146,1.3110078573226929,0.0034821033477783,1.3110078573226929
2,block3_h72_seed14,3824,full,3,forward,1,0.9911003708839417,0.5504947304725647,0.6560943722724915,0.1055996417999267,0.5504947304725647
2,block3_h72_seed14,3825,full,1,right,1,0.9958904385566713,1.7276792526245115,1.8389253616333008,0.111246109008789,1.7276792526245115
2,block3_h72_seed14,3826,full,3,forward,1,0.9325884580612184,1.1261495351791382,1.187036395072937,0.0608868598937988,1.1261495351791382
2,block3_h72_seed14,3828,full,4,backward,1,0.9992165565490724,0.6671163439750671,0.8146340250968933,0.1475176811218261,0.6671163439750671
2,block3_h72_seed14,3829,full,3,forward,1,0.9916975498199464,0.6811662316322327,0.7919109463691711,0.1107447147369384,0.6811662316322327
2,block3_h72_seed14,3830,full,2,left,1,0.9926902651786804,0.5902340412139893,0.6919997334480286,0.1017656922340393,0.5902340412139893
2,block3_h72_seed14,3831,full,4,backward,1,0.9999982118606568,0.427521139383316,0.7039999961853027,0.2764788568019867,0.427521139383316
2,block3_h72_seed14,3832,full,2,left,1,0.6160097122192383,0.7226042151451111,0.7445605397224426,0.0219563245773315,0.7226042151451111
2,block3_h72_seed14,3833,full,2,left,0,0.950946033000946,0.8195222020149231,0.879871666431427,0.0603494644165039,0.879871666431427
2,block3_h72_seed14,3835,full,3,forward,1,0.998072862625122,1.2316380739212036,1.356956124305725,0.1253180503845214,1.2316380739212036
2,block3_h72_seed14,3836,full,1,right,1,0.99955815076828,0.5170072317123413,0.6761136651039124,0.159106433391571,0.5170072317123413
2,block3_h72_seed14,3838,full,3,forward,1,0.9902623295783995,1.2435396909713743,1.3389015197753906,0.0953618288040161,1.2435396909713743
2,block3_h72_seed14,3839,full,1,right,1,0.9985815286636353,1.5123363733291626,1.6555811166763306,0.1432447433471679,1.5123363733291626
2,block3_h72_seed14,3841,full,3,forward,1,0.9894947409629822,1.2268280982971191,1.319472312927246,0.0926442146301269,1.2268280982971191
2,block3_h72_seed14,3842,full,3,forward,1,0.9928467869758606,1.3640464544296265,1.4731124639511108,0.1090660095214843,1.3640464544296265
2,block3_h72_seed14,3843,full,4,backward,0,0.970553696155548,0.8379510045051575,0.9144022464752196,0.0764512419700622,0.9373471140861512
2,block3_h72_seed14,3844,full,2,left,1,0.9211011528968812,1.7092498540878296,1.7678707838058472,0.0586209297180175,1.7092498540878296
2,block3_h72_seed14,3846,full,4,backward,1,0.9999842643737792,0.5505540370941162,0.7796101570129395,0.2290561199188232,0.5505540370941162
2,block3_h72_seed14,3847,full,1,right,1,0.9930532574653624,1.3127336502075195,1.4282197952270508,0.1154861450195312,1.3127336502075195
2,block3_h72_seed14,3848,full,3,forward,0,0.7348840236663818,0.6799079775810242,0.7009232640266418,0.0210152864456176,0.7806832790374756
2,block3_h72_seed14,3849,full,2,left,0,0.657966136932373,1.0347014665603638,1.0603933334350586,0.0256918668746948,1.0603933334350586
2,block3_h72_seed14,3850,full,3,forward,1,0.9948301911354064,1.4434112310409546,1.5539730787277222,0.1105618476867675,1.4434112310409546
2,block3_h72_seed14,3851,full,4,backward,1,0.7609062790870667,1.0426006317138672,1.074081301689148,0.0314806699752807,1.0426006317138672
2,block3_h72_seed14,3852,full,1,right,0,0.8462746143341064,0.5993236303329468,0.63738614320755,0.0380625128746032,0.6779531836509705
2,block3_h72_seed14,3853,full,2,left,1,0.9483030438423156,1.1610907316207886,1.2229318618774414,0.0618411302566528,1.1610907316207886
2,block3_h72_seed14,3854,full,2,left,1,0.9908409118652344,0.4542207717895508,0.5613072514533997,0.1070864796638488,0.4542207717895508
2,block3_h72_seed14,3855,full,1,right,1,0.9942957758903505,0.4958504736423492,0.6032636761665344,0.1074132025241851,0.4958504736423492
2,block3_h72_seed14,3856,full,1,right,1,0.7163640856742859,1.4926551580429075,1.5149799585342407,0.022324800491333,1.4926551580429075
2,block3_h72_seed14,3857,full,1,right,0,0.865380585193634,2.086120843887329,2.1296656131744385,0.0435447692871093,2.1296656131744385
2,block3_h72_seed14,3858,full,1,right,1,0.999980330467224,0.4837351739406585,0.7144332528114319,0.2306980788707733,0.4837351739406585
2,block3_h72_seed14,3859,full,1,right,1,0.6397408246994019,1.3350648880004885,1.3681296110153198,0.0330647230148315,1.3350648880004885
2,block3_h72_seed14,3860,full,3,forward,1,0.9999674558639526,1.1888070106506348,1.3987289667129517,0.2099219560623169,1.1888070106506348
2,block3_h72_seed14,3862,full,3,forward,1,0.8429772257804871,1.0337947607040403,1.070450782775879,0.0366560220718383,1.0337947607040403
2,block3_h72_seed14,3863,full,3,forward,0,0.7701092958450317,0.8196826577186584,0.8447734713554382,0.0250908136367797,0.907773733139038
2,block3_h72_seed14,3864,full,1,right,1,0.9978905320167542,0.5031306147575378,0.6382899880409241,0.1351593732833862,0.5031306147575378
2,block3_h72_seed14,3865,full,2,left,1,0.9816235303878784,1.2521320581436155,1.3317304849624634,0.0795984268188476,1.2521320581436155
2,block3_h72_seed14,3866,full,2,left,1,0.9998273253440856,0.3636063635349273,0.5451049208641052,0.1814985573291778,0.3636063635349273
2,block3_h72_seed14,3868,full,4,backward,1,0.4563137888908386,0.7786986827850342,0.7831025719642639,0.0044038891792297,0.7786986827850342
2,block3_h72_seed14,3869,full,3,forward,1,0.9996696710586548,1.1124306917190552,1.2886146306991575,0.1761839389801025,1.1124306917190552
2,block3_h72_seed14,3870,full,3,forward,1,0.9758545756340028,1.1571286916732788,1.2347161769866943,0.0775874853134155,1.1571286916732788
2,block3_h72_seed14,3871,full,3,forward,0,0.7564114928245544,0.5114361643791199,0.5341036915779114,0.0226675271987915,0.7251642346382141
2,block3_h72_seed14,3872,full,2,left,1,0.9994007349014282,1.278092384338379,1.4315885305404663,0.1534961462020874,1.278092384338379
2,block3_h72_seed14,3874,full,1,right,1,0.9975691437721252,0.5542321801185608,0.6864827275276184,0.1322505474090576,0.5542321801185608
2,block3_h72_seed14,3876,full,4,backward,1,0.986730694770813,0.8082847595214844,0.9040490984916688,0.0957643389701843,0.8082847595214844
2,block3_h72_seed14,3877,full,1,right,1,0.9886044263839722,1.1018826961517334,1.1933245658874512,0.0914418697357177,1.1018826961517334
2,block3_h72_seed14,3878,full,1,right,1,0.9999327659606934,0.5098934173583984,0.7199602127075195,0.2100667953491211,0.5098934173583984
2,block3_h72_seed14,3879,full,2,left,0,0.5711644887924194,0.4592392444610595,0.4652047157287597,0.0059654712677001,0.5647903084754944
2,block3_h72_seed14,3880,full,1,right,1,0.9520558714866638,1.60549795627594,1.6744974851608276,0.0689995288848877,1.60549795627594
2,block3_h72_seed14,3881,full,1,right,1,0.9995406866073608,0.4488968849182129,0.6199583411216736,0.1710614562034607,0.4488968849182129
2,block3_h72_seed14,3882,full,3,forward,1,0.9986578226089478,1.614108681678772,1.7568674087524414,0.1427587270736694,1.614108681678772
2,block3_h72_seed14,3884,full,4,backward,1,0.9832614064216614,0.8678891062736511,0.9513177871704102,0.083428680896759,0.8678891062736511
2,block3_h72_seed14,3885,full,3,forward,1,0.9891496300697328,0.9888351559638976,1.0877037048339844,0.0988685488700866,0.9888351559638976
2,block3_h72_seed14,3886,full,1,right,0,0.6274992227554321,0.5356238484382629,0.5466821789741516,0.0110583305358886,0.6217347979545593
2,block3_h72_seed14,3887,full,3,forward,1,0.7500483393669128,1.1541012525558472,1.183182716369629,0.0290814638137817,1.1541012525558472
2,block3_h72_seed14,3888,full,3,forward,1,0.9615578055381776,0.6239112615585327,0.6914494633674622,0.0675382018089294,0.6239112615585327
2,block3_h72_seed14,3889,full,3,forward,0,0.496955394744873,1.4382597208023071,1.4389276504516602,0.000667929649353,1.4389276504516602
2,block3_h72_seed14,3890,full,3,forward,1,0.9895963072776794,1.129534125328064,1.2316666841506958,0.1021325588226318,1.129534125328064
2,block3_h72_seed14,3891,full,3,forward,1,0.9983639121055604,1.195964813232422,1.3256127834320068,0.1296479701995849,1.195964813232422
2,block3_h72_seed14,3892,full,3,forward,1,0.9914421439170836,1.2987462282180786,1.402495265007019,0.1037490367889404,1.2987462282180786
2,block3_h72_seed14,3893,full,1,right,1,0.9993091821670532,0.7035703659057617,0.8613243103027344,0.1577539443969726,0.7035703659057617
2,block3_h72_seed14,3894,full,1,right,1,0.9991835951805116,1.2224644422531128,1.3687750101089478,0.1463105678558349,1.2224644422531128
2,block3_h72_seed14,3895,full,4,backward,1,0.9989111423492432,1.2362176179885864,1.3735824823379517,0.1373648643493652,1.2362176179885864
2,block3_h72_seed14,3896,full,4,backward,1,0.9915176033973694,1.214466571807861,1.3122183084487915,0.0977517366409301,1.214466571807861
2,block3_h72_seed14,3897,full,2,left,1,0.6414748430252075,1.3704601526260376,1.3932307958602903,0.0227706432342529,1.3704601526260376
2,block3_h72_seed14,3898,full,2,left,1,0.9814121723175048,1.0954664945602417,1.1876143217086792,0.0921478271484375,1.0954664945602417
2,block3_h72_seed14,3899,full,4,backward,1,0.8054963946342468,1.0850781202316284,1.1135772466659546,0.0284991264343261,1.0850781202316284
2,block3_h72_seed14,3900,full,2,left,0,0.7257365584373474,0.8490062355995178,0.8788987994194031,0.0298925638198852,0.8788987994194031
2,block3_h72_seed14,3901,full,2,left,0,0.5236393809318542,0.7534554600715637,0.7554044723510742,0.0019490122795104,0.8791996836662292
2,block3_h72_seed14,3902,full,1,right,0,0.7045440077781677,1.223149657249451,1.2412620782852173,0.0181124210357666,1.2412620782852173
2,block3_h72_seed14,3904,full,4,backward,1,0.9945618510246276,0.7576019167900085,0.8668527007102966,0.109250783920288,0.7576019167900085
2,block3_h72_seed14,3905,full,3,forward,1,0.995004951953888,0.8899590969085693,1.0156606435775757,0.1257015466690063,0.8899590969085693
2,block3_h72_seed14,3907,full,3,forward,1,0.9995625615119934,0.595512866973877,0.7549143433570862,0.1594014763832092,0.595512866973877
2,block3_h72_seed14,3909,full,3,forward,1,0.9752177000045776,1.359788417816162,1.4403915405273438,0.0806031227111816,1.359788417816162
2,block3_h72_seed14,3910,full,2,left,1,0.9783929586410522,1.2445034980773926,1.3312383890151978,0.0867348909378051,1.2445034980773926
2,block3_h72_seed14,3911,full,1,right,1,0.9211151003837584,1.5710960626602173,1.6216284036636353,0.0505323410034179,1.5710960626602173
2,block3_h72_seed14,3912,full,1,right,0,0.5518445372581482,0.5550660490989685,0.5594040751457214,0.0043380260467529,0.6710694432258606
2,block3_h72_seed14,3913,full,4,backward,1,0.8084812164306641,0.9459444880485536,0.9853916764259338,0.0394471883773803,0.9459444880485536
2,block3_h72_seed14,3914,full,1,right,1,0.5518072843551636,0.9129667282104492,0.9313244819641112,0.0183577537536621,0.9129667282104492
2,block3_h72_seed14,3915,full,1,right,1,0.9997219443321228,0.3640813827514648,0.5467818975448608,0.182700514793396,0.3640813827514648
2,block3_h72_seed14,3916,full,3,forward,1,0.7811413407325745,0.4968587458133697,0.5332598090171814,0.0364010632038116,0.4968587458133697
2,block3_h72_seed14,3918,full,4,backward,1,0.999957799911499,0.3339605331420898,0.5508857369422913,0.2169252038002014,0.3339605331420898
2,block3_h72_seed14,3919,full,1,right,1,0.935027003288269,1.3646713495254517,1.4189924001693726,0.0543210506439209,1.3646713495254517
2,block3_h72_seed14,3921,full,1,right,1,0.5703189969062805,1.2036237716674805,1.2118831872940063,0.0082594156265258,1.2036237716674805
2,block3_h72_seed14,3922,full,2,left,0,0.5041285753250122,1.4209295511245728,1.4236921072006226,0.0027625560760498,1.4236921072006226
2,block3_h72_seed14,3923,full,3,forward,0,0.7630747556686401,1.202985167503357,1.2308406829833984,0.0278555154800415,1.2308406829833984
2,block3_h72_seed14,3924,full,2,left,1,0.885114848613739,1.3709512948989868,1.4128690958023071,0.0419178009033203,1.3709512948989868
2,block3_h72_seed14,3925,full,2,left,0,0.6666393876075745,0.822237491607666,0.836371660232544,0.0141341686248779,0.9596197009086608
2,block3_h72_seed14,3926,full,2,left,1,0.9992595314979552,1.1098737716674805,1.2621102333068848,0.1522364616394043,1.1098737716674805
2,block3_h72_seed14,3927,full,1,right,1,0.996957302093506,1.2164560556411743,1.3452081680297852,0.1287521123886108,1.2164560556411743
2,block3_h72_seed14,3928,full,2,left,1,0.9900168776512146,1.6763347387313845,1.7846282720565796,0.1082935333251953,1.6763347387313845
2,block3_h72_seed14,3929,full,1,right,0,0.7221276760101318,0.5805032253265381,0.599606990814209,0.0191037654876709,0.7907549738883972
2,block3_h72_seed14,3930,full,3,forward,1,0.987122118473053,1.2507325410842896,1.354312300682068,0.1035797595977783,1.2507325410842896
2,block3_h72_seed14,3931,full,3,forward,0,0.5980033278465271,0.4151253998279571,0.4230689108371734,0.0079435110092163,0.6679516434669495
2,block3_h72_seed14,3932,full,1,right,1,0.9881845712661744,0.5275160074234009,0.6318220496177673,0.1043060421943664,0.5275160074234009
2,block3_h72_seed14,3933,full,2,left,1,0.7065340876579285,0.8397366404533386,0.8741976618766785,0.0344610214233398,0.8397366404533386
2,block3_h72_seed14,3934,full,1,right,0,0.9359566569328308,1.2137094736099243,1.268450379371643,0.0547409057617187,1.268450379371643
2,block3_h72_seed14,3935,full,2,left,1,0.9064033627510072,1.0946791172027588,1.1561373472213743,0.0614582300186157,1.0946791172027588
2,block3_h72_seed14,3936,full,2,left,1,0.9816229343414308,1.2521320581436155,1.3317304849624634,0.0795984268188476,1.2521320581436155
2,block3_h72_seed14,3937,full,1,right,1,0.9912770986557008,1.2862805128097534,1.3896822929382324,0.103401780128479,1.2862805128097534
2,block3_h72_seed14,3938,full,1,right,1,0.8780427575111389,0.5295074582099915,0.5823532938957214,0.0528458356857299,0.5295074582099915
2,block3_h72_seed14,3940,full,3,forward,1,0.9295870065689088,1.2441867589950562,1.2973144054412842,0.053127646446228,1.2441867589950562
2,block3_h72_seed14,3941,full,4,backward,1,0.9993093013763428,0.9600871205329896,1.118216872215271,0.1581297516822815,0.9600871205329896
2,block3_h72_seed14,3942,full,2,left,1,0.6205388903617859,0.5610161423683167,0.5716850757598877,0.010668933391571,0.5610161423683167
2,block3_h72_seed14,3943,full,1,right,0,0.8001685738563538,0.6488725543022156,0.6772470474243164,0.0283744931221008,0.746854305267334
2,block3_h72_seed14,3944,full,2,left,1,0.999704897403717,0.3882259130477905,0.5611212253570557,0.1728953123092651,0.3882259130477905
2,block3_h72_seed14,3945,full,4,backward,1,0.9945977926254272,0.6671163439750671,0.7803418040275574,0.1132254600524902,0.6671163439750671
2,block3_h72_seed14,3946,full,2,left,1,0.9823983311653136,0.5902340412139893,0.6845893859863281,0.0943553447723388,0.5902340412139893
2,block3_h72_seed14,3949,full,3,forward,0,0.7392523288726807,0.772127628326416,0.7930083274841309,0.0208806991577148,0.9211263656616212
2,block3_h72_seed14,3951,full,1,right,1,0.8230611681938171,1.0493391752243042,1.0878900289535522,0.038550853729248,1.0493391752243042
2,block3_h72_seed14,3952,full,3,forward,0,0.8307996988296509,0.7488402724266052,0.7807469367980957,0.0319066643714904,0.8915386199951172
2,block3_h72_seed14,3953,full,4,backward,1,0.8978630900382996,1.2818340063095093,1.329969048500061,0.0481350421905517,1.2818340063095093
2,block3_h72_seed14,3954,full,2,left,1,0.9761165380477904,1.424502968788147,1.5058656930923462,0.0813627243041992,1.424502968788147
2,block3_h72_seed14,3955,full,4,backward,1,0.9999732971191406,0.4718924462795257,0.6976108551025391,0.2257184088230133,0.4718924462795257
2,block3_h72_seed14,3956,full,4,backward,1,0.980413258075714,1.3824630975723269,1.461168885231018,0.0787057876586914,1.3824630975723269
2,block3_h72_seed14,3957,full,1,right,1,0.969951033592224,2.1021151542663574,2.17495059967041,0.0728354454040527,2.1021151542663574
2,block3_h72_seed14,3958,full,4,backward,1,0.9997015595436096,0.508508026599884,0.6800374984741211,0.171529471874237,0.508508026599884
2,block3_h72_seed14,3959,full,1,right,1,0.9979870319366456,1.2164559364318848,1.3433295488357544,0.1268736124038696,1.2164559364318848
2,block3_h72_seed14,3960,full,1,right,0,0.8313189148902893,1.377629280090332,1.411096215248108,0.0334669351577758,1.462397575378418
2,block3_h72_seed14,3961,full,1,right,0,0.9680551290512084,0.6325569748878479,0.7047349810600281,0.0721780061721801,0.7365756034851074
2,block3_h72_seed14,3963,full,4,backward,1,0.9997130036354064,0.4593702852725982,0.6352629065513611,0.1758926212787628,0.4593702852725982
2,block3_h72_seed14,3964,full,3,forward,0,0.3334133327007293,0.4731266498565674,0.4746071398258209,0.0014804899692535,0.4828905761241913
2,block3_h72_seed14,3965,full,4,backward,1,0.9998859167099,0.6620908975601196,0.8458750247955322,0.1837841272354126,0.6620908975601196
2,block3_h72_seed14,3967,full,1,right,0,0.5875345468521118,0.4116154015064239,0.4187121391296386,0.0070967376232147,0.5590947270393372
2,block3_h72_seed14,3968,full,4,backward,1,0.999958634376526,0.4718923568725586,0.6758478283882141,0.2039554715156555,0.4718923568725586
2,block3_h72_seed14,3969,full,3,forward,1,0.999322772026062,0.5674753785133362,0.7252734303474426,0.1577980518341064,0.5674753785133362
2,block3_h72_seed14,3970,full,1,right,1,0.98931223154068,1.2862805128097534,1.383643627166748,0.0973631143569946,1.2862805128097534
2,block3_h72_seed14,3971,full,4,backward,1,0.9985454082489014,0.4204345941543579,0.5650308132171631,0.1445962190628051,0.4204345941543579
2,block3_h72_seed14,3972,full,2,left,1,0.992071568965912,1.3633524179458618,1.4677187204360962,0.1043663024902343,1.3633524179458618
2,block3_h72_seed14,3973,full,3,forward,1,0.998854398727417,0.4677538871765136,0.6186199188232422,0.1508660316467285,0.4677538871765136
2,block3_h72_seed14,3975,full,3,forward,1,0.7232931852340698,1.2857646942138672,1.3184736967086792,0.032709002494812,1.2857646942138672
2,block3_h72_seed14,3976,full,2,left,1,0.6453500986099243,1.3158708810806274,1.3281550407409668,0.0122841596603393,1.3158708810806274
2,block3_h72_seed14,3977,full,4,backward,1,0.9999074935913086,0.4721169471740722,0.6669671535491943,0.194850206375122,0.4721169471740722
2,block3_h72_seed14,3978,full,4,backward,1,0.6946299076080322,1.1907739639282229,1.2078958749771118,0.0171219110488891,1.1907739639282229
2,block3_h72_seed14,3982,full,1,right,0,0.9188042283058168,0.7866328358650208,0.835902214050293,0.0492693781852722,0.9034563899040222
2,block3_h72_seed14,3984,full,3,forward,1,0.9999700784683228,0.5482735633850098,0.7643382549285889,0.2160646915435791,0.5482735633850098
2,block3_h72_seed14,3985,full,4,backward,1,0.9993334412574768,0.6265296339988708,0.7806662917137146,0.1541366577148437,0.6265296339988708
2,block3_h72_seed14,3987,full,3,forward,1,0.9997979998588562,0.682892382144928,0.8600521683692932,0.1771597862243652,0.682892382144928
2,block3_h72_seed14,3988,full,3,forward,1,0.7970325946807861,1.0433714389801023,1.073452115058899,0.0300806760787963,1.0433714389801023
2,block3_h72_seed14,3989,full,3,forward,1,0.9992899894714355,0.6107966303825378,0.7747898101806641,0.1639931797981262,0.6107966303825378
2,block3_h72_seed14,3990,full,4,backward,1,0.9740340113639832,0.7228667736053467,0.8026785850524902,0.0798118114471435,0.7228667736053467
2,block3_h72_seed14,3992,full,4,backward,1,0.9985195994377136,1.1275802850723269,1.2587138414382937,0.1311335563659668,1.1275802850723269
2,block3_h72_seed14,3993,full,3,forward,0,0.7392151355743408,0.7721278071403503,0.7930083870887756,0.0208805799484252,0.9211263656616212
2,block3_h72_seed14,3994,full,3,forward,0,0.6083078384399414,0.4376202821731567,0.4464246332645416,0.0088043510913848,0.6784273982048035
2,block3_h72_seed14,3997,full,2,left,1,0.5965557098388672,1.1303404569625854,1.1386886835098269,0.0083482265472412,1.1303404569625854
2,block3_h72_seed14,3998,full,2,left,1,0.922749936580658,1.4451948404312134,1.497460961341858,0.0522661209106445,1.4451948404312134
