lambda,heldout,variant_label,cheap,full,oracle,oracle_route,conf,conf_route,context_cls,context_cls_route,router,feature_set,util,route,k,rule,cols
0.02,block3_h36_seed13,"3-block, H=36",0.8973105134474327,0.8088508557457212,0.940440097799511,0.044009779951100246,0.8525672371638143,0.28117359413202936,0.8869437652811736,0.029339853300733496,knn_gain,uncertainty,0.8422004889975551,0.3105134474327628,15,gain_threshold,"cheap_confidence,cheap_uncertainty"
0.02,block3_h36_seed13,"3-block, H=36",0.8973105134474327,0.8088508557457212,0.940440097799511,0.044009779951100246,0.8525672371638143,0.28117359413202936,0.8869437652811736,0.029339853300733496,rescue_harm,uncertainty,0.8555501222493888,0.254278728606357,25,"thr=0.0400,cap=0.2000","cheap_confidence,cheap_uncertainty"
0.02,block3_h36_seed13,"3-block, H=36",0.8973105134474327,0.8088508557457212,0.940440097799511,0.044009779951100246,0.8525672371638143,0.28117359413202936,0.8869437652811736,0.029339853300733496,knn_gain,margin,0.8598533007334963,0.28361858190709044,15,gain_threshold,"cheap_confidence,cheap_uncertainty,cheap_best_distance,cheap_second_best_distance,cheap_pred_margin"
0.02,block3_h36_seed13,"3-block, H=36",0.8973105134474327,0.8088508557457212,0.940440097799511,0.044009779951100246,0.8525672371638143,0.28117359413202936,0.8869437652811736,0.029339853300733496,rescue_harm,margin,0.8711002444987775,0.21026894865525672,25,"thr=0.0800,cap=0.2800","cheap_confidence,cheap_uncertainty,cheap_best_distance,cheap_second_best_distance,cheap_pred_margin"
0.02,block3_h36_seed13,"3-block, H=36",0.8973105134474327,0.8088508557457212,0.940440097799511,0.044009779951100246,0.8525672371638143,0.28117359413202936,0.8869437652811736,0.029339853300733496,knn_gain,margin_action,0.8580440097799512,0.3740831295843521,25,gain_threshold,"cheap_confidence,cheap_uncertainty,cheap_best_distance,cheap_second_best_distance,cheap_pred_margin,action_1,action_2,action_3,action_4"
0.02,block3_h36_seed13,"3-block, H=36",0.8973105134474327,0.8088508557457212,0.940440097799511,0.044009779951100246,0.8525672371638143,0.28117359413202936,0.8869437652811736,0.029339853300733496,rescue_harm,margin_action,0.8495843520782397,0.43031784841075793,100,"thr=0.0200,cap=0.2200","cheap_confidence,cheap_uncertainty,cheap_best_distance,cheap_second_best_distance,cheap_pred_margin,action_1,action_2,action_3,action_4"
0.02,block3_h36_seed13,"3-block, H=36",0.8973105134474327,0.8088508557457212,0.940440097799511,0.044009779951100246,0.8525672371638143,0.28117359413202936,0.8869437652811736,0.029339853300733496,knn_gain,context,0.8561858190709049,0.22249388753056235,15,gain_threshold,"cheap_confidence,cheap_uncertainty,cheap_best_distance,cheap_second_best_distance,cheap_pred_margin,action_1,action_2,action_3,action_4,horizon_norm,velocity_norm"
0.02,block3_h36_seed13,"3-block, H=36",0.8973105134474327,0.8088508557457212,0.940440097799511,0.044009779951100246,0.8525672371638143,0.28117359413202936,0.8869437652811736,0.029339853300733496,rescue_harm,context,0.8650855745721273,0.2665036674816626,100,"thr=0.0200,cap=0.2000","cheap_confidence,cheap_uncertainty,cheap_best_distance,cheap_second_best_distance,cheap_pred_margin,action_1,action_2,action_3,action_4,horizon_norm,velocity_norm"
0.02,block3_h36_seed13,"3-block, H=36",0.8973105134474327,0.8088508557457212,0.940440097799511,0.044009779951100246,0.8525672371638143,0.28117359413202936,0.8869437652811736,0.029339853300733496,knn_gain,mined_geometry_only,0.8662102689486554,0.21026894865525672,15,gain_threshold,"horizon_norm,velocity_norm,blocked_norm,blocked_x_horizon,blocked_x_velocity,complexity_score,npz_anchor_blocked,npz_candidate_blocked_mean,npz_candidate_blocked_std,npz_blocked_mismatch_frac,npz_state_dist_min,npz_state_dist_mean,npz_state_dist_max,npz_state_dist_std,npz_same_state_neg_frac,npz_same_action_neg_frac"
0.02,block3_h36_seed13,"3-block, H=36",0.8973105134474327,0.8088508557457212,0.940440097799511,0.044009779951100246,0.8525672371638143,0.28117359413202936,0.8869437652811736,0.029339853300733496,rescue_harm,mined_geometry_only,0.8970660146699267,0.012224938875305624,200,"thr=0.0300,cap=0.1250","horizon_norm,velocity_norm,blocked_norm,blocked_x_horizon,blocked_x_velocity,complexity_score,npz_anchor_blocked,npz_candidate_blocked_mean,npz_candidate_blocked_std,npz_blocked_mismatch_frac,npz_state_dist_min,npz_state_dist_mean,npz_state_dist_max,npz_state_dist_std,npz_same_state_neg_frac,npz_same_action_neg_frac"
0.02,block3_h36_seed13,"3-block, H=36",0.8973105134474327,0.8088508557457212,0.940440097799511,0.044009779951100246,0.8525672371638143,0.28117359413202936,0.8869437652811736,0.029339853300733496,knn_gain,context_geometry,0.8389731051344743,0.2273838630806846,15,gain_threshold,"cheap_confidence,cheap_uncertainty,cheap_best_distance,cheap_second_best_distance,cheap_pred_margin,action_1,action_2,action_3,action_4,horizon_norm,velocity_norm,blocked_norm,blocked_x_horizon,blocked_x_velocity,complexity_score,uncertainty_x_blocked,uncertainty_x_horizon,uncertainty_x_velocity,margin_x_blocked,best_dist_x_blocked,second_dist_x_blocked,npz_anchor_blocked,npz_candidate_blocked_mean,npz_candidate_blocked_std,npz_blocked_mismatch_frac,npz_state_dist_min,npz_state_dist_mean,npz_state_dist_max,npz_state_dist_std,npz_same_state_neg_frac,npz_same_action_neg_frac,action_1_x_blocked,action_1_x_horizon,action_2_x_blocked,action_2_x_horizon,action_3_x_blocked,action_3_x_horizon,action_4_x_blocked,action_4_x_horizon"
0.02,block3_h36_seed13,"3-block, H=36",0.8973105134474327,0.8088508557457212,0.940440097799511,0.044009779951100246,0.8525672371638143,0.28117359413202936,0.8869437652811736,0.029339853300733496,rescue_harm,context_geometry,0.8477261613691932,0.2787286063569682,25,"thr=0.0200,cap=0.3500","cheap_confidence,cheap_uncertainty,cheap_best_distance,cheap_second_best_distance,cheap_pred_margin,action_1,action_2,action_3,action_4,horizon_norm,velocity_norm,blocked_norm,blocked_x_horizon,blocked_x_velocity,complexity_score,uncertainty_x_blocked,uncertainty_x_horizon,uncertainty_x_velocity,margin_x_blocked,best_dist_x_blocked,second_dist_x_blocked,npz_anchor_blocked,npz_candidate_blocked_mean,npz_candidate_blocked_std,npz_blocked_mismatch_frac,npz_state_dist_min,npz_state_dist_mean,npz_state_dist_max,npz_state_dist_std,npz_same_state_neg_frac,npz_same_action_neg_frac,action_1_x_blocked,action_1_x_horizon,action_2_x_blocked,action_2_x_horizon,action_3_x_blocked,action_3_x_horizon,action_4_x_blocked,action_4_x_horizon"
0.05,block3_h36_seed13,"3-block, H=36",0.8973105134474327,0.7788508557457212,0.9391198044009781,0.044009779951100246,0.8441320293398533,0.28117359413202936,0.8860635696821517,0.029339853300733496,knn_gain,uncertainty,0.8328850855745721,0.3105134474327628,15,gain_threshold,"cheap_confidence,cheap_uncertainty"
0.05,block3_h36_seed13,"3-block, H=36",0.8973105134474327,0.7788508557457212,0.9391198044009781,0.044009779951100246,0.8441320293398533,0.28117359413202936,0.8860635696821517,0.029339853300733496,rescue_harm,uncertainty,0.8646699266503667,0.16381418092909536,50,"thr=0.1000,cap=0.2000","cheap_confidence,cheap_uncertainty"
0.05,block3_h36_seed13,"3-block, H=36",0.8973105134474327,0.7788508557457212,0.9391198044009781,0.044009779951100246,0.8441320293398533,0.28117359413202936,0.8860635696821517,0.029339853300733496,knn_gain,margin,0.8589242053789732,0.22982885085574573,25,gain_threshold,"cheap_confidence,cheap_uncertainty,cheap_best_distance,cheap_second_best_distance,cheap_pred_margin"
0.05,block3_h36_seed13,"3-block, H=36",0.8973105134474327,0.7788508557457212,0.9391198044009781,0.044009779951100246,0.8441320293398533,0.28117359413202936,0.8860635696821517,0.029339853300733496,rescue_harm,margin,0.8647921760391197,0.21026894865525672,25,"thr=0.0800,cap=0.2800","cheap_confidence,cheap_uncertainty,cheap_best_distance,cheap_second_best_distance,cheap_pred_margin"
0.05,block3_h36_seed13,"3-block, H=36",0.8973105134474327,0.7788508557457212,0.9391198044009781,0.044009779951100246,0.8441320293398533,0.28117359413202936,0.8860635696821517,0.029339853300733496,knn_gain,margin_action,0.8468215158924205,0.3740831295843521,25,tuned_threshold,"cheap_confidence,cheap_uncertainty,cheap_best_distance,cheap_second_best_distance,cheap_pred_margin,action_1,action_2,action_3,action_4"
0.05,block3_h36_seed13,"3-block, H=36",0.8973105134474327,0.7788508557457212,0.9391198044009781,0.044009779951100246,0.8441320293398533,0.28117359413202936,0.8860635696821517,0.029339853300733496,rescue_harm,margin_action,0.8605134474327628,0.2469437652811736,50,"thr=0.0800,cap=0.2000","cheap_confidence,cheap_uncertainty,cheap_best_distance,cheap_second_best_distance,cheap_pred_margin,action_1,action_2,action_3,action_4"
0.05,block3_h36_seed13,"3-block, H=36",0.8973105134474327,0.7788508557457212,0.9391198044009781,0.044009779951100246,0.8441320293398533,0.28117359413202936,0.8860635696821517,0.029339853300733496,knn_gain,context,0.8495110024449878,0.22249388753056235,15,gain_threshold,"cheap_confidence,cheap_uncertainty,cheap_best_distance,cheap_second_best_distance,cheap_pred_margin,action_1,action_2,action_3,action_4,horizon_norm,velocity_norm"
0.05,block3_h36_seed13,"3-block, H=36",0.8973105134474327,0.7788508557457212,0.9391198044009781,0.044009779951100246,0.8441320293398533,0.28117359413202936,0.8860635696821517,0.029339853300733496,rescue_harm,context,0.8612469437652812,0.23227383863080683,100,"thr=0.0300,cap=0.2000","cheap_confidence,cheap_uncertainty,cheap_best_distance,cheap_second_best_distance,cheap_pred_margin,action_1,action_2,action_3,action_4,horizon_norm,velocity_norm"
0.05,block3_h36_seed13,"3-block, H=36",0.8973105134474327,0.7788508557457212,0.9391198044009781,0.044009779951100246,0.8441320293398533,0.28117359413202936,0.8860635696821517,0.029339853300733496,knn_gain,mined_geometry_only,0.8599022004889977,0.21026894865525672,15,gain_threshold,"horizon_norm,velocity_norm,blocked_norm,blocked_x_horizon,blocked_x_velocity,complexity_score,npz_anchor_blocked,npz_candidate_blocked_mean,npz_candidate_blocked_std,npz_blocked_mismatch_frac,npz_state_dist_min,npz_state_dist_mean,npz_state_dist_max,npz_state_dist_std,npz_same_state_neg_frac,npz_same_action_neg_frac"
0.05,block3_h36_seed13,"3-block, H=36",0.8973105134474327,0.7788508557457212,0.9391198044009781,0.044009779951100246,0.8441320293398533,0.28117359413202936,0.8860635696821517,0.029339853300733496,rescue_harm,mined_geometry_only,0.880317848410758,0.09535452322738386,15,"thr=0.0667,cap=0.1333","horizon_norm,velocity_norm,blocked_norm,blocked_x_horizon,blocked_x_velocity,complexity_score,npz_anchor_blocked,npz_candidate_blocked_mean,npz_candidate_blocked_std,npz_blocked_mismatch_frac,npz_state_dist_min,npz_state_dist_mean,npz_state_dist_max,npz_state_dist_std,npz_same_state_neg_frac,npz_same_action_neg_frac"
0.05,block3_h36_seed13,"3-block, H=36",0.8973105134474327,0.7788508557457212,0.9391198044009781,0.044009779951100246,0.8441320293398533,0.28117359413202936,0.8860635696821517,0.029339853300733496,knn_gain,context_geometry,0.8321515892420538,0.2273838630806846,15,gain_threshold,"cheap_confidence,cheap_uncertainty,cheap_best_distance,cheap_second_best_distance,cheap_pred_margin,action_1,action_2,action_3,action_4,horizon_norm,velocity_norm,blocked_norm,blocked_x_horizon,blocked_x_velocity,complexity_score,uncertainty_x_blocked,uncertainty_x_horizon,uncertainty_x_velocity,margin_x_blocked,best_dist_x_blocked,second_dist_x_blocked,npz_anchor_blocked,npz_candidate_blocked_mean,npz_candidate_blocked_std,npz_blocked_mismatch_frac,npz_state_dist_min,npz_state_dist_mean,npz_state_dist_max,npz_state_dist_std,npz_same_state_neg_frac,npz_same_action_neg_frac,action_1_x_blocked,action_1_x_horizon,action_2_x_blocked,action_2_x_horizon,action_3_x_blocked,action_3_x_horizon,action_4_x_blocked,action_4_x_horizon"
0.05,block3_h36_seed13,"3-block, H=36",0.8973105134474327,0.7788508557457212,0.9391198044009781,0.044009779951100246,0.8441320293398533,0.28117359413202936,0.8860635696821517,0.029339853300733496,rescue_harm,context_geometry,0.8393643031784841,0.2787286063569682,25,"thr=0.0275,cap=0.3500","cheap_confidence,cheap_uncertainty,cheap_best_distance,cheap_second_best_distance,cheap_pred_margin,action_1,action_2,action_3,action_4,horizon_norm,velocity_norm,blocked_norm,blocked_x_horizon,blocked_x_velocity,complexity_score,uncertainty_x_blocked,uncertainty_x_horizon,uncertainty_x_velocity,margin_x_blocked,best_dist_x_blocked,second_dist_x_blocked,npz_anchor_blocked,npz_candidate_blocked_mean,npz_candidate_blocked_std,npz_blocked_mismatch_frac,npz_state_dist_min,npz_state_dist_mean,npz_state_dist_max,npz_state_dist_std,npz_same_state_neg_frac,npz_same_action_neg_frac,action_1_x_blocked,action_1_x_horizon,action_2_x_blocked,action_2_x_horizon,action_3_x_blocked,action_3_x_horizon,action_4_x_blocked,action_4_x_horizon"
0.1,block3_h36_seed13,"3-block, H=36",0.8973105134474327,0.7288508557457213,0.9369193154034231,0.044009779951100246,0.8689486552567237,0.13691931540342298,0.8845965770171148,0.029339853300733496,knn_gain,uncertainty,0.8442542787286063,0.21271393643031786,15,gain_threshold,"cheap_confidence,cheap_uncertainty"
0.1,block3_h36_seed13,"3-block, H=36",0.8973105134474327,0.7288508557457213,0.9369193154034231,0.044009779951100246,0.8689486552567237,0.13691931540342298,0.8845965770171148,0.029339853300733496,rescue_harm,uncertainty,0.8775061124694375,0.12469437652811736,50,"thr=0.1800,cap=0.1200","cheap_confidence,cheap_uncertainty"
0.1,block3_h36_seed13,"3-block, H=36",0.8973105134474327,0.7288508557457213,0.9369193154034231,0.044009779951100246,0.8689486552567237,0.13691931540342298,0.8845965770171148,0.029339853300733496,knn_gain,margin,0.8474327628361858,0.22982885085574573,25,tuned_threshold,"cheap_confidence,cheap_uncertainty,cheap_best_distance,cheap_second_best_distance,cheap_pred_margin"
0.1,block3_h36_seed13,"3-block, H=36",0.8973105134474327,0.7288508557457213,0.9369193154034231,0.044009779951100246,0.8689486552567237,0.13691931540342298,0.8845965770171148,0.029339853300733496,rescue_harm,margin,0.8674816625916872,0.1271393643031785,200,"thr=0.0900,cap=0.1050","cheap_confidence,cheap_uncertainty,cheap_best_distance,cheap_second_best_distance,cheap_pred_margin"
0.1,block3_h36_seed13,"3-block, H=36",0.8973105134474327,0.7288508557457213,0.9369193154034231,0.044009779951100246,0.8689486552567237,0.13691931540342298,0.8845965770171148,0.029339853300733496,knn_gain,margin_action,0.8579462102689487,0.1491442542787286,15,tuned_threshold,"cheap_confidence,cheap_uncertainty,cheap_best_distance,cheap_second_best_distance,cheap_pred_margin,action_1,action_2,action_3,action_4"
0.1,block3_h36_seed13,"3-block, H=36",0.8973105134474327,0.7288508557457213,0.9369193154034231,0.044009779951100246,0.8689486552567237,0.13691931540342298,0.8845965770171148,0.029339853300733496,rescue_harm,margin_action,0.8481662591687041,0.2469437652811736,50,"thr=0.0800,cap=0.2000","cheap_confidence,cheap_uncertainty,cheap_best_distance,cheap_second_best_distance,cheap_pred_margin,action_1,action_2,action_3,action_4"
0.1,block3_h36_seed13,"3-block, H=36",0.8973105134474327,0.7288508557457213,0.9369193154034231,0.044009779951100246,0.8689486552567237,0.13691931540342298,0.8845965770171148,0.029339853300733496,knn_gain,context,0.8679706601466992,0.1466992665036675,15,gain_threshold,"cheap_confidence,cheap_uncertainty,cheap_best_distance,cheap_second_best_distance,cheap_pred_margin,action_1,action_2,action_3,action_4,horizon_norm,velocity_norm"
0.1,block3_h36_seed13,"3-block, H=36",0.8973105134474327,0.7288508557457213,0.9369193154034231,0.044009779951100246,0.8689486552567237,0.13691931540342298,0.8845965770171148,0.029339853300733496,rescue_harm,context,0.8841075794621027,0.10757946210268948,15,"thr=0.1333,cap=0.1333","cheap_confidence,cheap_uncertainty,cheap_best_distance,cheap_second_best_distance,cheap_pred_margin,action_1,action_2,action_3,action_4,horizon_norm,velocity_norm"
0.1,block3_h36_seed13,"3-block, H=36",0.8973105134474327,0.7288508557457213,0.9369193154034231,0.044009779951100246,0.8689486552567237,0.13691931540342298,0.8845965770171148,0.029339853300733496,knn_gain,mined_geometry_only,0.8968215158924205,0.004889975550122249,15,tuned_threshold,"horizon_norm,velocity_norm,blocked_norm,blocked_x_horizon,blocked_x_velocity,complexity_score,npz_anchor_blocked,npz_candidate_blocked_mean,npz_candidate_blocked_std,npz_blocked_mismatch_frac,npz_state_dist_min,npz_state_dist_mean,npz_state_dist_max,npz_state_dist_std,npz_same_state_neg_frac,npz_same_action_neg_frac"
0.1,block3_h36_seed13,"3-block, H=36",0.8973105134474327,0.7288508557457213,0.9369193154034231,0.044009779951100246,0.8689486552567237,0.13691931540342298,0.8845965770171148,0.029339853300733496,rescue_harm,mined_geometry_only,0.8973105134474327,0.0,15,"thr=0.3333,cap=0.0667","horizon_norm,velocity_norm,blocked_norm,blocked_x_horizon,blocked_x_velocity,complexity_score,npz_anchor_blocked,npz_candidate_blocked_mean,npz_candidate_blocked_std,npz_blocked_mismatch_frac,npz_state_dist_min,npz_state_dist_mean,npz_state_dist_max,npz_state_dist_std,npz_same_state_neg_frac,npz_same_action_neg_frac"
0.1,block3_h36_seed13,"3-block, H=36",0.8973105134474327,0.7288508557457213,0.9369193154034231,0.044009779951100246,0.8689486552567237,0.13691931540342298,0.8845965770171148,0.029339853300733496,knn_gain,context_geometry,0.8789731051344744,0.061124694376528114,15,tuned_threshold,"cheap_confidence,cheap_uncertainty,cheap_best_distance,cheap_second_best_distance,cheap_pred_margin,action_1,action_2,action_3,action_4,horizon_norm,velocity_norm,blocked_norm,blocked_x_horizon,blocked_x_velocity,complexity_score,uncertainty_x_blocked,uncertainty_x_horizon,uncertainty_x_velocity,margin_x_blocked,best_dist_x_blocked,second_dist_x_blocked,npz_anchor_blocked,npz_candidate_blocked_mean,npz_candidate_blocked_std,npz_blocked_mismatch_frac,npz_state_dist_min,npz_state_dist_mean,npz_state_dist_max,npz_state_dist_std,npz_same_state_neg_frac,npz_same_action_neg_frac,action_1_x_blocked,action_1_x_horizon,action_2_x_blocked,action_2_x_horizon,action_3_x_blocked,action_3_x_horizon,action_4_x_blocked,action_4_x_horizon"
0.1,block3_h36_seed13,"3-block, H=36",0.8973105134474327,0.7288508557457213,0.9369193154034231,0.044009779951100246,0.8689486552567237,0.13691931540342298,0.8845965770171148,0.029339853300733496,rescue_harm,context_geometry,0.8838630806845966,0.061124694376528114,50,"thr=0.1200,cap=0.3400","cheap_confidence,cheap_uncertainty,cheap_best_distance,cheap_second_best_distance,cheap_pred_margin,action_1,action_2,action_3,action_4,horizon_norm,velocity_norm,blocked_norm,blocked_x_horizon,blocked_x_velocity,complexity_score,uncertainty_x_blocked,uncertainty_x_horizon,uncertainty_x_velocity,margin_x_blocked,best_dist_x_blocked,second_dist_x_blocked,npz_anchor_blocked,npz_candidate_blocked_mean,npz_candidate_blocked_std,npz_blocked_mismatch_frac,npz_state_dist_min,npz_state_dist_mean,npz_state_dist_max,npz_state_dist_std,npz_same_state_neg_frac,npz_same_action_neg_frac,action_1_x_blocked,action_1_x_horizon,action_2_x_blocked,action_2_x_horizon,action_3_x_blocked,action_3_x_horizon,action_4_x_blocked,action_4_x_horizon"
0.2,block3_h36_seed13,"3-block, H=36",0.8973105134474327,0.6288508557457213,0.9325183374083129,0.044009779951100246,0.8552567237163814,0.13691931540342298,0.8836185819070904,0.019559902200488997,knn_gain,uncertainty,0.8567237163814181,0.14180929095354522,15,tuned_threshold,"cheap_confidence,cheap_uncertainty"
0.2,block3_h36_seed13,"3-block, H=36",0.8973105134474327,0.6288508557457213,0.9325183374083129,0.044009779951100246,0.8552567237163814,0.13691931540342298,0.8836185819070904,0.019559902200488997,rescue_harm,uncertainty,0.8650366748166259,0.12469437652811736,50,"thr=0.1800,cap=0.1200","cheap_confidence,cheap_uncertainty"
0.2,block3_h36_seed13,"3-block, H=36",0.8973105134474327,0.6288508557457213,0.9325183374083129,0.044009779951100246,0.8552567237163814,0.13691931540342298,0.8836185819070904,0.019559902200488997,knn_gain,margin,0.8665036674816625,0.10513447432762836,15,gain_threshold,"cheap_confidence,cheap_uncertainty,cheap_best_distance,cheap_second_best_distance,cheap_pred_margin"
0.2,block3_h36_seed13,"3-block, H=36",0.8973105134474327,0.6288508557457213,0.9325183374083129,0.044009779951100246,0.8552567237163814,0.13691931540342298,0.8836185819070904,0.019559902200488997,rescue_harm,margin,0.8581907090464548,0.12224938875305623,200,"thr=0.1300,cap=0.1050","cheap_confidence,cheap_uncertainty,cheap_best_distance,cheap_second_best_distance,cheap_pred_margin"
0.2,block3_h36_seed13,"3-block, H=36",0.8973105134474327,0.6288508557457213,0.9325183374083129,0.044009779951100246,0.8552567237163814,0.13691931540342298,0.8836185819070904,0.019559902200488997,knn_gain,margin_action,0.8430317848410757,0.1491442542787286,15,tuned_threshold,"cheap_confidence,cheap_uncertainty,cheap_best_distance,cheap_second_best_distance,cheap_pred_margin,action_1,action_2,action_3,action_4"
0.2,block3_h36_seed13,"3-block, H=36",0.8973105134474327,0.6288508557457213,0.9325183374083129,0.044009779951100246,0.8552567237163814,0.13691931540342298,0.8836185819070904,0.019559902200488997,rescue_harm,margin_action,0.8635696821515892,0.10757946210268948,50,"thr=0.1800,cap=0.1000","cheap_confidence,cheap_uncertainty,cheap_best_distance,cheap_second_best_distance,cheap_pred_margin,action_1,action_2,action_3,action_4"
0.2,block3_h36_seed13,"3-block, H=36",0.8973105134474327,0.6288508557457213,0.9325183374083129,0.044009779951100246,0.8552567237163814,0.13691931540342298,0.8836185819070904,0.019559902200488997,knn_gain,context,0.8801955990220048,0.08557457212713937,15,tuned_threshold,"cheap_confidence,cheap_uncertainty,cheap_best_distance,cheap_second_best_distance,cheap_pred_margin,action_1,action_2,action_3,action_4,horizon_norm,velocity_norm"
0.2,block3_h36_seed13,"3-block, H=36",0.8973105134474327,0.6288508557457213,0.9325183374083129,0.044009779951100246,0.8552567237163814,0.13691931540342298,0.8836185819070904,0.019559902200488997,rescue_harm,context,0.8777506112469438,0.03667481662591687,15,"thr=0.2667,cap=0.1333","cheap_confidence,cheap_uncertainty,cheap_best_distance,cheap_second_best_distance,cheap_pred_margin,action_1,action_2,action_3,action_4,horizon_norm,velocity_norm"
0.2,block3_h36_seed13,"3-block, H=36",0.8973105134474327,0.6288508557457213,0.9325183374083129,0.044009779951100246,0.8552567237163814,0.13691931540342298,0.8836185819070904,0.019559902200488997,knn_gain,mined_geometry_only,0.8973105134474327,0.0,15,tuned_threshold,"horizon_norm,velocity_norm,blocked_norm,blocked_x_horizon,blocked_x_velocity,complexity_score,npz_anchor_blocked,npz_candidate_blocked_mean,npz_candidate_blocked_std,npz_blocked_mismatch_frac,npz_state_dist_min,npz_state_dist_mean,npz_state_dist_max,npz_state_dist_std,npz_same_state_neg_frac,npz_same_action_neg_frac"
0.2,block3_h36_seed13,"3-block, H=36",0.8973105134474327,0.6288508557457213,0.9325183374083129,0.044009779951100246,0.8552567237163814,0.13691931540342298,0.8836185819070904,0.019559902200488997,rescue_harm,mined_geometry_only,0.8973105134474327,0.0,15,"thr=0.2667,cap=0.0000","horizon_norm,velocity_norm,blocked_norm,blocked_x_horizon,blocked_x_velocity,complexity_score,npz_anchor_blocked,npz_candidate_blocked_mean,npz_candidate_blocked_std,npz_blocked_mismatch_frac,npz_state_dist_min,npz_state_dist_mean,npz_state_dist_max,npz_state_dist_std,npz_same_state_neg_frac,npz_same_action_neg_frac"
0.2,block3_h36_seed13,"3-block, H=36",0.8973105134474327,0.6288508557457213,0.9325183374083129,0.044009779951100246,0.8552567237163814,0.13691931540342298,0.8836185819070904,0.019559902200488997,knn_gain,context_geometry,0.8728606356968215,0.061124694376528114,15,tuned_threshold,"cheap_confidence,cheap_uncertainty,cheap_best_distance,cheap_second_best_distance,cheap_pred_margin,action_1,action_2,action_3,action_4,horizon_norm,velocity_norm,blocked_norm,blocked_x_horizon,blocked_x_velocity,complexity_score,uncertainty_x_blocked,uncertainty_x_horizon,uncertainty_x_velocity,margin_x_blocked,best_dist_x_blocked,second_dist_x_blocked,npz_anchor_blocked,npz_candidate_blocked_mean,npz_candidate_blocked_std,npz_blocked_mismatch_frac,npz_state_dist_min,npz_state_dist_mean,npz_state_dist_max,npz_state_dist_std,npz_same_state_neg_frac,npz_same_action_neg_frac,action_1_x_blocked,action_1_x_horizon,action_2_x_blocked,action_2_x_horizon,action_3_x_blocked,action_3_x_horizon,action_4_x_blocked,action_4_x_horizon"
0.2,block3_h36_seed13,"3-block, H=36",0.8973105134474327,0.6288508557457213,0.9325183374083129,0.044009779951100246,0.8552567237163814,0.13691931540342298,0.8836185819070904,0.019559902200488997,rescue_harm,context_geometry,0.8909535452322739,0.044009779951100246,50,"thr=0.1400,cap=0.2000","cheap_confidence,cheap_uncertainty,cheap_best_distance,cheap_second_best_distance,cheap_pred_margin,action_1,action_2,action_3,action_4,horizon_norm,velocity_norm,blocked_norm,blocked_x_horizon,blocked_x_velocity,complexity_score,uncertainty_x_blocked,uncertainty_x_horizon,uncertainty_x_velocity,margin_x_blocked,best_dist_x_blocked,second_dist_x_blocked,npz_anchor_blocked,npz_candidate_blocked_mean,npz_candidate_blocked_std,npz_blocked_mismatch_frac,npz_state_dist_min,npz_state_dist_mean,npz_state_dist_max,npz_state_dist_std,npz_same_state_neg_frac,npz_same_action_neg_frac,action_1_x_blocked,action_1_x_horizon,action_2_x_blocked,action_2_x_horizon,action_3_x_blocked,action_3_x_horizon,action_4_x_blocked,action_4_x_horizon"
0.3,block3_h36_seed13,"3-block, H=36",0.8973105134474327,0.5288508557457212,0.928117359413203,0.044009779951100246,0.8877750611246944,0.007334963325183374,0.8816625916870416,0.019559902200488997,knn_gain,uncertainty,0.8865525672371639,0.019559902200488997,15,tuned_threshold,"cheap_confidence,cheap_uncertainty"
0.3,block3_h36_seed13,"3-block, H=36",0.8973105134474327,0.5288508557457212,0.928117359413203,0.044009779951100246,0.8877750611246944,0.007334963325183374,0.8816625916870416,0.019559902200488997,rescue_harm,uncertainty,0.8973105134474327,0.0,25,"thr=0.4000,cap=0.0400","cheap_confidence,cheap_uncertainty"
0.3,block3_h36_seed13,"3-block, H=36",0.8973105134474327,0.5288508557457212,0.928117359413203,0.044009779951100246,0.8877750611246944,0.007334963325183374,0.8816625916870416,0.019559902200488997,knn_gain,margin,0.8765281173594132,0.03667481662591687,50,gain_threshold,"cheap_confidence,cheap_uncertainty,cheap_best_distance,cheap_second_best_distance,cheap_pred_margin"
0.3,block3_h36_seed13,"3-block, H=36",0.8973105134474327,0.5288508557457212,0.928117359413203,0.044009779951100246,0.8877750611246944,0.007334963325183374,0.8816625916870416,0.019559902200488997,rescue_harm,margin,0.8691931540342298,0.061124694376528114,200,"thr=0.2000,cap=0.1050","cheap_confidence,cheap_uncertainty,cheap_best_distance,cheap_second_best_distance,cheap_pred_margin"
0.3,block3_h36_seed13,"3-block, H=36",0.8973105134474327,0.5288508557457212,0.928117359413203,0.044009779951100246,0.8877750611246944,0.007334963325183374,0.8816625916870416,0.019559902200488997,knn_gain,margin_action,0.8669926650366747,0.06845965770171149,50,tuned_threshold,"cheap_confidence,cheap_uncertainty,cheap_best_distance,cheap_second_best_distance,cheap_pred_margin,action_1,action_2,action_3,action_4"
0.3,block3_h36_seed13,"3-block, H=36",0.8973105134474327,0.5288508557457212,0.928117359413203,0.044009779951100246,0.8877750611246944,0.007334963325183374,0.8816625916870416,0.019559902200488997,rescue_harm,margin_action,0.8855745721271395,0.014669926650366748,100,"thr=0.1500,cap=0.0500","cheap_confidence,cheap_uncertainty,cheap_best_distance,cheap_second_best_distance,cheap_pred_margin,action_1,action_2,action_3,action_4"
0.3,block3_h36_seed13,"3-block, H=36",0.8973105134474327,0.5288508557457212,0.928117359413203,0.044009779951100246,0.8877750611246944,0.007334963325183374,0.8816625916870416,0.019559902200488997,knn_gain,context,0.8872860635696821,0.017114914425427872,15,gain_threshold,"cheap_confidence,cheap_uncertainty,cheap_best_distance,cheap_second_best_distance,cheap_pred_margin,action_1,action_2,action_3,action_4,horizon_norm,velocity_norm"
0.3,block3_h36_seed13,"3-block, H=36",0.8973105134474327,0.5288508557457212,0.928117359413203,0.044009779951100246,0.8877750611246944,0.007334963325183374,0.8816625916870416,0.019559902200488997,rescue_harm,context,0.8833740831295844,0.022004889975550123,100,"thr=0.1442,cap=0.0700","cheap_confidence,cheap_uncertainty,cheap_best_distance,cheap_second_best_distance,cheap_pred_margin,action_1,action_2,action_3,action_4,horizon_norm,velocity_norm"
0.3,block3_h36_seed13,"3-block, H=36",0.8973105134474327,0.5288508557457212,0.928117359413203,0.044009779951100246,0.8877750611246944,0.007334963325183374,0.8816625916870416,0.019559902200488997,knn_gain,mined_geometry_only,0.8973105134474327,0.0,15,gain_threshold,"horizon_norm,velocity_norm,blocked_norm,blocked_x_horizon,blocked_x_velocity,complexity_score,npz_anchor_blocked,npz_candidate_blocked_mean,npz_candidate_blocked_std,npz_blocked_mismatch_frac,npz_state_dist_min,npz_state_dist_mean,npz_state_dist_max,npz_state_dist_std,npz_same_state_neg_frac,npz_same_action_neg_frac"
0.3,block3_h36_seed13,"3-block, H=36",0.8973105134474327,0.5288508557457212,0.928117359413203,0.044009779951100246,0.8877750611246944,0.007334963325183374,0.8816625916870416,0.019559902200488997,rescue_harm,mined_geometry_only,0.8973105134474327,0.0,15,"thr=0.2667,cap=0.0000","horizon_norm,velocity_norm,blocked_norm,blocked_x_horizon,blocked_x_velocity,complexity_score,npz_anchor_blocked,npz_candidate_blocked_mean,npz_candidate_blocked_std,npz_blocked_mismatch_frac,npz_state_dist_min,npz_state_dist_mean,npz_state_dist_max,npz_state_dist_std,npz_same_state_neg_frac,npz_same_action_neg_frac"
0.3,block3_h36_seed13,"3-block, H=36",0.8973105134474327,0.5288508557457212,0.928117359413203,0.044009779951100246,0.8877750611246944,0.007334963325183374,0.8816625916870416,0.019559902200488997,knn_gain,context_geometry,0.8926650366748167,0.007334963325183374,15,gain_threshold,"cheap_confidence,cheap_uncertainty,cheap_best_distance,cheap_second_best_distance,cheap_pred_margin,action_1,action_2,action_3,action_4,horizon_norm,velocity_norm,blocked_norm,blocked_x_horizon,blocked_x_velocity,complexity_score,uncertainty_x_blocked,uncertainty_x_horizon,uncertainty_x_velocity,margin_x_blocked,best_dist_x_blocked,second_dist_x_blocked,npz_anchor_blocked,npz_candidate_blocked_mean,npz_candidate_blocked_std,npz_blocked_mismatch_frac,npz_state_dist_min,npz_state_dist_mean,npz_state_dist_max,npz_state_dist_std,npz_same_state_neg_frac,npz_same_action_neg_frac,action_1_x_blocked,action_1_x_horizon,action_2_x_blocked,action_2_x_horizon,action_3_x_blocked,action_3_x_horizon,action_4_x_blocked,action_4_x_horizon"
0.3,block3_h36_seed13,"3-block, H=36",0.8973105134474327,0.5288508557457212,0.928117359413203,0.044009779951100246,0.8877750611246944,0.007334963325183374,0.8816625916870416,0.019559902200488997,rescue_harm,context_geometry,0.8973105134474327,0.0,200,"thr=0.0550,cap=0.0150","cheap_confidence,cheap_uncertainty,cheap_best_distance,cheap_second_best_distance,cheap_pred_margin,action_1,action_2,action_3,action_4,horizon_norm,velocity_norm,blocked_norm,blocked_x_horizon,blocked_x_velocity,complexity_score,uncertainty_x_blocked,uncertainty_x_horizon,uncertainty_x_velocity,margin_x_blocked,best_dist_x_blocked,second_dist_x_blocked,npz_anchor_blocked,npz_candidate_blocked_mean,npz_candidate_blocked_std,npz_blocked_mismatch_frac,npz_state_dist_min,npz_state_dist_mean,npz_state_dist_max,npz_state_dist_std,npz_same_state_neg_frac,npz_same_action_neg_frac,action_1_x_blocked,action_1_x_horizon,action_2_x_blocked,action_2_x_horizon,action_3_x_blocked,action_3_x_horizon,action_4_x_blocked,action_4_x_horizon"
0.5,block3_h36_seed13,"3-block, H=36",0.8973105134474327,0.32885085574572126,0.9193154034229829,0.044009779951100246,0.8973105134474327,0.0,0.8838630806845966,0.012224938875305624,knn_gain,uncertainty,0.882640586797066,0.019559902200488997,15,tuned_threshold,"cheap_confidence,cheap_uncertainty"
0.5,block3_h36_seed13,"3-block, H=36",0.8973105134474327,0.32885085574572126,0.9193154034229829,0.044009779951100246,0.8973105134474327,0.0,0.8838630806845966,0.012224938875305624,rescue_harm,uncertainty,0.8973105134474327,0.0,15,"thr=0.5000,cap=0.0000","cheap_confidence,cheap_uncertainty"
0.5,block3_h36_seed13,"3-block, H=36",0.8973105134474327,0.32885085574572126,0.9193154034229829,0.044009779951100246,0.8973105134474327,0.0,0.8838630806845966,0.012224938875305624,knn_gain,margin,0.8973105134474327,0.0,15,gain_threshold,"cheap_confidence,cheap_uncertainty,cheap_best_distance,cheap_second_best_distance,cheap_pred_margin"
0.5,block3_h36_seed13,"3-block, H=36",0.8973105134474327,0.32885085574572126,0.9193154034229829,0.044009779951100246,0.8973105134474327,0.0,0.8838630806845966,0.012224938875305624,rescue_harm,margin,0.8801955990220048,0.014669926650366748,100,"thr=0.2900,cap=0.0500","cheap_confidence,cheap_uncertainty,cheap_best_distance,cheap_second_best_distance,cheap_pred_margin"
0.5,block3_h36_seed13,"3-block, H=36",0.8973105134474327,0.32885085574572126,0.9193154034229829,0.044009779951100246,0.8973105134474327,0.0,0.8838630806845966,0.012224938875305624,knn_gain,margin_action,0.8973105134474327,0.004889975550122249,15,gain_threshold,"cheap_confidence,cheap_uncertainty,cheap_best_distance,cheap_second_best_distance,cheap_pred_margin,action_1,action_2,action_3,action_4"
0.5,block3_h36_seed13,"3-block, H=36",0.8973105134474327,0.32885085574572126,0.9193154034229829,0.044009779951100246,0.8973105134474327,0.0,0.8838630806845966,0.012224938875305624,rescue_harm,margin_action,0.8960880195599022,0.0024449877750611247,200,"thr=0.0450,cap=0.0050","cheap_confidence,cheap_uncertainty,cheap_best_distance,cheap_second_best_distance,cheap_pred_margin,action_1,action_2,action_3,action_4"
0.5,block3_h36_seed13,"3-block, H=36",0.8973105134474327,0.32885085574572126,0.9193154034229829,0.044009779951100246,0.8973105134474327,0.0,0.8838630806845966,0.012224938875305624,knn_gain,context,0.8973105134474327,0.0,15,gain_threshold,"cheap_confidence,cheap_uncertainty,cheap_best_distance,cheap_second_best_distance,cheap_pred_margin,action_1,action_2,action_3,action_4,horizon_norm,velocity_norm"
0.5,block3_h36_seed13,"3-block, H=36",0.8973105134474327,0.32885085574572126,0.9193154034229829,0.044009779951100246,0.8973105134474327,0.0,0.8838630806845966,0.012224938875305624,rescue_harm,context,0.8973105134474327,0.0,25,"thr=0.5000,cap=0.0000","cheap_confidence,cheap_uncertainty,cheap_best_distance,cheap_second_best_distance,cheap_pred_margin,action_1,action_2,action_3,action_4,horizon_norm,velocity_norm"
0.5,block3_h36_seed13,"3-block, H=36",0.8973105134474327,0.32885085574572126,0.9193154034229829,0.044009779951100246,0.8973105134474327,0.0,0.8838630806845966,0.012224938875305624,knn_gain,mined_geometry_only,0.8973105134474327,0.0,15,gain_threshold,"horizon_norm,velocity_norm,blocked_norm,blocked_x_horizon,blocked_x_velocity,complexity_score,npz_anchor_blocked,npz_candidate_blocked_mean,npz_candidate_blocked_std,npz_blocked_mismatch_frac,npz_state_dist_min,npz_state_dist_mean,npz_state_dist_max,npz_state_dist_std,npz_same_state_neg_frac,npz_same_action_neg_frac"
0.5,block3_h36_seed13,"3-block, H=36",0.8973105134474327,0.32885085574572126,0.9193154034229829,0.044009779951100246,0.8973105134474327,0.0,0.8838630806845966,0.012224938875305624,rescue_harm,mined_geometry_only,0.8973105134474327,0.0,15,"thr=0.5000,cap=0.0000","horizon_norm,velocity_norm,blocked_norm,blocked_x_horizon,blocked_x_velocity,complexity_score,npz_anchor_blocked,npz_candidate_blocked_mean,npz_candidate_blocked_std,npz_blocked_mismatch_frac,npz_state_dist_min,npz_state_dist_mean,npz_state_dist_max,npz_state_dist_std,npz_same_state_neg_frac,npz_same_action_neg_frac"
0.5,block3_h36_seed13,"3-block, H=36",0.8973105134474327,0.32885085574572126,0.9193154034229829,0.044009779951100246,0.8973105134474327,0.0,0.8838630806845966,0.012224938875305624,knn_gain,context_geometry,0.8960880195599022,0.0024449877750611247,15,tuned_threshold,"cheap_confidence,cheap_uncertainty,cheap_best_distance,cheap_second_best_distance,cheap_pred_margin,action_1,action_2,action_3,action_4,horizon_norm,velocity_norm,blocked_norm,blocked_x_horizon,blocked_x_velocity,complexity_score,uncertainty_x_blocked,uncertainty_x_horizon,uncertainty_x_velocity,margin_x_blocked,best_dist_x_blocked,second_dist_x_blocked,npz_anchor_blocked,npz_candidate_blocked_mean,npz_candidate_blocked_std,npz_blocked_mismatch_frac,npz_state_dist_min,npz_state_dist_mean,npz_state_dist_max,npz_state_dist_std,npz_same_state_neg_frac,npz_same_action_neg_frac,action_1_x_blocked,action_1_x_horizon,action_2_x_blocked,action_2_x_horizon,action_3_x_blocked,action_3_x_horizon,action_4_x_blocked,action_4_x_horizon"
0.5,block3_h36_seed13,"3-block, H=36",0.8973105134474327,0.32885085574572126,0.9193154034229829,0.044009779951100246,0.8973105134474327,0.0,0.8838630806845966,0.012224938875305624,rescue_harm,context_geometry,0.8973105134474327,0.0,200,"thr=0.0550,cap=0.0050","cheap_confidence,cheap_uncertainty,cheap_best_distance,cheap_second_best_distance,cheap_pred_margin,action_1,action_2,action_3,action_4,horizon_norm,velocity_norm,blocked_norm,blocked_x_horizon,blocked_x_velocity,complexity_score,uncertainty_x_blocked,uncertainty_x_horizon,uncertainty_x_velocity,margin_x_blocked,best_dist_x_blocked,second_dist_x_blocked,npz_anchor_blocked,npz_candidate_blocked_mean,npz_candidate_blocked_std,npz_blocked_mismatch_frac,npz_state_dist_min,npz_state_dist_mean,npz_state_dist_max,npz_state_dist_std,npz_same_state_neg_frac,npz_same_action_neg_frac,action_1_x_blocked,action_1_x_horizon,action_2_x_blocked,action_2_x_horizon,action_3_x_blocked,action_3_x_horizon,action_4_x_blocked,action_4_x_horizon"
0.02,block3_h48_seed10,"3-block, H=48",0.8532338308457711,0.8207960199004974,0.914179104477612,0.06218905472636816,0.8629353233830845,0.13681592039800994,0.8618905472636816,0.06467661691542288,knn_gain,uncertainty,0.8421890547263682,0.3034825870646766,15,gain_threshold,"cheap_confidence,cheap_uncertainty"
0.02,block3_h48_seed10,"3-block, H=48",0.8532338308457711,0.8207960199004974,0.914179104477612,0.06218905472636816,0.8629353233830845,0.13681592039800994,0.8618905472636816,0.06467661691542288,rescue_harm,uncertainty,0.8595522388059703,0.18159203980099503,200,"thr=0.0250,cap=0.1600","cheap_confidence,cheap_uncertainty"
0.02,block3_h48_seed10,"3-block, H=48",0.8532338308457711,0.8207960199004974,0.914179104477612,0.06218905472636816,0.8629353233830845,0.13681592039800994,0.8618905472636816,0.06467661691542288,knn_gain,margin,0.8467164179104479,0.20149253731343283,15,gain_threshold,"cheap_confidence,cheap_uncertainty,cheap_best_distance,cheap_second_best_distance,cheap_pred_margin"
0.02,block3_h48_seed10,"3-block, H=48",0.8532338308457711,0.8207960199004974,0.914179104477612,0.06218905472636816,0.8629353233830845,0.13681592039800994,0.8618905472636816,0.06467661691542288,rescue_harm,margin,0.8530348258706468,0.25870646766169153,25,"thr=0.0200,cap=0.2000","cheap_confidence,cheap_uncertainty,cheap_best_distance,cheap_second_best_distance,cheap_pred_margin"
0.02,block3_h48_seed10,"3-block, H=48",0.8532338308457711,0.8207960199004974,0.914179104477612,0.06218905472636816,0.8629353233830845,0.13681592039800994,0.8618905472636816,0.06467661691542288,knn_gain,margin_action,0.8515920398009951,0.3308457711442786,25,gain_threshold,"cheap_confidence,cheap_uncertainty,cheap_best_distance,cheap_second_best_distance,cheap_pred_margin,action_1,action_2,action_3,action_4"
0.02,block3_h48_seed10,"3-block, H=48",0.8532338308457711,0.8207960199004974,0.914179104477612,0.06218905472636816,0.8629353233830845,0.13681592039800994,0.8618905472636816,0.06467661691542288,rescue_harm,margin_action,0.8557213930348259,0.373134328358209,50,"thr=0.0200,cap=0.3200","cheap_confidence,cheap_uncertainty,cheap_best_distance,cheap_second_best_distance,cheap_pred_margin,action_1,action_2,action_3,action_4"
0.02,block3_h48_seed10,"3-block, H=48",0.8532338308457711,0.8207960199004974,0.914179104477612,0.06218905472636816,0.8629353233830845,0.13681592039800994,0.8618905472636816,0.06467661691542288,knn_gain,context,0.8662189054726369,0.09701492537313433,15,gain_threshold,"cheap_confidence,cheap_uncertainty,cheap_best_distance,cheap_second_best_distance,cheap_pred_margin,action_1,action_2,action_3,action_4,horizon_norm,velocity_norm"
0.02,block3_h48_seed10,"3-block, H=48",0.8532338308457711,0.8207960199004974,0.914179104477612,0.06218905472636816,0.8629353233830845,0.13681592039800994,0.8618905472636816,0.06467661691542288,rescue_harm,context,0.8709452736318408,0.10945273631840796,25,"thr=0.0400,cap=0.2000","cheap_confidence,cheap_uncertainty,cheap_best_distance,cheap_second_best_distance,cheap_pred_margin,action_1,action_2,action_3,action_4,horizon_norm,velocity_norm"
0.02,block3_h48_seed10,"3-block, H=48",0.8532338308457711,0.8207960199004974,0.914179104477612,0.06218905472636816,0.8629353233830845,0.13681592039800994,0.8618905472636816,0.06467661691542288,knn_gain,mined_geometry_only,0.8485074626865672,0.11194029850746269,25,gain_threshold,"horizon_norm,velocity_norm,blocked_norm,blocked_x_horizon,blocked_x_velocity,complexity_score,npz_anchor_blocked,npz_candidate_blocked_mean,npz_candidate_blocked_std,npz_blocked_mismatch_frac,npz_state_dist_min,npz_state_dist_mean,npz_state_dist_max,npz_state_dist_std,npz_same_state_neg_frac,npz_same_action_neg_frac"
0.02,block3_h48_seed10,"3-block, H=48",0.8532338308457711,0.8207960199004974,0.914179104477612,0.06218905472636816,0.8629353233830845,0.13681592039800994,0.8618905472636816,0.06467661691542288,rescue_harm,mined_geometry_only,0.8556218905472638,0.004975124378109453,100,"thr=0.0400,cap=0.1500","horizon_norm,velocity_norm,blocked_norm,blocked_x_horizon,blocked_x_velocity,complexity_score,npz_anchor_blocked,npz_candidate_blocked_mean,npz_candidate_blocked_std,npz_blocked_mismatch_frac,npz_state_dist_min,npz_state_dist_mean,npz_state_dist_max,npz_state_dist_std,npz_same_state_neg_frac,npz_same_action_neg_frac"
0.02,block3_h48_seed10,"3-block, H=48",0.8532338308457711,0.8207960199004974,0.914179104477612,0.06218905472636816,0.8629353233830845,0.13681592039800994,0.8618905472636816,0.06467661691542288,knn_gain,context_geometry,0.8546766169154228,0.05223880597014925,15,gain_threshold,"cheap_confidence,cheap_uncertainty,cheap_best_distance,cheap_second_best_distance,cheap_pred_margin,action_1,action_2,action_3,action_4,horizon_norm,velocity_norm,blocked_norm,blocked_x_horizon,blocked_x_velocity,complexity_score,uncertainty_x_blocked,uncertainty_x_horizon,uncertainty_x_velocity,margin_x_blocked,best_dist_x_blocked,second_dist_x_blocked,npz_anchor_blocked,npz_candidate_blocked_mean,npz_candidate_blocked_std,npz_blocked_mismatch_frac,npz_state_dist_min,npz_state_dist_mean,npz_state_dist_max,npz_state_dist_std,npz_same_state_neg_frac,npz_same_action_neg_frac,action_1_x_blocked,action_1_x_horizon,action_2_x_blocked,action_2_x_horizon,action_3_x_blocked,action_3_x_horizon,action_4_x_blocked,action_4_x_horizon"
0.02,block3_h48_seed10,"3-block, H=48",0.8532338308457711,0.8207960199004974,0.914179104477612,0.06218905472636816,0.8629353233830845,0.13681592039800994,0.8618905472636816,0.06467661691542288,rescue_harm,context_geometry,0.8523880597014925,0.04228855721393035,25,"thr=0.0400,cap=0.2400","cheap_confidence,cheap_uncertainty,cheap_best_distance,cheap_second_best_distance,cheap_pred_margin,action_1,action_2,action_3,action_4,horizon_norm,velocity_norm,blocked_norm,blocked_x_horizon,blocked_x_velocity,complexity_score,uncertainty_x_blocked,uncertainty_x_horizon,uncertainty_x_velocity,margin_x_blocked,best_dist_x_blocked,second_dist_x_blocked,npz_anchor_blocked,npz_candidate_blocked_mean,npz_candidate_blocked_std,npz_blocked_mismatch_frac,npz_state_dist_min,npz_state_dist_mean,npz_state_dist_max,npz_state_dist_std,npz_same_state_neg_frac,npz_same_action_neg_frac,action_1_x_blocked,action_1_x_horizon,action_2_x_blocked,action_2_x_horizon,action_3_x_blocked,action_3_x_horizon,action_4_x_blocked,action_4_x_horizon"
0.05,block3_h48_seed10,"3-block, H=48",0.8532338308457711,0.7907960199004974,0.9123134328358209,0.06218905472636816,0.8681592039800995,0.09950248756218906,0.8599502487562188,0.06467661691542288,knn_gain,uncertainty,0.833084577114428,0.3034825870646766,15,gain_threshold,"cheap_confidence,cheap_uncertainty"
0.05,block3_h48_seed10,"3-block, H=48",0.8532338308457711,0.7907960199004974,0.9123134328358209,0.06218905472636816,0.8681592039800995,0.09950248756218906,0.8599502487562188,0.06467661691542288,rescue_harm,uncertainty,0.8660447761194029,0.09203980099502487,200,"thr=0.0500,cap=0.1600","cheap_confidence,cheap_uncertainty"
0.05,block3_h48_seed10,"3-block, H=48",0.8532338308457711,0.7907960199004974,0.9123134328358209,0.06218905472636816,0.8681592039800995,0.09950248756218906,0.8599502487562188,0.06467661691542288,knn_gain,margin,0.8406716417910447,0.20149253731343283,15,gain_threshold,"cheap_confidence,cheap_uncertainty,cheap_best_distance,cheap_second_best_distance,cheap_pred_margin"
0.05,block3_h48_seed10,"3-block, H=48",0.8532338308457711,0.7907960199004974,0.9123134328358209,0.06218905472636816,0.8681592039800995,0.09950248756218906,0.8599502487562188,0.06467661691542288,rescue_harm,margin,0.8629353233830845,0.1044776119402985,50,"thr=0.1200,cap=0.2000","cheap_confidence,cheap_uncertainty,cheap_best_distance,cheap_second_best_distance,cheap_pred_margin"
0.05,block3_h48_seed10,"3-block, H=48",0.8532338308457711,0.7907960199004974,0.9123134328358209,0.06218905472636816,0.8681592039800995,0.09950248756218906,0.8599502487562188,0.06467661691542288,knn_gain,margin_action,0.8450248756218905,0.263681592039801,15,gain_threshold,"cheap_confidence,cheap_uncertainty,cheap_best_distance,cheap_second_best_distance,cheap_pred_margin,action_1,action_2,action_3,action_4"
0.05,block3_h48_seed10,"3-block, H=48",0.8532338308457711,0.7907960199004974,0.9123134328358209,0.06218905472636816,0.8681592039800995,0.09950248756218906,0.8599502487562188,0.06467661691542288,rescue_harm,margin_action,0.8583333333333334,0.09701492537313433,100,"thr=0.0600,cap=0.2600","cheap_confidence,cheap_uncertainty,cheap_best_distance,cheap_second_best_distance,cheap_pred_margin,action_1,action_2,action_3,action_4"
0.05,block3_h48_seed10,"3-block, H=48",0.8532338308457711,0.7907960199004974,0.9123134328358209,0.06218905472636816,0.8681592039800995,0.09950248756218906,0.8599502487562188,0.06467661691542288,knn_gain,context,0.8633084577114428,0.09701492537313433,15,gain_threshold,"cheap_confidence,cheap_uncertainty,cheap_best_distance,cheap_second_best_distance,cheap_pred_margin,action_1,action_2,action_3,action_4,horizon_norm,velocity_norm"
0.05,block3_h48_seed10,"3-block, H=48",0.8532338308457711,0.7907960199004974,0.9123134328358209,0.06218905472636816,0.8681592039800995,0.09950248756218906,0.8599502487562188,0.06467661691542288,rescue_harm,context,0.8664179104477612,0.0845771144278607,25,"thr=0.0400,cap=0.2000","cheap_confidence,cheap_uncertainty,cheap_best_distance,cheap_second_best_distance,cheap_pred_margin,action_1,action_2,action_3,action_4,horizon_norm,velocity_norm"
0.05,block3_h48_seed10,"3-block, H=48",0.8532338308457711,0.7907960199004974,0.9123134328358209,0.06218905472636816,0.8681592039800995,0.09950248756218906,0.8599502487562188,0.06467661691542288,knn_gain,mined_geometry_only,0.8431592039800996,0.10199004975124377,15,gain_threshold,"horizon_norm,velocity_norm,blocked_norm,blocked_x_horizon,blocked_x_velocity,complexity_score,npz_anchor_blocked,npz_candidate_blocked_mean,npz_candidate_blocked_std,npz_blocked_mismatch_frac,npz_state_dist_min,npz_state_dist_mean,npz_state_dist_max,npz_state_dist_std,npz_same_state_neg_frac,npz_same_action_neg_frac"
0.05,block3_h48_seed10,"3-block, H=48",0.8532338308457711,0.7907960199004974,0.9123134328358209,0.06218905472636816,0.8681592039800995,0.09950248756218906,0.8599502487562188,0.06467661691542288,rescue_harm,mined_geometry_only,0.8554726368159203,0.004975124378109453,100,"thr=0.0400,cap=0.1500","horizon_norm,velocity_norm,blocked_norm,blocked_x_horizon,blocked_x_velocity,complexity_score,npz_anchor_blocked,npz_candidate_blocked_mean,npz_candidate_blocked_std,npz_blocked_mismatch_frac,npz_state_dist_min,npz_state_dist_mean,npz_state_dist_max,npz_state_dist_std,npz_same_state_neg_frac,npz_same_action_neg_frac"
0.05,block3_h48_seed10,"3-block, H=48",0.8532338308457711,0.7907960199004974,0.9123134328358209,0.06218905472636816,0.8681592039800995,0.09950248756218906,0.8599502487562188,0.06467661691542288,knn_gain,context_geometry,0.8478855721393035,0.007462686567164179,15,tuned_threshold,"cheap_confidence,cheap_uncertainty,cheap_best_distance,cheap_second_best_distance,cheap_pred_margin,action_1,action_2,action_3,action_4,horizon_norm,velocity_norm,blocked_norm,blocked_x_horizon,blocked_x_velocity,complexity_score,uncertainty_x_blocked,uncertainty_x_horizon,uncertainty_x_velocity,margin_x_blocked,best_dist_x_blocked,second_dist_x_blocked,npz_anchor_blocked,npz_candidate_blocked_mean,npz_candidate_blocked_std,npz_blocked_mismatch_frac,npz_state_dist_min,npz_state_dist_mean,npz_state_dist_max,npz_state_dist_std,npz_same_state_neg_frac,npz_same_action_neg_frac,action_1_x_blocked,action_1_x_horizon,action_2_x_blocked,action_2_x_horizon,action_3_x_blocked,action_3_x_horizon,action_4_x_blocked,action_4_x_horizon"
0.05,block3_h48_seed10,"3-block, H=48",0.8532338308457711,0.7907960199004974,0.9123134328358209,0.06218905472636816,0.8681592039800995,0.09950248756218906,0.8599502487562188,0.06467661691542288,rescue_harm,context_geometry,0.8511194029850746,0.04228855721393035,25,"thr=0.0400,cap=0.2400","cheap_confidence,cheap_uncertainty,cheap_best_distance,cheap_second_best_distance,cheap_pred_margin,action_1,action_2,action_3,action_4,horizon_norm,velocity_norm,blocked_norm,blocked_x_horizon,blocked_x_velocity,complexity_score,uncertainty_x_blocked,uncertainty_x_horizon,uncertainty_x_velocity,margin_x_blocked,best_dist_x_blocked,second_dist_x_blocked,npz_anchor_blocked,npz_candidate_blocked_mean,npz_candidate_blocked_std,npz_blocked_mismatch_frac,npz_state_dist_min,npz_state_dist_mean,npz_state_dist_max,npz_state_dist_std,npz_same_state_neg_frac,npz_same_action_neg_frac,action_1_x_blocked,action_1_x_horizon,action_2_x_blocked,action_2_x_horizon,action_3_x_blocked,action_3_x_horizon,action_4_x_blocked,action_4_x_horizon"
0.1,block3_h48_seed10,"3-block, H=48",0.8532338308457711,0.7407960199004975,0.9092039800995025,0.06218905472636816,0.8619402985074627,0.08706467661691543,0.8567164179104477,0.06467661691542288,knn_gain,uncertainty,0.8420398009950248,0.11194029850746269,25,gain_threshold,"cheap_confidence,cheap_uncertainty"
0.1,block3_h48_seed10,"3-block, H=48",0.8532338308457711,0.7407960199004975,0.9092039800995025,0.06218905472636816,0.8619402985074627,0.08706467661691543,0.8567164179104477,0.06467661691542288,rescue_harm,uncertainty,0.8614427860696517,0.09203980099502487,200,"thr=0.0450,cap=0.1600","cheap_confidence,cheap_uncertainty"
0.1,block3_h48_seed10,"3-block, H=48",0.8532338308457711,0.7407960199004975,0.9092039800995025,0.06218905472636816,0.8619402985074627,0.08706467661691543,0.8567164179104477,0.06467661691542288,knn_gain,margin,0.8305970149253732,0.20149253731343283,15,tuned_threshold,"cheap_confidence,cheap_uncertainty,cheap_best_distance,cheap_second_best_distance,cheap_pred_margin"
0.1,block3_h48_seed10,"3-block, H=48",0.8532338308457711,0.7407960199004975,0.9092039800995025,0.06218905472636816,0.8619402985074627,0.08706467661691543,0.8567164179104477,0.06467661691542288,rescue_harm,margin,0.8577114427860697,0.1044776119402985,50,"thr=0.1200,cap=0.2000","cheap_confidence,cheap_uncertainty,cheap_best_distance,cheap_second_best_distance,cheap_pred_margin"
0.1,block3_h48_seed10,"3-block, H=48",0.8532338308457711,0.7407960199004975,0.9092039800995025,0.06218905472636816,0.8619402985074627,0.08706467661691543,0.8567164179104477,0.06467661691542288,knn_gain,margin_action,0.8450248756218907,0.15671641791044777,15,gain_threshold,"cheap_confidence,cheap_uncertainty,cheap_best_distance,cheap_second_best_distance,cheap_pred_margin,action_1,action_2,action_3,action_4"
0.1,block3_h48_seed10,"3-block, H=48",0.8532338308457711,0.7407960199004975,0.9092039800995025,0.06218905472636816,0.8619402985074627,0.08706467661691543,0.8567164179104477,0.06467661691542288,rescue_harm,margin_action,0.8482587064676617,0.07462686567164178,100,"thr=0.0700,cap=0.2000","cheap_confidence,cheap_uncertainty,cheap_best_distance,cheap_second_best_distance,cheap_pred_margin,action_1,action_2,action_3,action_4"
0.1,block3_h48_seed10,"3-block, H=48",0.8532338308457711,0.7407960199004975,0.9092039800995025,0.06218905472636816,0.8619402985074627,0.08706467661691543,0.8567164179104477,0.06467661691542288,knn_gain,context,0.8512437810945274,0.04477611940298507,15,gain_threshold,"cheap_confidence,cheap_uncertainty,cheap_best_distance,cheap_second_best_distance,cheap_pred_margin,action_1,action_2,action_3,action_4,horizon_norm,velocity_norm"
0.1,block3_h48_seed10,"3-block, H=48",0.8532338308457711,0.7407960199004975,0.9092039800995025,0.06218905472636816,0.8619402985074627,0.08706467661691543,0.8567164179104477,0.06467661691542288,rescue_harm,context,0.8507462686567164,0.024875621890547265,15,"thr=0.1333,cap=0.1333","cheap_confidence,cheap_uncertainty,cheap_best_distance,cheap_second_best_distance,cheap_pred_margin,action_1,action_2,action_3,action_4,horizon_norm,velocity_norm"
0.1,block3_h48_seed10,"3-block, H=48",0.8532338308457711,0.7407960199004975,0.9092039800995025,0.06218905472636816,0.8619402985074627,0.08706467661691543,0.8567164179104477,0.06467661691542288,knn_gain,mined_geometry_only,0.8554726368159203,0.0024875621890547263,15,tuned_threshold,"horizon_norm,velocity_norm,blocked_norm,blocked_x_horizon,blocked_x_velocity,complexity_score,npz_anchor_blocked,npz_candidate_blocked_mean,npz_candidate_blocked_std,npz_blocked_mismatch_frac,npz_state_dist_min,npz_state_dist_mean,npz_state_dist_max,npz_state_dist_std,npz_same_state_neg_frac,npz_same_action_neg_frac"
0.1,block3_h48_seed10,"3-block, H=48",0.8532338308457711,0.7407960199004975,0.9092039800995025,0.06218905472636816,0.8619402985074627,0.08706467661691543,0.8567164179104477,0.06467661691542288,rescue_harm,mined_geometry_only,0.8532338308457711,0.0,15,"thr=0.3333,cap=0.0667","horizon_norm,velocity_norm,blocked_norm,blocked_x_horizon,blocked_x_velocity,complexity_score,npz_anchor_blocked,npz_candidate_blocked_mean,npz_candidate_blocked_std,npz_blocked_mismatch_frac,npz_state_dist_min,npz_state_dist_mean,npz_state_dist_max,npz_state_dist_std,npz_same_state_neg_frac,npz_same_action_neg_frac"
0.1,block3_h48_seed10,"3-block, H=48",0.8532338308457711,0.7407960199004975,0.9092039800995025,0.06218905472636816,0.8619402985074627,0.08706467661691543,0.8567164179104477,0.06467661691542288,knn_gain,context_geometry,0.8504975124378109,0.0024875621890547263,15,tuned_threshold,"cheap_confidence,cheap_uncertainty,cheap_best_distance,cheap_second_best_distance,cheap_pred_margin,action_1,action_2,action_3,action_4,horizon_norm,velocity_norm,blocked_norm,blocked_x_horizon,blocked_x_velocity,complexity_score,uncertainty_x_blocked,uncertainty_x_horizon,uncertainty_x_velocity,margin_x_blocked,best_dist_x_blocked,second_dist_x_blocked,npz_anchor_blocked,npz_candidate_blocked_mean,npz_candidate_blocked_std,npz_blocked_mismatch_frac,npz_state_dist_min,npz_state_dist_mean,npz_state_dist_max,npz_state_dist_std,npz_same_state_neg_frac,npz_same_action_neg_frac,action_1_x_blocked,action_1_x_horizon,action_2_x_blocked,action_2_x_horizon,action_3_x_blocked,action_3_x_horizon,action_4_x_blocked,action_4_x_horizon"
0.1,block3_h48_seed10,"3-block, H=48",0.8532338308457711,0.7407960199004975,0.9092039800995025,0.06218905472636816,0.8619402985074627,0.08706467661691543,0.8567164179104477,0.06467661691542288,rescue_harm,context_geometry,0.8475124378109454,0.007462686567164179,15,"thr=0.1000,cap=0.3500","cheap_confidence,cheap_uncertainty,cheap_best_distance,cheap_second_best_distance,cheap_pred_margin,action_1,action_2,action_3,action_4,horizon_norm,velocity_norm,blocked_norm,blocked_x_horizon,blocked_x_velocity,complexity_score,uncertainty_x_blocked,uncertainty_x_horizon,uncertainty_x_velocity,margin_x_blocked,best_dist_x_blocked,second_dist_x_blocked,npz_anchor_blocked,npz_candidate_blocked_mean,npz_candidate_blocked_std,npz_blocked_mismatch_frac,npz_state_dist_min,npz_state_dist_mean,npz_state_dist_max,npz_state_dist_std,npz_same_state_neg_frac,npz_same_action_neg_frac,action_1_x_blocked,action_1_x_horizon,action_2_x_blocked,action_2_x_horizon,action_3_x_blocked,action_3_x_horizon,action_4_x_blocked,action_4_x_horizon"
0.2,block3_h48_seed10,"3-block, H=48",0.8532338308457711,0.6407960199004974,0.9029850746268657,0.06218905472636816,0.8492537313432836,0.04477611940298507,0.8502487562189055,0.06467661691542288,knn_gain,uncertainty,0.8482587064676617,0.03731343283582089,50,gain_threshold,"cheap_confidence,cheap_uncertainty"
0.2,block3_h48_seed10,"3-block, H=48",0.8532338308457711,0.6407960199004974,0.9029850746268657,0.06218905472636816,0.8492537313432836,0.04477611940298507,0.8502487562189055,0.06467661691542288,rescue_harm,uncertainty,0.8522388059701493,0.017412935323383085,25,"thr=0.2000,cap=0.0000","cheap_confidence,cheap_uncertainty"
0.2,block3_h48_seed10,"3-block, H=48",0.8532338308457711,0.6407960199004974,0.9029850746268657,0.06218905472636816,0.8492537313432836,0.04477611940298507,0.8502487562189055,0.06467661691542288,knn_gain,margin,0.8432835820895522,0.04975124378109453,15,gain_threshold,"cheap_confidence,cheap_uncertainty,cheap_best_distance,cheap_second_best_distance,cheap_pred_margin"
0.2,block3_h48_seed10,"3-block, H=48",0.8532338308457711,0.6407960199004974,0.9029850746268657,0.06218905472636816,0.8492537313432836,0.04477611940298507,0.8502487562189055,0.06467661691542288,rescue_harm,margin,0.844776119402985,0.017412935323383085,25,"thr=0.2800,cap=0.0400","cheap_confidence,cheap_uncertainty,cheap_best_distance,cheap_second_best_distance,cheap_pred_margin"
0.2,block3_h48_seed10,"3-block, H=48",0.8532338308457711,0.6407960199004974,0.9029850746268657,0.06218905472636816,0.8492537313432836,0.04477611940298507,0.8502487562189055,0.06467661691542288,knn_gain,margin_action,0.8447761194029851,0.04228855721393035,15,gain_threshold,"cheap_confidence,cheap_uncertainty,cheap_best_distance,cheap_second_best_distance,cheap_pred_margin,action_1,action_2,action_3,action_4"
0.2,block3_h48_seed10,"3-block, H=48",0.8532338308457711,0.6407960199004974,0.9029850746268657,0.06218905472636816,0.8492537313432836,0.04477611940298507,0.8502487562189055,0.06467661691542288,rescue_harm,margin_action,0.8507462686567164,0.012437810945273632,25,"thr=0.2000,cap=0.0400","cheap_confidence,cheap_uncertainty,cheap_best_distance,cheap_second_best_distance,cheap_pred_margin,action_1,action_2,action_3,action_4"
0.2,block3_h48_seed10,"3-block, H=48",0.8532338308457711,0.6407960199004974,0.9029850746268657,0.06218905472636816,0.8492537313432836,0.04477611940298507,0.8502487562189055,0.06467661691542288,knn_gain,context,0.854228855721393,0.007462686567164179,15,tuned_threshold,"cheap_confidence,cheap_uncertainty,cheap_best_distance,cheap_second_best_distance,cheap_pred_margin,action_1,action_2,action_3,action_4,horizon_norm,velocity_norm"
0.2,block3_h48_seed10,"3-block, H=48",0.8532338308457711,0.6407960199004974,0.9029850746268657,0.06218905472636816,0.8492537313432836,0.04477611940298507,0.8502487562189055,0.06467661691542288,rescue_harm,context,0.853731343283582,0.009950248756218905,15,"thr=0.2667,cap=0.1333","cheap_confidence,cheap_uncertainty,cheap_best_distance,cheap_second_best_distance,cheap_pred_margin,action_1,action_2,action_3,action_4,horizon_norm,velocity_norm"
0.2,block3_h48_seed10,"3-block, H=48",0.8532338308457711,0.6407960199004974,0.9029850746268657,0.06218905472636816,0.8492537313432836,0.04477611940298507,0.8502487562189055,0.06467661691542288,knn_gain,mined_geometry_only,0.8552238805970149,0.0024875621890547263,15,tuned_threshold,"horizon_norm,velocity_norm,blocked_norm,blocked_x_horizon,blocked_x_velocity,complexity_score,npz_anchor_blocked,npz_candidate_blocked_mean,npz_candidate_blocked_std,npz_blocked_mismatch_frac,npz_state_dist_min,npz_state_dist_mean,npz_state_dist_max,npz_state_dist_std,npz_same_state_neg_frac,npz_same_action_neg_frac"
0.2,block3_h48_seed10,"3-block, H=48",0.8532338308457711,0.6407960199004974,0.9029850746268657,0.06218905472636816,0.8492537313432836,0.04477611940298507,0.8502487562189055,0.06467661691542288,rescue_harm,mined_geometry_only,0.8532338308457711,0.0,15,"thr=0.2667,cap=0.0000","horizon_norm,velocity_norm,blocked_norm,blocked_x_horizon,blocked_x_velocity,complexity_score,npz_anchor_blocked,npz_candidate_blocked_mean,npz_candidate_blocked_std,npz_blocked_mismatch_frac,npz_state_dist_min,npz_state_dist_mean,npz_state_dist_max,npz_state_dist_std,npz_same_state_neg_frac,npz_same_action_neg_frac"
0.2,block3_h48_seed10,"3-block, H=48",0.8532338308457711,0.6407960199004974,0.9029850746268657,0.06218905472636816,0.8492537313432836,0.04477611940298507,0.8502487562189055,0.06467661691542288,knn_gain,context_geometry,0.8502487562189055,0.0024875621890547263,15,tuned_threshold,"cheap_confidence,cheap_uncertainty,cheap_best_distance,cheap_second_best_distance,cheap_pred_margin,action_1,action_2,action_3,action_4,horizon_norm,velocity_norm,blocked_norm,blocked_x_horizon,blocked_x_velocity,complexity_score,uncertainty_x_blocked,uncertainty_x_horizon,uncertainty_x_velocity,margin_x_blocked,best_dist_x_blocked,second_dist_x_blocked,npz_anchor_blocked,npz_candidate_blocked_mean,npz_candidate_blocked_std,npz_blocked_mismatch_frac,npz_state_dist_min,npz_state_dist_mean,npz_state_dist_max,npz_state_dist_std,npz_same_state_neg_frac,npz_same_action_neg_frac,action_1_x_blocked,action_1_x_horizon,action_2_x_blocked,action_2_x_horizon,action_3_x_blocked,action_3_x_horizon,action_4_x_blocked,action_4_x_horizon"
0.2,block3_h48_seed10,"3-block, H=48",0.8532338308457711,0.6407960199004974,0.9029850746268657,0.06218905472636816,0.8492537313432836,0.04477611940298507,0.8502487562189055,0.06467661691542288,rescue_harm,context_geometry,0.8532338308457711,0.0,200,"thr=0.0667,cap=0.2000","cheap_confidence,cheap_uncertainty,cheap_best_distance,cheap_second_best_distance,cheap_pred_margin,action_1,action_2,action_3,action_4,horizon_norm,velocity_norm,blocked_norm,blocked_x_horizon,blocked_x_velocity,complexity_score,uncertainty_x_blocked,uncertainty_x_horizon,uncertainty_x_velocity,margin_x_blocked,best_dist_x_blocked,second_dist_x_blocked,npz_anchor_blocked,npz_candidate_blocked_mean,npz_candidate_blocked_std,npz_blocked_mismatch_frac,npz_state_dist_min,npz_state_dist_mean,npz_state_dist_max,npz_state_dist_std,npz_same_state_neg_frac,npz_same_action_neg_frac,action_1_x_blocked,action_1_x_horizon,action_2_x_blocked,action_2_x_horizon,action_3_x_blocked,action_3_x_horizon,action_4_x_blocked,action_4_x_horizon"
0.3,block3_h48_seed10,"3-block, H=48",0.8532338308457711,0.5407960199004975,0.8967661691542289,0.06218905472636816,0.8532338308457711,0.0,0.845771144278607,0.04975124378109453,knn_gain,uncertainty,0.8485074626865672,0.007462686567164179,15,tuned_threshold,"cheap_confidence,cheap_uncertainty"
0.3,block3_h48_seed10,"3-block, H=48",0.8532338308457711,0.5407960199004975,0.8967661691542289,0.06218905472636816,0.8532338308457711,0.0,0.845771144278607,0.04975124378109453,rescue_harm,uncertainty,0.8504975124378109,0.017412935323383085,25,"thr=0.2000,cap=0.0000","cheap_confidence,cheap_uncertainty"
0.3,block3_h48_seed10,"3-block, H=48",0.8532338308457711,0.5407960199004975,0.8967661691542289,0.06218905472636816,0.8532338308457711,0.0,0.845771144278607,0.04975124378109453,knn_gain,margin,0.8375621890547263,0.02736318407960199,15,gain_threshold,"cheap_confidence,cheap_uncertainty,cheap_best_distance,cheap_second_best_distance,cheap_pred_margin"
0.3,block3_h48_seed10,"3-block, H=48",0.8532338308457711,0.5407960199004975,0.8967661691542289,0.06218905472636816,0.8532338308457711,0.0,0.845771144278607,0.04975124378109453,rescue_harm,margin,0.8532338308457711,0.0,200,"thr=0.0750,cap=0.0900","cheap_confidence,cheap_uncertainty,cheap_best_distance,cheap_second_best_distance,cheap_pred_margin"
0.3,block3_h48_seed10,"3-block, H=48",0.8532338308457711,0.5407960199004975,0.8967661691542289,0.06218905472636816,0.8532338308457711,0.0,0.845771144278607,0.04975124378109453,knn_gain,margin_action,0.8532338308457711,0.0,15,tuned_threshold,"cheap_confidence,cheap_uncertainty,cheap_best_distance,cheap_second_best_distance,cheap_pred_margin,action_1,action_2,action_3,action_4"
0.3,block3_h48_seed10,"3-block, H=48",0.8532338308457711,0.5407960199004975,0.8967661691542289,0.06218905472636816,0.8532338308457711,0.0,0.845771144278607,0.04975124378109453,rescue_harm,margin_action,0.849502487562189,0.012437810945273632,25,"thr=0.2000,cap=0.0400","cheap_confidence,cheap_uncertainty,cheap_best_distance,cheap_second_best_distance,cheap_pred_margin,action_1,action_2,action_3,action_4"
0.3,block3_h48_seed10,"3-block, H=48",0.8532338308457711,0.5407960199004975,0.8967661691542289,0.06218905472636816,0.8532338308457711,0.0,0.845771144278607,0.04975124378109453,knn_gain,context,0.8534825870646767,0.007462686567164179,15,gain_threshold,"cheap_confidence,cheap_uncertainty,cheap_best_distance,cheap_second_best_distance,cheap_pred_margin,action_1,action_2,action_3,action_4,horizon_norm,velocity_norm"
0.3,block3_h48_seed10,"3-block, H=48",0.8532338308457711,0.5407960199004975,0.8967661691542289,0.06218905472636816,0.8532338308457711,0.0,0.845771144278607,0.04975124378109453,rescue_harm,context,0.8517412935323383,0.004975124378109453,25,"thr=0.2000,cap=0.0800","cheap_confidence,cheap_uncertainty,cheap_best_distance,cheap_second_best_distance,cheap_pred_margin,action_1,action_2,action_3,action_4,horizon_norm,velocity_norm"
0.3,block3_h48_seed10,"3-block, H=48",0.8532338308457711,0.5407960199004975,0.8967661691542289,0.06218905472636816,0.8532338308457711,0.0,0.845771144278607,0.04975124378109453,knn_gain,mined_geometry_only,0.8532338308457711,0.0,15,gain_threshold,"horizon_norm,velocity_norm,blocked_norm,blocked_x_horizon,blocked_x_velocity,complexity_score,npz_anchor_blocked,npz_candidate_blocked_mean,npz_candidate_blocked_std,npz_blocked_mismatch_frac,npz_state_dist_min,npz_state_dist_mean,npz_state_dist_max,npz_state_dist_std,npz_same_state_neg_frac,npz_same_action_neg_frac"
0.3,block3_h48_seed10,"3-block, H=48",0.8532338308457711,0.5407960199004975,0.8967661691542289,0.06218905472636816,0.8532338308457711,0.0,0.845771144278607,0.04975124378109453,rescue_harm,mined_geometry_only,0.8532338308457711,0.0,15,"thr=0.2667,cap=0.0000","horizon_norm,velocity_norm,blocked_norm,blocked_x_horizon,blocked_x_velocity,complexity_score,npz_anchor_blocked,npz_candidate_blocked_mean,npz_candidate_blocked_std,npz_blocked_mismatch_frac,npz_state_dist_min,npz_state_dist_mean,npz_state_dist_max,npz_state_dist_std,npz_same_state_neg_frac,npz_same_action_neg_frac"
0.3,block3_h48_seed10,"3-block, H=48",0.8532338308457711,0.5407960199004975,0.8967661691542289,0.06218905472636816,0.8532338308457711,0.0,0.845771144278607,0.04975124378109453,knn_gain,context_geometry,0.8532338308457711,0.0,15,tuned_threshold,"cheap_confidence,cheap_uncertainty,cheap_best_distance,cheap_second_best_distance,cheap_pred_margin,action_1,action_2,action_3,action_4,horizon_norm,velocity_norm,blocked_norm,blocked_x_horizon,blocked_x_velocity,complexity_score,uncertainty_x_blocked,uncertainty_x_horizon,uncertainty_x_velocity,margin_x_blocked,best_dist_x_blocked,second_dist_x_blocked,npz_anchor_blocked,npz_candidate_blocked_mean,npz_candidate_blocked_std,npz_blocked_mismatch_frac,npz_state_dist_min,npz_state_dist_mean,npz_state_dist_max,npz_state_dist_std,npz_same_state_neg_frac,npz_same_action_neg_frac,action_1_x_blocked,action_1_x_horizon,action_2_x_blocked,action_2_x_horizon,action_3_x_blocked,action_3_x_horizon,action_4_x_blocked,action_4_x_horizon"
0.3,block3_h48_seed10,"3-block, H=48",0.8532338308457711,0.5407960199004975,0.8967661691542289,0.06218905472636816,0.8532338308457711,0.0,0.845771144278607,0.04975124378109453,rescue_harm,context_geometry,0.8532338308457711,0.0,200,"thr=0.0750,cap=0.2000","cheap_confidence,cheap_uncertainty,cheap_best_distance,cheap_second_best_distance,cheap_pred_margin,action_1,action_2,action_3,action_4,horizon_norm,velocity_norm,blocked_norm,blocked_x_horizon,blocked_x_velocity,complexity_score,uncertainty_x_blocked,uncertainty_x_horizon,uncertainty_x_velocity,margin_x_blocked,best_dist_x_blocked,second_dist_x_blocked,npz_anchor_blocked,npz_candidate_blocked_mean,npz_candidate_blocked_std,npz_blocked_mismatch_frac,npz_state_dist_min,npz_state_dist_mean,npz_state_dist_max,npz_state_dist_std,npz_same_state_neg_frac,npz_same_action_neg_frac,action_1_x_blocked,action_1_x_horizon,action_2_x_blocked,action_2_x_horizon,action_3_x_blocked,action_3_x_horizon,action_4_x_blocked,action_4_x_horizon"
0.5,block3_h48_seed10,"3-block, H=48",0.8532338308457711,0.34079601990049746,0.8843283582089553,0.06218905472636816,0.8532338308457711,0.0,0.8395522388059702,0.04228855721393035,knn_gain,uncertainty,0.8470149253731343,0.007462686567164179,15,gain_threshold,"cheap_confidence,cheap_uncertainty"
0.5,block3_h48_seed10,"3-block, H=48",0.8532338308457711,0.34079601990049746,0.8843283582089553,0.06218905472636816,0.8532338308457711,0.0,0.8395522388059702,0.04228855721393035,rescue_harm,uncertainty,0.8470149253731343,0.017412935323383085,25,"thr=0.2000,cap=0.0000","cheap_confidence,cheap_uncertainty"
0.5,block3_h48_seed10,"3-block, H=48",0.8532338308457711,0.34079601990049746,0.8843283582089553,0.06218905472636816,0.8532338308457711,0.0,0.8395522388059702,0.04228855721393035,knn_gain,margin,0.8532338308457711,0.0,15,tuned_threshold,"cheap_confidence,cheap_uncertainty,cheap_best_distance,cheap_second_best_distance,cheap_pred_margin"
0.5,block3_h48_seed10,"3-block, H=48",0.8532338308457711,0.34079601990049746,0.8843283582089553,0.06218905472636816,0.8532338308457711,0.0,0.8395522388059702,0.04228855721393035,rescue_harm,margin,0.8532338308457711,0.0,200,"thr=0.0750,cap=0.0900","cheap_confidence,cheap_uncertainty,cheap_best_distance,cheap_second_best_distance,cheap_pred_margin"
0.5,block3_h48_seed10,"3-block, H=48",0.8532338308457711,0.34079601990049746,0.8843283582089553,0.06218905472636816,0.8532338308457711,0.0,0.8395522388059702,0.04228855721393035,knn_gain,margin_action,0.8532338308457711,0.0,15,tuned_threshold,"cheap_confidence,cheap_uncertainty,cheap_best_distance,cheap_second_best_distance,cheap_pred_margin,action_1,action_2,action_3,action_4"
0.5,block3_h48_seed10,"3-block, H=48",0.8532338308457711,0.34079601990049746,0.8843283582089553,0.06218905472636816,0.8532338308457711,0.0,0.8395522388059702,0.04228855721393035,rescue_harm,margin_action,0.8532338308457711,0.0,50,"thr=0.2200,cap=0.0400","cheap_confidence,cheap_uncertainty,cheap_best_distance,cheap_second_best_distance,cheap_pred_margin,action_1,action_2,action_3,action_4"
0.5,block3_h48_seed10,"3-block, H=48",0.8532338308457711,0.34079601990049746,0.8843283582089553,0.06218905472636816,0.8532338308457711,0.0,0.8395522388059702,0.04228855721393035,knn_gain,context,0.8532338308457711,0.0,15,gain_threshold,"cheap_confidence,cheap_uncertainty,cheap_best_distance,cheap_second_best_distance,cheap_pred_margin,action_1,action_2,action_3,action_4,horizon_norm,velocity_norm"
0.5,block3_h48_seed10,"3-block, H=48",0.8532338308457711,0.34079601990049746,0.8843283582089553,0.06218905472636816,0.8532338308457711,0.0,0.8395522388059702,0.04228855721393035,rescue_harm,context,0.8532338308457711,0.0,50,"thr=0.3400,cap=0.0800","cheap_confidence,cheap_uncertainty,cheap_best_distance,cheap_second_best_distance,cheap_pred_margin,action_1,action_2,action_3,action_4,horizon_norm,velocity_norm"
0.5,block3_h48_seed10,"3-block, H=48",0.8532338308457711,0.34079601990049746,0.8843283582089553,0.06218905472636816,0.8532338308457711,0.0,0.8395522388059702,0.04228855721393035,knn_gain,mined_geometry_only,0.8532338308457711,0.0,15,gain_threshold,"horizon_norm,velocity_norm,blocked_norm,blocked_x_horizon,blocked_x_velocity,complexity_score,npz_anchor_blocked,npz_candidate_blocked_mean,npz_candidate_blocked_std,npz_blocked_mismatch_frac,npz_state_dist_min,npz_state_dist_mean,npz_state_dist_max,npz_state_dist_std,npz_same_state_neg_frac,npz_same_action_neg_frac"
0.5,block3_h48_seed10,"3-block, H=48",0.8532338308457711,0.34079601990049746,0.8843283582089553,0.06218905472636816,0.8532338308457711,0.0,0.8395522388059702,0.04228855721393035,rescue_harm,mined_geometry_only,0.8532338308457711,0.0,15,"thr=0.5000,cap=0.0000","horizon_norm,velocity_norm,blocked_norm,blocked_x_horizon,blocked_x_velocity,complexity_score,npz_anchor_blocked,npz_candidate_blocked_mean,npz_candidate_blocked_std,npz_blocked_mismatch_frac,npz_state_dist_min,npz_state_dist_mean,npz_state_dist_max,npz_state_dist_std,npz_same_state_neg_frac,npz_same_action_neg_frac"
0.5,block3_h48_seed10,"3-block, H=48",0.8532338308457711,0.34079601990049746,0.8843283582089553,0.06218905472636816,0.8532338308457711,0.0,0.8395522388059702,0.04228855721393035,knn_gain,context_geometry,0.8532338308457711,0.0,15,tuned_threshold,"cheap_confidence,cheap_uncertainty,cheap_best_distance,cheap_second_best_distance,cheap_pred_margin,action_1,action_2,action_3,action_4,horizon_norm,velocity_norm,blocked_norm,blocked_x_horizon,blocked_x_velocity,complexity_score,uncertainty_x_blocked,uncertainty_x_horizon,uncertainty_x_velocity,margin_x_blocked,best_dist_x_blocked,second_dist_x_blocked,npz_anchor_blocked,npz_candidate_blocked_mean,npz_candidate_blocked_std,npz_blocked_mismatch_frac,npz_state_dist_min,npz_state_dist_mean,npz_state_dist_max,npz_state_dist_std,npz_same_state_neg_frac,npz_same_action_neg_frac,action_1_x_blocked,action_1_x_horizon,action_2_x_blocked,action_2_x_horizon,action_3_x_blocked,action_3_x_horizon,action_4_x_blocked,action_4_x_horizon"
0.5,block3_h48_seed10,"3-block, H=48",0.8532338308457711,0.34079601990049746,0.8843283582089553,0.06218905472636816,0.8532338308457711,0.0,0.8395522388059702,0.04228855721393035,rescue_harm,context_geometry,0.8532338308457711,0.0,100,"thr=0.1500,cap=0.0100","cheap_confidence,cheap_uncertainty,cheap_best_distance,cheap_second_best_distance,cheap_pred_margin,action_1,action_2,action_3,action_4,horizon_norm,velocity_norm,blocked_norm,blocked_x_horizon,blocked_x_velocity,complexity_score,uncertainty_x_blocked,uncertainty_x_horizon,uncertainty_x_velocity,margin_x_blocked,best_dist_x_blocked,second_dist_x_blocked,npz_anchor_blocked,npz_candidate_blocked_mean,npz_candidate_blocked_std,npz_blocked_mismatch_frac,npz_state_dist_min,npz_state_dist_mean,npz_state_dist_max,npz_state_dist_std,npz_same_state_neg_frac,npz_same_action_neg_frac,action_1_x_blocked,action_1_x_horizon,action_2_x_blocked,action_2_x_horizon,action_3_x_blocked,action_3_x_horizon,action_4_x_blocked,action_4_x_horizon"
0.02,block3_h72_seed14,"3-block, H=72",0.7312348668280871,0.7984019370460048,0.892590799031477,0.16464891041162227,0.7759322033898306,0.1864406779661017,0.7699273607748185,0.1234866828087167,knn_gain,uncertainty,0.7702663438256658,0.22760290556900725,15,gain_threshold,"cheap_confidence,cheap_uncertainty"
0.02,block3_h72_seed14,"3-block, H=72",0.7312348668280871,0.7984019370460048,0.892590799031477,0.16464891041162227,0.7759322033898306,0.1864406779661017,0.7699273607748185,0.1234866828087167,rescue_harm,uncertainty,0.7756900726392252,0.19854721549636803,100,"thr=0.0200,cap=0.2000","cheap_confidence,cheap_uncertainty"
0.02,block3_h72_seed14,"3-block, H=72",0.7312348668280871,0.7984019370460048,0.892590799031477,0.16464891041162227,0.7759322033898306,0.1864406779661017,0.7699273607748185,0.1234866828087167,knn_gain,margin,0.752493946731235,0.2687651331719128,15,gain_threshold,"cheap_confidence,cheap_uncertainty,cheap_best_distance,cheap_second_best_distance,cheap_pred_margin"
0.02,block3_h72_seed14,"3-block, H=72",0.7312348668280871,0.7984019370460048,0.892590799031477,0.16464891041162227,0.7759322033898306,0.1864406779661017,0.7699273607748185,0.1234866828087167,rescue_harm,margin,0.7692009685230026,0.15980629539951574,100,"thr=0.0700,cap=0.2000","cheap_confidence,cheap_uncertainty,cheap_best_distance,cheap_second_best_distance,cheap_pred_margin"
0.02,block3_h72_seed14,"3-block, H=72",0.7312348668280871,0.7984019370460048,0.892590799031477,0.16464891041162227,0.7759322033898306,0.1864406779661017,0.7699273607748185,0.1234866828087167,knn_gain,margin_action,0.776949152542373,0.2566585956416465,15,gain_threshold,"cheap_confidence,cheap_uncertainty,cheap_best_distance,cheap_second_best_distance,cheap_pred_margin,action_1,action_2,action_3,action_4"
0.02,block3_h72_seed14,"3-block, H=72",0.7312348668280871,0.7984019370460048,0.892590799031477,0.16464891041162227,0.7759322033898306,0.1864406779661017,0.7699273607748185,0.1234866828087167,rescue_harm,margin_action,0.7682324455205813,0.20823244552058112,200,"thr=0.0150,cap=0.2000","cheap_confidence,cheap_uncertainty,cheap_best_distance,cheap_second_best_distance,cheap_pred_margin,action_1,action_2,action_3,action_4"
0.02,block3_h72_seed14,"3-block, H=72",0.7312348668280871,0.7984019370460048,0.892590799031477,0.16464891041162227,0.7759322033898306,0.1864406779661017,0.7699273607748185,0.1234866828087167,knn_gain,context,0.8065375302663439,0.4721549636803874,15,gain_threshold,"cheap_confidence,cheap_uncertainty,cheap_best_distance,cheap_second_best_distance,cheap_pred_margin,action_1,action_2,action_3,action_4,horizon_norm,velocity_norm"
0.02,block3_h72_seed14,"3-block, H=72",0.7312348668280871,0.7984019370460048,0.892590799031477,0.16464891041162227,0.7759322033898306,0.1864406779661017,0.7699273607748185,0.1234866828087167,rescue_harm,context,0.8018401937046007,0.4648910411622276,15,"thr=0.0200,cap=0.1333","cheap_confidence,cheap_uncertainty,cheap_best_distance,cheap_second_best_distance,cheap_pred_margin,action_1,action_2,action_3,action_4,horizon_norm,velocity_norm"
0.02,block3_h72_seed14,"3-block, H=72",0.7312348668280871,0.7984019370460048,0.892590799031477,0.16464891041162227,0.7759322033898306,0.1864406779661017,0.7699273607748185,0.1234866828087167,knn_gain,mined_geometry_only,0.7372397094430994,0.18401937046004843,15,gain_threshold,"horizon_norm,velocity_norm,blocked_norm,blocked_x_horizon,blocked_x_velocity,complexity_score,npz_anchor_blocked,npz_candidate_blocked_mean,npz_candidate_blocked_std,npz_blocked_mismatch_frac,npz_state_dist_min,npz_state_dist_mean,npz_state_dist_max,npz_state_dist_std,npz_same_state_neg_frac,npz_same_action_neg_frac"
0.02,block3_h72_seed14,"3-block, H=72",0.7312348668280871,0.7984019370460048,0.892590799031477,0.16464891041162227,0.7759322033898306,0.1864406779661017,0.7699273607748185,0.1234866828087167,rescue_harm,mined_geometry_only,0.7312348668280871,0.0,200,"thr=0.0300,cap=0.0100","horizon_norm,velocity_norm,blocked_norm,blocked_x_horizon,blocked_x_velocity,complexity_score,npz_anchor_blocked,npz_candidate_blocked_mean,npz_candidate_blocked_std,npz_blocked_mismatch_frac,npz_state_dist_min,npz_state_dist_mean,npz_state_dist_max,npz_state_dist_std,npz_same_state_neg_frac,npz_same_action_neg_frac"
0.02,block3_h72_seed14,"3-block, H=72",0.7312348668280871,0.7984019370460048,0.892590799031477,0.16464891041162227,0.7759322033898306,0.1864406779661017,0.7699273607748185,0.1234866828087167,knn_gain,context_geometry,0.7849878934624699,0.3389830508474576,15,gain_threshold,"cheap_confidence,cheap_uncertainty,cheap_best_distance,cheap_second_best_distance,cheap_pred_margin,action_1,action_2,action_3,action_4,horizon_norm,velocity_norm,blocked_norm,blocked_x_horizon,blocked_x_velocity,complexity_score,uncertainty_x_blocked,uncertainty_x_horizon,uncertainty_x_velocity,margin_x_blocked,best_dist_x_blocked,second_dist_x_blocked,npz_anchor_blocked,npz_candidate_blocked_mean,npz_candidate_blocked_std,npz_blocked_mismatch_frac,npz_state_dist_min,npz_state_dist_mean,npz_state_dist_max,npz_state_dist_std,npz_same_state_neg_frac,npz_same_action_neg_frac,action_1_x_blocked,action_1_x_horizon,action_2_x_blocked,action_2_x_horizon,action_3_x_blocked,action_3_x_horizon,action_4_x_blocked,action_4_x_horizon"
0.02,block3_h72_seed14,"3-block, H=72",0.7312348668280871,0.7984019370460048,0.892590799031477,0.16464891041162227,0.7759322033898306,0.1864406779661017,0.7699273607748185,0.1234866828087167,rescue_harm,context_geometry,0.7444067796610171,0.18886198547215496,25,"thr=0.0200,cap=0.1000","cheap_confidence,cheap_uncertainty,cheap_best_distance,cheap_second_best_distance,cheap_pred_margin,action_1,action_2,action_3,action_4,horizon_norm,velocity_norm,blocked_norm,blocked_x_horizon,blocked_x_velocity,complexity_score,uncertainty_x_blocked,uncertainty_x_horizon,uncertainty_x_velocity,margin_x_blocked,best_dist_x_blocked,second_dist_x_blocked,npz_anchor_blocked,npz_candidate_blocked_mean,npz_candidate_blocked_std,npz_blocked_mismatch_frac,npz_state_dist_min,npz_state_dist_mean,npz_state_dist_max,npz_state_dist_std,npz_same_state_neg_frac,npz_same_action_neg_frac,action_1_x_blocked,action_1_x_horizon,action_2_x_blocked,action_2_x_horizon,action_3_x_blocked,action_3_x_horizon,action_4_x_blocked,action_4_x_horizon"
0.05,block3_h72_seed14,"3-block, H=72",0.7312348668280871,0.7684019370460048,0.8876513317191284,0.16464891041162227,0.7703389830508474,0.1864406779661017,0.7662227602905569,0.1234866828087167,knn_gain,uncertainty,0.7634382566585958,0.22760290556900725,15,gain_threshold,"cheap_confidence,cheap_uncertainty"
0.05,block3_h72_seed14,"3-block, H=72",0.7312348668280871,0.7684019370460048,0.8876513317191284,0.16464891041162227,0.7703389830508474,0.1864406779661017,0.7662227602905569,0.1234866828087167,rescue_harm,uncertainty,0.7697336561743341,0.19854721549636803,100,"thr=0.0200,cap=0.2000","cheap_confidence,cheap_uncertainty"
0.05,block3_h72_seed14,"3-block, H=72",0.7312348668280871,0.7684019370460048,0.8876513317191284,0.16464891041162227,0.7703389830508474,0.1864406779661017,0.7662227602905569,0.1234866828087167,knn_gain,margin,0.7444309927360776,0.2687651331719128,15,gain_threshold,"cheap_confidence,cheap_uncertainty,cheap_best_distance,cheap_second_best_distance,cheap_pred_margin"
0.05,block3_h72_seed14,"3-block, H=72",0.7312348668280871,0.7684019370460048,0.8876513317191284,0.16464891041162227,0.7703389830508474,0.1864406779661017,0.7662227602905569,0.1234866828087167,rescue_harm,margin,0.7296610169491526,0.07990314769975787,50,"thr=0.0400,cap=0.1200","cheap_confidence,cheap_uncertainty,cheap_best_distance,cheap_second_best_distance,cheap_pred_margin"
0.05,block3_h72_seed14,"3-block, H=72",0.7312348668280871,0.7684019370460048,0.8876513317191284,0.16464891041162227,0.7703389830508474,0.1864406779661017,0.7662227602905569,0.1234866828087167,knn_gain,margin_action,0.7692493946731236,0.2566585956416465,15,gain_threshold,"cheap_confidence,cheap_uncertainty,cheap_best_distance,cheap_second_best_distance,cheap_pred_margin,action_1,action_2,action_3,action_4"
0.05,block3_h72_seed14,"3-block, H=72",0.7312348668280871,0.7684019370460048,0.8876513317191284,0.16464891041162227,0.7703389830508474,0.1864406779661017,0.7662227602905569,0.1234866828087167,rescue_harm,margin_action,0.7619854721549638,0.20823244552058112,200,"thr=0.0150,cap=0.2000","cheap_confidence,cheap_uncertainty,cheap_best_distance,cheap_second_best_distance,cheap_pred_margin,action_1,action_2,action_3,action_4"
0.05,block3_h72_seed14,"3-block, H=72",0.7312348668280871,0.7684019370460048,0.8876513317191284,0.16464891041162227,0.7703389830508474,0.1864406779661017,0.7662227602905569,0.1234866828087167,knn_gain,context,0.7796610169491526,0.3389830508474576,15,tuned_threshold,"cheap_confidence,cheap_uncertainty,cheap_best_distance,cheap_second_best_distance,cheap_pred_margin,action_1,action_2,action_3,action_4,horizon_norm,velocity_norm"
0.05,block3_h72_seed14,"3-block, H=72",0.7312348668280871,0.7684019370460048,0.8876513317191284,0.16464891041162227,0.7703389830508474,0.1864406779661017,0.7662227602905569,0.1234866828087167,rescue_harm,context,0.7878934624697336,0.4648910411622276,15,"thr=0.0500,cap=0.1333","cheap_confidence,cheap_uncertainty,cheap_best_distance,cheap_second_best_distance,cheap_pred_margin,action_1,action_2,action_3,action_4,horizon_norm,velocity_norm"
0.05,block3_h72_seed14,"3-block, H=72",0.7312348668280871,0.7684019370460048,0.8876513317191284,0.16464891041162227,0.7703389830508474,0.1864406779661017,0.7662227602905569,0.1234866828087167,knn_gain,mined_geometry_only,0.7317191283292978,0.18401937046004843,15,gain_threshold,"horizon_norm,velocity_norm,blocked_norm,blocked_x_horizon,blocked_x_velocity,complexity_score,npz_anchor_blocked,npz_candidate_blocked_mean,npz_candidate_blocked_std,npz_blocked_mismatch_frac,npz_state_dist_min,npz_state_dist_mean,npz_state_dist_max,npz_state_dist_std,npz_same_state_neg_frac,npz_same_action_neg_frac"
0.05,block3_h72_seed14,"3-block, H=72",0.7312348668280871,0.7684019370460048,0.8876513317191284,0.16464891041162227,0.7703389830508474,0.1864406779661017,0.7662227602905569,0.1234866828087167,rescue_harm,mined_geometry_only,0.7308716707021792,0.007263922518159807,100,"thr=0.0400,cap=0.0100","horizon_norm,velocity_norm,blocked_norm,blocked_x_horizon,blocked_x_velocity,complexity_score,npz_anchor_blocked,npz_candidate_blocked_mean,npz_candidate_blocked_std,npz_blocked_mismatch_frac,npz_state_dist_min,npz_state_dist_mean,npz_state_dist_max,npz_state_dist_std,npz_same_state_neg_frac,npz_same_action_neg_frac"
0.05,block3_h72_seed14,"3-block, H=72",0.7312348668280871,0.7684019370460048,0.8876513317191284,0.16464891041162227,0.7703389830508474,0.1864406779661017,0.7662227602905569,0.1234866828087167,knn_gain,context_geometry,0.774818401937046,0.3389830508474576,15,gain_threshold,"cheap_confidence,cheap_uncertainty,cheap_best_distance,cheap_second_best_distance,cheap_pred_margin,action_1,action_2,action_3,action_4,horizon_norm,velocity_norm,blocked_norm,blocked_x_horizon,blocked_x_velocity,complexity_score,uncertainty_x_blocked,uncertainty_x_horizon,uncertainty_x_velocity,margin_x_blocked,best_dist_x_blocked,second_dist_x_blocked,npz_anchor_blocked,npz_candidate_blocked_mean,npz_candidate_blocked_std,npz_blocked_mismatch_frac,npz_state_dist_min,npz_state_dist_mean,npz_state_dist_max,npz_state_dist_std,npz_same_state_neg_frac,npz_same_action_neg_frac,action_1_x_blocked,action_1_x_horizon,action_2_x_blocked,action_2_x_horizon,action_3_x_blocked,action_3_x_horizon,action_4_x_blocked,action_4_x_horizon"
0.05,block3_h72_seed14,"3-block, H=72",0.7312348668280871,0.7684019370460048,0.8876513317191284,0.16464891041162227,0.7703389830508474,0.1864406779661017,0.7662227602905569,0.1234866828087167,rescue_harm,context_geometry,0.7349878934624697,0.16707021791767554,15,"thr=0.0500,cap=0.0667","cheap_confidence,cheap_uncertainty,cheap_best_distance,cheap_second_best_distance,cheap_pred_margin,action_1,action_2,action_3,action_4,horizon_norm,velocity_norm,blocked_norm,blocked_x_horizon,blocked_x_velocity,complexity_score,uncertainty_x_blocked,uncertainty_x_horizon,uncertainty_x_velocity,margin_x_blocked,best_dist_x_blocked,second_dist_x_blocked,npz_anchor_blocked,npz_candidate_blocked_mean,npz_candidate_blocked_std,npz_blocked_mismatch_frac,npz_state_dist_min,npz_state_dist_mean,npz_state_dist_max,npz_state_dist_std,npz_same_state_neg_frac,npz_same_action_neg_frac,action_1_x_blocked,action_1_x_horizon,action_2_x_blocked,action_2_x_horizon,action_3_x_blocked,action_3_x_horizon,action_4_x_blocked,action_4_x_horizon"
0.1,block3_h72_seed14,"3-block, H=72",0.7312348668280871,0.7184019370460049,0.8794188861985474,0.16464891041162227,0.7561743341404358,0.13801452784503632,0.7547215496368039,0.10411622276029056,knn_gain,uncertainty,0.7421307506053268,0.0847457627118644,50,tuned_threshold,"cheap_confidence,cheap_uncertainty"
0.1,block3_h72_seed14,"3-block, H=72",0.7312348668280871,0.7184019370460049,0.8794188861985474,0.16464891041162227,0.7561743341404358,0.13801452784503632,0.7547215496368039,0.10411622276029056,rescue_harm,uncertainty,0.7476997578692495,0.0774818401937046,50,"thr=0.1000,cap=0.1500","cheap_confidence,cheap_uncertainty"
0.1,block3_h72_seed14,"3-block, H=72",0.7312348668280871,0.7184019370460049,0.8794188861985474,0.16464891041162227,0.7561743341404358,0.13801452784503632,0.7547215496368039,0.10411622276029056,knn_gain,margin,0.748910411622276,0.162227602905569,15,gain_threshold,"cheap_confidence,cheap_uncertainty,cheap_best_distance,cheap_second_best_distance,cheap_pred_margin"
0.1,block3_h72_seed14,"3-block, H=72",0.7312348668280871,0.7184019370460049,0.8794188861985474,0.16464891041162227,0.7561743341404358,0.13801452784503632,0.7547215496368039,0.10411622276029056,rescue_harm,margin,0.739951573849879,0.03389830508474576,50,"thr=0.1400,cap=0.1200","cheap_confidence,cheap_uncertainty,cheap_best_distance,cheap_second_best_distance,cheap_pred_margin"
0.1,block3_h72_seed14,"3-block, H=72",0.7312348668280871,0.7184019370460049,0.8794188861985474,0.16464891041162227,0.7561743341404358,0.13801452784503632,0.7547215496368039,0.10411622276029056,knn_gain,margin_action,0.7559322033898306,0.16464891041162227,15,gain_threshold,"cheap_confidence,cheap_uncertainty,cheap_best_distance,cheap_second_best_distance,cheap_pred_margin,action_1,action_2,action_3,action_4"
0.1,block3_h72_seed14,"3-block, H=72",0.7312348668280871,0.7184019370460049,0.8794188861985474,0.16464891041162227,0.7561743341404358,0.13801452784503632,0.7547215496368039,0.10411622276029056,rescue_harm,margin_action,0.7295399515738499,0.04116222760290557,50,"thr=0.0400,cap=0.0400","cheap_confidence,cheap_uncertainty,cheap_best_distance,cheap_second_best_distance,cheap_pred_margin,action_1,action_2,action_3,action_4"
0.1,block3_h72_seed14,"3-block, H=72",0.7312348668280871,0.7184019370460049,0.8794188861985474,0.16464891041162227,0.7561743341404358,0.13801452784503632,0.7547215496368039,0.10411622276029056,knn_gain,context,0.7627118644067796,0.3389830508474576,15,gain_threshold,"cheap_confidence,cheap_uncertainty,cheap_best_distance,cheap_second_best_distance,cheap_pred_margin,action_1,action_2,action_3,action_4,horizon_norm,velocity_norm"
0.1,block3_h72_seed14,"3-block, H=72",0.7312348668280871,0.7184019370460049,0.8794188861985474,0.16464891041162227,0.7561743341404358,0.13801452784503632,0.7547215496368039,0.10411622276029056,rescue_harm,context,0.7602905569007264,0.31476997578692495,100,"thr=0.0500,cap=0.1800","cheap_confidence,cheap_uncertainty,cheap_best_distance,cheap_second_best_distance,cheap_pred_margin,action_1,action_2,action_3,action_4,horizon_norm,velocity_norm"
0.1,block3_h72_seed14,"3-block, H=72",0.7312348668280871,0.7184019370460049,0.8794188861985474,0.16464891041162227,0.7561743341404358,0.13801452784503632,0.7547215496368039,0.10411622276029056,knn_gain,mined_geometry_only,0.7309927360774818,0.002421307506053269,15,tuned_threshold,"horizon_norm,velocity_norm,blocked_norm,blocked_x_horizon,blocked_x_velocity,complexity_score,npz_anchor_blocked,npz_candidate_blocked_mean,npz_candidate_blocked_std,npz_blocked_mismatch_frac,npz_state_dist_min,npz_state_dist_mean,npz_state_dist_max,npz_state_dist_std,npz_same_state_neg_frac,npz_same_action_neg_frac"
0.1,block3_h72_seed14,"3-block, H=72",0.7312348668280871,0.7184019370460049,0.8794188861985474,0.16464891041162227,0.7561743341404358,0.13801452784503632,0.7547215496368039,0.10411622276029056,rescue_harm,mined_geometry_only,0.7312348668280871,0.0,15,"thr=1000000000.0000,cap=0.0000","horizon_norm,velocity_norm,blocked_norm,blocked_x_horizon,blocked_x_velocity,complexity_score,npz_anchor_blocked,npz_candidate_blocked_mean,npz_candidate_blocked_std,npz_blocked_mismatch_frac,npz_state_dist_min,npz_state_dist_mean,npz_state_dist_max,npz_state_dist_std,npz_same_state_neg_frac,npz_same_action_neg_frac"
0.1,block3_h72_seed14,"3-block, H=72",0.7312348668280871,0.7184019370460049,0.8794188861985474,0.16464891041162227,0.7561743341404358,0.13801452784503632,0.7547215496368039,0.10411622276029056,knn_gain,context_geometry,0.7440677966101696,0.2106537530266344,15,gain_threshold,"cheap_confidence,cheap_uncertainty,cheap_best_distance,cheap_second_best_distance,cheap_pred_margin,action_1,action_2,action_3,action_4,horizon_norm,velocity_norm,blocked_norm,blocked_x_horizon,blocked_x_velocity,complexity_score,uncertainty_x_blocked,uncertainty_x_horizon,uncertainty_x_velocity,margin_x_blocked,best_dist_x_blocked,second_dist_x_blocked,npz_anchor_blocked,npz_candidate_blocked_mean,npz_candidate_blocked_std,npz_blocked_mismatch_frac,npz_state_dist_min,npz_state_dist_mean,npz_state_dist_max,npz_state_dist_std,npz_same_state_neg_frac,npz_same_action_neg_frac,action_1_x_blocked,action_1_x_horizon,action_2_x_blocked,action_2_x_horizon,action_3_x_blocked,action_3_x_horizon,action_4_x_blocked,action_4_x_horizon"
0.1,block3_h72_seed14,"3-block, H=72",0.7312348668280871,0.7184019370460049,0.8794188861985474,0.16464891041162227,0.7561743341404358,0.13801452784503632,0.7547215496368039,0.10411622276029056,rescue_harm,context_geometry,0.7319612590799032,0.11380145278450363,15,"thr=0.1000,cap=0.0667","cheap_confidence,cheap_uncertainty,cheap_best_distance,cheap_second_best_distance,cheap_pred_margin,action_1,action_2,action_3,action_4,horizon_norm,velocity_norm,blocked_norm,blocked_x_horizon,blocked_x_velocity,complexity_score,uncertainty_x_blocked,uncertainty_x_horizon,uncertainty_x_velocity,margin_x_blocked,best_dist_x_blocked,second_dist_x_blocked,npz_anchor_blocked,npz_candidate_blocked_mean,npz_candidate_blocked_std,npz_blocked_mismatch_frac,npz_state_dist_min,npz_state_dist_mean,npz_state_dist_max,npz_state_dist_std,npz_same_state_neg_frac,npz_same_action_neg_frac,action_1_x_blocked,action_1_x_horizon,action_2_x_blocked,action_2_x_horizon,action_3_x_blocked,action_3_x_horizon,action_4_x_blocked,action_4_x_horizon"
0.2,block3_h72_seed14,"3-block, H=72",0.7312348668280871,0.6184019370460048,0.8629539951573849,0.16464891041162227,0.7312348668280871,0.0,0.7443099273607747,0.10411622276029056,knn_gain,uncertainty,0.7360774818401937,0.024213075060532687,50,tuned_threshold,"cheap_confidence,cheap_uncertainty"
0.2,block3_h72_seed14,"3-block, H=72",0.7312348668280871,0.6184019370460048,0.8629539951573849,0.16464891041162227,0.7312348668280871,0.0,0.7443099273607747,0.10411622276029056,rescue_harm,uncertainty,0.7360774818401937,0.012106537530266344,50,"thr=0.2000,cap=0.0800","cheap_confidence,cheap_uncertainty"
0.2,block3_h72_seed14,"3-block, H=72",0.7312348668280871,0.6184019370460048,0.8629539951573849,0.16464891041162227,0.7312348668280871,0.0,0.7443099273607747,0.10411622276029056,knn_gain,margin,0.7433414043583535,0.06053268765133172,50,tuned_threshold,"cheap_confidence,cheap_uncertainty,cheap_best_distance,cheap_second_best_distance,cheap_pred_margin"
0.2,block3_h72_seed14,"3-block, H=72",0.7312348668280871,0.6184019370460048,0.8629539951573849,0.16464891041162227,0.7312348668280871,0.0,0.7443099273607747,0.10411622276029056,rescue_harm,margin,0.7263922518159807,0.012106537530266344,50,"thr=0.1800,cap=0.1200","cheap_confidence,cheap_uncertainty,cheap_best_distance,cheap_second_best_distance,cheap_pred_margin"
0.2,block3_h72_seed14,"3-block, H=72",0.7312348668280871,0.6184019370460048,0.8629539951573849,0.16464891041162227,0.7312348668280871,0.0,0.7443099273607747,0.10411622276029056,knn_gain,margin_action,0.7443099273607747,0.10411622276029056,25,tuned_threshold,"cheap_confidence,cheap_uncertainty,cheap_best_distance,cheap_second_best_distance,cheap_pred_margin,action_1,action_2,action_3,action_4"
0.2,block3_h72_seed14,"3-block, H=72",0.7312348668280871,0.6184019370460048,0.8629539951573849,0.16464891041162227,0.7312348668280871,0.0,0.7443099273607747,0.10411622276029056,rescue_harm,margin_action,0.7312348668280871,0.0,100,"thr=0.1500,cap=0.1000","cheap_confidence,cheap_uncertainty,cheap_best_distance,cheap_second_best_distance,cheap_pred_margin,action_1,action_2,action_3,action_4"
0.2,block3_h72_seed14,"3-block, H=72",0.7312348668280871,0.6184019370460048,0.8629539951573849,0.16464891041162227,0.7312348668280871,0.0,0.7443099273607747,0.10411622276029056,knn_gain,context,0.7288135593220338,0.3389830508474576,15,tuned_threshold,"cheap_confidence,cheap_uncertainty,cheap_best_distance,cheap_second_best_distance,cheap_pred_margin,action_1,action_2,action_3,action_4,horizon_norm,velocity_norm"
0.2,block3_h72_seed14,"3-block, H=72",0.7312348668280871,0.6184019370460048,0.8629539951573849,0.16464891041162227,0.7312348668280871,0.0,0.7443099273607747,0.10411622276029056,rescue_harm,context,0.7278450363196126,0.162227602905569,100,"thr=0.0900,cap=0.1800","cheap_confidence,cheap_uncertainty,cheap_best_distance,cheap_second_best_distance,cheap_pred_margin,action_1,action_2,action_3,action_4,horizon_norm,velocity_norm"
0.2,block3_h72_seed14,"3-block, H=72",0.7312348668280871,0.6184019370460048,0.8629539951573849,0.16464891041162227,0.7312348668280871,0.0,0.7443099273607747,0.10411622276029056,knn_gain,mined_geometry_only,0.7312348668280871,0.0,15,gain_threshold,"horizon_norm,velocity_norm,blocked_norm,blocked_x_horizon,blocked_x_velocity,complexity_score,npz_anchor_blocked,npz_candidate_blocked_mean,npz_candidate_blocked_std,npz_blocked_mismatch_frac,npz_state_dist_min,npz_state_dist_mean,npz_state_dist_max,npz_state_dist_std,npz_same_state_neg_frac,npz_same_action_neg_frac"
0.2,block3_h72_seed14,"3-block, H=72",0.7312348668280871,0.6184019370460048,0.8629539951573849,0.16464891041162227,0.7312348668280871,0.0,0.7443099273607747,0.10411622276029056,rescue_harm,mined_geometry_only,0.7312348668280871,0.0,15,"thr=1000000000.0000,cap=0.0000","horizon_norm,velocity_norm,blocked_norm,blocked_x_horizon,blocked_x_velocity,complexity_score,npz_anchor_blocked,npz_candidate_blocked_mean,npz_candidate_blocked_std,npz_blocked_mismatch_frac,npz_state_dist_min,npz_state_dist_mean,npz_state_dist_max,npz_state_dist_std,npz_same_state_neg_frac,npz_same_action_neg_frac"
0.2,block3_h72_seed14,"3-block, H=72",0.7312348668280871,0.6184019370460048,0.8629539951573849,0.16464891041162227,0.7312348668280871,0.0,0.7443099273607747,0.10411622276029056,knn_gain,context_geometry,0.7230024213075061,0.2106537530266344,15,tuned_threshold,"cheap_confidence,cheap_uncertainty,cheap_best_distance,cheap_second_best_distance,cheap_pred_margin,action_1,action_2,action_3,action_4,horizon_norm,velocity_norm,blocked_norm,blocked_x_horizon,blocked_x_velocity,complexity_score,uncertainty_x_blocked,uncertainty_x_horizon,uncertainty_x_velocity,margin_x_blocked,best_dist_x_blocked,second_dist_x_blocked,npz_anchor_blocked,npz_candidate_blocked_mean,npz_candidate_blocked_std,npz_blocked_mismatch_frac,npz_state_dist_min,npz_state_dist_mean,npz_state_dist_max,npz_state_dist_std,npz_same_state_neg_frac,npz_same_action_neg_frac,action_1_x_blocked,action_1_x_horizon,action_2_x_blocked,action_2_x_horizon,action_3_x_blocked,action_3_x_horizon,action_4_x_blocked,action_4_x_horizon"
0.2,block3_h72_seed14,"3-block, H=72",0.7312348668280871,0.6184019370460048,0.8629539951573849,0.16464891041162227,0.7312348668280871,0.0,0.7443099273607747,0.10411622276029056,rescue_harm,context_geometry,0.7312348668280871,0.0,100,"thr=0.0748,cap=0.0500","cheap_confidence,cheap_uncertainty,cheap_best_distance,cheap_second_best_distance,cheap_pred_margin,action_1,action_2,action_3,action_4,horizon_norm,velocity_norm,blocked_norm,blocked_x_horizon,blocked_x_velocity,complexity_score,uncertainty_x_blocked,uncertainty_x_horizon,uncertainty_x_velocity,margin_x_blocked,best_dist_x_blocked,second_dist_x_blocked,npz_anchor_blocked,npz_candidate_blocked_mean,npz_candidate_blocked_std,npz_blocked_mismatch_frac,npz_state_dist_min,npz_state_dist_mean,npz_state_dist_max,npz_state_dist_std,npz_same_state_neg_frac,npz_same_action_neg_frac,action_1_x_blocked,action_1_x_horizon,action_2_x_blocked,action_2_x_horizon,action_3_x_blocked,action_3_x_horizon,action_4_x_blocked,action_4_x_horizon"
0.3,block3_h72_seed14,"3-block, H=72",0.7312348668280871,0.5184019370460049,0.8464891041162228,0.16464891041162227,0.7312348668280871,0.0,0.7278450363196126,0.09200968523002422,knn_gain,uncertainty,0.7305084745762711,0.002421307506053269,50,tuned_threshold,"cheap_confidence,cheap_uncertainty"
0.3,block3_h72_seed14,"3-block, H=72",0.7312348668280871,0.5184019370460049,0.8464891041162228,0.16464891041162227,0.7312348668280871,0.0,0.7278450363196126,0.09200968523002422,rescue_harm,uncertainty,0.7312348668280871,0.0,15,"thr=0.3333,cap=0.0000","cheap_confidence,cheap_uncertainty"
0.3,block3_h72_seed14,"3-block, H=72",0.7312348668280871,0.5184019370460049,0.8464891041162228,0.16464891041162227,0.7312348668280871,0.0,0.7278450363196126,0.09200968523002422,knn_gain,margin,0.725181598062954,0.012106537530266344,25,gain_threshold,"cheap_confidence,cheap_uncertainty,cheap_best_distance,cheap_second_best_distance,cheap_pred_margin"
0.3,block3_h72_seed14,"3-block, H=72",0.7312348668280871,0.5184019370460049,0.8464891041162228,0.16464891041162227,0.7312348668280871,0.0,0.7278450363196126,0.09200968523002422,rescue_harm,margin,0.7273607748184019,0.004842615012106538,25,"thr=0.3000,cap=0.0000","cheap_confidence,cheap_uncertainty,cheap_best_distance,cheap_second_best_distance,cheap_pred_margin"
0.3,block3_h72_seed14,"3-block, H=72",0.7312348668280871,0.5184019370460049,0.8464891041162228,0.16464891041162227,0.7312348668280871,0.0,0.7278450363196126,0.09200968523002422,knn_gain,margin_action,0.7297820823244552,0.004842615012106538,100,tuned_threshold,"cheap_confidence,cheap_uncertainty,cheap_best_distance,cheap_second_best_distance,cheap_pred_margin,action_1,action_2,action_3,action_4"
0.3,block3_h72_seed14,"3-block, H=72",0.7312348668280871,0.5184019370460049,0.8464891041162228,0.16464891041162227,0.7312348668280871,0.0,0.7278450363196126,0.09200968523002422,rescue_harm,margin_action,0.7312348668280871,0.0,100,"thr=0.1500,cap=0.1000","cheap_confidence,cheap_uncertainty,cheap_best_distance,cheap_second_best_distance,cheap_pred_margin,action_1,action_2,action_3,action_4"
0.3,block3_h72_seed14,"3-block, H=72",0.7312348668280871,0.5184019370460049,0.8464891041162228,0.16464891041162227,0.7312348668280871,0.0,0.7278450363196126,0.09200968523002422,knn_gain,context,0.7249394673123486,0.15012106537530268,15,tuned_threshold,"cheap_confidence,cheap_uncertainty,cheap_best_distance,cheap_second_best_distance,cheap_pred_margin,action_1,action_2,action_3,action_4,horizon_norm,velocity_norm"
0.3,block3_h72_seed14,"3-block, H=72",0.7312348668280871,0.5184019370460049,0.8464891041162228,0.16464891041162227,0.7312348668280871,0.0,0.7278450363196126,0.09200968523002422,rescue_harm,context,0.712590799031477,0.14285714285714285,100,"thr=0.0900,cap=0.1500","cheap_confidence,cheap_uncertainty,cheap_best_distance,cheap_second_best_distance,cheap_pred_margin,action_1,action_2,action_3,action_4,horizon_norm,velocity_norm"
0.3,block3_h72_seed14,"3-block, H=72",0.7312348668280871,0.5184019370460049,0.8464891041162228,0.16464891041162227,0.7312348668280871,0.0,0.7278450363196126,0.09200968523002422,knn_gain,mined_geometry_only,0.7312348668280871,0.0,15,tuned_threshold,"horizon_norm,velocity_norm,blocked_norm,blocked_x_horizon,blocked_x_velocity,complexity_score,npz_anchor_blocked,npz_candidate_blocked_mean,npz_candidate_blocked_std,npz_blocked_mismatch_frac,npz_state_dist_min,npz_state_dist_mean,npz_state_dist_max,npz_state_dist_std,npz_same_state_neg_frac,npz_same_action_neg_frac"
0.3,block3_h72_seed14,"3-block, H=72",0.7312348668280871,0.5184019370460049,0.8464891041162228,0.16464891041162227,0.7312348668280871,0.0,0.7278450363196126,0.09200968523002422,rescue_harm,mined_geometry_only,0.7312348668280871,0.0,15,"thr=1000000000.0000,cap=0.0000","horizon_norm,velocity_norm,blocked_norm,blocked_x_horizon,blocked_x_velocity,complexity_score,npz_anchor_blocked,npz_candidate_blocked_mean,npz_candidate_blocked_std,npz_blocked_mismatch_frac,npz_state_dist_min,npz_state_dist_mean,npz_state_dist_max,npz_state_dist_std,npz_same_state_neg_frac,npz_same_action_neg_frac"
0.3,block3_h72_seed14,"3-block, H=72",0.7312348668280871,0.5184019370460049,0.8464891041162228,0.16464891041162227,0.7312348668280871,0.0,0.7278450363196126,0.09200968523002422,knn_gain,context_geometry,0.7297820823244552,0.053268765133171914,15,tuned_threshold,"cheap_confidence,cheap_uncertainty,cheap_best_distance,cheap_second_best_distance,cheap_pred_margin,action_1,action_2,action_3,action_4,horizon_norm,velocity_norm,blocked_norm,blocked_x_horizon,blocked_x_velocity,complexity_score,uncertainty_x_blocked,uncertainty_x_horizon,uncertainty_x_velocity,margin_x_blocked,best_dist_x_blocked,second_dist_x_blocked,npz_anchor_blocked,npz_candidate_blocked_mean,npz_candidate_blocked_std,npz_blocked_mismatch_frac,npz_state_dist_min,npz_state_dist_mean,npz_state_dist_max,npz_state_dist_std,npz_same_state_neg_frac,npz_same_action_neg_frac,action_1_x_blocked,action_1_x_horizon,action_2_x_blocked,action_2_x_horizon,action_3_x_blocked,action_3_x_horizon,action_4_x_blocked,action_4_x_horizon"
0.3,block3_h72_seed14,"3-block, H=72",0.7312348668280871,0.5184019370460049,0.8464891041162228,0.16464891041162227,0.7312348668280871,0.0,0.7278450363196126,0.09200968523002422,rescue_harm,context_geometry,0.7312348668280871,0.0,100,"thr=0.0748,cap=0.0200","cheap_confidence,cheap_uncertainty,cheap_best_distance,cheap_second_best_distance,cheap_pred_margin,action_1,action_2,action_3,action_4,horizon_norm,velocity_norm,blocked_norm,blocked_x_horizon,blocked_x_velocity,complexity_score,uncertainty_x_blocked,uncertainty_x_horizon,uncertainty_x_velocity,margin_x_blocked,best_dist_x_blocked,second_dist_x_blocked,npz_anchor_blocked,npz_candidate_blocked_mean,npz_candidate_blocked_std,npz_blocked_mismatch_frac,npz_state_dist_min,npz_state_dist_mean,npz_state_dist_max,npz_state_dist_std,npz_same_state_neg_frac,npz_same_action_neg_frac,action_1_x_blocked,action_1_x_horizon,action_2_x_blocked,action_2_x_horizon,action_3_x_blocked,action_3_x_horizon,action_4_x_blocked,action_4_x_horizon"
0.5,block3_h72_seed14,"3-block, H=72",0.7312348668280871,0.31840193704600483,0.8135593220338984,0.16464891041162227,0.7312348668280871,0.0,0.7094430992736077,0.09200968523002422,knn_gain,uncertainty,0.7300242130750605,0.002421307506053269,50,tuned_threshold,"cheap_confidence,cheap_uncertainty"
0.5,block3_h72_seed14,"3-block, H=72",0.7312348668280871,0.31840193704600483,0.8135593220338984,0.16464891041162227,0.7312348668280871,0.0,0.7094430992736077,0.09200968523002422,rescue_harm,uncertainty,0.7312348668280871,0.0,15,"thr=0.3333,cap=0.0000","cheap_confidence,cheap_uncertainty"
0.5,block3_h72_seed14,"3-block, H=72",0.7312348668280871,0.31840193704600483,0.8135593220338984,0.16464891041162227,0.7312348668280871,0.0,0.7094430992736077,0.09200968523002422,knn_gain,margin,0.7288135593220338,0.004842615012106538,25,tuned_threshold,"cheap_confidence,cheap_uncertainty,cheap_best_distance,cheap_second_best_distance,cheap_pred_margin"
0.5,block3_h72_seed14,"3-block, H=72",0.7312348668280871,0.31840193704600483,0.8135593220338984,0.16464891041162227,0.7312348668280871,0.0,0.7094430992736077,0.09200968523002422,rescue_harm,margin,0.7312348668280871,0.0,15,"thr=0.5000,cap=0.0000","cheap_confidence,cheap_uncertainty,cheap_best_distance,cheap_second_best_distance,cheap_pred_margin"
0.5,block3_h72_seed14,"3-block, H=72",0.7312348668280871,0.31840193704600483,0.8135593220338984,0.16464891041162227,0.7312348668280871,0.0,0.7094430992736077,0.09200968523002422,knn_gain,margin_action,0.7312348668280871,0.0,15,gain_threshold,"cheap_confidence,cheap_uncertainty,cheap_best_distance,cheap_second_best_distance,cheap_pred_margin,action_1,action_2,action_3,action_4"
0.5,block3_h72_seed14,"3-block, H=72",0.7312348668280871,0.31840193704600483,0.8135593220338984,0.16464891041162227,0.7312348668280871,0.0,0.7094430992736077,0.09200968523002422,rescue_harm,margin_action,0.7312348668280871,0.0,100,"thr=0.1500,cap=0.1000","cheap_confidence,cheap_uncertainty,cheap_best_distance,cheap_second_best_distance,cheap_pred_margin,action_1,action_2,action_3,action_4"
0.5,block3_h72_seed14,"3-block, H=72",0.7312348668280871,0.31840193704600483,0.8135593220338984,0.16464891041162227,0.7312348668280871,0.0,0.7094430992736077,0.09200968523002422,knn_gain,context,0.7324455205811138,0.002421307506053269,15,gain_threshold,"cheap_confidence,cheap_uncertainty,cheap_best_distance,cheap_second_best_distance,cheap_pred_margin,action_1,action_2,action_3,action_4,horizon_norm,velocity_norm"
0.5,block3_h72_seed14,"3-block, H=72",0.7312348668280871,0.31840193704600483,0.8135593220338984,0.16464891041162227,0.7312348668280871,0.0,0.7094430992736077,0.09200968523002422,rescue_harm,context,0.7324455205811138,0.002421307506053269,15,"thr=0.5000,cap=0.0667","cheap_confidence,cheap_uncertainty,cheap_best_distance,cheap_second_best_distance,cheap_pred_margin,action_1,action_2,action_3,action_4,horizon_norm,velocity_norm"
0.5,block3_h72_seed14,"3-block, H=72",0.7312348668280871,0.31840193704600483,0.8135593220338984,0.16464891041162227,0.7312348668280871,0.0,0.7094430992736077,0.09200968523002422,knn_gain,mined_geometry_only,0.7312348668280871,0.0,15,gain_threshold,"horizon_norm,velocity_norm,blocked_norm,blocked_x_horizon,blocked_x_velocity,complexity_score,npz_anchor_blocked,npz_candidate_blocked_mean,npz_candidate_blocked_std,npz_blocked_mismatch_frac,npz_state_dist_min,npz_state_dist_mean,npz_state_dist_max,npz_state_dist_std,npz_same_state_neg_frac,npz_same_action_neg_frac"
0.5,block3_h72_seed14,"3-block, H=72",0.7312348668280871,0.31840193704600483,0.8135593220338984,0.16464891041162227,0.7312348668280871,0.0,0.7094430992736077,0.09200968523002422,rescue_harm,mined_geometry_only,0.7312348668280871,0.0,15,"thr=0.5000,cap=0.0000","horizon_norm,velocity_norm,blocked_norm,blocked_x_horizon,blocked_x_velocity,complexity_score,npz_anchor_blocked,npz_candidate_blocked_mean,npz_candidate_blocked_std,npz_blocked_mismatch_frac,npz_state_dist_min,npz_state_dist_mean,npz_state_dist_max,npz_state_dist_std,npz_same_state_neg_frac,npz_same_action_neg_frac"
0.5,block3_h72_seed14,"3-block, H=72",0.7312348668280871,0.31840193704600483,0.8135593220338984,0.16464891041162227,0.7312348668280871,0.0,0.7094430992736077,0.09200968523002422,knn_gain,context_geometry,0.7312348668280871,0.0,25,tuned_threshold,"cheap_confidence,cheap_uncertainty,cheap_best_distance,cheap_second_best_distance,cheap_pred_margin,action_1,action_2,action_3,action_4,horizon_norm,velocity_norm,blocked_norm,blocked_x_horizon,blocked_x_velocity,complexity_score,uncertainty_x_blocked,uncertainty_x_horizon,uncertainty_x_velocity,margin_x_blocked,best_dist_x_blocked,second_dist_x_blocked,npz_anchor_blocked,npz_candidate_blocked_mean,npz_candidate_blocked_std,npz_blocked_mismatch_frac,npz_state_dist_min,npz_state_dist_mean,npz_state_dist_max,npz_state_dist_std,npz_same_state_neg_frac,npz_same_action_neg_frac,action_1_x_blocked,action_1_x_horizon,action_2_x_blocked,action_2_x_horizon,action_3_x_blocked,action_3_x_horizon,action_4_x_blocked,action_4_x_horizon"
0.5,block3_h72_seed14,"3-block, H=72",0.7312348668280871,0.31840193704600483,0.8135593220338984,0.16464891041162227,0.7312348668280871,0.0,0.7094430992736077,0.09200968523002422,rescue_harm,context_geometry,0.7312348668280871,0.0,200,"thr=0.0750,cap=0.0050","cheap_confidence,cheap_uncertainty,cheap_best_distance,cheap_second_best_distance,cheap_pred_margin,action_1,action_2,action_3,action_4,horizon_norm,velocity_norm,blocked_norm,blocked_x_horizon,blocked_x_velocity,complexity_score,uncertainty_x_blocked,uncertainty_x_horizon,uncertainty_x_velocity,margin_x_blocked,best_dist_x_blocked,second_dist_x_blocked,npz_anchor_blocked,npz_candidate_blocked_mean,npz_candidate_blocked_std,npz_blocked_mismatch_frac,npz_state_dist_min,npz_state_dist_mean,npz_state_dist_max,npz_state_dist_std,npz_same_state_neg_frac,npz_same_action_neg_frac,action_1_x_blocked,action_1_x_horizon,action_2_x_blocked,action_2_x_horizon,action_3_x_blocked,action_3_x_horizon,action_4_x_blocked,action_4_x_horizon"
