lambda,heldout,variant_label,ladder_seed,utility,top1,relative_latency,select_Tiny,select_Small,select_Medium,select_Full,n,method
0.0,block3_h36_seed13,"3-block, H=36",0,0.8948655256723717,0.8948655256723717,0.18631239428236,1.0,0.0,0.0,0.0,409,fixed_Tiny
0.0,block3_h36_seed13,"3-block, H=36",0,0.8973105134474327,0.8973105134474327,0.2010189189360956,0.0,1.0,0.0,0.0,409,fixed_Small
0.0,block3_h36_seed13,"3-block, H=36",0,0.863080684596577,0.863080684596577,0.38263710857006406,0.0,0.0,1.0,0.0,409,fixed_Medium
0.0,block3_h36_seed13,"3-block, H=36",0,0.8288508557457213,0.8288508557457213,1.0,0.0,0.0,0.0,1.0,409,fixed_Full
0.0,block3_h36_seed13,"3-block, H=36",0,0.9584352078239609,0.9584352078239609,0.18946755464707138,0.9364303178484108,0.05134474327628362,0.012224938875305624,0.0,409,oracle_multicapacity
0.0,block3_h36_seed13,"3-block, H=36",0,0.882640586797066,0.882640586797066,0.28551816464485547,0.33496332518337407,0.3471882640586797,0.2665036674816626,0.05134474327628362,409,ridge_expected_utility
0.0,block3_h36_seed13,"3-block, H=36",0,0.8850855745721271,0.8850855745721271,0.3002875198880039,0.6528117359413202,0.06356968215158924,0.19070904645476772,0.09290953545232274,409,rf_expected_utility
0.0,block3_h36_seed13,"3-block, H=36",0,0.8875305623471883,0.8875305623471883,0.3291041361661471,0.7579462102689487,0.0488997555012225,0.02444987775061125,0.1687041564792176,409,logreg_oracle_label
0.0,block3_h36_seed13,"3-block, H=36",0,0.8924205378973105,0.8924205378973105,0.2767443255434192,0.7017114914425427,0.13202933985330073,0.07579462102689487,0.09046454767726161,409,rf_oracle_label
0.0,block3_h36_seed13,"3-block, H=36",1,0.8533007334963325,0.8533007334963325,0.18631239428236,1.0,0.0,0.0,0.0,409,fixed_Tiny
0.0,block3_h36_seed13,"3-block, H=36",1,0.8508557457212714,0.8508557457212714,0.2010189189360956,0.0,1.0,0.0,0.0,409,fixed_Small
0.0,block3_h36_seed13,"3-block, H=36",1,0.8899755501222494,0.8899755501222494,0.38263710857006406,0.0,0.0,1.0,0.0,409,fixed_Medium
0.0,block3_h36_seed13,"3-block, H=36",1,0.8753056234718827,0.8753056234718827,1.0,0.0,0.0,0.0,1.0,409,fixed_Full
0.0,block3_h36_seed13,"3-block, H=36",1,0.9315403422982885,0.9315403422982885,0.19758678451689035,0.921760391198044,0.039119804400977995,0.034229828850855744,0.004889975550122249,409,oracle_multicapacity
0.0,block3_h36_seed13,"3-block, H=36",1,0.8924205378973105,0.8924205378973105,0.3311627777403645,0.3105134474327628,0.33007334963325186,0.2469437652811736,0.11246943765281174,409,ridge_expected_utility
0.0,block3_h36_seed13,"3-block, H=36",1,0.8875305623471883,0.8875305623471883,0.2935874387045888,0.6797066014669927,0.04645476772616137,0.1882640586797066,0.08557457212713937,409,rf_expected_utility
0.0,block3_h36_seed13,"3-block, H=36",1,0.8948655256723717,0.8948655256723717,0.3605097633818722,0.7114914425427873,0.07579462102689487,0.0,0.21271393643031786,409,logreg_oracle_label
0.0,block3_h36_seed13,"3-block, H=36",1,0.8801955990220048,0.8801955990220048,0.33929305574589247,0.687041564792176,0.10268948655256724,0.03178484107579462,0.1784841075794621,409,rf_oracle_label
0.0,block3_h36_seed13,"3-block, H=36",2,0.8801955990220048,0.8801955990220048,0.18631239428236,1.0,0.0,0.0,0.0,409,fixed_Tiny
0.0,block3_h36_seed13,"3-block, H=36",2,0.8581907090464548,0.8581907090464548,0.2010189189360956,0.0,1.0,0.0,0.0,409,fixed_Small
0.0,block3_h36_seed13,"3-block, H=36",2,0.882640586797066,0.882640586797066,0.38263710857006406,0.0,0.0,1.0,0.0,409,fixed_Medium
0.0,block3_h36_seed13,"3-block, H=36",2,0.8606356968215159,0.8606356968215159,1.0,0.0,0.0,0.0,1.0,409,fixed_Full
0.0,block3_h36_seed13,"3-block, H=36",2,0.9511002444987775,0.9511002444987775,0.19703485844453048,0.9290953545232273,0.034229828850855744,0.03178484107579462,0.004889975550122249,409,oracle_multicapacity
0.0,block3_h36_seed13,"3-block, H=36",2,0.8850855745721271,0.8850855745721271,0.3046224728328923,0.35207823960880197,0.33985330073349634,0.22249388753056235,0.08557457212713937,409,ridge_expected_utility
0.0,block3_h36_seed13,"3-block, H=36",2,0.8924205378973105,0.8924205378973105,0.29642985189394017,0.6674816625916871,0.08557457212713937,0.1491442542787286,0.097799511002445,409,rf_expected_utility
0.0,block3_h36_seed13,"3-block, H=36",2,0.8948655256723717,0.8948655256723717,0.3281800703863874,0.7603911980440098,0.05134474327628362,0.019559902200488997,0.1687041564792176,409,logreg_oracle_label
0.0,block3_h36_seed13,"3-block, H=36",2,0.863080684596577,0.863080684596577,0.29261400064885884,0.7334963325183375,0.1100244498777506,0.03667481662591687,0.1198044009779951,409,rf_oracle_label
0.01,block3_h36_seed13,"3-block, H=36",0,0.8930024017295479,0.8948655256723717,0.18631239428236,1.0,0.0,0.0,0.0,409,fixed_Tiny
0.01,block3_h36_seed13,"3-block, H=36",0,0.8953003242580715,0.8973105134474327,0.2010189189360956,0.0,1.0,0.0,0.0,409,fixed_Small
0.01,block3_h36_seed13,"3-block, H=36",0,0.8592543135108763,0.863080684596577,0.38263710857006406,0.0,0.0,1.0,0.0,409,fixed_Medium
0.01,block3_h36_seed13,"3-block, H=36",0,0.8188508557457214,0.8288508557457213,1.0,0.0,0.0,0.0,1.0,409,fixed_Full
0.01,block3_h36_seed13,"3-block, H=36",0,0.95654053227749,0.9584352078239609,0.18946755464707138,0.9364303178484108,0.05134474327628362,0.012224938875305624,0.0,409,oracle_multicapacity
0.01,block3_h36_seed13,"3-block, H=36",0,0.8848691415935878,0.8875305623471883,0.26614207536002826,0.3422982885085575,0.3545232273838631,0.2787286063569682,0.02444987775061125,409,ridge_expected_utility
0.01,block3_h36_seed13,"3-block, H=36",0,0.8797375189393228,0.882640586797066,0.29030678577430885,0.6552567237163814,0.06601466992665037,0.20048899755501223,0.07823960880195599,409,rf_expected_utility
0.01,block3_h36_seed13,"3-block, H=36",0,0.8842395209855266,0.8875305623471883,0.3291041361661471,0.7579462102689487,0.0488997555012225,0.02444987775061125,0.1687041564792176,409,logreg_oracle_label
0.01,block3_h36_seed13,"3-block, H=36",0,0.8896530946418763,0.8924205378973105,0.2767443255434192,0.7017114914425427,0.13202933985330073,0.07579462102689487,0.09046454767726161,409,rf_oracle_label
0.01,block3_h36_seed13,"3-block, H=36",1,0.8514376095535088,0.8533007334963325,0.18631239428236,1.0,0.0,0.0,0.0,409,fixed_Tiny
0.01,block3_h36_seed13,"3-block, H=36",1,0.8488455565319102,0.8508557457212714,0.2010189189360956,0.0,1.0,0.0,0.0,409,fixed_Small
0.01,block3_h36_seed13,"3-block, H=36",1,0.8861491790365487,0.8899755501222494,0.38263710857006406,0.0,0.0,1.0,0.0,409,fixed_Medium
0.01,block3_h36_seed13,"3-block, H=36",1,0.8653056234718827,0.8753056234718827,1.0,0.0,0.0,0.0,1.0,409,fixed_Full
0.01,block3_h36_seed13,"3-block, H=36",1,0.9295644744531194,0.9315403422982885,0.19758678451689035,0.921760391198044,0.039119804400977995,0.034229828850855744,0.004889975550122249,409,oracle_multicapacity
0.01,block3_h36_seed13,"3-block, H=36",1,0.8893932376960944,0.8924205378973105,0.3027300201216019,0.31784841075794623,0.3374083129584352,0.27383863080684595,0.07090464547677261,409,ridge_expected_utility
0.01,block3_h36_seed13,"3-block, H=36",1,0.8822601614309076,0.8850855745721271,0.28254131412195493,0.6821515892420538,0.04645476772616137,0.20293398533007334,0.06845965770171149,409,rf_expected_utility
0.01,block3_h36_seed13,"3-block, H=36",1,0.8912604280385528,0.8948655256723717,0.3605097633818722,0.7114914425427873,0.07579462102689487,0.0,0.21271393643031786,409,logreg_oracle_label
0.01,block3_h36_seed13,"3-block, H=36",1,0.8768026684645458,0.8801955990220048,0.33929305574589247,0.687041564792176,0.10268948655256724,0.03178484107579462,0.1784841075794621,409,rf_oracle_label
0.01,block3_h36_seed13,"3-block, H=36",2,0.8783324750791812,0.8801955990220048,0.18631239428236,1.0,0.0,0.0,0.0,409,fixed_Tiny
0.01,block3_h36_seed13,"3-block, H=36",2,0.8561805198570935,0.8581907090464548,0.2010189189360956,0.0,1.0,0.0,0.0,409,fixed_Small
0.01,block3_h36_seed13,"3-block, H=36",2,0.8788142157113653,0.882640586797066,0.38263710857006406,0.0,0.0,1.0,0.0,409,fixed_Medium
0.01,block3_h36_seed13,"3-block, H=36",2,0.850635696821516,0.8606356968215159,1.0,0.0,0.0,0.0,1.0,409,fixed_Full
0.01,block3_h36_seed13,"3-block, H=36",2,0.9491298959143321,0.9511002444987775,0.19703485844453048,0.9290953545232273,0.034229828850855744,0.03178484107579462,0.004889975550122249,409,oracle_multicapacity
0.01,block3_h36_seed13,"3-block, H=36",2,0.8846946062058226,0.8875305623471883,0.28359561413656337,0.3569682151589242,0.3422982885085575,0.2469437652811736,0.05378973105134474,409,ridge_expected_utility
0.01,block3_h36_seed13,"3-block, H=36",2,0.8944391148060427,0.8973105134474327,0.2871398641389952,0.6772616136919315,0.09290953545232274,0.14180929095354522,0.08801955990220049,409,rf_expected_utility
0.01,block3_h36_seed13,"3-block, H=36",2,0.8915837249685077,0.8948655256723717,0.3281800703863874,0.7603911980440098,0.05134474327628362,0.019559902200488997,0.1687041564792176,409,logreg_oracle_label
0.01,block3_h36_seed13,"3-block, H=36",2,0.8601545445900884,0.863080684596577,0.29261400064885884,0.7334963325183375,0.1100244498777506,0.03667481662591687,0.1198044009779951,409,rf_oracle_label
0.02,block3_h36_seed13,"3-block, H=36",0,0.8911392777867244,0.8948655256723717,0.18631239428236,1.0,0.0,0.0,0.0,409,fixed_Tiny
0.02,block3_h36_seed13,"3-block, H=36",0,0.8932901350687106,0.8973105134474327,0.2010189189360956,0.0,1.0,0.0,0.0,409,fixed_Small
0.02,block3_h36_seed13,"3-block, H=36",0,0.8554279424251757,0.863080684596577,0.38263710857006406,0.0,0.0,1.0,0.0,409,fixed_Medium
0.02,block3_h36_seed13,"3-block, H=36",0,0.8088508557457214,0.8288508557457213,1.0,0.0,0.0,0.0,1.0,409,fixed_Full
0.02,block3_h36_seed13,"3-block, H=36",0,0.9546458567310195,0.9584352078239609,0.18946755464707138,0.9364303178484108,0.05134474327628362,0.012224938875305624,0.0,409,oracle_multicapacity
0.02,block3_h36_seed13,"3-block, H=36",0,0.8823469577333687,0.8875305623471883,0.25918023069097834,0.34474327628361856,0.3569682151589242,0.28361858190709044,0.014669926650366748,409,ridge_expected_utility
0.02,block3_h36_seed13,"3-block, H=36",0,0.8794201140409416,0.8850855745721271,0.2832730265592749,0.6625916870415648,0.06356968215158924,0.20537897310513448,0.06845965770171149,409,rf_expected_utility
0.02,block3_h36_seed13,"3-block, H=36",0,0.8809484796238654,0.8875305623471883,0.3291041361661471,0.7579462102689487,0.0488997555012225,0.02444987775061125,0.1687041564792176,409,logreg_oracle_label
0.02,block3_h36_seed13,"3-block, H=36",0,0.886885651386442,0.8924205378973105,0.2767443255434192,0.7017114914425427,0.13202933985330073,0.07579462102689487,0.09046454767726161,409,rf_oracle_label
0.02,block3_h36_seed13,"3-block, H=36",1,0.8495744856106854,0.8533007334963325,0.18631239428236,1.0,0.0,0.0,0.0,409,fixed_Tiny
0.02,block3_h36_seed13,"3-block, H=36",1,0.8468353673425493,0.8508557457212714,0.2010189189360956,0.0,1.0,0.0,0.0,409,fixed_Small
0.02,block3_h36_seed13,"3-block, H=36",1,0.882322807950848,0.8899755501222494,0.38263710857006406,0.0,0.0,1.0,0.0,409,fixed_Medium
0.02,block3_h36_seed13,"3-block, H=36",1,0.8553056234718828,0.8753056234718827,1.0,0.0,0.0,0.0,1.0,409,fixed_Full
0.02,block3_h36_seed13,"3-block, H=36",1,0.9275886066079508,0.9315403422982885,0.19758678451689035,0.921760391198044,0.039119804400977995,0.034229828850855744,0.004889975550122249,409,oracle_multicapacity
0.02,block3_h36_seed13,"3-block, H=36",1,0.8867253777344523,0.8924205378973105,0.2847580081429101,0.3202933985330073,0.3422982885085575,0.293398533007335,0.044009779951100246,409,ridge_expected_utility
0.02,block3_h36_seed13,"3-block, H=36",1,0.8795526773736903,0.8850855745721271,0.2766448599218438,0.684596577017115,0.05134474327628362,0.20293398533007334,0.061124694376528114,409,rf_expected_utility
0.02,block3_h36_seed13,"3-block, H=36",1,0.8876553304047342,0.8948655256723717,0.3605097633818722,0.7114914425427873,0.07579462102689487,0.0,0.21271393643031786,409,logreg_oracle_label
0.02,block3_h36_seed13,"3-block, H=36",1,0.8734097379070871,0.8801955990220048,0.33929305574589247,0.687041564792176,0.10268948655256724,0.03178484107579462,0.1784841075794621,409,rf_oracle_label
0.02,block3_h36_seed13,"3-block, H=36",2,0.8764693511363577,0.8801955990220048,0.18631239428236,1.0,0.0,0.0,0.0,409,fixed_Tiny
0.02,block3_h36_seed13,"3-block, H=36",2,0.8541703306677326,0.8581907090464548,0.2010189189360956,0.0,1.0,0.0,0.0,409,fixed_Small
0.02,block3_h36_seed13,"3-block, H=36",2,0.8749878446256647,0.882640586797066,0.38263710857006406,0.0,0.0,1.0,0.0,409,fixed_Medium
0.02,block3_h36_seed13,"3-block, H=36",2,0.8406356968215161,0.8606356968215159,1.0,0.0,0.0,0.0,1.0,409,fixed_Full
0.02,block3_h36_seed13,"3-block, H=36",2,0.9471595473298869,0.9511002444987775,0.19703485844453048,0.9290953545232273,0.034229828850855744,0.03178484107579462,0.004889975550122249,409,oracle_multicapacity
0.02,block3_h36_seed13,"3-block, H=36",2,0.8871258280242883,0.8924205378973105,0.264735493651104,0.3594132029339853,0.35207823960880197,0.2616136919315403,0.02689486552567237,409,ridge_expected_utility
0.02,block3_h36_seed13,"3-block, H=36",2,0.8868109730046833,0.8924205378973105,0.28047824463136106,0.6894865525672371,0.08312958435207823,0.1491442542787286,0.07823960880195599,409,rf_expected_utility
0.02,block3_h36_seed13,"3-block, H=36",2,0.8883019242646439,0.8948655256723717,0.3281800703863874,0.7603911980440098,0.05134474327628362,0.019559902200488997,0.1687041564792176,409,logreg_oracle_label
0.02,block3_h36_seed13,"3-block, H=36",2,0.8572284045835997,0.863080684596577,0.29261400064885884,0.7334963325183375,0.1100244498777506,0.03667481662591687,0.1198044009779951,409,rf_oracle_label
0.05,block3_h36_seed13,"3-block, H=36",0,0.8855499059582536,0.8948655256723717,0.18631239428236,1.0,0.0,0.0,0.0,409,fixed_Tiny
0.05,block3_h36_seed13,"3-block, H=36",0,0.887259567500628,0.8973105134474327,0.2010189189360956,0.0,1.0,0.0,0.0,409,fixed_Small
0.05,block3_h36_seed13,"3-block, H=36",0,0.843948829168074,0.863080684596577,0.38263710857006406,0.0,0.0,1.0,0.0,409,fixed_Medium
0.05,block3_h36_seed13,"3-block, H=36",0,0.7788508557457212,0.8288508557457213,1.0,0.0,0.0,0.0,1.0,409,fixed_Full
0.05,block3_h36_seed13,"3-block, H=36",0,0.9489618300916073,0.9584352078239609,0.18946755464707138,0.9364303178484108,0.05134474327628362,0.012224938875305624,0.0,409,oracle_multicapacity
0.05,block3_h36_seed13,"3-block, H=36",0,0.8776079818713614,0.8899755501222494,0.24735136501776409,0.35207823960880197,0.3643031784841076,0.28361858190709044,0.0,409,ridge_expected_utility
0.05,block3_h36_seed13,"3-block, H=36",0,0.8798099428626505,0.8924205378973105,0.2522119006932015,0.6674816625916871,0.08801955990220049,0.2176039119804401,0.02689486552567237,409,rf_expected_utility
0.05,block3_h36_seed13,"3-block, H=36",0,0.871075355538881,0.8875305623471883,0.3291041361661471,0.7579462102689487,0.0488997555012225,0.02444987775061125,0.1687041564792176,409,logreg_oracle_label
0.05,block3_h36_seed13,"3-block, H=36",0,0.8785833216201396,0.8924205378973105,0.2767443255434192,0.7017114914425427,0.13202933985330073,0.07579462102689487,0.09046454767726161,409,rf_oracle_label
0.05,block3_h36_seed13,"3-block, H=36",1,0.8439851137822144,0.8533007334963325,0.18631239428236,1.0,0.0,0.0,0.0,409,fixed_Tiny
0.05,block3_h36_seed13,"3-block, H=36",1,0.8408047997744665,0.8508557457212714,0.2010189189360956,0.0,1.0,0.0,0.0,409,fixed_Small
0.05,block3_h36_seed13,"3-block, H=36",1,0.8708436946937463,0.8899755501222494,0.38263710857006406,0.0,0.0,1.0,0.0,409,fixed_Medium
0.05,block3_h36_seed13,"3-block, H=36",1,0.8253056234718825,0.8753056234718827,1.0,0.0,0.0,0.0,1.0,409,fixed_Full
0.05,block3_h36_seed13,"3-block, H=36",1,0.9216610030724441,0.9315403422982885,0.19758678451689035,0.921760391198044,0.039119804400977995,0.034229828850855744,0.004889975550122249,409,oracle_multicapacity
0.05,block3_h36_seed13,"3-block, H=36",1,0.8798609650358721,0.8924205378973105,0.2511914572287705,0.33251833740831294,0.3643031784841076,0.30317848410757947,0.0,409,ridge_expected_utility
0.05,block3_h36_seed13,"3-block, H=36",1,0.8718447748596958,0.8850855745721271,0.26481599424862956,0.6919315403422983,0.05867970660146699,0.20293398533007334,0.04645476772616137,409,rf_expected_utility
0.05,block3_h36_seed13,"3-block, H=36",1,0.8768400375032781,0.8948655256723717,0.3605097633818722,0.7114914425427873,0.07579462102689487,0.0,0.21271393643031786,409,logreg_oracle_label
0.05,block3_h36_seed13,"3-block, H=36",1,0.8632309462347103,0.8801955990220048,0.33929305574589247,0.687041564792176,0.10268948655256724,0.03178484107579462,0.1784841075794621,409,rf_oracle_label
0.05,block3_h36_seed13,"3-block, H=36",2,0.8708799793078869,0.8801955990220048,0.18631239428236,1.0,0.0,0.0,0.0,409,fixed_Tiny
0.05,block3_h36_seed13,"3-block, H=36",2,0.8481397630996499,0.8581907090464548,0.2010189189360956,0.0,1.0,0.0,0.0,409,fixed_Small
0.05,block3_h36_seed13,"3-block, H=36",2,0.863508731368563,0.882640586797066,0.38263710857006406,0.0,0.0,1.0,0.0,409,fixed_Medium
0.05,block3_h36_seed13,"3-block, H=36",2,0.8106356968215158,0.8606356968215159,1.0,0.0,0.0,0.0,1.0,409,fixed_Full
0.05,block3_h36_seed13,"3-block, H=36",2,0.9412485015765512,0.9511002444987775,0.19703485844453048,0.9290953545232273,0.034229828850855744,0.03178484107579462,0.004889975550122249,409,oracle_multicapacity
0.05,block3_h36_seed13,"3-block, H=36",2,0.8777227163821457,0.8899755501222494,0.24505667480207224,0.3691931540342298,0.36674816625916873,0.2616136919315403,0.0024449877750611247,409,ridge_expected_utility
0.05,block3_h36_seed13,"3-block, H=36",2,0.8772800753392863,0.8899755501222494,0.2539094956592634,0.6968215158924206,0.10513447432762836,0.15403422982885084,0.044009779951100246,409,rf_expected_utility
0.05,block3_h36_seed13,"3-block, H=36",2,0.8784565221530524,0.8948655256723717,0.3281800703863874,0.7603911980440098,0.05134474327628362,0.019559902200488997,0.1687041564792176,409,logreg_oracle_label
0.05,block3_h36_seed13,"3-block, H=36",2,0.8484499845641342,0.863080684596577,0.29261400064885884,0.7334963325183375,0.1100244498777506,0.03667481662591687,0.1198044009779951,409,rf_oracle_label
0.1,block3_h36_seed13,"3-block, H=36",0,0.8762342862441355,0.8948655256723717,0.18631239428236,1.0,0.0,0.0,0.0,409,fixed_Tiny
0.1,block3_h36_seed13,"3-block, H=36",0,0.8772086215538231,0.8973105134474327,0.2010189189360956,0.0,1.0,0.0,0.0,409,fixed_Small
0.1,block3_h36_seed13,"3-block, H=36",0,0.8248169737395707,0.863080684596577,0.38263710857006406,0.0,0.0,1.0,0.0,409,fixed_Medium
0.1,block3_h36_seed13,"3-block, H=36",0,0.7288508557457215,0.8288508557457213,1.0,0.0,0.0,0.0,1.0,409,fixed_Full
0.1,block3_h36_seed13,"3-block, H=36",0,0.9394884523592535,0.9584352078239609,0.18946755464707138,0.9364303178484108,0.05134474327628362,0.012224938875305624,0.0,409,oracle_multicapacity
0.1,block3_h36_seed13,"3-block, H=36",0,0.8709872184634732,0.8948655256723717,0.23878307208898364,0.39119804400978,0.3691931540342298,0.2396088019559902,0.0,409,ridge_expected_utility
0.1,block3_h36_seed13,"3-block, H=36",0,0.8733417854618667,0.8973105134474327,0.23968727985565932,0.6919315403422983,0.08068459657701711,0.21515892420537897,0.012224938875305624,409,rf_expected_utility
0.1,block3_h36_seed13,"3-block, H=36",0,0.8546201487305733,0.8875305623471883,0.3291041361661471,0.7579462102689487,0.0488997555012225,0.02444987775061125,0.1687041564792176,409,logreg_oracle_label
0.1,block3_h36_seed13,"3-block, H=36",0,0.8647461053429685,0.8924205378973105,0.2767443255434192,0.7017114914425427,0.13202933985330073,0.07579462102689487,0.09046454767726161,409,rf_oracle_label
0.1,block3_h36_seed13,"3-block, H=36",1,0.8346694940680963,0.8533007334963325,0.18631239428236,1.0,0.0,0.0,0.0,409,fixed_Tiny
0.1,block3_h36_seed13,"3-block, H=36",1,0.8307538538276616,0.8508557457212714,0.2010189189360956,0.0,1.0,0.0,0.0,409,fixed_Small
0.1,block3_h36_seed13,"3-block, H=36",1,0.8517118392652431,0.8899755501222494,0.38263710857006406,0.0,0.0,1.0,0.0,409,fixed_Medium
0.1,block3_h36_seed13,"3-block, H=36",1,0.7753056234718829,0.8753056234718827,1.0,0.0,0.0,0.0,1.0,409,fixed_Full
0.1,block3_h36_seed13,"3-block, H=36",1,0.9117816638465992,0.9315403422982885,0.19758678451689035,0.921760391198044,0.039119804400977995,0.034229828850855744,0.004889975550122249,409,oracle_multicapacity
0.1,block3_h36_seed13,"3-block, H=36",1,0.8675893990902588,0.8924205378973105,0.2483113880705157,0.3471882640586797,0.3643031784841076,0.2885085574572127,0.0,409,ridge_expected_utility
0.1,block3_h36_seed13,"3-block, H=36",1,0.8575480110189926,0.882640586797066,0.25092575778073284,0.706601466992665,0.061124694376528114,0.20293398533007334,0.029339853300733496,409,rf_expected_utility
0.1,block3_h36_seed13,"3-block, H=36",1,0.8588145493341843,0.8948655256723717,0.3605097633818722,0.7114914425427873,0.07579462102689487,0.0,0.21271393643031786,409,logreg_oracle_label
0.1,block3_h36_seed13,"3-block, H=36",1,0.8462662934474153,0.8801955990220048,0.33929305574589247,0.687041564792176,0.10268948655256724,0.03178484107579462,0.1784841075794621,409,rf_oracle_label
0.1,block3_h36_seed13,"3-block, H=36",2,0.8615643595937688,0.8801955990220048,0.18631239428236,1.0,0.0,0.0,0.0,409,fixed_Tiny
0.1,block3_h36_seed13,"3-block, H=36",2,0.8380888171528451,0.8581907090464548,0.2010189189360956,0.0,1.0,0.0,0.0,409,fixed_Small
0.1,block3_h36_seed13,"3-block, H=36",2,0.8443768759400597,0.882640586797066,0.38263710857006406,0.0,0.0,1.0,0.0,409,fixed_Medium
0.1,block3_h36_seed13,"3-block, H=36",2,0.7606356968215161,0.8606356968215159,1.0,0.0,0.0,0.0,1.0,409,fixed_Full
0.1,block3_h36_seed13,"3-block, H=36",2,0.9313967586543243,0.9511002444987775,0.19703485844453048,0.9290953545232273,0.034229828850855744,0.03178484107579462,0.004889975550122249,409,oracle_multicapacity
0.1,block3_h36_seed13,"3-block, H=36",2,0.8684462283831369,0.8924205378973105,0.23974309514173525,0.3863080684596577,0.3691931540342298,0.24449877750611246,0.0,409,ridge_expected_utility
0.1,block3_h36_seed13,"3-block, H=36",2,0.8693314702661655,0.8924205378973105,0.23089067631144722,0.7163814180929096,0.10268948655256724,0.1687041564792176,0.012224938875305624,409,rf_expected_utility
0.1,block3_h36_seed13,"3-block, H=36",2,0.8620475186337327,0.8948655256723717,0.3281800703863874,0.7603911980440098,0.05134474327628362,0.019559902200488997,0.1687041564792176,409,logreg_oracle_label
0.1,block3_h36_seed13,"3-block, H=36",2,0.8338192845316911,0.863080684596577,0.29261400064885884,0.7334963325183375,0.1100244498777506,0.03667481662591687,0.1198044009779951,409,rf_oracle_label
0.15,block3_h36_seed13,"3-block, H=36",0,0.8669186665300177,0.8948655256723717,0.18631239428236,1.0,0.0,0.0,0.0,409,fixed_Tiny
0.15,block3_h36_seed13,"3-block, H=36",0,0.8671576756070184,0.8973105134474327,0.2010189189360956,0.0,1.0,0.0,0.0,409,fixed_Small
0.15,block3_h36_seed13,"3-block, H=36",0,0.8056851183110677,0.863080684596577,0.38263710857006406,0.0,0.0,1.0,0.0,409,fixed_Medium
0.15,block3_h36_seed13,"3-block, H=36",0,0.6788508557457211,0.8288508557457213,1.0,0.0,0.0,0.0,1.0,409,fixed_Full
0.15,block3_h36_seed13,"3-block, H=36",0,0.9300150746269004,0.9584352078239609,0.18946755464707138,0.9364303178484108,0.05134474327628362,0.012224938875305624,0.0,409,oracle_multicapacity
0.15,block3_h36_seed13,"3-block, H=36",0,0.862457928111884,0.8973105134474327,0.23235056890365854,0.4058679706601467,0.38875305623471884,0.20537897310513448,0.0,409,ridge_expected_utility
0.15,block3_h36_seed13,"3-block, H=36",0,0.8603351605190489,0.8948655256723717,0.23020243435548593,0.6968215158924206,0.10268948655256724,0.19559902200489,0.004889975550122249,409,rf_expected_utility
0.15,block3_h36_seed13,"3-block, H=36",0,0.8381649419222662,0.8875305623471883,0.3291041361661471,0.7579462102689487,0.0488997555012225,0.02444987775061125,0.1687041564792176,409,logreg_oracle_label
0.15,block3_h36_seed13,"3-block, H=36",0,0.8509088890657976,0.8924205378973105,0.2767443255434192,0.7017114914425427,0.13202933985330073,0.07579462102689487,0.09046454767726161,409,rf_oracle_label
0.15,block3_h36_seed13,"3-block, H=36",1,0.8253538743539786,0.8533007334963325,0.18631239428236,1.0,0.0,0.0,0.0,409,fixed_Tiny
0.15,block3_h36_seed13,"3-block, H=36",1,0.820702907880857,0.8508557457212714,0.2010189189360956,0.0,1.0,0.0,0.0,409,fixed_Small
0.15,block3_h36_seed13,"3-block, H=36",1,0.83257998383674,0.8899755501222494,0.38263710857006406,0.0,0.0,1.0,0.0,409,fixed_Medium
0.15,block3_h36_seed13,"3-block, H=36",1,0.7253056234718824,0.8753056234718827,1.0,0.0,0.0,0.0,1.0,409,fixed_Full
0.15,block3_h36_seed13,"3-block, H=36",1,0.901902324620755,0.9315403422982885,0.19758678451689035,0.921760391198044,0.039119804400977995,0.034229828850855744,0.004889975550122249,409,oracle_multicapacity
0.15,block3_h36_seed13,"3-block, H=36",1,0.853992511487194,0.8899755501222494,0.23988692423370334,0.3765281173594132,0.37897310513447435,0.24449877750611246,0.0,409,ridge_expected_utility
0.15,block3_h36_seed13,"3-block, H=36",1,0.8446752687382308,0.8801955990220048,0.2368022018918268,0.7310513447432763,0.07090464547677261,0.18092909535452323,0.017114914425427872,409,rf_expected_utility
0.15,block3_h36_seed13,"3-block, H=36",1,0.8407890611650909,0.8948655256723717,0.3605097633818722,0.7114914425427873,0.07579462102689487,0.0,0.21271393643031786,409,logreg_oracle_label
0.15,block3_h36_seed13,"3-block, H=36",1,0.8293016406601211,0.8801955990220048,0.33929305574589247,0.687041564792176,0.10268948655256724,0.03178484107579462,0.1784841075794621,409,rf_oracle_label
0.15,block3_h36_seed13,"3-block, H=36",2,0.8522487398796509,0.8801955990220048,0.18631239428236,1.0,0.0,0.0,0.0,409,fixed_Tiny
0.15,block3_h36_seed13,"3-block, H=36",2,0.8280378712060403,0.8581907090464548,0.2010189189360956,0.0,1.0,0.0,0.0,409,fixed_Small
0.15,block3_h36_seed13,"3-block, H=36",2,0.8252450205115567,0.882640586797066,0.38263710857006406,0.0,0.0,1.0,0.0,409,fixed_Medium
0.15,block3_h36_seed13,"3-block, H=36",2,0.7106356968215155,0.8606356968215159,1.0,0.0,0.0,0.0,1.0,409,fixed_Full
0.15,block3_h36_seed13,"3-block, H=36",2,0.9215450157320981,0.9511002444987775,0.19703485844453048,0.9290953545232273,0.034229828850855744,0.03178484107579462,0.004889975550122249,409,oracle_multicapacity
0.15,block3_h36_seed13,"3-block, H=36",2,0.8497613386795766,0.8850855745721271,0.23549490595033706,0.4034229828850856,0.3740831295843521,0.22249388753056235,0.0,409,ridge_expected_utility
0.15,block3_h36_seed13,"3-block, H=36",2,0.8570176845032326,0.8899755501222494,0.21971910412678,0.7212713936430318,0.11735941320293398,0.16136919315403422,0.0,409,rf_expected_utility
0.15,block3_h36_seed13,"3-block, H=36",2,0.8456385151144136,0.8948655256723717,0.3281800703863874,0.7603911980440098,0.05134474327628362,0.019559902200488997,0.1687041564792176,409,logreg_oracle_label
0.15,block3_h36_seed13,"3-block, H=36",2,0.8191885844992483,0.863080684596577,0.29261400064885884,0.7334963325183375,0.1100244498777506,0.03667481662591687,0.1198044009779951,409,rf_oracle_label
0.2,block3_h36_seed13,"3-block, H=36",0,0.8576030468158993,0.8948655256723717,0.18631239428236,1.0,0.0,0.0,0.0,409,fixed_Tiny
0.2,block3_h36_seed13,"3-block, H=36",0,0.8571067296602135,0.8973105134474327,0.2010189189360956,0.0,1.0,0.0,0.0,409,fixed_Small
0.2,block3_h36_seed13,"3-block, H=36",0,0.7865532628825641,0.863080684596577,0.38263710857006406,0.0,0.0,1.0,0.0,409,fixed_Medium
0.2,block3_h36_seed13,"3-block, H=36",0,0.6288508557457212,0.8288508557457213,1.0,0.0,0.0,0.0,1.0,409,fixed_Full
0.2,block3_h36_seed13,"3-block, H=36",0,0.9205416968945463,0.9584352078239609,0.18946755464707138,0.9364303178484108,0.05134474327628362,0.012224938875305624,0.0,409,oracle_multicapacity
0.2,block3_h36_seed13,"3-block, H=36",0,0.854031831520168,0.8997555012224939,0.22861834851162816,0.4180929095354523,0.3960880195599022,0.18581907090464547,0.0,409,ridge_expected_utility
0.2,block3_h36_seed13,"3-block, H=36",0,0.8547921131926607,0.8997555012224939,0.22481694014916484,0.7188264058679706,0.10024449877750612,0.1784841075794621,0.0024449877750611247,409,rf_expected_utility
0.2,block3_h36_seed13,"3-block, H=36",0,0.8217097351139587,0.8875305623471883,0.3291041361661471,0.7579462102689487,0.0488997555012225,0.02444987775061125,0.1687041564792176,409,logreg_oracle_label
0.2,block3_h36_seed13,"3-block, H=36",0,0.8370716727886265,0.8924205378973105,0.2767443255434192,0.7017114914425427,0.13202933985330073,0.07579462102689487,0.09046454767726161,409,rf_oracle_label
0.2,block3_h36_seed13,"3-block, H=36",1,0.8160382546398602,0.8533007334963325,0.18631239428236,1.0,0.0,0.0,0.0,409,fixed_Tiny
0.2,block3_h36_seed13,"3-block, H=36",1,0.8106519619340523,0.8508557457212714,0.2010189189360956,0.0,1.0,0.0,0.0,409,fixed_Small
0.2,block3_h36_seed13,"3-block, H=36",1,0.8134481284082364,0.8899755501222494,0.38263710857006406,0.0,0.0,1.0,0.0,409,fixed_Medium
0.2,block3_h36_seed13,"3-block, H=36",1,0.6753056234718826,0.8753056234718827,1.0,0.0,0.0,0.0,1.0,409,fixed_Full
0.2,block3_h36_seed13,"3-block, H=36",1,0.8920229853949101,0.9315403422982885,0.19758678451689035,0.921760391198044,0.039119804400977995,0.034229828850855744,0.004889975550122249,409,oracle_multicapacity
0.2,block3_h36_seed13,"3-block, H=36",1,0.8406548649815606,0.8875305623471883,0.2343784868281378,0.38875305623471884,0.3960880195599022,0.21515892420537897,0.0,409,ridge_expected_utility
0.2,block3_h36_seed13,"3-block, H=36",1,0.8373373400348382,0.882640586797066,0.22651623381113825,0.7481662591687042,0.07579462102689487,0.1687041564792176,0.007334963325183374,409,rf_expected_utility
0.2,block3_h36_seed13,"3-block, H=36",1,0.8227635729959971,0.8948655256723717,0.3605097633818722,0.7114914425427873,0.07579462102689487,0.0,0.21271393643031786,409,logreg_oracle_label
0.2,block3_h36_seed13,"3-block, H=36",1,0.8123369878728263,0.8801955990220048,0.33929305574589247,0.687041564792176,0.10268948655256724,0.03178484107579462,0.1784841075794621,409,rf_oracle_label
0.2,block3_h36_seed13,"3-block, H=36",2,0.8429331201655326,0.8801955990220048,0.18631239428236,1.0,0.0,0.0,0.0,409,fixed_Tiny
0.2,block3_h36_seed13,"3-block, H=36",2,0.8179869252592357,0.8581907090464548,0.2010189189360956,0.0,1.0,0.0,0.0,409,fixed_Small
0.2,block3_h36_seed13,"3-block, H=36",2,0.8061131650830531,0.882640586797066,0.38263710857006406,0.0,0.0,1.0,0.0,409,fixed_Medium
0.2,block3_h36_seed13,"3-block, H=36",2,0.6606356968215159,0.8606356968215159,1.0,0.0,0.0,0.0,1.0,409,fixed_Full
0.2,block3_h36_seed13,"3-block, H=36",2,0.9116932728098712,0.9511002444987775,0.19703485844453048,0.9290953545232273,0.034229828850855744,0.03178484107579462,0.004889975550122249,409,oracle_multicapacity
0.2,block3_h36_seed13,"3-block, H=36",2,0.8315084593497541,0.8777506112469438,0.23121075948594683,0.4229828850855746,0.3765281173594132,0.20048899755501223,0.0,409,ridge_expected_utility
0.2,block3_h36_seed13,"3-block, H=36",2,0.8464901664594737,0.8899755501222494,0.217426918313877,0.726161369193154,0.12469437652811736,0.1491442542787286,0.0,409,rf_expected_utility
0.2,block3_h36_seed13,"3-block, H=36",2,0.8292295115950941,0.8948655256723717,0.3281800703863874,0.7603911980440098,0.05134474327628362,0.019559902200488997,0.1687041564792176,409,logreg_oracle_label
0.2,block3_h36_seed13,"3-block, H=36",2,0.8045578844668051,0.863080684596577,0.29261400064885884,0.7334963325183375,0.1100244498777506,0.03667481662591687,0.1198044009779951,409,rf_oracle_label
0.3,block3_h36_seed13,"3-block, H=36",0,0.8389718073876636,0.8948655256723717,0.18631239428236,1.0,0.0,0.0,0.0,409,fixed_Tiny
0.3,block3_h36_seed13,"3-block, H=36",0,0.8370048377666042,0.8973105134474327,0.2010189189360956,0.0,1.0,0.0,0.0,409,fixed_Small
0.3,block3_h36_seed13,"3-block, H=36",0,0.7482895520255578,0.863080684596577,0.38263710857006406,0.0,0.0,1.0,0.0,409,fixed_Medium
0.3,block3_h36_seed13,"3-block, H=36",0,0.5288508557457213,0.8288508557457213,1.0,0.0,0.0,0.0,1.0,409,fixed_Full
0.3,block3_h36_seed13,"3-block, H=36",0,0.9015949414298395,0.9584352078239609,0.18946755464707138,0.9364303178484108,0.05134474327628362,0.012224938875305624,0.0,409,oracle_multicapacity
0.3,block3_h36_seed13,"3-block, H=36",0,0.830186617836867,0.8973105134474327,0.22374631870188605,0.4474327628361858,0.39119804400978,0.16136919315403422,0.0,409,ridge_expected_utility
0.3,block3_h36_seed13,"3-block, H=36",0,0.8366051262210393,0.902200488997555,0.2186512092550523,0.7334963325183375,0.1100244498777506,0.15647921760391198,0.0,409,rf_expected_utility
0.3,block3_h36_seed13,"3-block, H=36",0,0.7887993214973441,0.8875305623471883,0.3291041361661471,0.7579462102689487,0.0488997555012225,0.02444987775061125,0.1687041564792176,409,logreg_oracle_label
0.3,block3_h36_seed13,"3-block, H=36",0,0.8093972402342847,0.8924205378973105,0.2767443255434192,0.7017114914425427,0.13202933985330073,0.07579462102689487,0.09046454767726161,409,rf_oracle_label
0.3,block3_h36_seed13,"3-block, H=36",1,0.7974070152116245,0.8533007334963325,0.18631239428236,1.0,0.0,0.0,0.0,409,fixed_Tiny
0.3,block3_h36_seed13,"3-block, H=36",1,0.7905500700404429,0.8508557457212714,0.2010189189360956,0.0,1.0,0.0,0.0,409,fixed_Small
0.3,block3_h36_seed13,"3-block, H=36",1,0.7751844175512301,0.8899755501222494,0.38263710857006406,0.0,0.0,1.0,0.0,409,fixed_Medium
0.3,block3_h36_seed13,"3-block, H=36",1,0.5753056234718827,0.8753056234718827,1.0,0.0,0.0,0.0,1.0,409,fixed_Full
0.3,block3_h36_seed13,"3-block, H=36",1,0.8722643069432215,0.9315403422982885,0.19758678451689035,0.921760391198044,0.039119804400977995,0.034229828850855744,0.004889975550122249,409,oracle_multicapacity
0.3,block3_h36_seed13,"3-block, H=36",1,0.8174217967688472,0.8850855745721271,0.22554592601093368,0.4156479217603912,0.4156479217603912,0.1687041564792176,0.0,409,ridge_expected_utility
0.3,block3_h36_seed13,"3-block, H=36",1,0.8250856473601559,0.8899755501222494,0.21629967587364488,0.7726161369193154,0.08068459657701711,0.1466992665036675,0.0,409,rf_expected_utility
0.3,block3_h36_seed13,"3-block, H=36",1,0.78671259665781,0.8948655256723717,0.3605097633818722,0.7114914425427873,0.07579462102689487,0.0,0.21271393643031786,409,logreg_oracle_label
0.3,block3_h36_seed13,"3-block, H=36",1,0.7784076822982372,0.8801955990220048,0.33929305574589247,0.687041564792176,0.10268948655256724,0.03178484107579462,0.1784841075794621,409,rf_oracle_label
0.3,block3_h36_seed13,"3-block, H=36",2,0.8243018807372968,0.8801955990220048,0.18631239428236,1.0,0.0,0.0,0.0,409,fixed_Tiny
0.3,block3_h36_seed13,"3-block, H=36",2,0.7978850333656262,0.8581907090464548,0.2010189189360956,0.0,1.0,0.0,0.0,409,fixed_Small
0.3,block3_h36_seed13,"3-block, H=36",2,0.7678494542260468,0.882640586797066,0.38263710857006406,0.0,0.0,1.0,0.0,409,fixed_Medium
0.3,block3_h36_seed13,"3-block, H=36",2,0.560635696821516,0.8606356968215159,1.0,0.0,0.0,0.0,1.0,409,fixed_Full
0.3,block3_h36_seed13,"3-block, H=36",2,0.8919897869654184,0.9511002444987775,0.19703485844453048,0.9290953545232273,0.034229828850855744,0.03178484107579462,0.004889975550122249,409,oracle_multicapacity
0.3,block3_h36_seed13,"3-block, H=36",2,0.805646672537831,0.8728606356968215,0.22404654386330178,0.4572127139364303,0.37897310513447435,0.16381418092909536,0.0,409,ridge_expected_utility
0.3,block3_h36_seed13,"3-block, H=36",2,0.8231557204186041,0.8875305623471883,0.21458280642861421,0.7383863080684596,0.1271393643031785,0.13447432762836187,0.0,409,rf_expected_utility
0.3,block3_h36_seed13,"3-block, H=36",2,0.7964115045564555,0.8948655256723717,0.3281800703863874,0.7603911980440098,0.05134474327628362,0.019559902200488997,0.1687041564792176,409,logreg_oracle_label
0.3,block3_h36_seed13,"3-block, H=36",2,0.7752964844019193,0.863080684596577,0.29261400064885884,0.7334963325183375,0.1100244498777506,0.03667481662591687,0.1198044009779951,409,rf_oracle_label
0.0,block3_h48_seed10,"3-block, H=48",0,0.8681592039800995,0.8681592039800995,0.18631239428236002,1.0,0.0,0.0,0.0,402,fixed_Tiny
0.0,block3_h48_seed10,"3-block, H=48",0,0.8532338308457711,0.8532338308457711,0.20101891893609564,0.0,1.0,0.0,0.0,402,fixed_Small
0.0,block3_h48_seed10,"3-block, H=48",0,0.8830845771144279,0.8830845771144279,0.382637108570064,0.0,0.0,1.0,0.0,402,fixed_Medium
0.0,block3_h48_seed10,"3-block, H=48",0,0.8407960199004975,0.8407960199004975,1.0,0.0,0.0,0.0,1.0,402,fixed_Full
0.0,block3_h48_seed10,"3-block, H=48",0,0.9527363184079602,0.9527363184079602,0.20119914628533558,0.9154228855721394,0.03482587064676617,0.04228855721393035,0.007462686567164179,402,oracle_multicapacity
0.0,block3_h48_seed10,"3-block, H=48",0,0.9228855721393034,0.9228855721393034,0.24761813354474455,0.7388059701492538,0.012437810945273632,0.22885572139303484,0.01990049751243781,402,ridge_expected_utility
0.0,block3_h48_seed10,"3-block, H=48",0,0.9054726368159204,0.9054726368159204,0.2959369577521864,0.6965174129353234,0.07960199004975124,0.11940298507462686,0.1044776119402985,402,rf_expected_utility
0.0,block3_h48_seed10,"3-block, H=48",0,0.9029850746268657,0.9029850746268657,0.22616466573201086,0.753731343283582,0.11442786069651742,0.11194029850746269,0.01990049751243781,402,logreg_oracle_label
0.0,block3_h48_seed10,"3-block, H=48",0,0.8955223880597015,0.8955223880597015,0.2168124244114642,0.7139303482587065,0.16666666666666666,0.11194029850746269,0.007462686567164179,402,rf_oracle_label
0.0,block3_h48_seed10,"3-block, H=48",1,0.8308457711442786,0.8308457711442786,0.18631239428236002,1.0,0.0,0.0,0.0,402,fixed_Tiny
0.0,block3_h48_seed10,"3-block, H=48",1,0.8855721393034826,0.8855721393034826,0.20101891893609564,0.0,1.0,0.0,0.0,402,fixed_Small
0.0,block3_h48_seed10,"3-block, H=48",1,0.8855721393034826,0.8855721393034826,0.382637108570064,0.0,0.0,1.0,0.0,402,fixed_Medium
0.0,block3_h48_seed10,"3-block, H=48",1,0.900497512437811,0.900497512437811,1.0,0.0,0.0,0.0,1.0,402,fixed_Full
0.0,block3_h48_seed10,"3-block, H=48",1,0.9477611940298507,0.9477611940298507,0.20754622717864993,0.8830845771144279,0.07711442786069651,0.01990049751243781,0.01990049751243781,402,oracle_multicapacity
0.0,block3_h48_seed10,"3-block, H=48",1,0.8930348258706468,0.8930348258706468,0.25561242148288205,0.6990049751243781,0.01990049751243781,0.25870646766169153,0.022388059701492536,402,ridge_expected_utility
0.0,block3_h48_seed10,"3-block, H=48",1,0.8955223880597015,0.8955223880597015,0.29071886606977876,0.6766169154228856,0.1044776119402985,0.12189054726368159,0.09701492537313433,402,rf_expected_utility
0.0,block3_h48_seed10,"3-block, H=48",1,0.8955223880597015,0.8955223880597015,0.23558320379661837,0.7213930348258707,0.15671641791044777,0.0845771144278607,0.03731343283582089,402,logreg_oracle_label
0.0,block3_h48_seed10,"3-block, H=48",1,0.8955223880597015,0.8955223880597015,0.21978177543415228,0.6840796019900498,0.17412935323383086,0.13681592039800994,0.004975124378109453,402,rf_oracle_label
0.0,block3_h48_seed10,"3-block, H=48",2,0.8606965174129353,0.8606965174129353,0.18631239428236002,1.0,0.0,0.0,0.0,402,fixed_Tiny
0.0,block3_h48_seed10,"3-block, H=48",2,0.8631840796019901,0.8631840796019901,0.20101891893609564,0.0,1.0,0.0,0.0,402,fixed_Small
0.0,block3_h48_seed10,"3-block, H=48",2,0.8830845771144279,0.8830845771144279,0.382637108570064,0.0,0.0,1.0,0.0,402,fixed_Medium
0.0,block3_h48_seed10,"3-block, H=48",2,0.8756218905472637,0.8756218905472637,1.0,0.0,0.0,0.0,1.0,402,fixed_Full
0.0,block3_h48_seed10,"3-block, H=48",2,0.9477611940298507,0.9477611940298507,0.20403576927142433,0.9129353233830846,0.0472636815920398,0.024875621890547265,0.014925373134328358,402,oracle_multicapacity
0.0,block3_h48_seed10,"3-block, H=48",2,0.9154228855721394,0.9154228855721394,0.24723696578089588,0.746268656716418,0.014925373134328358,0.21641791044776118,0.022388059701492536,402,ridge_expected_utility
0.0,block3_h48_seed10,"3-block, H=48",2,0.9079601990049752,0.9079601990049752,0.3122522819151005,0.6990049751243781,0.05472636815920398,0.12189054726368159,0.12437810945273632,402,rf_expected_utility
0.0,block3_h48_seed10,"3-block, H=48",2,0.8980099502487562,0.8980099502487562,0.22424776938251562,0.7611940298507462,0.11691542288557213,0.10199004975124377,0.01990049751243781,402,logreg_oracle_label
0.0,block3_h48_seed10,"3-block, H=48",2,0.8880597014925373,0.8880597014925373,0.21111874859846314,0.7263681592039801,0.15920398009950248,0.11442786069651742,0.0,402,rf_oracle_label
0.01,block3_h48_seed10,"3-block, H=48",0,0.8662960800372758,0.8681592039800995,0.18631239428236002,1.0,0.0,0.0,0.0,402,fixed_Tiny
0.01,block3_h48_seed10,"3-block, H=48",0,0.85122364165641,0.8532338308457711,0.20101891893609564,0.0,1.0,0.0,0.0,402,fixed_Small
0.01,block3_h48_seed10,"3-block, H=48",0,0.8792582060287273,0.8830845771144279,0.382637108570064,0.0,0.0,1.0,0.0,402,fixed_Medium
0.01,block3_h48_seed10,"3-block, H=48",0,0.8307960199004976,0.8407960199004975,1.0,0.0,0.0,0.0,1.0,402,fixed_Full
0.01,block3_h48_seed10,"3-block, H=48",0,0.9507243269451068,0.9527363184079602,0.20119914628533558,0.9154228855721394,0.03482587064676617,0.04228855721393035,0.007462686567164179,402,oracle_multicapacity
0.01,block3_h48_seed10,"3-block, H=48",0,0.923027800468986,0.9253731343283582,0.23453338593721337,0.7562189054726368,0.014925373134328358,0.22388059701492538,0.004975124378109453,402,ridge_expected_utility
0.01,block3_h48_seed10,"3-block, H=48",0,0.9003949010024896,0.9029850746268657,0.2590173624375979,0.7313432835820896,0.0845771144278607,0.12686567164179105,0.05721393034825871,402,rf_expected_utility
0.01,block3_h48_seed10,"3-block, H=48",0,0.9007234279695455,0.9029850746268657,0.22616466573201086,0.753731343283582,0.11442786069651742,0.11194029850746269,0.01990049751243781,402,logreg_oracle_label
0.01,block3_h48_seed10,"3-block, H=48",0,0.8933542638155867,0.8955223880597015,0.2168124244114642,0.7139303482587065,0.16666666666666666,0.11194029850746269,0.007462686567164179,402,rf_oracle_label
0.01,block3_h48_seed10,"3-block, H=48",1,0.8289826472014549,0.8308457711442786,0.18631239428236002,1.0,0.0,0.0,0.0,402,fixed_Tiny
0.01,block3_h48_seed10,"3-block, H=48",1,0.8835619501141214,0.8855721393034826,0.20101891893609564,0.0,1.0,0.0,0.0,402,fixed_Small
0.01,block3_h48_seed10,"3-block, H=48",1,0.8817457682177819,0.8855721393034826,0.382637108570064,0.0,0.0,1.0,0.0,402,fixed_Medium
0.01,block3_h48_seed10,"3-block, H=48",1,0.890497512437811,0.900497512437811,1.0,0.0,0.0,0.0,1.0,402,fixed_Full
0.01,block3_h48_seed10,"3-block, H=48",1,0.9456857317580641,0.9477611940298507,0.20754622717864993,0.8830845771144279,0.07711442786069651,0.01990049751243781,0.01990049751243781,402,oracle_multicapacity
0.01,block3_h48_seed10,"3-block, H=48",1,0.8906105956734972,0.8930348258706468,0.24242301971495314,0.6990049751243781,0.024875621890547265,0.2736318407960199,0.0024875621890547263,402,ridge_expected_utility
0.01,block3_h48_seed10,"3-block, H=48",1,0.8927763956128452,0.8955223880597015,0.2745992446856155,0.6915422885572139,0.10945273631840796,0.12189054726368159,0.07711442786069651,402,rf_expected_utility
0.01,block3_h48_seed10,"3-block, H=48",1,0.8931665560217352,0.8955223880597015,0.23558320379661837,0.7213930348258707,0.15671641791044777,0.0845771144278607,0.03731343283582089,402,logreg_oracle_label
0.01,block3_h48_seed10,"3-block, H=48",1,0.8933245703053598,0.8955223880597015,0.21978177543415228,0.6840796019900498,0.17412935323383086,0.13681592039800994,0.004975124378109453,402,rf_oracle_label
0.01,block3_h48_seed10,"3-block, H=48",2,0.8588333934701117,0.8606965174129353,0.18631239428236002,1.0,0.0,0.0,0.0,402,fixed_Tiny
0.01,block3_h48_seed10,"3-block, H=48",2,0.8611738904126288,0.8631840796019901,0.20101891893609564,0.0,1.0,0.0,0.0,402,fixed_Small
0.01,block3_h48_seed10,"3-block, H=48",2,0.8792582060287273,0.8830845771144279,0.382637108570064,0.0,0.0,1.0,0.0,402,fixed_Medium
0.01,block3_h48_seed10,"3-block, H=48",2,0.8656218905472637,0.8756218905472637,1.0,0.0,0.0,0.0,1.0,402,fixed_Full
0.01,block3_h48_seed10,"3-block, H=48",2,0.9457208363371364,0.9477611940298507,0.20403576927142433,0.9129353233830846,0.0472636815920398,0.024875621890547265,0.014925373134328358,402,oracle_multicapacity
0.01,block3_h48_seed10,"3-block, H=48",2,0.9130708643237916,0.9154228855721394,0.23520212483476494,0.753731343283582,0.022388059701492536,0.21641791044776118,0.007462686567164179,402,ridge_expected_utility
0.01,block3_h48_seed10,"3-block, H=48",2,0.9051161407993819,0.9079601990049752,0.28440582055933283,0.7189054726368159,0.05970149253731343,0.13432835820895522,0.08706467661691543,402,rf_expected_utility
0.01,block3_h48_seed10,"3-block, H=48",2,0.8957674725549308,0.8980099502487562,0.22424776938251562,0.7611940298507462,0.11691542288557213,0.10199004975124377,0.01990049751243781,402,logreg_oracle_label
0.01,block3_h48_seed10,"3-block, H=48",2,0.8859485140065527,0.8880597014925373,0.21111874859846314,0.7263681592039801,0.15920398009950248,0.11442786069651742,0.0,402,rf_oracle_label
0.02,block3_h48_seed10,"3-block, H=48",0,0.8644329560944524,0.8681592039800995,0.18631239428236002,1.0,0.0,0.0,0.0,402,fixed_Tiny
0.02,block3_h48_seed10,"3-block, H=48",0,0.8492134524670489,0.8532338308457711,0.20101891893609564,0.0,1.0,0.0,0.0,402,fixed_Small
0.02,block3_h48_seed10,"3-block, H=48",0,0.8754318349430266,0.8830845771144279,0.382637108570064,0.0,0.0,1.0,0.0,402,fixed_Medium
0.02,block3_h48_seed10,"3-block, H=48",0,0.8207960199004976,0.8407960199004975,1.0,0.0,0.0,0.0,1.0,402,fixed_Full
0.02,block3_h48_seed10,"3-block, H=48",0,0.9487123354822535,0.9527363184079602,0.20119914628533558,0.9154228855721394,0.03482587064676617,0.04228855721393035,0.007462686567164179,402,oracle_multicapacity
0.02,block3_h48_seed10,"3-block, H=48",0,0.9207829653479229,0.9253731343283582,0.2295084490217639,0.7661691542288557,0.014925373134328358,0.21890547263681592,0.0,402,ridge_expected_utility
0.02,block3_h48_seed10,"3-block, H=48",0,0.898088832839043,0.9029850746268657,0.2448120893911372,0.7512437810945274,0.08208955223880597,0.12686567164179105,0.03980099502487562,402,rf_expected_utility
0.02,block3_h48_seed10,"3-block, H=48",0,0.8984617813122254,0.9029850746268657,0.22616466573201086,0.753731343283582,0.11442786069651742,0.11194029850746269,0.01990049751243781,402,logreg_oracle_label
0.02,block3_h48_seed10,"3-block, H=48",0,0.8911861395714723,0.8955223880597015,0.2168124244114642,0.7139303482587065,0.16666666666666666,0.11194029850746269,0.007462686567164179,402,rf_oracle_label
0.02,block3_h48_seed10,"3-block, H=48",1,0.8271195232586314,0.8308457711442786,0.18631239428236002,1.0,0.0,0.0,0.0,402,fixed_Tiny
0.02,block3_h48_seed10,"3-block, H=48",1,0.8815517609247604,0.8855721393034826,0.20101891893609564,0.0,1.0,0.0,0.0,402,fixed_Small
0.02,block3_h48_seed10,"3-block, H=48",1,0.8779193971320813,0.8855721393034826,0.382637108570064,0.0,0.0,1.0,0.0,402,fixed_Medium
0.02,block3_h48_seed10,"3-block, H=48",1,0.880497512437811,0.900497512437811,1.0,0.0,0.0,0.0,1.0,402,fixed_Full
0.02,block3_h48_seed10,"3-block, H=48",1,0.9436102694862777,0.9477611940298507,0.20754622717864993,0.8830845771144279,0.07711442786069651,0.01990049751243781,0.01990049751243781,402,oracle_multicapacity
0.02,block3_h48_seed10,"3-block, H=48",1,0.8907332127653843,0.8955223880597015,0.23945876471585037,0.7039800995024875,0.02736318407960199,0.26865671641791045,0.0,402,ridge_expected_utility
0.02,block3_h48_seed10,"3-block, H=48",1,0.8902027791541023,0.8955223880597015,0.26598044527996534,0.6940298507462687,0.11194029850746269,0.12935323383084577,0.06467661691542288,402,rf_expected_utility
0.02,block3_h48_seed10,"3-block, H=48",1,0.8908107239837693,0.8955223880597015,0.23558320379661837,0.7213930348258707,0.15671641791044777,0.0845771144278607,0.03731343283582089,402,logreg_oracle_label
0.02,block3_h48_seed10,"3-block, H=48",1,0.8911267525510186,0.8955223880597015,0.21978177543415228,0.6840796019900498,0.17412935323383086,0.13681592039800994,0.004975124378109453,402,rf_oracle_label
0.02,block3_h48_seed10,"3-block, H=48",2,0.8569702695272883,0.8606965174129353,0.18631239428236002,1.0,0.0,0.0,0.0,402,fixed_Tiny
0.02,block3_h48_seed10,"3-block, H=48",2,0.8591637012232679,0.8631840796019901,0.20101891893609564,0.0,1.0,0.0,0.0,402,fixed_Small
0.02,block3_h48_seed10,"3-block, H=48",2,0.8754318349430266,0.8830845771144279,0.382637108570064,0.0,0.0,1.0,0.0,402,fixed_Medium
0.02,block3_h48_seed10,"3-block, H=48",2,0.8556218905472638,0.8756218905472637,1.0,0.0,0.0,0.0,1.0,402,fixed_Full
0.02,block3_h48_seed10,"3-block, H=48",2,0.9436804786444223,0.9477611940298507,0.20403576927142433,0.9129353233830846,0.0472636815920398,0.024875621890547265,0.014925373134328358,402,oracle_multicapacity
0.02,block3_h48_seed10,"3-block, H=48",2,0.908351263461904,0.9129353233830846,0.22920299605903,0.7562189054726368,0.02736318407960199,0.21641791044776118,0.0,402,ridge_expected_utility
0.02,block3_h48_seed10,"3-block, H=48",2,0.9052649122652536,0.9104477611940298,0.2591424464388193,0.7412935323383084,0.06467661691542288,0.13930348258706468,0.05472636815920398,402,rf_expected_utility
0.02,block3_h48_seed10,"3-block, H=48",2,0.8935249948611059,0.8980099502487562,0.22424776938251562,0.7611940298507462,0.11691542288557213,0.10199004975124377,0.01990049751243781,402,logreg_oracle_label
0.02,block3_h48_seed10,"3-block, H=48",2,0.883837326520568,0.8880597014925373,0.21111874859846314,0.7263681592039801,0.15920398009950248,0.11442786069651742,0.0,402,rf_oracle_label
0.05,block3_h48_seed10,"3-block, H=48",0,0.8588435842659816,0.8681592039800995,0.18631239428236002,1.0,0.0,0.0,0.0,402,fixed_Tiny
0.05,block3_h48_seed10,"3-block, H=48",0,0.8431828848989663,0.8532338308457711,0.20101891893609564,0.0,1.0,0.0,0.0,402,fixed_Small
0.05,block3_h48_seed10,"3-block, H=48",0,0.8639527216859249,0.8830845771144279,0.382637108570064,0.0,0.0,1.0,0.0,402,fixed_Medium
0.05,block3_h48_seed10,"3-block, H=48",0,0.7907960199004974,0.8407960199004975,1.0,0.0,0.0,0.0,1.0,402,fixed_Full
0.05,block3_h48_seed10,"3-block, H=48",0,0.9426763610936936,0.9527363184079602,0.20119914628533558,0.9154228855721394,0.03482587064676617,0.04228855721393035,0.007462686567164179,402,oracle_multicapacity
0.05,block3_h48_seed10,"3-block, H=48",0,0.9141119908392885,0.9253731343283582,0.2252228697813954,0.7810945273631841,0.022388059701492536,0.19651741293532338,0.0,402,ridge_expected_utility
0.05,block3_h48_seed10,"3-block, H=48",0,0.8865753268484077,0.8980099502487562,0.22869246800697388,0.7661691542288557,0.08706467661691543,0.12686567164179105,0.01990049751243781,402,rf_expected_utility
0.05,block3_h48_seed10,"3-block, H=48",0,0.8916768413402653,0.9029850746268657,0.22616466573201086,0.753731343283582,0.11442786069651742,0.11194029850746269,0.01990049751243781,402,logreg_oracle_label
0.05,block3_h48_seed10,"3-block, H=48",0,0.8846817668391284,0.8955223880597015,0.2168124244114642,0.7139303482587065,0.16666666666666666,0.11194029850746269,0.007462686567164179,402,rf_oracle_label
0.05,block3_h48_seed10,"3-block, H=48",1,0.8215301514301607,0.8308457711442786,0.18631239428236002,1.0,0.0,0.0,0.0,402,fixed_Tiny
0.05,block3_h48_seed10,"3-block, H=48",1,0.8755211933566778,0.8855721393034826,0.20101891893609564,0.0,1.0,0.0,0.0,402,fixed_Small
0.05,block3_h48_seed10,"3-block, H=48",1,0.8664402838749796,0.8855721393034826,0.382637108570064,0.0,0.0,1.0,0.0,402,fixed_Medium
0.05,block3_h48_seed10,"3-block, H=48",1,0.8504975124378109,0.900497512437811,1.0,0.0,0.0,0.0,1.0,402,fixed_Full
0.05,block3_h48_seed10,"3-block, H=48",1,0.9373838826709184,0.9477611940298507,0.20754622717864993,0.8830845771144279,0.07711442786069651,0.01990049751243781,0.01990049751243781,402,oracle_multicapacity
0.05,block3_h48_seed10,"3-block, H=48",1,0.8836941316349878,0.8955223880597015,0.23656512849427702,0.7164179104477612,0.029850746268656716,0.2537313432835821,0.0,402,ridge_expected_utility
0.05,block3_h48_seed10,"3-block, H=48",1,0.8806321419841324,0.8930348258706468,0.24805367773028994,0.7089552238805971,0.12686567164179105,0.11940298507462686,0.04477611940298507,402,rf_expected_utility
0.05,block3_h48_seed10,"3-block, H=48",1,0.8837432278698707,0.8955223880597015,0.23558320379661837,0.7213930348258707,0.15671641791044777,0.0845771144278607,0.03731343283582089,402,logreg_oracle_label
0.05,block3_h48_seed10,"3-block, H=48",1,0.884533299287994,0.8955223880597015,0.21978177543415228,0.6840796019900498,0.17412935323383086,0.13681592039800994,0.004975124378109453,402,rf_oracle_label
0.05,block3_h48_seed10,"3-block, H=48",2,0.8513808976988174,0.8606965174129353,0.18631239428236002,1.0,0.0,0.0,0.0,402,fixed_Tiny
0.05,block3_h48_seed10,"3-block, H=48",2,0.8531331336551852,0.8631840796019901,0.20101891893609564,0.0,1.0,0.0,0.0,402,fixed_Small
0.05,block3_h48_seed10,"3-block, H=48",2,0.8639527216859249,0.8830845771144279,0.382637108570064,0.0,0.0,1.0,0.0,402,fixed_Medium
0.05,block3_h48_seed10,"3-block, H=48",2,0.8256218905472636,0.8756218905472637,1.0,0.0,0.0,0.0,1.0,402,fixed_Full
0.05,block3_h48_seed10,"3-block, H=48",2,0.9375594055662797,0.9477611940298507,0.20403576927142433,0.9129353233830846,0.0472636815920398,0.024875621890547265,0.014925373134328358,402,oracle_multicapacity
0.05,block3_h48_seed10,"3-block, H=48",2,0.9016198553912118,0.9129353233830846,0.22630935983745668,0.7686567164179104,0.029850746268656716,0.20149253731343283,0.0,402,ridge_expected_utility
0.05,block3_h48_seed10,"3-block, H=48",2,0.8910236664387599,0.9029850746268657,0.2392281637621192,0.7562189054726368,0.08208955223880597,0.12935323383084577,0.03233830845771144,402,rf_expected_utility
0.05,block3_h48_seed10,"3-block, H=48",2,0.8867975617796305,0.8980099502487562,0.22424776938251562,0.7611940298507462,0.11691542288557213,0.10199004975124377,0.01990049751243781,402,logreg_oracle_label
0.05,block3_h48_seed10,"3-block, H=48",2,0.8775037640626141,0.8880597014925373,0.21111874859846314,0.7263681592039801,0.15920398009950248,0.11442786069651742,0.0,402,rf_oracle_label
0.1,block3_h48_seed10,"3-block, H=48",0,0.8495279645518633,0.8681592039800995,0.18631239428236002,1.0,0.0,0.0,0.0,402,fixed_Tiny
0.1,block3_h48_seed10,"3-block, H=48",0,0.8331319389521614,0.8532338308457711,0.20101891893609564,0.0,1.0,0.0,0.0,402,fixed_Small
0.1,block3_h48_seed10,"3-block, H=48",0,0.8448208662574214,0.8830845771144279,0.382637108570064,0.0,0.0,1.0,0.0,402,fixed_Medium
0.1,block3_h48_seed10,"3-block, H=48",0,0.7407960199004977,0.8407960199004975,1.0,0.0,0.0,0.0,1.0,402,fixed_Full
0.1,block3_h48_seed10,"3-block, H=48",0,0.9326164037794266,0.9527363184079602,0.20119914628533558,0.9154228855721394,0.03482587064676617,0.04228855721393035,0.007462686567164179,402,oracle_multicapacity
0.1,block3_h48_seed10,"3-block, H=48",0,0.903140210972376,0.9253731343283582,0.22232923355982206,0.7935323383084577,0.024875621890547265,0.18159203980099503,0.0,402,ridge_expected_utility
0.1,block3_h48_seed10,"3-block, H=48",0,0.8763896209979889,0.8980099502487562,0.21620329250767223,0.7860696517412935,0.09203980099502487,0.11442786069651742,0.007462686567164179,402,rf_expected_utility
0.1,block3_h48_seed10,"3-block, H=48",0,0.8803686080536646,0.9029850746268657,0.22616466573201086,0.753731343283582,0.11442786069651742,0.11194029850746269,0.01990049751243781,402,logreg_oracle_label
0.1,block3_h48_seed10,"3-block, H=48",0,0.8738411456185549,0.8955223880597015,0.2168124244114642,0.7139303482587065,0.16666666666666666,0.11194029850746269,0.007462686567164179,402,rf_oracle_label
0.1,block3_h48_seed10,"3-block, H=48",1,0.8122145317160424,0.8308457711442786,0.18631239428236002,1.0,0.0,0.0,0.0,402,fixed_Tiny
0.1,block3_h48_seed10,"3-block, H=48",1,0.8654702474098729,0.8855721393034826,0.20101891893609564,0.0,1.0,0.0,0.0,402,fixed_Small
0.1,block3_h48_seed10,"3-block, H=48",1,0.847308428446476,0.8855721393034826,0.382637108570064,0.0,0.0,1.0,0.0,402,fixed_Medium
0.1,block3_h48_seed10,"3-block, H=48",1,0.8004975124378111,0.900497512437811,1.0,0.0,0.0,0.0,1.0,402,fixed_Full
0.1,block3_h48_seed10,"3-block, H=48",1,0.9270065713119855,0.9477611940298507,0.20754622717864993,0.8830845771144279,0.07711442786069651,0.01990049751243781,0.01990049751243781,402,oracle_multicapacity
0.1,block3_h48_seed10,"3-block, H=48",1,0.8773818648574923,0.900497512437811,0.23115647580318624,0.746268656716418,0.02736318407960199,0.2263681592039801,0.0,402,ridge_expected_utility
0.1,block3_h48_seed10,"3-block, H=48",1,0.8647197848771128,0.8880597014925373,0.2333991661542438,0.7164179104477612,0.1318407960199005,0.12686567164179105,0.024875621890547265,402,rf_expected_utility
0.1,block3_h48_seed10,"3-block, H=48",1,0.8719640676800395,0.8955223880597015,0.23558320379661837,0.7213930348258707,0.15671641791044777,0.0845771144278607,0.03731343283582089,402,logreg_oracle_label
0.1,block3_h48_seed10,"3-block, H=48",1,0.8735442105162862,0.8955223880597015,0.21978177543415228,0.6840796019900498,0.17412935323383086,0.13681592039800994,0.004975124378109453,402,rf_oracle_label
0.1,block3_h48_seed10,"3-block, H=48",2,0.8420652779846991,0.8606965174129353,0.18631239428236002,1.0,0.0,0.0,0.0,402,fixed_Tiny
0.1,block3_h48_seed10,"3-block, H=48",2,0.8430821877083804,0.8631840796019901,0.20101891893609564,0.0,1.0,0.0,0.0,402,fixed_Small
0.1,block3_h48_seed10,"3-block, H=48",2,0.8448208662574214,0.8830845771144279,0.382637108570064,0.0,0.0,1.0,0.0,402,fixed_Medium
0.1,block3_h48_seed10,"3-block, H=48",2,0.7756218905472638,0.8756218905472637,1.0,0.0,0.0,0.0,1.0,402,fixed_Full
0.1,block3_h48_seed10,"3-block, H=48",2,0.9273576171027081,0.9477611940298507,0.20403576927142433,0.9129353233830846,0.0472636815920398,0.024875621890547265,0.014925373134328358,402,oracle_multicapacity
0.1,block3_h48_seed10,"3-block, H=48",2,0.8929872975628091,0.9154228855721394,0.2243558800933004,0.7786069651741293,0.029850746268656716,0.19154228855721392,0.0,402,ridge_expected_utility
0.1,block3_h48_seed10,"3-block, H=48",2,0.8732044719441527,0.8955223880597015,0.22317916115548533,0.7786069651741293,0.08706467661691543,0.11940298507462686,0.014925373134328358,402,rf_expected_utility
0.1,block3_h48_seed10,"3-block, H=48",2,0.8755851733105044,0.8980099502487562,0.22424776938251562,0.7611940298507462,0.11691542288557213,0.10199004975124377,0.01990049751243781,402,logreg_oracle_label
0.1,block3_h48_seed10,"3-block, H=48",2,0.8669478266326909,0.8880597014925373,0.21111874859846314,0.7263681592039801,0.15920398009950248,0.11442786069651742,0.0,402,rf_oracle_label
0.15,block3_h48_seed10,"3-block, H=48",0,0.8402123448377457,0.8681592039800995,0.18631239428236002,1.0,0.0,0.0,0.0,402,fixed_Tiny
0.15,block3_h48_seed10,"3-block, H=48",0,0.8230809930053568,0.8532338308457711,0.20101891893609564,0.0,1.0,0.0,0.0,402,fixed_Small
0.15,block3_h48_seed10,"3-block, H=48",0,0.8256890108289185,0.8830845771144279,0.382637108570064,0.0,0.0,1.0,0.0,402,fixed_Medium
0.15,block3_h48_seed10,"3-block, H=48",0,0.6907960199004973,0.8407960199004975,1.0,0.0,0.0,0.0,1.0,402,fixed_Full
0.15,block3_h48_seed10,"3-block, H=48",0,0.9225564464651599,0.9527363184079602,0.20119914628533558,0.9154228855721394,0.03482587064676617,0.04228855721393035,0.007462686567164179,402,oracle_multicapacity
0.15,block3_h48_seed10,"3-block, H=48",0,0.8925365377272261,0.9253731343283582,0.21891064400754862,0.8109452736318408,0.024875621890547265,0.16417910447761194,0.0,402,ridge_expected_utility
0.15,block3_h48_seed10,"3-block, H=48",0,0.8665580686885707,0.8980099502487562,0.2096792104012372,0.7935323383084577,0.0945273631840796,0.11194029850746269,0.0,402,rf_expected_utility
0.15,block3_h48_seed10,"3-block, H=48",0,0.8690603747670641,0.9029850746268657,0.22616466573201086,0.753731343283582,0.11442786069651742,0.11194029850746269,0.01990049751243781,402,logreg_oracle_label
0.15,block3_h48_seed10,"3-block, H=48",0,0.8630005243979819,0.8955223880597015,0.2168124244114642,0.7139303482587065,0.16666666666666666,0.11194029850746269,0.007462686567164179,402,rf_oracle_label
0.15,block3_h48_seed10,"3-block, H=48",1,0.8028989120019246,0.8308457711442786,0.18631239428236002,1.0,0.0,0.0,0.0,402,fixed_Tiny
0.15,block3_h48_seed10,"3-block, H=48",1,0.8554193014630682,0.8855721393034826,0.20101891893609564,0.0,1.0,0.0,0.0,402,fixed_Small
0.15,block3_h48_seed10,"3-block, H=48",1,0.8281765730179731,0.8855721393034826,0.382637108570064,0.0,0.0,1.0,0.0,402,fixed_Medium
0.15,block3_h48_seed10,"3-block, H=48",1,0.7504975124378108,0.900497512437811,1.0,0.0,0.0,0.0,1.0,402,fixed_Full
0.15,block3_h48_seed10,"3-block, H=48",1,0.9166292599530533,0.9477611940298507,0.20754622717864993,0.8830845771144279,0.07711442786069651,0.01990049751243781,0.01990049751243781,402,oracle_multicapacity
0.15,block3_h48_seed10,"3-block, H=48",1,0.871322928896682,0.9054726368159204,0.22766471946159073,0.7686567164179104,0.022388059701492536,0.208955223880597,0.0,402,ridge_expected_utility
0.15,block3_h48_seed10,"3-block, H=48",1,0.8619819638485746,0.8955223880597015,0.22360282807417944,0.7313432835820896,0.14427860696517414,0.10696517412935323,0.017412935323383085,402,rf_expected_utility
0.15,block3_h48_seed10,"3-block, H=48",1,0.8601849074902087,0.8955223880597015,0.23558320379661837,0.7213930348258707,0.15671641791044777,0.0845771144278607,0.03731343283582089,402,logreg_oracle_label
0.15,block3_h48_seed10,"3-block, H=48",1,0.8625551217445787,0.8955223880597015,0.21978177543415228,0.6840796019900498,0.17412935323383086,0.13681592039800994,0.004975124378109453,402,rf_oracle_label
0.15,block3_h48_seed10,"3-block, H=48",2,0.8327496582705814,0.8606965174129353,0.18631239428236002,1.0,0.0,0.0,0.0,402,fixed_Tiny
0.15,block3_h48_seed10,"3-block, H=48",2,0.8330312417615756,0.8631840796019901,0.20101891893609564,0.0,1.0,0.0,0.0,402,fixed_Small
0.15,block3_h48_seed10,"3-block, H=48",2,0.8256890108289183,0.8830845771144279,0.382637108570064,0.0,0.0,1.0,0.0,402,fixed_Medium
0.15,block3_h48_seed10,"3-block, H=48",2,0.7256218905472636,0.8756218905472637,1.0,0.0,0.0,0.0,1.0,402,fixed_Full
0.15,block3_h48_seed10,"3-block, H=48",2,0.9171558286391371,0.9477611940298507,0.20403576927142433,0.9129353233830846,0.0472636815920398,0.024875621890547265,0.014925373134328358,402,oracle_multicapacity
0.15,block3_h48_seed10,"3-block, H=48",2,0.8871054178790839,0.9203980099502488,0.2219506138077661,0.7885572139303483,0.03233830845771144,0.1791044776119403,0.0,402,ridge_expected_utility
0.15,block3_h48_seed10,"3-block, H=48",2,0.8605255889948911,0.8930348258706468,0.21672824583837236,0.7810945273631841,0.0945273631840796,0.11691542288557213,0.007462686567164179,402,rf_expected_utility
0.15,block3_h48_seed10,"3-block, H=48",2,0.864372784841379,0.8980099502487562,0.22424776938251562,0.7611940298507462,0.11691542288557213,0.10199004975124377,0.01990049751243781,402,logreg_oracle_label
0.15,block3_h48_seed10,"3-block, H=48",2,0.856391889202768,0.8880597014925373,0.21111874859846314,0.7263681592039801,0.15920398009950248,0.11442786069651742,0.0,402,rf_oracle_label
0.2,block3_h48_seed10,"3-block, H=48",0,0.8308967251236271,0.8681592039800995,0.18631239428236002,1.0,0.0,0.0,0.0,402,fixed_Tiny
0.2,block3_h48_seed10,"3-block, H=48",0,0.8130300470585521,0.8532338308457711,0.20101891893609564,0.0,1.0,0.0,0.0,402,fixed_Small
0.2,block3_h48_seed10,"3-block, H=48",0,0.806557155400415,0.8830845771144279,0.382637108570064,0.0,0.0,1.0,0.0,402,fixed_Medium
0.2,block3_h48_seed10,"3-block, H=48",0,0.6407960199004974,0.8407960199004975,1.0,0.0,0.0,0.0,1.0,402,fixed_Full
0.2,block3_h48_seed10,"3-block, H=48",0,0.9124964891508929,0.9527363184079602,0.20119914628533558,0.9154228855721394,0.03482587064676617,0.04228855721393035,0.007462686567164179,402,oracle_multicapacity
0.2,block3_h48_seed10,"3-block, H=48",0,0.8822600900794386,0.9253731343283582,0.2155652212445972,0.8233830845771144,0.029850746268656716,0.14676616915422885,0.0,402,ridge_expected_utility
0.2,block3_h48_seed10,"3-block, H=48",0,0.8565551614256155,0.8980099502487562,0.20727394411570293,0.8034825870646766,0.09701492537313433,0.09950248756218906,0.0,402,rf_expected_utility
0.2,block3_h48_seed10,"3-block, H=48",0,0.8577521414804633,0.9029850746268657,0.22616466573201086,0.753731343283582,0.11442786069651742,0.11194029850746269,0.01990049751243781,402,logreg_oracle_label
0.2,block3_h48_seed10,"3-block, H=48",0,0.8521599031774084,0.8955223880597015,0.2168124244114642,0.7139303482587065,0.16666666666666666,0.11194029850746269,0.007462686567164179,402,rf_oracle_label
0.2,block3_h48_seed10,"3-block, H=48",1,0.7935832922878062,0.8308457711442786,0.18631239428236002,1.0,0.0,0.0,0.0,402,fixed_Tiny
0.2,block3_h48_seed10,"3-block, H=48",1,0.8453683555162633,0.8855721393034826,0.20101891893609564,0.0,1.0,0.0,0.0,402,fixed_Small
0.2,block3_h48_seed10,"3-block, H=48",1,0.8090447175894697,0.8855721393034826,0.382637108570064,0.0,0.0,1.0,0.0,402,fixed_Medium
0.2,block3_h48_seed10,"3-block, H=48",1,0.7004975124378109,0.900497512437811,1.0,0.0,0.0,0.0,1.0,402,fixed_Full
0.2,block3_h48_seed10,"3-block, H=48",1,0.9062519485941205,0.9477611940298507,0.20754622717864993,0.8830845771144279,0.07711442786069651,0.01990049751243781,0.01990049751243781,402,oracle_multicapacity
0.2,block3_h48_seed10,"3-block, H=48",1,0.8606160941551245,0.9054726368159204,0.22428271330397834,0.7835820895522388,0.024875621890547265,0.19154228855721392,0.0,402,ridge_expected_utility
0.2,block3_h48_seed10,"3-block, H=48",1,0.84650258969592,0.8905472636815921,0.2202233699283597,0.7338308457711443,0.1517412935323383,0.09950248756218906,0.014925373134328358,402,rf_expected_utility
0.2,block3_h48_seed10,"3-block, H=48",1,0.8484057473003775,0.8955223880597015,0.23558320379661837,0.7213930348258707,0.15671641791044777,0.0845771144278607,0.03731343283582089,402,logreg_oracle_label
0.2,block3_h48_seed10,"3-block, H=48",1,0.8515660329728709,0.8955223880597015,0.21978177543415228,0.6840796019900498,0.17412935323383086,0.13681592039800994,0.004975124378109453,402,rf_oracle_label
0.2,block3_h48_seed10,"3-block, H=48",2,0.823434038556463,0.8606965174129353,0.18631239428236002,1.0,0.0,0.0,0.0,402,fixed_Tiny
0.2,block3_h48_seed10,"3-block, H=48",2,0.822980295814771,0.8631840796019901,0.20101891893609564,0.0,1.0,0.0,0.0,402,fixed_Small
0.2,block3_h48_seed10,"3-block, H=48",2,0.806557155400415,0.8830845771144279,0.382637108570064,0.0,0.0,1.0,0.0,402,fixed_Medium
0.2,block3_h48_seed10,"3-block, H=48",2,0.6756218905472636,0.8756218905472637,1.0,0.0,0.0,0.0,1.0,402,fixed_Full
0.2,block3_h48_seed10,"3-block, H=48",2,0.9069540401755656,0.9477611940298507,0.20403576927142433,0.9129353233830846,0.0472636815920398,0.024875621890547265,0.014925373134328358,402,oracle_multicapacity
0.2,block3_h48_seed10,"3-block, H=48",2,0.8765939311119423,0.9203980099502488,0.2190203941915317,0.8034825870646766,0.03233830845771144,0.16417910447761194,0.0,402,ridge_expected_utility
0.2,block3_h48_seed10,"3-block, H=48",2,0.8480039372436594,0.8905472636815921,0.212716632189662,0.7835820895522388,0.09701492537313433,0.11691542288557213,0.0024875621890547263,402,rf_expected_utility
0.2,block3_h48_seed10,"3-block, H=48",2,0.8531603963722529,0.8980099502487562,0.22424776938251562,0.7611940298507462,0.11691542288557213,0.10199004975124377,0.01990049751243781,402,logreg_oracle_label
0.2,block3_h48_seed10,"3-block, H=48",2,0.8458359517728445,0.8880597014925373,0.21111874859846314,0.7263681592039801,0.15920398009950248,0.11442786069651742,0.0,402,rf_oracle_label
0.3,block3_h48_seed10,"3-block, H=48",0,0.8122654856953914,0.8681592039800995,0.18631239428236002,1.0,0.0,0.0,0.0,402,fixed_Tiny
0.3,block3_h48_seed10,"3-block, H=48",0,0.7929281551649426,0.8532338308457711,0.20101891893609564,0.0,1.0,0.0,0.0,402,fixed_Small
0.3,block3_h48_seed10,"3-block, H=48",0,0.7682934445434088,0.8830845771144279,0.382637108570064,0.0,0.0,1.0,0.0,402,fixed_Medium
0.3,block3_h48_seed10,"3-block, H=48",0,0.5407960199004976,0.8407960199004975,1.0,0.0,0.0,0.0,1.0,402,fixed_Full
0.3,block3_h48_seed10,"3-block, H=48",0,0.8923765745223596,0.9527363184079602,0.20119914628533558,0.9154228855721394,0.03482587064676617,0.04228855721393035,0.007462686567164179,402,oracle_multicapacity
0.3,block3_h48_seed10,"3-block, H=48",0,0.8554972569336159,0.917910447761194,0.20804396942526043,0.8432835820895522,0.04975124378109453,0.10696517412935323,0.0,402,ridge_expected_utility
0.3,block3_h48_seed10,"3-block, H=48",0,0.834343831653876,0.8955223880597015,0.20392852135275152,0.8159203980099502,0.10199004975124377,0.08208955223880597,0.0,402,rf_expected_utility
0.3,block3_h48_seed10,"3-block, H=48",0,0.8351356749072625,0.9029850746268657,0.22616466573201086,0.753731343283582,0.11442786069651742,0.11194029850746269,0.01990049751243781,402,logreg_oracle_label
0.3,block3_h48_seed10,"3-block, H=48",0,0.8304786607362623,0.8955223880597015,0.2168124244114642,0.7139303482587065,0.16666666666666666,0.11194029850746269,0.007462686567164179,402,rf_oracle_label
0.3,block3_h48_seed10,"3-block, H=48",1,0.7749520528595705,0.8308457711442786,0.18631239428236002,1.0,0.0,0.0,0.0,402,fixed_Tiny
0.3,block3_h48_seed10,"3-block, H=48",1,0.8252664636226541,0.8855721393034826,0.20101891893609564,0.0,1.0,0.0,0.0,402,fixed_Small
0.3,block3_h48_seed10,"3-block, H=48",1,0.7707810067324634,0.8855721393034826,0.382637108570064,0.0,0.0,1.0,0.0,402,fixed_Medium
0.3,block3_h48_seed10,"3-block, H=48",1,0.600497512437811,0.900497512437811,1.0,0.0,0.0,0.0,1.0,402,fixed_Full
0.3,block3_h48_seed10,"3-block, H=48",1,0.8854973258762558,0.9477611940298507,0.20754622717864993,0.8830845771144279,0.07711442786069651,0.01990049751243781,0.01990049751243781,402,oracle_multicapacity
0.3,block3_h48_seed10,"3-block, H=48",1,0.8433273934284247,0.9079601990049752,0.2154426852551685,0.8009950248756219,0.05472636815920398,0.14427860696517414,0.0,402,ridge_expected_utility
0.3,block3_h48_seed10,"3-block, H=48",1,0.8265298776273726,0.8905472636815921,0.21339128684739808,0.7437810945273632,0.16169154228855723,0.0845771144278607,0.009950248756218905,402,rf_expected_utility
0.3,block3_h48_seed10,"3-block, H=48",1,0.824847426920716,0.8955223880597015,0.23558320379661837,0.7213930348258707,0.15671641791044777,0.0845771144278607,0.03731343283582089,402,logreg_oracle_label
0.3,block3_h48_seed10,"3-block, H=48",1,0.8295878554294558,0.8955223880597015,0.21978177543415228,0.6840796019900498,0.17412935323383086,0.13681592039800994,0.004975124378109453,402,rf_oracle_label
0.3,block3_h48_seed10,"3-block, H=48",2,0.8048027991282273,0.8606965174129353,0.18631239428236002,1.0,0.0,0.0,0.0,402,fixed_Tiny
0.3,block3_h48_seed10,"3-block, H=48",2,0.8028784039211616,0.8631840796019901,0.20101891893609564,0.0,1.0,0.0,0.0,402,fixed_Small
0.3,block3_h48_seed10,"3-block, H=48",2,0.7682934445434088,0.8830845771144279,0.382637108570064,0.0,0.0,1.0,0.0,402,fixed_Medium
0.3,block3_h48_seed10,"3-block, H=48",2,0.5756218905472638,0.8756218905472637,1.0,0.0,0.0,0.0,1.0,402,fixed_Full
0.3,block3_h48_seed10,"3-block, H=48",2,0.8865504632484236,0.9477611940298507,0.20403576927142433,0.9129353233830846,0.0472636815920398,0.024875621890547265,0.014925373134328358,402,oracle_multicapacity
0.3,block3_h48_seed10,"3-block, H=48",2,0.8623519495407367,0.9253731343283582,0.21007061595873877,0.8283582089552238,0.05472636815920398,0.11691542288557213,0.0,402,ridge_expected_utility
0.3,block3_h48_seed10,"3-block, H=48",2,0.8211405407493491,0.8830845771144279,0.20648012121692996,0.7960199004975125,0.10945273631840796,0.0945273631840796,0.0,402,rf_expected_utility
0.3,block3_h48_seed10,"3-block, H=48",2,0.8307356194340014,0.8980099502487562,0.22424776938251562,0.7611940298507462,0.11691542288557213,0.10199004975124377,0.01990049751243781,402,logreg_oracle_label
0.3,block3_h48_seed10,"3-block, H=48",2,0.8247240769129983,0.8880597014925373,0.21111874859846314,0.7263681592039801,0.15920398009950248,0.11442786069651742,0.0,402,rf_oracle_label
0.0,block3_h72_seed14,"3-block, H=72",0,0.8159806295399515,0.8159806295399515,0.18631239428236002,1.0,0.0,0.0,0.0,413,fixed_Tiny
0.0,block3_h72_seed14,"3-block, H=72",0,0.7312348668280871,0.7312348668280871,0.2010189189360956,0.0,1.0,0.0,0.0,413,fixed_Small
0.0,block3_h72_seed14,"3-block, H=72",0,0.8426150121065376,0.8426150121065376,0.38263710857006406,0.0,0.0,1.0,0.0,413,fixed_Medium
0.0,block3_h72_seed14,"3-block, H=72",0,0.8184019370460048,0.8184019370460048,1.0,0.0,0.0,0.0,1.0,413,fixed_Full
0.0,block3_h72_seed14,"3-block, H=72",0,0.9418886198547215,0.9418886198547215,0.2107653737235873,0.87409200968523,0.05084745762711865,0.06053268765133172,0.014527845036319613,413,oracle_multicapacity
0.0,block3_h72_seed14,"3-block, H=72",0,0.8329297820823245,0.8329297820823245,0.8445381580902823,0.0,0.0,0.25181598062953997,0.7481840193704601,413,ridge_expected_utility
0.0,block3_h72_seed14,"3-block, H=72",0,0.837772397094431,0.837772397094431,0.32323150615710167,0.3365617433414044,0.3171912832929782,0.24213075060532688,0.10411622276029056,413,rf_expected_utility
0.0,block3_h72_seed14,"3-block, H=72",0,0.8256658595641646,0.8256658595641646,0.7281140687916843,0.3341404358353511,0.0,0.0,0.6658595641646489,413,logreg_oracle_label
0.0,block3_h72_seed14,"3-block, H=72",0,0.7966101694915254,0.7966101694915254,0.31878525269793034,0.5907990314769975,0.15738498789346247,0.12106537530266344,0.13075060532687652,413,rf_oracle_label
0.0,block3_h72_seed14,"3-block, H=72",1,0.774818401937046,0.774818401937046,0.18631239428236002,1.0,0.0,0.0,0.0,413,fixed_Tiny
0.0,block3_h72_seed14,"3-block, H=72",1,0.8498789346246973,0.8498789346246973,0.2010189189360956,0.0,1.0,0.0,0.0,413,fixed_Small
0.0,block3_h72_seed14,"3-block, H=72",1,0.8329297820823245,0.8329297820823245,0.38263710857006406,0.0,0.0,1.0,0.0,413,fixed_Medium
0.0,block3_h72_seed14,"3-block, H=72",1,0.8087167070217918,0.8087167070217918,1.0,0.0,0.0,0.0,1.0,413,fixed_Full
0.0,block3_h72_seed14,"3-block, H=72",1,0.9322033898305084,0.9322033898305084,0.2081500165639282,0.8426150121065376,0.09927360774818401,0.043583535108958835,0.014527845036319613,413,oracle_multicapacity
0.0,block3_h72_seed14,"3-block, H=72",1,0.7966101694915254,0.7966101694915254,0.84858288081342,0.0,0.002421307506053269,0.24213075060532688,0.7554479418886199,413,ridge_expected_utility
0.0,block3_h72_seed14,"3-block, H=72",1,0.8256658595641646,0.8256658595641646,0.3725450211414726,0.33171912832929784,0.29782082324455206,0.1937046004842615,0.17675544794188863,413,rf_expected_utility
0.0,block3_h72_seed14,"3-block, H=72",1,0.8087167070217918,0.8087167070217918,0.7103823776259247,0.3559322033898305,0.0,0.0,0.6440677966101694,413,logreg_oracle_label
0.0,block3_h72_seed14,"3-block, H=72",1,0.837772397094431,0.837772397094431,0.32693519768956164,0.6464891041162227,0.1016949152542373,0.10653753026634383,0.14527845036319612,413,rf_oracle_label
0.0,block3_h72_seed14,"3-block, H=72",2,0.837772397094431,0.837772397094431,0.18631239428236002,1.0,0.0,0.0,0.0,413,fixed_Tiny
0.0,block3_h72_seed14,"3-block, H=72",2,0.7941888619854721,0.7941888619854721,0.2010189189360956,0.0,1.0,0.0,0.0,413,fixed_Small
0.0,block3_h72_seed14,"3-block, H=72",2,0.8111380145278451,0.8111380145278451,0.38263710857006406,0.0,0.0,1.0,0.0,413,fixed_Medium
0.0,block3_h72_seed14,"3-block, H=72",2,0.7966101694915254,0.7966101694915254,1.0,0.0,0.0,0.0,1.0,413,fixed_Full
0.0,block3_h72_seed14,"3-block, H=72",2,0.9322033898305084,0.9322033898305084,0.20229995238736426,0.9055690072639225,0.0387409200968523,0.048426150121065374,0.007263922518159807,413,oracle_multicapacity
0.0,block3_h72_seed14,"3-block, H=72",2,0.8329297820823245,0.8329297820823245,0.8462085484388489,0.0,0.007263922518159807,0.2397094430992736,0.7530266343825666,413,ridge_expected_utility
0.0,block3_h72_seed14,"3-block, H=72",2,0.8450363196125908,0.8450363196125908,0.33164395744529007,0.3922518159806295,0.2929782082324455,0.1864406779661017,0.12832929782082325,413,rf_expected_utility
0.0,block3_h72_seed14,"3-block, H=72",2,0.801452784503632,0.801452784503632,0.6965910622747782,0.3728813559322034,0.0,0.0,0.6271186440677966,413,logreg_oracle_label
0.0,block3_h72_seed14,"3-block, H=72",2,0.8280871670702179,0.8280871670702179,0.307358349133068,0.6561743341404358,0.13317191283292978,0.0847457627118644,0.12590799031476999,413,rf_oracle_label
0.01,block3_h72_seed14,"3-block, H=72",0,0.8141175055971279,0.8159806295399515,0.18631239428236002,1.0,0.0,0.0,0.0,413,fixed_Tiny
0.01,block3_h72_seed14,"3-block, H=72",0,0.7292246776387261,0.7312348668280871,0.2010189189360956,0.0,1.0,0.0,0.0,413,fixed_Small
0.01,block3_h72_seed14,"3-block, H=72",0,0.8387886410208368,0.8426150121065376,0.38263710857006406,0.0,0.0,1.0,0.0,413,fixed_Medium
0.01,block3_h72_seed14,"3-block, H=72",0,0.8084019370460048,0.8184019370460048,1.0,0.0,0.0,0.0,1.0,413,fixed_Full
0.01,block3_h72_seed14,"3-block, H=72",0,0.9397809661174856,0.9418886198547215,0.2107653737235873,0.87409200968523,0.05084745762711865,0.06053268765133172,0.014527845036319613,413,oracle_multicapacity
0.01,block3_h72_seed14,"3-block, H=72",0,0.8324046466376211,0.8401937046004843,0.7789057962863045,0.002421307506053269,0.004842615012106538,0.3486682808716707,0.6440677966101694,413,ridge_expected_utility
0.01,block3_h72_seed14,"3-block, H=72",0,0.8370453218379414,0.8401937046004843,0.31483827625427857,0.5544794188861986,0.11138014527845036,0.23486682808716708,0.09927360774818401,413,rf_expected_utility
0.01,block3_h72_seed14,"3-block, H=72",0,0.8183847188762479,0.8256658595641646,0.7281140687916843,0.3341404358353511,0.0,0.0,0.6658595641646489,413,logreg_oracle_label
0.01,block3_h72_seed14,"3-block, H=72",0,0.7934223169645459,0.7966101694915254,0.31878525269793034,0.5907990314769975,0.15738498789346247,0.12106537530266344,0.13075060532687652,413,rf_oracle_label
0.01,block3_h72_seed14,"3-block, H=72",1,0.7729552779942224,0.774818401937046,0.18631239428236002,1.0,0.0,0.0,0.0,413,fixed_Tiny
0.01,block3_h72_seed14,"3-block, H=72",1,0.8478687454353361,0.8498789346246973,0.2010189189360956,0.0,1.0,0.0,0.0,413,fixed_Small
0.01,block3_h72_seed14,"3-block, H=72",1,0.8291034109966238,0.8329297820823245,0.38263710857006406,0.0,0.0,1.0,0.0,413,fixed_Medium
0.01,block3_h72_seed14,"3-block, H=72",1,0.7987167070217918,0.8087167070217918,1.0,0.0,0.0,0.0,1.0,413,fixed_Full
0.01,block3_h72_seed14,"3-block, H=72",1,0.9301218896648692,0.9322033898305084,0.2081500165639282,0.8426150121065376,0.09927360774818401,0.043583535108958835,0.014527845036319613,413,oracle_multicapacity
0.01,block3_h72_seed14,"3-block, H=72",1,0.7933436600218295,0.801452784503632,0.8109124481802287,0.002421307506053269,0.009685230024213076,0.29055690072639223,0.6973365617433414,413,ridge_expected_utility
0.01,block3_h72_seed14,"3-block, H=72",1,0.8245407048362606,0.8280871670702179,0.35464622339572877,0.5980629539951574,0.05084745762711865,0.19128329297820823,0.15980629539951574,413,rf_expected_utility
0.01,block3_h72_seed14,"3-block, H=72",1,0.8016128832455326,0.8087167070217918,0.7103823776259247,0.3559322033898305,0.0,0.0,0.6440677966101694,413,logreg_oracle_label
0.01,block3_h72_seed14,"3-block, H=72",1,0.8345030451175354,0.837772397094431,0.32693519768956164,0.6464891041162227,0.1016949152542373,0.10653753026634383,0.14527845036319612,413,rf_oracle_label
0.01,block3_h72_seed14,"3-block, H=72",2,0.8359092731516073,0.837772397094431,0.18631239428236002,1.0,0.0,0.0,0.0,413,fixed_Tiny
0.01,block3_h72_seed14,"3-block, H=72",2,0.7921786727961109,0.7941888619854721,0.2010189189360956,0.0,1.0,0.0,0.0,413,fixed_Small
0.01,block3_h72_seed14,"3-block, H=72",2,0.8073116434421443,0.8111380145278451,0.38263710857006406,0.0,0.0,1.0,0.0,413,fixed_Medium
0.01,block3_h72_seed14,"3-block, H=72",2,0.7866101694915254,0.7966101694915254,1.0,0.0,0.0,0.0,1.0,413,fixed_Full
0.01,block3_h72_seed14,"3-block, H=72",2,0.9301803903066347,0.9322033898305084,0.20229995238736426,0.9055690072639225,0.0387409200968523,0.048426150121065374,0.007263922518159807,413,oracle_multicapacity
0.01,block3_h72_seed14,"3-block, H=72",2,0.820300750992757,0.8280871670702179,0.7786416077460965,0.002421307506053269,0.014527845036319613,0.3365617433414044,0.6464891041162227,413,ridge_expected_utility
0.01,block3_h72_seed14,"3-block, H=72",2,0.8443593476422434,0.847457627118644,0.30982794764005306,0.6319612590799032,0.07990314769975787,0.18159806295399517,0.10653753026634383,413,rf_expected_utility
0.01,block3_h72_seed14,"3-block, H=72",2,0.7944868738808842,0.801452784503632,0.6965910622747782,0.3728813559322034,0.0,0.0,0.6271186440677966,413,logreg_oracle_label
0.01,block3_h72_seed14,"3-block, H=72",2,0.8250135835788872,0.8280871670702179,0.307358349133068,0.6561743341404358,0.13317191283292978,0.0847457627118644,0.12590799031476999,413,rf_oracle_label
0.02,block3_h72_seed14,"3-block, H=72",0,0.8122543816543043,0.8159806295399515,0.18631239428236002,1.0,0.0,0.0,0.0,413,fixed_Tiny
0.02,block3_h72_seed14,"3-block, H=72",0,0.7272144884493652,0.7312348668280871,0.2010189189360956,0.0,1.0,0.0,0.0,413,fixed_Small
0.02,block3_h72_seed14,"3-block, H=72",0,0.8349622699351362,0.8426150121065376,0.38263710857006406,0.0,0.0,1.0,0.0,413,fixed_Medium
0.02,block3_h72_seed14,"3-block, H=72",0,0.7984019370460052,0.8184019370460048,1.0,0.0,0.0,0.0,1.0,413,fixed_Full
0.02,block3_h72_seed14,"3-block, H=72",0,0.9376733123802496,0.9418886198547215,0.2107653737235873,0.87409200968523,0.05084745762711865,0.06053268765133172,0.014527845036319613,413,oracle_multicapacity
0.02,block3_h72_seed14,"3-block, H=72",0,0.8376169792920755,0.8498789346246973,0.6130977666310979,0.024213075060532687,0.021791767554479417,0.5665859564164649,0.387409200968523,413,ridge_expected_utility
0.02,block3_h72_seed14,"3-block, H=72",0,0.8340925335053879,0.8401937046004843,0.3050585547548095,0.5617433414043583,0.1162227602905569,0.23486682808716708,0.08716707021791767,413,rf_expected_utility
0.02,block3_h72_seed14,"3-block, H=72",0,0.811103578188331,0.8256658595641646,0.7281140687916843,0.3341404358353511,0.0,0.0,0.6658595641646489,413,logreg_oracle_label
0.02,block3_h72_seed14,"3-block, H=72",0,0.7902344644375667,0.7966101694915254,0.31878525269793034,0.5907990314769975,0.15738498789346247,0.12106537530266344,0.13075060532687652,413,rf_oracle_label
0.02,block3_h72_seed14,"3-block, H=72",1,0.7710921540513987,0.774818401937046,0.18631239428236002,1.0,0.0,0.0,0.0,413,fixed_Tiny
0.02,block3_h72_seed14,"3-block, H=72",1,0.8458585562459752,0.8498789346246973,0.2010189189360956,0.0,1.0,0.0,0.0,413,fixed_Small
0.02,block3_h72_seed14,"3-block, H=72",1,0.8252770399109232,0.8329297820823245,0.38263710857006406,0.0,0.0,1.0,0.0,413,fixed_Medium
0.02,block3_h72_seed14,"3-block, H=72",1,0.7887167070217921,0.8087167070217918,1.0,0.0,0.0,0.0,1.0,413,fixed_Full
0.02,block3_h72_seed14,"3-block, H=72",1,0.9280403894992298,0.9322033898305084,0.2081500165639282,0.8426150121065376,0.09927360774818401,0.043583535108958835,0.014527845036319613,413,oracle_multicapacity
0.02,block3_h72_seed14,"3-block, H=72",1,0.7996206279947364,0.8135593220338984,0.6969347019580924,0.009685230024213076,0.012106537530266344,0.46246973365617433,0.5157384987893463,413,ridge_expected_utility
0.02,block3_h72_seed14,"3-block, H=72",1,0.8212904581672993,0.8280871670702179,0.33983544514593284,0.612590799031477,0.05084745762711865,0.19612590799031476,0.14043583535108958,413,rf_expected_utility
0.02,block3_h72_seed14,"3-block, H=72",1,0.7945090594692734,0.8087167070217918,0.7103823776259247,0.3559322033898305,0.0,0.0,0.6440677966101694,413,logreg_oracle_label
0.02,block3_h72_seed14,"3-block, H=72",1,0.8312336931406397,0.837772397094431,0.32693519768956164,0.6464891041162227,0.1016949152542373,0.10653753026634383,0.14527845036319612,413,rf_oracle_label
0.02,block3_h72_seed14,"3-block, H=72",2,0.8340461492087837,0.837772397094431,0.18631239428236002,1.0,0.0,0.0,0.0,413,fixed_Tiny
0.02,block3_h72_seed14,"3-block, H=72",2,0.79016848360675,0.7941888619854721,0.2010189189360956,0.0,1.0,0.0,0.0,413,fixed_Small
0.02,block3_h72_seed14,"3-block, H=72",2,0.8034852723564437,0.8111380145278451,0.38263710857006406,0.0,0.0,1.0,0.0,413,fixed_Medium
0.02,block3_h72_seed14,"3-block, H=72",2,0.7766101694915257,0.7966101694915254,1.0,0.0,0.0,0.0,1.0,413,fixed_Full
0.02,block3_h72_seed14,"3-block, H=72",2,0.9281573907827613,0.9322033898305084,0.20229995238736426,0.9055690072639225,0.0387409200968523,0.048426150121065374,0.007263922518159807,413,oracle_multicapacity
0.02,block3_h72_seed14,"3-block, H=72",2,0.8106101078994058,0.8232445520581114,0.6317222079352837,0.01937046004842615,0.031476997578692496,0.5302663438256658,0.4188861985472155,413,ridge_expected_utility
0.02,block3_h72_seed14,"3-block, H=72",2,0.8415178799726927,0.847457627118644,0.29698735729756376,0.6440677966101694,0.07990314769975787,0.1864406779661017,0.08958837772397095,413,rf_expected_utility
0.02,block3_h72_seed14,"3-block, H=72",2,0.7875209632581364,0.801452784503632,0.6965910622747782,0.3728813559322034,0.0,0.0,0.6271186440677966,413,logreg_oracle_label
0.02,block3_h72_seed14,"3-block, H=72",2,0.8219400000875565,0.8280871670702179,0.307358349133068,0.6561743341404358,0.13317191283292978,0.0847457627118644,0.12590799031476999,413,rf_oracle_label
0.05,block3_h72_seed14,"3-block, H=72",0,0.8066650098258337,0.8159806295399515,0.18631239428236002,1.0,0.0,0.0,0.0,413,fixed_Tiny
0.05,block3_h72_seed14,"3-block, H=72",0,0.7211839208812824,0.7312348668280871,0.2010189189360956,0.0,1.0,0.0,0.0,413,fixed_Small
0.05,block3_h72_seed14,"3-block, H=72",0,0.8234831566780345,0.8426150121065376,0.38263710857006406,0.0,0.0,1.0,0.0,413,fixed_Medium
0.05,block3_h72_seed14,"3-block, H=72",0,0.7684019370460048,0.8184019370460048,1.0,0.0,0.0,0.0,1.0,413,fixed_Full
0.05,block3_h72_seed14,"3-block, H=72",0,0.9313503511685424,0.9418886198547215,0.2107653737235873,0.87409200968523,0.05084745762711865,0.06053268765133172,0.014527845036319613,413,oracle_multicapacity
0.05,block3_h72_seed14,"3-block, H=72",0,0.8152789666790677,0.8329297820823245,0.35301630806513734,0.08232445520581114,0.1234866828087167,0.7796610169491526,0.014527845036319613,413,ridge_expected_utility
0.05,block3_h72_seed14,"3-block, H=72",0,0.8263197843905049,0.8401937046004843,0.2774784041995884,0.5835351089588378,0.12106537530266344,0.24455205811138014,0.05084745762711865,413,rf_expected_utility
0.05,block3_h72_seed14,"3-block, H=72",0,0.7892601561245803,0.8256658595641646,0.7281140687916843,0.3341404358353511,0.0,0.0,0.6658595641646489,413,logreg_oracle_label
0.05,block3_h72_seed14,"3-block, H=72",0,0.7806709068566289,0.7966101694915254,0.31878525269793034,0.5907990314769975,0.15738498789346247,0.12106537530266344,0.13075060532687652,413,rf_oracle_label
0.05,block3_h72_seed14,"3-block, H=72",1,0.7655027822229281,0.774818401937046,0.18631239428236002,1.0,0.0,0.0,0.0,413,fixed_Tiny
0.05,block3_h72_seed14,"3-block, H=72",1,0.8398279886778925,0.8498789346246973,0.2010189189360956,0.0,1.0,0.0,0.0,413,fixed_Small
0.05,block3_h72_seed14,"3-block, H=72",1,0.8137979266538214,0.8329297820823245,0.38263710857006406,0.0,0.0,1.0,0.0,413,fixed_Medium
0.05,block3_h72_seed14,"3-block, H=72",1,0.7587167070217917,0.8087167070217918,1.0,0.0,0.0,0.0,1.0,413,fixed_Full
0.05,block3_h72_seed14,"3-block, H=72",1,0.9217958890023122,0.9322033898305084,0.2081500165639282,0.8426150121065376,0.09927360774818401,0.043583535108958835,0.014527845036319613,413,oracle_multicapacity
0.05,block3_h72_seed14,"3-block, H=72",1,0.8111278431418476,0.8305084745762712,0.3876126286884757,0.06779661016949153,0.09685230024213075,0.7772397094430993,0.05811138014527845,413,ridge_expected_utility
0.05,block3_h72_seed14,"3-block, H=72",1,0.8228676249048894,0.837772397094431,0.2980954437908329,0.6464891041162227,0.06295399515738499,0.2033898305084746,0.08716707021791767,413,rf_expected_utility
0.05,block3_h72_seed14,"3-block, H=72",1,0.7731975881404956,0.8087167070217918,0.7103823776259247,0.3559322033898305,0.0,0.0,0.6440677966101694,413,logreg_oracle_label
0.05,block3_h72_seed14,"3-block, H=72",1,0.821425637209953,0.837772397094431,0.32693519768956164,0.6464891041162227,0.1016949152542373,0.10653753026634383,0.14527845036319612,413,rf_oracle_label
0.05,block3_h72_seed14,"3-block, H=72",2,0.8284567773803131,0.837772397094431,0.18631239428236002,1.0,0.0,0.0,0.0,413,fixed_Tiny
0.05,block3_h72_seed14,"3-block, H=72",2,0.7841379160386673,0.7941888619854721,0.2010189189360956,0.0,1.0,0.0,0.0,413,fixed_Small
0.05,block3_h72_seed14,"3-block, H=72",2,0.792006159099342,0.8111380145278451,0.38263710857006406,0.0,0.0,1.0,0.0,413,fixed_Medium
0.05,block3_h72_seed14,"3-block, H=72",2,0.7466101694915255,0.7966101694915254,1.0,0.0,0.0,0.0,1.0,413,fixed_Full
0.05,block3_h72_seed14,"3-block, H=72",2,0.9220883922111404,0.9322033898305084,0.20229995238736426,0.9055690072639225,0.0387409200968523,0.048426150121065374,0.007263922518159807,413,oracle_multicapacity
0.05,block3_h72_seed14,"3-block, H=72",2,0.8094986699563872,0.8280871670702179,0.3717699422766183,0.05084745762711865,0.12832929782082325,0.784503631961259,0.03631961259079903,413,ridge_expected_utility
0.05,block3_h72_seed14,"3-block, H=72",2,0.8339106210530979,0.847457627118644,0.2709401213109246,0.6513317191283293,0.09200968523002422,0.2033898305084746,0.053268765133171914,413,rf_expected_utility
0.05,block3_h72_seed14,"3-block, H=72",2,0.766623231389893,0.801452784503632,0.6965910622747782,0.3728813559322034,0.0,0.0,0.6271186440677966,413,logreg_oracle_label
0.05,block3_h72_seed14,"3-block, H=72",2,0.8127192496135647,0.8280871670702179,0.307358349133068,0.6561743341404358,0.13317191283292978,0.0847457627118644,0.12590799031476999,413,rf_oracle_label
0.1,block3_h72_seed14,"3-block, H=72",0,0.7973493901117155,0.8159806295399515,0.18631239428236002,1.0,0.0,0.0,0.0,413,fixed_Tiny
0.1,block3_h72_seed14,"3-block, H=72",0,0.7111329749344776,0.7312348668280871,0.2010189189360956,0.0,1.0,0.0,0.0,413,fixed_Small
0.1,block3_h72_seed14,"3-block, H=72",0,0.804351301249531,0.8426150121065376,0.38263710857006406,0.0,0.0,1.0,0.0,413,fixed_Medium
0.1,block3_h72_seed14,"3-block, H=72",0,0.7184019370460051,0.8184019370460048,1.0,0.0,0.0,0.0,1.0,413,fixed_Full
0.1,block3_h72_seed14,"3-block, H=72",0,0.9208120824823627,0.9418886198547215,0.2107653737235873,0.87409200968523,0.05084745762711865,0.06053268765133172,0.014527845036319613,413,oracle_multicapacity
0.1,block3_h72_seed14,"3-block, H=72",0,0.7938838098218025,0.8232445520581114,0.2936074223630877,0.13317191283292978,0.34624697336561744,0.5205811138014528,0.0,413,ridge_expected_utility
0.1,block3_h72_seed14,"3-block, H=72",0,0.8247696064758369,0.8498789346246973,0.2510932814886052,0.6077481840193705,0.13317191283292978,0.2397094430992736,0.01937046004842615,413,rf_expected_utility
0.1,block3_h72_seed14,"3-block, H=72",0,0.7528544526849963,0.8256658595641646,0.7281140687916843,0.3341404358353511,0.0,0.0,0.6658595641646489,413,logreg_oracle_label
0.1,block3_h72_seed14,"3-block, H=72",0,0.7647316442217323,0.7966101694915254,0.31878525269793034,0.5907990314769975,0.15738498789346247,0.12106537530266344,0.13075060532687652,413,rf_oracle_label
0.1,block3_h72_seed14,"3-block, H=72",1,0.7561871625088099,0.774818401937046,0.18631239428236002,1.0,0.0,0.0,0.0,413,fixed_Tiny
0.1,block3_h72_seed14,"3-block, H=72",1,0.8297770427310877,0.8498789346246973,0.2010189189360956,0.0,1.0,0.0,0.0,413,fixed_Small
0.1,block3_h72_seed14,"3-block, H=72",1,0.794666071225318,0.8329297820823245,0.38263710857006406,0.0,0.0,1.0,0.0,413,fixed_Medium
0.1,block3_h72_seed14,"3-block, H=72",1,0.708716707021792,0.8087167070217918,1.0,0.0,0.0,0.0,1.0,413,fixed_Full
0.1,block3_h72_seed14,"3-block, H=72",1,0.9113883881741155,0.9322033898305084,0.2081500165639282,0.8426150121065376,0.09927360774818401,0.043583535108958835,0.014527845036319613,413,oracle_multicapacity
0.1,block3_h72_seed14,"3-block, H=72",1,0.8152551209407999,0.8450363196125908,0.2978119867179091,0.12832929782082325,0.3365617433414044,0.5326876513317191,0.002421307506053269,413,ridge_expected_utility
0.1,block3_h72_seed14,"3-block, H=72",1,0.8063742366300894,0.8329297820823245,0.2655554545223491,0.6707021791767555,0.06779661016949153,0.2179176755447942,0.043583535108958835,413,rf_expected_utility
0.1,block3_h72_seed14,"3-block, H=72",1,0.7376784692591994,0.8087167070217918,0.7103823776259247,0.3559322033898305,0.0,0.0,0.6440677966101694,413,logreg_oracle_label
0.1,block3_h72_seed14,"3-block, H=72",1,0.8050788773254747,0.837772397094431,0.32693519768956164,0.6464891041162227,0.1016949152542373,0.10653753026634383,0.14527845036319612,413,rf_oracle_label
0.1,block3_h72_seed14,"3-block, H=72",2,0.8191411576661949,0.837772397094431,0.18631239428236002,1.0,0.0,0.0,0.0,413,fixed_Tiny
0.1,block3_h72_seed14,"3-block, H=72",2,0.7740869700918626,0.7941888619854721,0.2010189189360956,0.0,1.0,0.0,0.0,413,fixed_Small
0.1,block3_h72_seed14,"3-block, H=72",2,0.7728743036708385,0.8111380145278451,0.38263710857006406,0.0,0.0,1.0,0.0,413,fixed_Medium
0.1,block3_h72_seed14,"3-block, H=72",2,0.6966101694915258,0.7966101694915254,1.0,0.0,0.0,0.0,1.0,413,fixed_Full
0.1,block3_h72_seed14,"3-block, H=72",2,0.9119733945917721,0.9322033898305084,0.20229995238736426,0.9055690072639225,0.0387409200968523,0.048426150121065374,0.007263922518159807,413,oracle_multicapacity
0.1,block3_h72_seed14,"3-block, H=72",2,0.8090534805775509,0.837772397094431,0.2871891651688,0.12106537530266344,0.3946731234866828,0.48426150121065376,0.0,413,ridge_expected_utility
0.1,block3_h72_seed14,"3-block, H=72",2,0.8090404122815499,0.8329297820823245,0.23889369800774582,0.6658595641646489,0.12106537530266344,0.19854721549636803,0.014527845036319613,413,rf_expected_utility
0.1,block3_h72_seed14,"3-block, H=72",2,0.7317936782761543,0.801452784503632,0.6965910622747782,0.3728813559322034,0.0,0.0,0.6271186440677966,413,logreg_oracle_label
0.1,block3_h72_seed14,"3-block, H=72",2,0.797351332156911,0.8280871670702179,0.307358349133068,0.6561743341404358,0.13317191283292978,0.0847457627118644,0.12590799031476999,413,rf_oracle_label
0.15,block3_h72_seed14,"3-block, H=72",0,0.7880337703975976,0.8159806295399515,0.18631239428236002,1.0,0.0,0.0,0.0,413,fixed_Tiny
0.15,block3_h72_seed14,"3-block, H=72",0,0.7010820289876728,0.7312348668280871,0.2010189189360956,0.0,1.0,0.0,0.0,413,fixed_Small
0.15,block3_h72_seed14,"3-block, H=72",0,0.7852194458210281,0.8426150121065376,0.38263710857006406,0.0,0.0,1.0,0.0,413,fixed_Medium
0.15,block3_h72_seed14,"3-block, H=72",0,0.6684019370460046,0.8184019370460048,1.0,0.0,0.0,0.0,1.0,413,fixed_Full
0.15,block3_h72_seed14,"3-block, H=72",0,0.9102738137961836,0.9418886198547215,0.2107653737235873,0.87409200968523,0.05084745762711865,0.06053268765133172,0.014527845036319613,413,oracle_multicapacity
0.15,block3_h72_seed14,"3-block, H=72",0,0.778466555167789,0.8184019370460048,0.26623587918810654,0.14043583535108958,0.4891041162227603,0.3704600484261501,0.0,413,ridge_expected_utility
0.15,block3_h72_seed14,"3-block, H=72",0,0.8143286093378896,0.8498789346246973,0.2370021685787187,0.6271186440677966,0.14043583535108958,0.22760290556900725,0.004842615012106538,413,rf_expected_utility
0.15,block3_h72_seed14,"3-block, H=72",0,0.7164487492454118,0.8256658595641646,0.7281140687916843,0.3341404358353511,0.0,0.0,0.6658595641646489,413,logreg_oracle_label
0.15,block3_h72_seed14,"3-block, H=72",0,0.7487923815868358,0.7966101694915254,0.31878525269793034,0.5907990314769975,0.15738498789346247,0.12106537530266344,0.13075060532687652,413,rf_oracle_label
0.15,block3_h72_seed14,"3-block, H=72",1,0.746871542794692,0.774818401937046,0.18631239428236002,1.0,0.0,0.0,0.0,413,fixed_Tiny
0.15,block3_h72_seed14,"3-block, H=72",1,0.8197260967842828,0.8498789346246973,0.2010189189360956,0.0,1.0,0.0,0.0,413,fixed_Small
0.15,block3_h72_seed14,"3-block, H=72",1,0.775534215796815,0.8329297820823245,0.38263710857006406,0.0,0.0,1.0,0.0,413,fixed_Medium
0.15,block3_h72_seed14,"3-block, H=72",1,0.6587167070217915,0.8087167070217918,1.0,0.0,0.0,0.0,1.0,413,fixed_Full
0.15,block3_h72_seed14,"3-block, H=72",1,0.9009808873459193,0.9322033898305084,0.2081500165639282,0.8426150121065376,0.09927360774818401,0.043583535108958835,0.014527845036319613,413,oracle_multicapacity
0.15,block3_h72_seed14,"3-block, H=72",1,0.8132118711257683,0.8547215496368039,0.27673119007357116,0.17433414043583534,0.3946731234866828,0.43099273607748184,0.0,413,ridge_expected_utility
0.15,block3_h72_seed14,"3-block, H=72",1,0.7993012549707563,0.8353510895883777,0.24033223078414356,0.6876513317191283,0.08958837772397095,0.20823244552058112,0.014527845036319613,413,rf_expected_utility
0.15,block3_h72_seed14,"3-block, H=72",1,0.702159350377903,0.8087167070217918,0.7103823776259247,0.3559322033898305,0.0,0.0,0.6440677966101694,413,logreg_oracle_label
0.15,block3_h72_seed14,"3-block, H=72",1,0.7887321174409967,0.837772397094431,0.32693519768956164,0.6464891041162227,0.1016949152542373,0.10653753026634383,0.14527845036319612,413,rf_oracle_label
0.15,block3_h72_seed14,"3-block, H=72",2,0.809825537952077,0.837772397094431,0.18631239428236002,1.0,0.0,0.0,0.0,413,fixed_Tiny
0.15,block3_h72_seed14,"3-block, H=72",2,0.7640360241450577,0.7941888619854721,0.2010189189360956,0.0,1.0,0.0,0.0,413,fixed_Small
0.15,block3_h72_seed14,"3-block, H=72",2,0.7537424482423356,0.8111380145278451,0.38263710857006406,0.0,0.0,1.0,0.0,413,fixed_Medium
0.15,block3_h72_seed14,"3-block, H=72",2,0.6466101694915253,0.7966101694915254,1.0,0.0,0.0,0.0,1.0,413,fixed_Full
0.15,block3_h72_seed14,"3-block, H=72",2,0.901858396972404,0.9322033898305084,0.20229995238736426,0.9055690072639225,0.0387409200968523,0.048426150121065374,0.007263922518159807,413,oracle_multicapacity
0.15,block3_h72_seed14,"3-block, H=72",2,0.8079893277532945,0.847457627118644,0.2631219957689987,0.14285714285714285,0.5036319612590799,0.35351089588377727,0.0,413,ridge_expected_utility
0.15,block3_h72_seed14,"3-block, H=72",2,0.7958355392304348,0.8305084745762712,0.2311529023055757,0.6779661016949152,0.12590799031476999,0.18886198547215496,0.007263922518159807,413,rf_expected_utility
0.15,block3_h72_seed14,"3-block, H=72",2,0.6969641251624152,0.801452784503632,0.6965910622747782,0.3728813559322034,0.0,0.0,0.6271186440677966,413,logreg_oracle_label
0.15,block3_h72_seed14,"3-block, H=72",2,0.7819834147002578,0.8280871670702179,0.307358349133068,0.6561743341404358,0.13317191283292978,0.0847457627118644,0.12590799031476999,413,rf_oracle_label
0.2,block3_h72_seed14,"3-block, H=72",0,0.7787181506834794,0.8159806295399515,0.18631239428236002,1.0,0.0,0.0,0.0,413,fixed_Tiny
0.2,block3_h72_seed14,"3-block, H=72",0,0.691031083040868,0.7312348668280871,0.2010189189360956,0.0,1.0,0.0,0.0,413,fixed_Small
0.2,block3_h72_seed14,"3-block, H=72",0,0.7660875903925245,0.8426150121065376,0.38263710857006406,0.0,0.0,1.0,0.0,413,fixed_Medium
0.2,block3_h72_seed14,"3-block, H=72",0,0.6184019370460048,0.8184019370460048,1.0,0.0,0.0,0.0,1.0,413,fixed_Full
0.2,block3_h72_seed14,"3-block, H=72",0,0.8997355451100039,0.9418886198547215,0.2107653737235873,0.87409200968523,0.05084745762711865,0.06053268765133172,0.014527845036319613,413,oracle_multicapacity
0.2,block3_h72_seed14,"3-block, H=72",0,0.760118093334032,0.8111380145278451,0.255099605969065,0.15012106537530268,0.5399515738498789,0.3099273607748184,0.0,413,ridge_expected_utility
0.2,block3_h72_seed14,"3-block, H=72",0,0.8061352548968467,0.8523002421307506,0.23082493616951888,0.6464891041162227,0.14527845036319612,0.20581113801452786,0.002421307506053269,413,rf_expected_utility
0.2,block3_h72_seed14,"3-block, H=72",0,0.6800430458058278,0.8256658595641646,0.7281140687916843,0.3341404358353511,0.0,0.0,0.6658595641646489,413,logreg_oracle_label
0.2,block3_h72_seed14,"3-block, H=72",0,0.7328531189519394,0.7966101694915254,0.31878525269793034,0.5907990314769975,0.15738498789346247,0.12106537530266344,0.13075060532687652,413,rf_oracle_label
0.2,block3_h72_seed14,"3-block, H=72",1,0.7375559230805738,0.774818401937046,0.18631239428236002,1.0,0.0,0.0,0.0,413,fixed_Tiny
0.2,block3_h72_seed14,"3-block, H=72",1,0.8096751508374782,0.8498789346246973,0.2010189189360956,0.0,1.0,0.0,0.0,413,fixed_Small
0.2,block3_h72_seed14,"3-block, H=72",1,0.7564023603683114,0.8329297820823245,0.38263710857006406,0.0,0.0,1.0,0.0,413,fixed_Medium
0.2,block3_h72_seed14,"3-block, H=72",1,0.6087167070217916,0.8087167070217918,1.0,0.0,0.0,0.0,1.0,413,fixed_Full
0.2,block3_h72_seed14,"3-block, H=72",1,0.8905733865177226,0.9322033898305084,0.2081500165639282,0.8426150121065376,0.09927360774818401,0.043583535108958835,0.014527845036319613,413,oracle_multicapacity
0.2,block3_h72_seed14,"3-block, H=72",1,0.8062906452948051,0.8595641646489104,0.26636759677052657,0.19128329297820823,0.43341404358353514,0.37530266343825663,0.0,413,ridge_expected_utility
0.2,block3_h72_seed14,"3-block, H=72",1,0.7854747464963671,0.8305084745762712,0.22516864039951992,0.7021791767554479,0.1162227602905569,0.1791767554479419,0.002421307506053269,413,rf_expected_utility
0.2,block3_h72_seed14,"3-block, H=72",1,0.6666402314966068,0.8087167070217918,0.7103823776259247,0.3559322033898305,0.0,0.0,0.6440677966101694,413,logreg_oracle_label
0.2,block3_h72_seed14,"3-block, H=72",1,0.7723853575565186,0.837772397094431,0.32693519768956164,0.6464891041162227,0.1016949152542373,0.10653753026634383,0.14527845036319612,413,rf_oracle_label
0.2,block3_h72_seed14,"3-block, H=72",2,0.8005099182379588,0.837772397094431,0.18631239428236002,1.0,0.0,0.0,0.0,413,fixed_Tiny
0.2,block3_h72_seed14,"3-block, H=72",2,0.753985078198253,0.7941888619854721,0.2010189189360956,0.0,1.0,0.0,0.0,413,fixed_Small
0.2,block3_h72_seed14,"3-block, H=72",2,0.734610592813832,0.8111380145278451,0.38263710857006406,0.0,0.0,1.0,0.0,413,fixed_Medium
0.2,block3_h72_seed14,"3-block, H=72",2,0.5966101694915253,0.7966101694915254,1.0,0.0,0.0,0.0,1.0,413,fixed_Full
0.2,block3_h72_seed14,"3-block, H=72",2,0.8917433993530354,0.9322033898305084,0.20229995238736426,0.9055690072639225,0.0387409200968523,0.048426150121065374,0.007263922518159807,413,oracle_multicapacity
0.2,block3_h72_seed14,"3-block, H=72",2,0.7970604826086525,0.847457627118644,0.25198572254995716,0.15254237288135594,0.5544794188861986,0.2929782082324455,0.0,413,ridge_expected_utility
0.2,block3_h72_seed14,"3-block, H=72",2,0.7857172331767257,0.8305084745762712,0.22395620699772648,0.6949152542372882,0.13075060532687652,0.17191283292978207,0.002421307506053269,413,rf_expected_utility
0.2,block3_h72_seed14,"3-block, H=72",2,0.6621345720486762,0.801452784503632,0.6965910622747782,0.3728813559322034,0.0,0.0,0.6271186440677966,413,logreg_oracle_label
0.2,block3_h72_seed14,"3-block, H=72",2,0.7666154972436042,0.8280871670702179,0.307358349133068,0.6561743341404358,0.13317191283292978,0.0847457627118644,0.12590799031476999,413,rf_oracle_label
0.3,block3_h72_seed14,"3-block, H=72",0,0.7600869112552435,0.8159806295399515,0.18631239428236002,1.0,0.0,0.0,0.0,413,fixed_Tiny
0.3,block3_h72_seed14,"3-block, H=72",0,0.6709291911472587,0.7312348668280871,0.2010189189360956,0.0,1.0,0.0,0.0,413,fixed_Small
0.3,block3_h72_seed14,"3-block, H=72",0,0.7278238795355183,0.8426150121065376,0.38263710857006406,0.0,0.0,1.0,0.0,413,fixed_Medium
0.3,block3_h72_seed14,"3-block, H=72",0,0.518401937046005,0.8184019370460048,1.0,0.0,0.0,0.0,1.0,413,fixed_Full
0.3,block3_h72_seed14,"3-block, H=72",0,0.8786590077376454,0.9418886198547215,0.2107653737235873,0.87409200968523,0.05084745762711865,0.06053268765133172,0.014527845036319613,413,oracle_multicapacity
0.3,block3_h72_seed14,"3-block, H=72",0,0.7367470897251144,0.8087167070217918,0.2398987243222585,0.16707021791767554,0.6053268765133172,0.22760290556900725,0.0,413,ridge_expected_utility
0.3,block3_h72_seed14,"3-block, H=72",0,0.7782017607841298,0.8450363196125908,0.22278186276153686,0.6731234866828087,0.15254237288135594,0.17433414043583534,0.0,413,rf_expected_utility
0.3,block3_h72_seed14,"3-block, H=72",0,0.6072316389266593,0.8256658595641646,0.7281140687916843,0.3341404358353511,0.0,0.0,0.6658595641646489,413,logreg_oracle_label
0.3,block3_h72_seed14,"3-block, H=72",0,0.7009745936821463,0.7966101694915254,0.31878525269793034,0.5907990314769975,0.15738498789346247,0.12106537530266344,0.13075060532687652,413,rf_oracle_label
0.3,block3_h72_seed14,"3-block, H=72",1,0.718924683652338,0.774818401937046,0.18631239428236002,1.0,0.0,0.0,0.0,413,fixed_Tiny
0.3,block3_h72_seed14,"3-block, H=72",1,0.7895732589438689,0.8498789346246973,0.2010189189360956,0.0,1.0,0.0,0.0,413,fixed_Small
0.3,block3_h72_seed14,"3-block, H=72",1,0.7181386495113052,0.8329297820823245,0.38263710857006406,0.0,0.0,1.0,0.0,413,fixed_Medium
0.3,block3_h72_seed14,"3-block, H=72",1,0.5087167070217918,0.8087167070217918,1.0,0.0,0.0,0.0,1.0,413,fixed_Full
0.3,block3_h72_seed14,"3-block, H=72",1,0.8697583848613301,0.9322033898305084,0.2081500165639282,0.8426150121065376,0.09927360774818401,0.043583535108958835,0.014527845036319613,413,oracle_multicapacity
0.3,block3_h72_seed14,"3-block, H=72",1,0.7874590620089604,0.8619854721549637,0.24842136715334476,0.21549636803874092,0.5060532687651331,0.2784503631961259,0.0,413,ridge_expected_utility
0.3,block3_h72_seed14,"3-block, H=72",1,0.7658664605450869,0.8305084745762712,0.21547338010394787,0.7215496368038741,0.14043583535108958,0.13801452784503632,0.0,413,rf_expected_utility
0.3,block3_h72_seed14,"3-block, H=72",1,0.5956019937340143,0.8087167070217918,0.7103823776259247,0.3559322033898305,0.0,0.0,0.6440677966101694,413,logreg_oracle_label
0.3,block3_h72_seed14,"3-block, H=72",1,0.7396918377875624,0.837772397094431,0.32693519768956164,0.6464891041162227,0.1016949152542373,0.10653753026634383,0.14527845036319612,413,rf_oracle_label
0.3,block3_h72_seed14,"3-block, H=72",2,0.781878678809723,0.837772397094431,0.18631239428236002,1.0,0.0,0.0,0.0,413,fixed_Tiny
0.3,block3_h72_seed14,"3-block, H=72",2,0.7338831863046437,0.7941888619854721,0.2010189189360956,0.0,1.0,0.0,0.0,413,fixed_Small
0.3,block3_h72_seed14,"3-block, H=72",2,0.6963468819568258,0.8111380145278451,0.38263710857006406,0.0,0.0,1.0,0.0,413,fixed_Medium
0.3,block3_h72_seed14,"3-block, H=72",2,0.49661016949152553,0.7966101694915254,1.0,0.0,0.0,0.0,1.0,413,fixed_Full
0.3,block3_h72_seed14,"3-block, H=72",2,0.8715134041142992,0.9322033898305084,0.20229995238736426,0.9055690072639225,0.0387409200968523,0.048426150121065374,0.007263922518159807,413,oracle_multicapacity
0.3,block3_h72_seed14,"3-block, H=72",2,0.7654030938000231,0.8353510895883777,0.23315998596118234,0.17675544794188863,0.6319612590799032,0.19128329297820823,0.0,413,ridge_expected_utility
0.3,block3_h72_seed14,"3-block, H=72",2,0.7737152343530241,0.837772397094431,0.2135238758046896,0.7046004842615012,0.1694915254237288,0.12590799031476999,0.0,413,rf_expected_utility
0.3,block3_h72_seed14,"3-block, H=72",2,0.5924754658211985,0.801452784503632,0.6965910622747782,0.3728813559322034,0.0,0.0,0.6271186440677966,413,logreg_oracle_label
0.3,block3_h72_seed14,"3-block, H=72",2,0.7358796623302976,0.8280871670702179,0.307358349133068,0.6561743341404358,0.13317191283292978,0.0847457627118644,0.12590799031476999,413,rf_oracle_label
