state_id,side,action,start_dist,object_x0,object_y0,object_x1,object_y1,pusher_x0,pusher_y0,pusher_x1,pusher_y1,object_disp,pusher_disp,contact
0,left,stay,0.17907071836490396,0.05748453736305237,0.06673386693000793,0.05748453736305237,0.06673386693000793,-0.12158617377281189,0.06673386693000793,-0.12158617377281189,0.06673386693000793,0.0,0.0,0
0,left,right,0.17907071836490396,0.05748453736305237,0.06673386693000793,0.2302464246749878,0.06685976684093475,-0.12158617377281189,0.06673386693000793,0.12559248507022858,0.06672723591327667,0.172761932015419,0.24717865884304047,1
0,left,left,0.17907071836490396,0.05748453736305237,0.06673386693000793,0.05748453736305237,0.06673386693000793,-0.12158617377281189,0.06673386693000793,-0.37817466259002686,0.06673386693000793,0.0,0.25658848881721497,0
0,left,forward,0.17907071836490396,0.05748453736305237,0.06673386693000793,0.05748453736305237,0.06673386693000793,-0.12158617377281189,0.06673386693000793,-0.12158617377281189,0.3233223557472229,0.0,0.25658848881721497,0
0,left,backward,0.17907071836490396,0.05748453736305237,0.06673386693000793,0.05748453736305237,0.06673386693000793,-0.12158617377281189,0.06673386693000793,-0.12158617377281189,-0.18985462188720703,0.0,0.25658848881721497,0
1,right,stay,0.16444521623281516,-0.052633289247751236,0.029384668916463852,-0.052633289247751236,0.029384668916463852,0.11181193590164185,0.029384668916463852,0.11181193590164185,0.029384668916463852,0.0,0.0,0
1,right,right,0.16444521623281516,-0.052633289247751236,0.029384668916463852,-0.052633289247751236,0.029384668916463852,0.11181193590164185,0.029384668916463852,0.3684004247188568,0.029384668916463852,0.0,0.25658848881721497,0
1,right,left,0.16444521623281516,-0.052633289247751236,0.029384668916463852,-0.24349471926689148,0.029346909373998642,0.11181193590164185,0.029384668916463852,-0.13455604016780853,0.029386762529611588,0.19086143374443054,0.24636797606945038,1
1,right,forward,0.16444521623281516,-0.052633289247751236,0.029384668916463852,-0.052633289247751236,0.029384668916463852,0.11181193590164185,0.029384668916463852,0.11181193590164185,0.2859731614589691,0.0,0.25658848881721497,0
1,right,backward,0.16444521623281516,-0.052633289247751236,0.029384668916463852,-0.052633289247751236,0.029384668916463852,0.11181193590164185,0.029384668916463852,0.11181193590164185,-0.227203831076622,0.0,0.25658848881721497,0
2,back,stay,0.1589061183673141,-0.019528502598404884,-0.04680684208869934,-0.019528502598404884,-0.04680684208869934,-0.019528502598404884,-0.2057129591703415,-0.019528502598404884,-0.2057129591703415,0.0,0.0,0
2,back,right,0.1589061183673141,-0.019528502598404884,-0.04680684208869934,-0.019528502598404884,-0.04680684208869934,-0.019528502598404884,-0.2057129591703415,0.23705999553203583,-0.2057129591703415,0.0,0.25658848881721497,0
2,back,left,0.1589061183673141,-0.019528502598404884,-0.04680684208869934,-0.019528502598404884,-0.04680684208869934,-0.019528502598404884,-0.2057129591703415,-0.2761169970035553,-0.2057129591703415,0.0,0.25658848881721497,0
2,back,forward,0.1589061183673141,-0.019528502598404884,-0.04680684208869934,-0.019588200375437737,0.14123083651065826,-0.019528502598404884,-0.2057129591703415,-0.01952046900987625,0.04088431969285011,0.1880376935005188,0.2465972751379013,1
2,back,backward,0.1589061183673141,-0.019528502598404884,-0.04680684208869934,-0.019528502598404884,-0.04680684208869934,-0.019528502598404884,-0.2057129591703415,-0.019528502598404884,-0.46230146288871765,0.0,0.25658851861953735,0
3,front,stay,0.17946006907160045,-0.03430876135826111,-0.0749685987830162,-0.03430876135826111,-0.0749685987830162,-0.03430876135826111,0.1044914647936821,-0.03430876135826111,0.1044914647936821,0.0,0.0,0
3,front,right,0.17946006907160045,-0.03430876135826111,-0.0749685987830162,-0.03430876135826111,-0.0749685987830162,-0.03430876135826111,0.1044914647936821,0.22227972745895386,0.1044914647936821,0.0,0.25658848881721497,0
3,front,left,0.17946006907160045,-0.03430876135826111,-0.0749685987830162,-0.03430876135826111,-0.0749685987830162,-0.03430876135826111,0.1044914647936821,-0.2908972501754761,0.1044914647936821,0.0,0.25658848881721497,0
3,front,forward,0.17946006907160045,-0.03430876135826111,-0.0749685987830162,-0.03430876135826111,-0.0749685987830162,-0.03430876135826111,0.1044914647936821,-0.03430876135826111,0.36107996106147766,0.0,0.25658848881721497,0
3,front,backward,0.17946006907160045,-0.03430876135826111,-0.0749685987830162,-0.03432036563754082,-0.26359280943870544,-0.03430876135826111,0.1044914647936821,-0.03430834785103798,-0.14197058975696564,0.18862420320510864,0.24646204710006714,1
4,left,stay,0.16598945364299683,0.01578790694475174,0.07841851562261581,0.01578790694475174,0.07841851562261581,-0.15020155906677246,0.07841851562261581,-0.15020155906677246,0.07841851562261581,0.0,0.0,0
4,left,right,0.16598945364299683,0.01578790694475174,0.07841851562261581,0.19714638590812683,0.07831326872110367,-0.15020155906677246,0.07841851562261581,0.09669347107410431,0.07843811064958572,0.18135851621627808,0.24689503014087677,1
4,left,left,0.16598945364299683,0.01578790694475174,0.07841851562261581,0.01578790694475174,0.07841851562261581,-0.15020155906677246,0.07841851562261581,-0.4067900478839874,0.07841851562261581,0.0,0.25658848881721497,0
4,left,forward,0.16598945364299683,0.01578790694475174,0.07841851562261581,0.01578790694475174,0.07841851562261581,-0.15020155906677246,0.07841851562261581,-0.15020155906677246,0.3350070118904114,0.0,0.25658848881721497,0
4,left,backward,0.16598945364299683,0.01578790694475174,0.07841851562261581,0.01578790694475174,0.07841851562261581,-0.15020155906677246,0.07841851562261581,-0.15020155906677246,-0.17816998064517975,0.0,0.25658848881721497,0
5,right,stay,0.147149283573837,-0.015955215319991112,-0.025253823027014732,-0.015955215319991112,-0.025253823027014732,0.131194069981575,-0.025253823027014732,0.131194069981575,-0.025253823027014732,0.0,0.0,0
5,right,right,0.147149283573837,-0.015955215319991112,-0.025253823027014732,-0.015955215319991112,-0.025253823027014732,0.131194069981575,-0.025253823027014732,0.38778257369995117,-0.025253823027014732,0.0,0.25658851861953735,0
5,right,left,0.147149283573837,-0.015955215319991112,-0.025253823027014732,-0.2186059057712555,-0.02538011409342289,0.131194069981575,-0.025253823027014732,-0.11472462117671967,-0.025240475311875343,0.2026507407426834,0.24591869115829468,1
5,right,forward,0.147149283573837,-0.015955215319991112,-0.025253823027014732,-0.015955215319991112,-0.025253823027014732,0.131194069981575,-0.025253823027014732,0.131194069981575,0.23133467137813568,0.0,0.25658848881721497,0
5,right,backward,0.147149283573837,-0.015955215319991112,-0.025253823027014732,-0.015955215319991112,-0.025253823027014732,0.131194069981575,-0.025253823027014732,0.131194069981575,-0.28184232115745544,0.0,0.25658848881721497,0
6,back,stay,0.15660854281106892,-0.052838053554296494,-0.050847508013248444,-0.052838053554296494,-0.050847508013248444,-0.052838053554296494,-0.2074560523033142,-0.052838053554296494,-0.2074560523033142,0.0,0.0,0
6,back,right,0.15660854281106892,-0.052838053554296494,-0.050847508013248444,-0.052838053554296494,-0.050847508013248444,-0.052838053554296494,-0.2074560523033142,0.20375044643878937,-0.2074560523033142,0.0,0.25658848881721497,0
6,back,left,0.15660854281106892,-0.052838053554296494,-0.050847508013248444,-0.052838053554296494,-0.050847508013248444,-0.052838053554296494,-0.2074560523033142,-0.30942654609680176,-0.2074560523033142,0.0,0.25658848881721497,0
6,back,forward,0.15660854281106892,-0.052838053554296494,-0.050847508013248444,-0.05279397964477539,0.1442539095878601,-0.052838053554296494,-0.2074560523033142,-0.05284010246396065,0.038831569254398346,0.19510142505168915,0.24628761410713196,1
6,back,backward,0.15660854281106892,-0.052838053554296494,-0.050847508013248444,-0.052838053554296494,-0.050847508013248444,-0.052838053554296494,-0.2074560523033142,-0.052838053554296494,-0.4640445411205292,0.0,0.25658848881721497,0
7,front,stay,0.14937020414447835,0.054349225014448166,-0.005381441675126553,0.054349225014448166,-0.005381441675126553,0.054349225014448166,0.14398877322673798,0.054349225014448166,0.14398877322673798,0.0,0.0,0
7,front,right,0.14937020414447835,0.054349225014448166,-0.005381441675126553,0.054349225014448166,-0.005381441675126553,0.054349225014448166,0.14398877322673798,0.3109377324581146,0.14398877322673798,0.0,0.25658851861953735,0
7,front,left,0.14937020414447835,0.054349225014448166,-0.005381441675126553,0.054349225014448166,-0.005381441675126553,0.054349225014448166,0.14398877322673798,-0.2022392749786377,0.14398877322673798,0.0,0.25658848881721497,0
7,front,forward,0.14937020414447835,0.054349225014448166,-0.005381441675126553,0.054349225014448166,-0.005381441675126553,0.054349225014448166,0.14398877322673798,0.054349225014448166,0.40057727694511414,0.0,0.25658851861953735,0
7,front,backward,0.14937020414447835,0.054349225014448166,-0.005381441675126553,0.05426942557096481,-0.2040349692106247,0.054349225014448166,0.14398877322673798,0.054358579218387604,-0.10217452049255371,0.19865354895591736,0.2461632937192917,1
8,left,stay,0.14628562030632572,0.01576593518257141,0.04135145992040634,0.01576593518257141,0.04135145992040634,-0.13051968812942505,0.04135145992040634,-0.13051968812942505,0.04135145992040634,0.0,0.0,0
8,left,right,0.14628562030632572,0.01576593518257141,0.04135145992040634,0.2246244251728058,0.0414932481944561,-0.13051968812942505,0.04135145992040634,0.115117147564888,0.04134016111493111,0.20885853469371796,0.24563683569431305,1
8,left,left,0.14628562030632572,0.01576593518257141,0.04135145992040634,0.01576593518257141,0.04135145992040634,-0.13051968812942505,0.04135145992040634,-0.38710817694664,0.04135145992040634,0.0,0.25658848881721497,0
8,left,forward,0.14628562030632572,0.01576593518257141,0.04135145992040634,0.01576593518257141,0.04135145992040634,-0.13051968812942505,0.04135145992040634,-0.13051968812942505,0.2979399561882019,0.0,0.25658848881721497,0
8,left,backward,0.14628562030632572,0.01576593518257141,0.04135145992040634,0.01576593518257141,0.04135145992040634,-0.13051968812942505,0.04135145992040634,-0.13051968812942505,-0.21523703634738922,0.0,0.25658848881721497,0
9,right,stay,0.16080180739534516,-0.06462308019399643,0.021809201687574387,-0.06462308019399643,0.021809201687574387,0.09617873281240463,0.021809201687574387,0.09617873281240463,0.021809201687574387,0.0,0.0,0
9,right,right,0.16080180739534516,-0.06462308019399643,0.021809201687574387,-0.06462308019399643,0.021809201687574387,0.09617873281240463,0.021809201687574387,0.3527672290802002,0.021809201687574387,0.0,0.25658848881721497,0
9,right,left,0.16080180739534516,-0.06462308019399643,0.021809201687574387,-0.25125694274902344,0.02183033525943756,0.09617873281240463,0.021809201687574387,-0.1505337804555893,0.021806687116622925,0.1866338551044464,0.24671250581741333,1
9,right,forward,0.16080180739534516,-0.06462308019399643,0.021809201687574387,-0.06462308019399643,0.021809201687574387,0.09617873281240463,0.021809201687574387,0.09617873281240463,0.27839770913124084,0.0,0.25658851861953735,0
9,right,backward,0.16080180739534516,-0.06462308019399643,0.021809201687574387,-0.06462308019399643,0.021809201687574387,0.09617873281240463,0.021809201687574387,0.09617873281240463,-0.23477929830551147,0.0,0.25658848881721497,0
10,back,stay,0.16299158372433903,0.0788559541106224,0.07250698655843735,0.0788559541106224,0.07250698655843735,0.0788559541106224,-0.09048459678888321,0.0788559541106224,-0.09048459678888321,0.0,0.0,0
10,back,right,0.16299158372433903,0.0788559541106224,0.07250698655843735,0.0788559541106224,0.07250698655843735,0.0788559541106224,-0.09048459678888321,0.33544445037841797,-0.09048459678888321,0.0,0.25658848881721497,0
10,back,left,0.16299158372433903,0.0788559541106224,0.07250698655843735,0.0788559541106224,0.07250698655843735,0.0788559541106224,-0.09048459678888321,-0.17773254215717316,-0.09048459678888321,0.0,0.25658848881721497,0
10,back,forward,0.16299158372433903,0.0788559541106224,0.07250698655843735,0.07887378334999084,0.2563210427761078,0.0788559541106224,-0.09048459678888321,0.0788532942533493,0.1563054770231247,0.18381404876708984,0.2467900812625885,1
10,back,backward,0.16299158372433903,0.0788559541106224,0.07250698655843735,0.0788559541106224,0.07250698655843735,0.0788559541106224,-0.09048459678888321,0.0788559541106224,-0.3470730781555176,0.0,0.25658848881721497,0
11,front,stay,0.1579549650925643,0.08589670062065125,-0.030071774497628212,0.08589670062065125,-0.030071774497628212,0.08589670062065125,0.127883180975914,0.08589670062065125,0.127883180975914,0.0,0.0,0
11,front,right,0.1579549650925643,0.08589670062065125,-0.030071774497628212,0.08589670062065125,-0.030071774497628212,0.08589670062065125,0.127883180975914,0.3424851894378662,0.127883180975914,0.0,0.25658848881721497,0
11,front,left,0.1579549650925643,0.08589670062065125,-0.030071774497628212,0.08589670062065125,-0.030071774497628212,0.08589670062065125,0.127883180975914,-0.17069178819656372,0.127883180975914,0.0,0.25658848881721497,0
11,front,forward,0.1579549650925643,0.08589670062065125,-0.030071774497628212,0.08589670062065125,-0.030071774497628212,0.08589670062065125,0.127883180975914,0.08589670062065125,0.38447168469429016,0.0,0.25658851861953735,0
11,front,backward,0.1579549650925643,0.08589670062065125,-0.030071774497628212,0.08601628243923187,-0.22017505764961243,0.08589670062065125,0.127883180975914,0.0858817920088768,-0.11862079054117203,0.19010332226753235,0.24650397896766663,1
12,left,stay,0.1516837901033168,0.06096683070063591,-0.012080459855496883,0.06096683070063591,-0.012080459855496883,-0.09071695804595947,-0.012080459855496883,-0.09071695804595947,-0.012080459855496883,0.0,0.0,0
12,left,right,0.1516837901033168,0.06096683070063591,-0.012080459855496883,0.27367860078811646,-0.011914274655282497,-0.09071695804595947,-0.012080459855496883,0.15479546785354614,-0.012087353505194187,0.21271182596683502,0.24551242589950562,1
12,left,left,0.1516837901033168,0.06096683070063591,-0.012080459855496883,0.06096683070063591,-0.012080459855496883,-0.09071695804595947,-0.012080459855496883,-0.34730544686317444,-0.012080459855496883,0.0,0.25658848881721497,0
12,left,forward,0.1516837901033168,0.06096683070063591,-0.012080459855496883,0.06096683070063591,-0.012080459855496883,-0.09071695804595947,-0.012080459855496883,-0.09071695804595947,0.2445080429315567,0.0,0.25658848881721497,0
12,left,backward,0.1516837901033168,0.06096683070063591,-0.012080459855496883,0.06096683070063591,-0.012080459855496883,-0.09071695804595947,-0.012080459855496883,-0.09071695804595947,-0.2686689496040344,0.0,0.25658848881721497,0
13,right,stay,0.16247624368999308,-0.017114313319325447,-0.016211088746786118,-0.017114313319325447,-0.016211088746786118,0.14536193013191223,-0.016211088746786118,0.14536193013191223,-0.016211088746786118,0.0,0.0,0
13,right,right,0.16247624368999308,-0.017114313319325447,-0.016211088746786118,-0.017114313319325447,-0.016211088746786118,0.14536193013191223,-0.016211088746786118,0.4019504189491272,-0.016211088746786118,0.0,0.25658848881721497,0
13,right,left,0.16247624368999308,-0.017114313319325447,-0.016211088746786118,-0.22263844311237335,-0.016187243163585663,0.14536193013191223,-0.016211088746786118,-0.10048219561576843,-0.016212375834584236,0.20552413165569305,0.24584412574768066,1
13,right,forward,0.16247624368999308,-0.017114313319325447,-0.016211088746786118,-0.017114313319325447,-0.016211088746786118,0.14536193013191223,-0.016211088746786118,0.14536193013191223,0.24037741124629974,0.0,0.25658848881721497,0
13,right,backward,0.16247624368999308,-0.017114313319325447,-0.016211088746786118,-0.017114313319325447,-0.016211088746786118,0.14536193013191223,-0.016211088746786118,0.14536193013191223,-0.2727995812892914,0.0,0.25658848881721497,0
14,back,stay,0.15293264678425833,-0.04906254634261131,0.07142992317676544,-0.04906254634261131,0.07142992317676544,-0.04906254634261131,-0.08150272071361542,-0.04906254634261131,-0.08150272071361542,0.0,0.0,0
14,back,right,0.15293264678425833,-0.04906254634261131,0.07142992317676544,-0.04906254634261131,0.07142992317676544,-0.04906254634261131,-0.08150272071361542,0.20752595365047455,-0.08150272071361542,0.0,0.25658848881721497,0
14,back,left,0.15293264678425833,-0.04906254634261131,0.07142992317676544,-0.04906254634261131,0.07142992317676544,-0.04906254634261131,-0.08150272071361542,-0.3056510388851166,-0.08150272071361542,0.0,0.25658848881721497,0
14,back,forward,0.15293264678425833,-0.04906254634261131,0.07142992317676544,-0.0489792637526989,0.2650364637374878,-0.04906254634261131,-0.08150272071361542,-0.04907796531915665,0.16475650668144226,0.19360655546188354,0.24625922739505768,1
14,back,backward,0.15293264678425833,-0.04906254634261131,0.07142992317676544,-0.04906254634261131,0.07142992317676544,-0.04906254634261131,-0.08150272071361542,-0.04906254634261131,-0.3380912244319916,0.0,0.25658851861953735,0
15,front,stay,0.15197428429345278,0.07222616672515869,0.09755939245223999,0.07222616672515869,0.09755939245223999,0.07222616672515869,0.24953368306159973,0.07222616672515869,0.24953368306159973,0.0,0.0,0
15,front,right,0.15197428429345278,0.07222616672515869,0.09755939245223999,0.07222616672515869,0.09755939245223999,0.07222616672515869,0.24953368306159973,0.32881465554237366,0.24953368306159973,0.0,0.25658848881721497,0
15,front,left,0.15197428429345278,0.07222616672515869,0.09755939245223999,0.07222616672515869,0.09755939245223999,0.07222616672515869,0.24953368306159973,-0.18436232209205627,0.24953368306159973,0.0,0.25658848881721497,0
15,front,forward,0.15197428429345278,0.07222616672515869,0.09755939245223999,0.07222616672515869,0.09755939245223999,0.07222616672515869,0.24953368306159973,0.07222616672515869,0.5061221718788147,0.0,0.25658848881721497,0
15,front,backward,0.15197428429345278,0.07222616672515869,0.09755939245223999,0.07208168506622314,-0.09804350137710571,0.07222616672515869,0.24953368306159973,0.07224506884813309,0.0033658556640148163,0.19560295343399048,0.24616782367229462,1
16,left,stay,0.15977495555276655,0.011291216127574444,-0.024976514279842377,0.011291216127574444,-0.024976514279842377,-0.1484837383031845,-0.024976514279842377,-0.1484837383031845,-0.024976514279842377,0.0,0.0,0
16,left,right,0.15977495555276655,0.011291216127574444,-0.024976514279842377,0.21948422491550446,-0.025021731853485107,-0.1484837383031845,-0.024976514279842377,0.09719771146774292,-0.024974100291728973,0.20819300413131714,0.24568144977092743,1
16,left,left,0.15977495555276655,0.011291216127574444,-0.024976514279842377,0.011291216127574444,-0.024976514279842377,-0.1484837383031845,-0.024976514279842377,-0.40507224202156067,-0.024976514279842377,0.0,0.25658851861953735,0
16,left,forward,0.15977495555276655,0.011291216127574444,-0.024976514279842377,0.011291216127574444,-0.024976514279842377,-0.1484837383031845,-0.024976514279842377,-0.1484837383031845,0.23161198198795319,0.0,0.25658848881721497,0
16,left,backward,0.15977495555276655,0.011291216127574444,-0.024976514279842377,0.011291216127574444,-0.024976514279842377,-0.1484837383031845,-0.024976514279842377,-0.1484837383031845,-0.28156501054763794,0.0,0.25658848881721497,0
17,right,stay,0.1603237717919675,0.0008365486282855272,-0.003564682090654969,0.0008365486282855272,-0.003564682090654969,0.16116032004356384,-0.003564682090654969,0.16116032004356384,-0.003564682090654969,0.0,0.0,0
17,right,right,0.1603237717919675,0.0008365486282855272,-0.003564682090654969,0.0008365486282855272,-0.003564682090654969,0.16116032004356384,-0.003564682090654969,0.4177488088607788,-0.003564682090654969,0.0,0.25658848881721497,0
17,right,left,0.1603237717919675,0.0008365486282855272,-0.003564682090654969,-0.20666107535362244,-0.003589758649468422,0.16116032004356384,-0.003564682090654969,-0.08444483578205109,-0.003563282545655966,0.20749762654304504,0.24560515582561493,1
17,right,forward,0.1603237717919675,0.0008365486282855272,-0.003564682090654969,0.0008365486282855272,-0.003564682090654969,0.16116032004356384,-0.003564682090654969,0.16116032004356384,0.25302380323410034,0.0,0.25658848881721497,0
17,right,backward,0.1603237717919675,0.0008365486282855272,-0.003564682090654969,0.0008365486282855272,-0.003564682090654969,0.16116032004356384,-0.003564682090654969,0.16116032004356384,-0.2601531744003296,0.0,0.25658848881721497,0
18,back,stay,0.1476969149592639,0.017114927992224693,-0.0832458958029747,0.017114927992224693,-0.0832458958029747,0.017114927992224693,-0.23094281554222107,0.017114927992224693,-0.23094281554222107,0.0,0.0,0
18,back,right,0.1476969149592639,0.017114927992224693,-0.0832458958029747,0.017114927992224693,-0.0832458958029747,0.017114927992224693,-0.23094281554222107,0.2737034261226654,-0.23094281554222107,0.0,0.25658848881721497,0
18,back,left,0.1476969149592639,0.017114927992224693,-0.0832458958029747,0.017114927992224693,-0.0832458958029747,0.017114927992224693,-0.23094281554222107,-0.23947356641292572,-0.23094281554222107,0.0,0.25658848881721497,0
18,back,forward,0.1476969149592639,0.017114927992224693,-0.0832458958029747,0.017137305811047554,0.1150679960846901,0.017114927992224693,-0.23094281554222107,0.017111973837018013,0.014957304112613201,0.1983138918876648,0.24590012431144714,1
18,back,backward,0.1476969149592639,0.017114927992224693,-0.0832458958029747,0.017114927992224693,-0.0832458958029747,0.017114927992224693,-0.23094281554222107,0.017114927992224693,-0.48753130435943604,0.0,0.25658848881721497,0
19,front,stay,0.16894690637472387,-0.09603095054626465,0.028960123658180237,-0.09603095054626465,0.028960123658180237,-0.09603095054626465,0.19790703058242798,-0.09603095054626465,0.19790703058242798,0.0,0.0,0
19,front,right,0.16894690637472387,-0.09603095054626465,0.028960123658180237,-0.09603095054626465,0.028960123658180237,-0.09603095054626465,0.19790703058242798,0.16055753827095032,0.19790703058242798,0.0,0.25658848881721497,0
19,front,left,0.16894690637472387,-0.09603095054626465,0.028960123658180237,-0.09603095054626465,0.028960123658180237,-0.09603095054626465,0.19790703058242798,-0.3526194393634796,0.19790703058242798,0.0,0.25658848881721497,0
19,front,forward,0.16894690637472387,-0.09603095054626465,0.028960123658180237,-0.09603095054626465,0.028960123658180237,-0.09603095054626465,0.19790703058242798,-0.09603095054626465,0.45449551939964294,0.0,0.25658848881721497,0
19,front,backward,0.16894690637472387,-0.09603095054626465,0.028960123658180237,-0.09619098901748657,-0.16716763377189636,-0.09603095054626465,0.19790703058242798,-0.09602266550064087,-0.048215191811323166,0.19612781703472137,0.24612222611904144,1
20,left,stay,0.15153027545149877,-0.03205703943967819,0.07071699947118759,-0.03205703943967819,0.07071699947118759,-0.18358731269836426,0.07071699947118759,-0.18358731269836426,0.07071699947118759,0.0,0.0,0
20,left,right,0.15153027545149877,-0.03205703943967819,0.07071699947118759,0.17621642351150513,0.0704670324921608,-0.18358731269836426,0.07071699947118759,0.062088415026664734,0.07072959095239639,0.20827361941337585,0.245675727725029,1
20,left,left,0.15153027545149877,-0.03205703943967819,0.07071699947118759,-0.03205703943967819,0.07071699947118759,-0.18358731269836426,0.07071699947118759,-0.4401758015155792,0.07071699947118759,0.0,0.25658848881721497,0
20,left,forward,0.15153027545149877,-0.03205703943967819,0.07071699947118759,-0.03205703943967819,0.07071699947118759,-0.18358731269836426,0.07071699947118759,-0.18358731269836426,0.32730549573898315,0.0,0.25658848881721497,0
20,left,backward,0.15153027545149877,-0.03205703943967819,0.07071699947118759,-0.03205703943967819,0.07071699947118759,-0.18358731269836426,0.07071699947118759,-0.18358731269836426,-0.18587149679660797,0.0,0.25658848881721497,0
21,right,stay,0.17945874087527994,-0.00410021748393774,0.05987197905778885,-0.00410021748393774,0.05987197905778885,0.17535851895809174,0.05987197905778885,0.17535851895809174,0.05987197905778885,0.0,0.0,0
21,right,right,0.17945874087527994,-0.00410021748393774,0.05987197905778885,-0.00410021748393774,0.05987197905778885,0.17535851895809174,0.05987197905778885,0.4319470226764679,0.05987197905778885,0.0,0.25658851861953735,0
21,right,left,0.17945874087527994,-0.00410021748393774,0.05987197905778885,-0.18023476004600525,0.0599939189851284,0.17535851895809174,0.05987197905778885,-0.07166141271591187,0.05985940247774124,0.17613458633422852,0.2470199316740036,1
21,right,forward,0.17945874087527994,-0.00410021748393774,0.05987197905778885,-0.00410021748393774,0.05987197905778885,0.17535851895809174,0.05987197905778885,0.17535851895809174,0.3164604604244232,0.0,0.25658848881721497,0
21,right,backward,0.17945874087527994,-0.00410021748393774,0.05987197905778885,-0.00410021748393774,0.05987197905778885,0.17535851895809174,0.05987197905778885,0.17535851895809174,-0.1967165172100067,0.0,0.25658848881721497,0
22,back,stay,0.17838284640239152,0.0181228369474411,-0.018383046612143517,0.0181228369474411,-0.018383046612143517,0.0181228369474411,-0.19676588475704193,0.0181228369474411,-0.19676588475704193,0.0,0.0,0
22,back,right,0.17838284640239152,0.0181228369474411,-0.018383046612143517,0.0181228369474411,-0.018383046612143517,0.0181228369474411,-0.19676588475704193,0.27471134066581726,-0.19676588475704193,0.0,0.25658851861953735,0
22,back,left,0.17838284640239152,0.0181228369474411,-0.018383046612143517,0.0181228369474411,-0.018383046612143517,0.0181228369474411,-0.19676588475704193,-0.23846565186977386,-0.19676588475704193,0.0,0.25658848881721497,0
22,back,forward,0.17838284640239152,0.0181228369474411,-0.018383046612143517,0.018092602491378784,0.17180590331554413,0.0181228369474411,-0.19676588475704193,0.018123963847756386,0.04957994073629379,0.1901889443397522,0.24634581804275513,1
22,back,backward,0.17838284640239152,0.0181228369474411,-0.018383046612143517,0.0181228369474411,-0.018383046612143517,0.0181228369474411,-0.19676588475704193,0.0181228369474411,-0.4533543884754181,0.0,0.25658851861953735,0
23,front,stay,0.14707396917880744,-0.057890087366104126,-0.0683910921216011,-0.057890087366104126,-0.0683910921216011,-0.057890087366104126,0.07868287712335587,-0.057890087366104126,0.07868287712335587,0.0,0.0,0
23,front,right,0.14707396917880744,-0.057890087366104126,-0.0683910921216011,-0.057890087366104126,-0.0683910921216011,-0.057890087366104126,0.07868287712335587,0.19869840145111084,0.07868287712335587,0.0,0.25658848881721497,0
23,front,left,0.14707396917880744,-0.057890087366104126,-0.0683910921216011,-0.057890087366104126,-0.0683910921216011,-0.057890087366104126,0.07868287712335587,-0.3144785761833191,0.07868287712335587,0.0,0.25658848881721497,0
23,front,forward,0.14707396917880744,-0.057890087366104126,-0.0683910921216011,-0.057890087366104126,-0.0683910921216011,-0.057890087366104126,0.07868287712335587,-0.057890087366104126,0.33527135848999023,0.0,0.25658848881721497,0
23,front,backward,0.14707396917880744,-0.057890087366104126,-0.0683910921216011,-0.05785520374774933,-0.2735573351383209,-0.057890087366104126,0.07868287712335587,-0.05789193511009216,-0.16701412200927734,0.20516625046730042,0.2456969916820526,1
24,left,stay,0.1783550815754351,-0.04207981377840042,0.0033023376017808914,-0.04207981377840042,0.0033023376017808914,-0.22043490409851074,0.0033023376017808914,-0.22043490409851074,0.0033023376017808914,0.0,0.0,0
24,left,right,0.1783550815754351,-0.04207981377840042,0.0033023376017808914,0.1418474167585373,0.003523549297824502,-0.22043490409851074,0.0033023376017808914,0.026323901489377022,0.0032940383534878492,0.18392737209796906,0.24675880372524261,1
24,left,left,0.1783550815754351,-0.04207981377840042,0.0033023376017808914,-0.04207981377840042,0.0033023376017808914,-0.22043490409851074,0.0033023376017808914,-0.4770233929157257,0.0033023376017808914,0.0,0.25658848881721497,0
24,left,forward,0.1783550815754351,-0.04207981377840042,0.0033023376017808914,-0.04207981377840042,0.0033023376017808914,-0.22043490409851074,0.0033023376017808914,-0.22043490409851074,0.2598908245563507,0.0,0.25658848881721497,0
24,left,backward,0.1783550815754351,-0.04207981377840042,0.0033023376017808914,-0.04207981377840042,0.0033023376017808914,-0.22043490409851074,0.0033023376017808914,-0.22043490409851074,-0.2532861530780792,0.0,0.25658848881721497,0
25,right,stay,0.14971369962529046,0.07695857435464859,-0.035286277532577515,0.07695857435464859,-0.035286277532577515,0.22667226195335388,-0.035286277532577515,0.22667226195335388,-0.035286277532577515,0.0,0.0,0
25,right,right,0.14971369962529046,0.07695857435464859,-0.035286277532577515,0.07695857435464859,-0.035286277532577515,0.22667226195335388,-0.035286277532577515,0.48326075077056885,-0.035286277532577515,0.0,0.25658848881721497,0
25,right,left,0.14971369962529046,0.07695857435464859,-0.035286277532577515,-0.128692165017128,-0.0354938805103302,0.22667226195335388,-0.035286277532577515,-0.018911153078079224,-0.03527352586388588,0.20565085113048553,0.2455834150314331,1
25,right,forward,0.14971369962529046,0.07695857435464859,-0.035286277532577515,0.07695857435464859,-0.035286277532577515,0.22667226195335388,-0.035286277532577515,0.22667226195335388,0.22130221128463745,0.0,0.25658848881721497,0
25,right,backward,0.14971369962529046,0.07695857435464859,-0.035286277532577515,0.07695857435464859,-0.035286277532577515,0.22667226195335388,-0.035286277532577515,0.22667226195335388,-0.2918747663497925,0.0,0.25658848881721497,0
26,back,stay,0.1477323438920017,-0.033613137900829315,0.06656961888074875,-0.033613137900829315,0.06656961888074875,-0.033613137900829315,-0.08116272836923599,-0.033613137900829315,-0.08116272836923599,0.0,0.0,0
26,back,right,0.1477323438920017,-0.033613137900829315,0.06656961888074875,-0.033613137900829315,0.06656961888074875,-0.033613137900829315,-0.08116272836923599,0.22297535836696625,-0.08116272836923599,0.0,0.25658848881721497,0
26,back,left,0.1477323438920017,-0.033613137900829315,0.06656961888074875,-0.033613137900829315,0.06656961888074875,-0.033613137900829315,-0.08116272836923599,-0.2902016341686249,-0.08116272836923599,0.0,0.25658848881721497,0
26,back,forward,0.1477323438920017,-0.033613137900829315,0.06656961888074875,-0.033639512956142426,0.2649060785770416,-0.033613137900829315,-0.08116272836923599,-0.03360980004072189,0.16473324596881866,0.19833645224571228,0.24589598178863525,1
26,back,backward,0.1477323438920017,-0.033613137900829315,0.06656961888074875,-0.033613137900829315,0.06656961888074875,-0.033613137900829315,-0.08116272836923599,-0.033613137900829315,-0.33775120973587036,0.0,0.25658848881721497,0
27,front,stay,0.1619415093466837,-0.06521088629961014,0.011782469227910042,-0.06521088629961014,0.011782469227910042,-0.06521088629961014,0.1737239807844162,-0.06521088629961014,0.1737239807844162,0.0,0.0,0
27,front,right,0.1619415093466837,-0.06521088629961014,0.011782469227910042,-0.06521088629961014,0.011782469227910042,-0.06521088629961014,0.1737239807844162,0.19137760996818542,0.1737239807844162,0.0,0.25658848881721497,0
27,front,left,0.1619415093466837,-0.06521088629961014,0.011782469227910042,-0.06521088629961014,0.011782469227910042,-0.06521088629961014,0.1737239807844162,-0.3217993676662445,0.1737239807844162,0.0,0.25658848881721497,0
27,front,forward,0.1619415093466837,-0.06521088629961014,0.011782469227910042,-0.06521088629961014,0.011782469227910042,-0.06521088629961014,0.1737239807844162,-0.06521088629961014,0.43031248450279236,0.0,0.25658851861953735,0
27,front,backward,0.1619415093466837,-0.06521088629961014,0.011782469227910042,-0.06522442400455475,-0.19134706258773804,-0.06521088629961014,0.1737239807844162,-0.06521005928516388,-0.0722273588180542,0.20312952995300293,0.2459513396024704,1
28,left,stay,0.16634463577411143,0.0210652407258749,-0.09654565155506134,0.0210652407258749,-0.09654565155506134,-0.1452794075012207,-0.09654565155506134,-0.1452794075012207,-0.09654565155506134,0.0,0.0,0
28,left,right,0.16634463577411143,0.0210652407258749,-0.09654565155506134,0.2045590579509735,-0.0963548868894577,-0.1452794075012207,-0.09654565155506134,0.1014707013964653,-0.09656448662281036,0.18349392712116241,0.2467501163482666,1
28,left,left,0.16634463577411143,0.0210652407258749,-0.09654565155506134,0.0210652407258749,-0.09654565155506134,-0.1452794075012207,-0.09654565155506134,-0.40186789631843567,-0.09654565155506134,0.0,0.25658848881721497,0
28,left,forward,0.16634463577411143,0.0210652407258749,-0.09654565155506134,0.0210652407258749,-0.09654565155506134,-0.1452794075012207,-0.09654565155506134,-0.1452794075012207,0.16004283726215363,0.0,0.25658848881721497,0
28,left,backward,0.16634463577411143,0.0210652407258749,-0.09654565155506134,0.0210652407258749,-0.09654565155506134,-0.1452794075012207,-0.09654565155506134,-0.1452794075012207,-0.3531341552734375,0.0,0.25658851861953735,0
29,right,stay,0.1678444770154291,-0.07550071179866791,-0.07784303277730942,-0.07550071179866791,-0.07784303277730942,0.0923437625169754,-0.07784303277730942,0.0923437625169754,-0.07784303277730942,0.0,0.0,0
29,right,right,0.1678444770154291,-0.07550071179866791,-0.07784303277730942,-0.07550071179866791,-0.07784303277730942,0.0923437625169754,-0.07784303277730942,0.34893226623535156,-0.07784303277730942,0.0,0.25658851861953735,0
29,right,left,0.1678444770154291,-0.07550071179866791,-0.07784303277730942,-0.27470842003822327,-0.0778852254152298,0.0923437625169754,-0.07784303277730942,-0.15368224680423737,-0.0778404250741005,0.19920770823955536,0.24602600932121277,1
29,right,forward,0.1678444770154291,-0.07550071179866791,-0.07784303277730942,-0.07550071179866791,-0.07784303277730942,0.0923437625169754,-0.07784303277730942,0.0923437625169754,0.17874546349048615,0.0,0.25658848881721497,0
29,right,backward,0.1678444770154291,-0.07550071179866791,-0.07784303277730942,-0.07550071179866791,-0.07784303277730942,0.0923437625169754,-0.07784303277730942,0.0923437625169754,-0.334431529045105,0.0,0.25658848881721497,0
30,back,stay,0.1692550702051988,0.0988907590508461,0.04188522696495056,0.0988907590508461,0.04188522696495056,0.0988907590508461,-0.12736983597278595,0.0988907590508461,-0.12736983597278595,0.0,0.0,0
30,back,right,0.1692550702051988,0.0988907590508461,0.04188522696495056,0.0988907590508461,0.04188522696495056,0.0988907590508461,-0.12736983597278595,0.35547924041748047,-0.12736983597278595,0.0,0.25658848881721497,0
30,back,left,0.1692550702051988,0.0988907590508461,0.04188522696495056,0.0988907590508461,0.04188522696495056,0.0988907590508461,-0.12736983597278595,-0.15769773721694946,-0.12736983597278595,0.0,0.25658848881721497,0
30,back,forward,0.1692550702051988,0.0988907590508461,0.04188522696495056,0.09894827008247375,0.22682611644268036,0.0988907590508461,-0.12736983597278595,0.09888791292905807,0.11943822354078293,0.1849408894777298,0.24680805206298828,1
30,back,backward,0.1692550702051988,0.0988907590508461,0.04188522696495056,0.0988907590508461,0.04188522696495056,0.0988907590508461,-0.12736983597278595,0.0988907590508461,-0.3839583396911621,0.0,0.25658851861953735,0
31,front,stay,0.1479336302624621,0.01063692569732666,-0.08048374205827713,0.01063692569732666,-0.08048374205827713,0.01063692569732666,0.0674498900771141,0.01063692569732666,0.0674498900771141,0.0,0.0,0
31,front,right,0.1479336302624621,0.01063692569732666,-0.08048374205827713,0.01063692569732666,-0.08048374205827713,0.01063692569732666,0.0674498900771141,0.2672254145145416,0.0674498900771141,0.0,0.25658848881721497,0
31,front,left,0.1479336302624621,0.01063692569732666,-0.08048374205827713,0.01063692569732666,-0.08048374205827713,0.01063692569732666,0.0674498900771141,-0.2459515631198883,0.0674498900771141,0.0,0.25658848881721497,0
31,front,forward,0.1479336302624621,0.01063692569732666,-0.08048374205827713,0.01063692569732666,-0.08048374205827713,0.01063692569732666,0.0674498900771141,0.01063692569732666,0.32403838634490967,0.0,0.25658848881721497,0
31,front,backward,0.1479336302624621,0.01063692569732666,-0.08048374205827713,0.01059847790747881,-0.2788417935371399,0.01063692569732666,0.0674498900771141,0.010641869157552719,-0.17845088243484497,0.19835805892944336,0.24590077996253967,1
32,left,stay,0.14668556424113036,-0.05433923006057739,-0.031271032989025116,-0.05433923006057739,-0.031271032989025116,-0.20102480053901672,-0.031271032989025116,-0.20102480053901672,-0.031271032989025116,0.0,0.0,0
32,left,right,0.14668556424113036,-0.05433923006057739,-0.031271032989025116,0.16580572724342346,-0.031148936599493027,-0.20102480053901672,-0.031271032989025116,0.043920230120420456,-0.031283214688301086,0.22014498710632324,0.24494503438472748,1
32,left,left,0.14668556424113036,-0.05433923006057739,-0.031271032989025116,-0.05433923006057739,-0.031271032989025116,-0.20102480053901672,-0.031271032989025116,-0.4576132893562317,-0.031271032989025116,0.0,0.25658848881721497,0
32,left,forward,0.14668556424113036,-0.05433923006057739,-0.031271032989025116,-0.05433923006057739,-0.031271032989025116,-0.20102480053901672,-0.031271032989025116,-0.20102480053901672,0.22531746327877045,0.0,0.25658848881721497,0
32,left,backward,0.14668556424113036,-0.05433923006057739,-0.031271032989025116,-0.05433923006057739,-0.031271032989025116,-0.20102480053901672,-0.031271032989025116,-0.20102480053901672,-0.2878595292568207,0.0,0.25658848881721497,0
33,right,stay,0.1505589034345763,-0.039352934807538986,-0.059499599039554596,-0.039352934807538986,-0.059499599039554596,0.11120596528053284,-0.059499599039554596,0.11120596528053284,-0.059499599039554596,0.0,0.0,0
33,right,right,0.1505589034345763,-0.039352934807538986,-0.059499599039554596,-0.039352934807538986,-0.059499599039554596,0.11120596528053284,-0.059499599039554596,0.3677944540977478,-0.059499599039554596,0.0,0.25658848881721497,0
33,right,left,0.1505589034345763,-0.039352934807538986,-0.059499599039554596,-0.24911025166511536,-0.059645552188158035,0.11120596528053284,-0.059499599039554596,-0.1343299150466919,-0.059484243392944336,0.20975735783576965,0.24553588032722473,1
33,right,forward,0.1505589034345763,-0.039352934807538986,-0.059499599039554596,-0.039352934807538986,-0.059499599039554596,0.11120596528053284,-0.059499599039554596,0.11120596528053284,0.19708889722824097,0.0,0.25658848881721497,0
33,right,backward,0.1505589034345763,-0.039352934807538986,-0.059499599039554596,-0.039352934807538986,-0.059499599039554596,0.11120596528053284,-0.059499599039554596,0.11120596528053284,-0.31608808040618896,0.0,0.25658848881721497,0
34,back,stay,0.14846582226207805,0.04158950597047806,-0.007136520929634571,0.04158950597047806,-0.007136520929634571,0.04158950597047806,-0.1556023508310318,0.04158950597047806,-0.1556023508310318,0.0,0.0,0
34,back,right,0.14846582226207805,0.04158950597047806,-0.007136520929634571,0.04158950597047806,-0.007136520929634571,0.04158950597047806,-0.1556023508310318,0.2981779873371124,-0.1556023508310318,0.0,0.25658848881721497,0
34,back,left,0.14846582226207805,0.04158950597047806,-0.007136520929634571,0.04158950597047806,-0.007136520929634571,0.04158950597047806,-0.1556023508310318,-0.2149989902973175,-0.1556023508310318,0.0,0.25658848881721497,0
34,back,forward,0.14846582226207805,0.04158950597047806,-0.007136520929634571,0.04163714870810509,0.19055986404418945,0.04158950597047806,-0.1556023508310318,0.04158049821853638,0.09047240763902664,0.19769638776779175,0.24607476592063904,1
34,back,backward,0.14846582226207805,0.04158950597047806,-0.007136520929634571,0.04158950597047806,-0.007136520929634571,0.04158950597047806,-0.1556023508310318,0.04158950597047806,-0.41219085454940796,0.0,0.25658851861953735,0
35,front,stay,0.1554356444847482,-0.04977813735604286,-0.09202053397893906,-0.04977813735604286,-0.09202053397893906,-0.04977813735604286,0.06341511756181717,-0.04977813735604286,0.06341511756181717,0.0,0.0,0
35,front,right,0.1554356444847482,-0.04977813735604286,-0.09202053397893906,-0.04977813735604286,-0.09202053397893906,-0.04977813735604286,0.06341511756181717,0.2068103551864624,0.06341511756181717,0.0,0.25658848881721497,0
35,front,left,0.1554356444847482,-0.04977813735604286,-0.09202053397893906,-0.04977813735604286,-0.09202053397893906,-0.04977813735604286,0.06341511756181717,-0.30636662244796753,0.06341511756181717,0.0,0.25658848881721497,0
35,front,forward,0.1554356444847482,-0.04977813735604286,-0.09202053397893906,-0.04977813735604286,-0.09202053397893906,-0.04977813735604286,0.06341511756181717,-0.04977813735604286,0.32000359892845154,0.0,0.25658848881721497,0
35,front,backward,0.1554356444847482,-0.04977813735604286,-0.09202053397893906,-0.04964103177189827,-0.30253708362579346,-0.04977813735604286,0.06341511756181717,-0.049784280359745026,-0.18200048804283142,0.21051658689975739,0.245415598154068,1
36,left,stay,0.1454697847262605,-0.030810002237558365,0.004924166947603226,-0.030810002237558365,0.004924166947603226,-0.17627978324890137,0.004924166947603226,-0.17627978324890137,0.004924166947603226,0.0,0.0,0
36,left,right,0.1454697847262605,-0.030810002237558365,0.004924166947603226,0.17964425683021545,0.004680751822888851,-0.17627978324890137,0.004924166947603226,0.06932967901229858,0.004936130251735449,0.21045438945293427,0.24560946226119995,1
36,left,left,0.1454697847262605,-0.030810002237558365,0.004924166947603226,-0.030810002237558365,0.004924166947603226,-0.17627978324890137,0.004924166947603226,-0.43286827206611633,0.004924166947603226,0.0,0.25658848881721497,0
36,left,forward,0.1454697847262605,-0.030810002237558365,0.004924166947603226,-0.030810002237558365,0.004924166947603226,-0.17627978324890137,0.004924166947603226,-0.17627978324890137,0.2615126669406891,0.0,0.25658848881721497,0
36,left,backward,0.1454697847262605,-0.030810002237558365,0.004924166947603226,-0.030810002237558365,0.004924166947603226,-0.17627978324890137,0.004924166947603226,-0.17627978324890137,-0.25166434049606323,0.0,0.25658851861953735,0
37,right,stay,0.17134767835923703,-0.09693994373083115,0.019064461812376976,-0.09693994373083115,0.019064461812376976,0.07440773397684097,0.019064461812376976,0.07440773397684097,0.019064461812376976,0.0,0.0,0
37,right,right,0.17134767835923703,-0.09693994373083115,0.019064461812376976,-0.09693994373083115,0.019064461812376976,0.07440773397684097,0.019064461812376976,0.33099621534347534,0.019064461812376976,0.0,0.25658848881721497,0
37,right,left,0.17134767835923703,-0.09693994373083115,0.019064461812376976,-0.28679946064949036,0.019333209842443466,0.07440773397684097,0.019064461812376976,-0.1721092164516449,0.019056547433137894,0.18985968828201294,0.24651694297790527,1
37,right,forward,0.17134767835923703,-0.09693994373083115,0.019064461812376976,-0.09693994373083115,0.019064461812376976,0.07440773397684097,0.019064461812376976,0.07440773397684097,0.2756529450416565,0.0,0.25658848881721497,0
37,right,backward,0.17134767835923703,-0.09693994373083115,0.019064461812376976,-0.09693994373083115,0.019064461812376976,0.07440773397684097,0.019064461812376976,0.07440773397684097,-0.23752403259277344,0.0,0.25658848881721497,0
38,back,stay,0.14792174351396864,-0.007823067717254162,-0.0573759526014328,-0.007823067717254162,-0.0573759526014328,-0.007823067717254162,-0.20529769361019135,-0.007823067717254162,-0.20529769361019135,0.0,0.0,0
38,back,right,0.14792174351396864,-0.007823067717254162,-0.0573759526014328,-0.007823067717254162,-0.0573759526014328,-0.007823067717254162,-0.20529769361019135,0.24876542389392853,-0.20529769361019135,0.0,0.25658848881721497,0
38,back,left,0.14792174351396864,-0.007823067717254162,-0.0573759526014328,-0.007823067717254162,-0.0573759526014328,-0.007823067717254162,-0.20529769361019135,-0.2644115686416626,-0.20529769361019135,0.0,0.25658848881721497,0
38,back,forward,0.14792174351396864,-0.007823067717254162,-0.0573759526014328,-0.007843066938221455,0.14127326011657715,-0.007823067717254162,-0.20529769361019135,-0.007820711471140385,0.04059750214219093,0.19864921271800995,0.24589519202709198,1
38,back,backward,0.14792174351396864,-0.007823067717254162,-0.0573759526014328,-0.007823067717254162,-0.0573759526014328,-0.007823067717254162,-0.20529769361019135,-0.007823067717254162,-0.4618861973285675,0.0,0.25658851861953735,0
39,front,stay,0.15246468026321797,-0.010311818681657314,0.07419981807470322,-0.010311818681657314,0.07419981807470322,-0.010311818681657314,0.2266644835472107,-0.010311818681657314,0.2266644835472107,0.0,0.0,0
39,front,right,0.15246468026321797,-0.010311818681657314,0.07419981807470322,-0.010311818681657314,0.07419981807470322,-0.010311818681657314,0.2266644835472107,0.24627667665481567,0.2266644835472107,0.0,0.25658848881721497,0
39,front,left,0.15246468026321797,-0.010311818681657314,0.07419981807470322,-0.010311818681657314,0.07419981807470322,-0.010311818681657314,0.2266644835472107,-0.26690030097961426,0.2266644835472107,0.0,0.25658848881721497,0
39,front,forward,0.15246468026321797,-0.010311818681657314,0.07419981807470322,-0.010311818681657314,0.07419981807470322,-0.010311818681657314,0.2266644835472107,-0.010311818681657314,0.48325297236442566,0.0,0.25658848881721497,0
39,front,backward,0.15246468026321797,-0.010311818681657314,0.07419981807470322,-0.010375553742051125,-0.1270834356546402,-0.010311818681657314,0.2266644835472107,-0.010308953933417797,-0.019352462142705917,0.201283261179924,0.2460169494152069,1
40,left,stay,0.1513399655588633,0.019790099933743477,-0.014869405888020992,0.019790099933743477,-0.014869405888020992,-0.1315498650074005,-0.014869405888020992,-0.1315498650074005,-0.014869405888020992,0.0,0.0,0
40,left,right,0.1513399655588633,0.019790099933743477,-0.014869405888020992,0.21693216264247894,-0.014858166687190533,-0.1315498650074005,-0.014869405888020992,0.11471708863973618,-0.014869854785501957,0.19714206457138062,0.24626696109771729,1
40,left,left,0.1513399655588633,0.019790099933743477,-0.014869405888020992,0.019790099933743477,-0.014869405888020992,-0.1315498650074005,-0.014869405888020992,-0.3881383538246155,-0.014869405888020992,0.0,0.25658848881721497,0
40,left,forward,0.1513399655588633,0.019790099933743477,-0.014869405888020992,0.019790099933743477,-0.014869405888020992,-0.1315498650074005,-0.014869405888020992,-0.1315498650074005,0.2417190968990326,0.0,0.25658848881721497,0
40,left,backward,0.1513399655588633,0.019790099933743477,-0.014869405888020992,0.019790099933743477,-0.014869405888020992,-0.1315498650074005,-0.014869405888020992,-0.1315498650074005,-0.2714579105377197,0.0,0.25658851861953735,0
41,right,stay,0.15669090630441587,0.04452836513519287,0.007480796426534653,0.04452836513519287,0.007480796426534653,0.20121927559375763,0.007480796426534653,0.20121927559375763,0.007480796426534653,0.0,0.0,0
41,right,right,0.15669090630441587,0.04452836513519287,0.007480796426534653,0.04452836513519287,0.007480796426534653,0.20121927559375763,0.007480796426534653,0.4578077793121338,0.007480796426534653,0.0,0.25658851861953735,0
41,right,left,0.15669090630441587,0.04452836513519287,0.007480796426534653,-0.1569107174873352,0.0075750877149403095,0.20121927559375763,0.007480796426534653,-0.04465099051594734,0.007461840752512217,0.20143909752368927,0.24587026238441467,1
41,right,forward,0.15669090630441587,0.04452836513519287,0.007480796426534653,0.04452836513519287,0.007480796426534653,0.20121927559375763,0.007480796426534653,0.20121927559375763,0.2640692889690399,0.0,0.25658848881721497,0
41,right,backward,0.15669090630441587,0.04452836513519287,0.007480796426534653,0.04452836513519287,0.007480796426534653,0.20121927559375763,0.007480796426534653,0.20121927559375763,-0.2491077035665512,0.0,0.25658848881721497,0
42,back,stay,0.17300285271237165,0.05755385383963585,-0.04978609457612038,0.05755385383963585,-0.04978609457612038,0.05755385383963585,-0.2227889448404312,0.05755385383963585,-0.2227889448404312,0.0,0.0,0
42,back,right,0.17300285271237165,0.05755385383963585,-0.04978609457612038,0.05755385383963585,-0.04978609457612038,0.05755385383963585,-0.2227889448404312,0.3141423463821411,-0.2227889448404312,0.0,0.25658848881721497,0
42,back,left,0.17300285271237165,0.05755385383963585,-0.04978609457612038,0.05755385383963585,-0.04978609457612038,0.05755385383963585,-0.2227889448404312,-0.19903464615345,-0.2227889448404312,0.0,0.25658848881721497,0
42,back,forward,0.17300285271237165,0.05755385383963585,-0.04978609457612038,0.05768851563334465,0.13659319281578064,0.05755385383963585,-0.2227889448404312,0.057542454451322556,0.023781631141901016,0.1863793283700943,0.24657057225704193,1
42,back,backward,0.17300285271237165,0.05755385383963585,-0.04978609457612038,0.05755385383963585,-0.04978609457612038,0.05755385383963585,-0.2227889448404312,0.05755385383963585,-0.4793774485588074,0.0,0.25658851861953735,0
43,front,stay,0.1689153510856699,-0.05909395217895508,0.014495785348117352,-0.05909395217895508,0.014495785348117352,-0.05909395217895508,0.1834111362695694,-0.05909395217895508,0.1834111362695694,0.0,0.0,0
43,front,right,0.1689153510856699,-0.05909395217895508,0.014495785348117352,-0.05909395217895508,0.014495785348117352,-0.05909395217895508,0.1834111362695694,0.1974945366382599,0.1834111362695694,0.0,0.25658848881721497,0
43,front,left,0.1689153510856699,-0.05909395217895508,0.014495785348117352,-0.05909395217895508,0.014495785348117352,-0.05909395217895508,0.1834111362695694,-0.31568244099617004,0.1834111362695694,0.0,0.25658848881721497,0
43,front,forward,0.1689153510856699,-0.05909395217895508,0.014495785348117352,-0.05909395217895508,0.014495785348117352,-0.05909395217895508,0.1834111362695694,-0.05909395217895508,0.43999963998794556,0.0,0.25658851861953735,0
43,front,backward,0.1689153510856699,-0.05909395217895508,0.014495785348117352,-0.05896291136741638,-0.16770048439502716,-0.05909395217895508,0.1834111362695694,-0.05910757929086685,-0.06343008577823639,0.18219631910324097,0.2468412220478058,1
44,left,stay,0.17674557419871872,-0.06991957873106003,-0.0802934318780899,-0.06991957873106003,-0.0802934318780899,-0.24666514992713928,-0.0802934318780899,-0.24666514992713928,-0.0802934318780899,0.0,0.0,0
44,left,right,0.17674557419871872,-0.06991957873106003,-0.0802934318780899,0.10166831314563751,-0.08018413186073303,-0.24666514992713928,-0.0802934318780899,0.0006299641099758446,-0.08030781149864197,0.17158791422843933,0.24729511141777039,1
44,left,left,0.17674557419871872,-0.06991957873106003,-0.0802934318780899,-0.06991957873106003,-0.0802934318780899,-0.24666514992713928,-0.0802934318780899,-0.5032536387443542,-0.0802934318780899,0.0,0.25658848881721497,0
44,left,forward,0.17674557419871872,-0.06991957873106003,-0.0802934318780899,-0.06991957873106003,-0.0802934318780899,-0.24666514992713928,-0.0802934318780899,-0.24666514992713928,0.17629505693912506,0.0,0.25658848881721497,0
44,left,backward,0.17674557419871872,-0.06991957873106003,-0.0802934318780899,-0.06991957873106003,-0.0802934318780899,-0.24666514992713928,-0.0802934318780899,-0.24666514992713928,-0.33688193559646606,0.0,0.25658851861953735,0
45,right,stay,0.1631630641662557,0.05148554965853691,0.07383435219526291,0.05148554965853691,0.07383435219526291,0.21464861929416656,0.07383435219526291,0.21464861929416656,0.07383435219526291,0.0,0.0,0
45,right,right,0.1631630641662557,0.05148554965853691,0.07383435219526291,0.05148554965853691,0.07383435219526291,0.21464861929416656,0.07383435219526291,0.4712371230125427,0.07383435219526291,0.0,0.25658851861953735,0
45,right,left,0.1631630641662557,0.05148554965853691,0.07383435219526291,-0.13266336917877197,0.07388617098331451,0.21464861929416656,0.07383435219526291,-0.03207091987133026,0.07382788509130478,0.18414893746376038,0.24671953916549683,1
45,right,forward,0.1631630641662557,0.05148554965853691,0.07383435219526291,0.05148554965853691,0.07383435219526291,0.21464861929416656,0.07383435219526291,0.21464861929416656,0.33042284846305847,0.0,0.25658848881721497,0
45,right,backward,0.1631630641662557,0.05148554965853691,0.07383435219526291,0.05148554965853691,0.07383435219526291,0.21464861929416656,0.07383435219526291,0.21464861929416656,-0.18275414407253265,0.0,0.25658848881721497,0
46,back,stay,0.16648300434921331,0.07979287952184677,-0.03194524720311165,0.07979287952184677,-0.03194524720311165,0.07979287952184677,-0.19842824339866638,0.07979287952184677,-0.19842824339866638,0.0,0.0,0
46,back,right,0.16648300434921331,0.07979287952184677,-0.03194524720311165,0.07979287952184677,-0.03194524720311165,0.07979287952184677,-0.19842824339866638,0.33638137578964233,-0.19842824339866638,0.0,0.25658848881721497,0
46,back,left,0.16648300434921331,0.07979287952184677,-0.03194524720311165,0.07979287952184677,-0.03194524720311165,0.07979287952184677,-0.19842824339866638,-0.1767956167459488,-0.19842824339866638,0.0,0.25658848881721497,0
46,back,forward,0.16648300434921331,0.07979287952184677,-0.03194524720311165,0.07974226027727127,0.1491987407207489,0.07979287952184677,-0.19842824339866638,0.07979569584131241,0.04855770245194435,0.18114399909973145,0.24698594212532043,1
46,back,backward,0.16648300434921331,0.07979287952184677,-0.03194524720311165,0.07979287952184677,-0.03194524720311165,0.07979287952184677,-0.19842824339866638,0.07979287952184677,-0.45501673221588135,0.0,0.25658848881721497,0
47,front,stay,0.15083770292374063,-0.008262379094958305,0.036220379173755646,-0.008262379094958305,0.036220379173755646,-0.008262379094958305,0.18705809116363525,-0.008262379094958305,0.18705809116363525,0.0,0.0,0
47,front,right,0.15083770292374063,-0.008262379094958305,0.036220379173755646,-0.008262379094958305,0.036220379173755646,-0.008262379094958305,0.18705809116363525,0.2483261227607727,0.18705809116363525,0.0,0.25658848881721497,0
47,front,left,0.15083770292374063,-0.008262379094958305,0.036220379173755646,-0.008262379094958305,0.036220379173755646,-0.008262379094958305,0.18705809116363525,-0.2648508846759796,0.18705809116363525,0.0,0.25658851861953735,0
47,front,forward,0.15083770292374063,-0.008262379094958305,0.036220379173755646,-0.008262379094958305,0.036220379173755646,-0.008262379094958305,0.18705809116363525,-0.008262379094958305,0.4436465799808502,0.0,0.25658848881721497,0
47,front,backward,0.15083770292374063,-0.008262379094958305,0.036220379173755646,-0.008354081772267818,-0.17327725887298584,-0.008262379094958305,0.18705809116363525,-0.008258051238954067,-0.058596283197402954,0.20949764549732208,0.2456543743610382,1
48,left,stay,0.16488988746124322,0.016026047989726067,0.004687742795795202,0.016026047989726067,0.004687742795795202,-0.14886383712291718,0.004687742795795202,-0.14886383712291718,0.004687742795795202,0.0,0.0,0
48,left,right,0.16488988746124322,0.016026047989726067,0.004687742795795202,0.199882373213768,0.004833156242966652,-0.14886383712291718,0.004687742795795202,0.09788361191749573,0.004670241381973028,0.18385638296604156,0.2467474490404129,1
48,left,left,0.16488988746124322,0.016026047989726067,0.004687742795795202,0.016026047989726067,0.004687742795795202,-0.14886383712291718,0.004687742795795202,-0.40545234084129333,0.004687742795795202,0.0,0.25658851861953735,0
48,left,forward,0.16488988746124322,0.016026047989726067,0.004687742795795202,0.016026047989726067,0.004687742795795202,-0.14886383712291718,0.004687742795795202,-0.14886383712291718,0.2612762451171875,0.0,0.25658848881721497,0
48,left,backward,0.16488988746124322,0.016026047989726067,0.004687742795795202,0.016026047989726067,0.004687742795795202,-0.14886383712291718,0.004687742795795202,-0.14886383712291718,-0.2519007623195648,0.0,0.25658851861953735,0
49,right,stay,0.16368176168568085,0.08459809422492981,0.08570994436740875,0.08459809422492981,0.08570994436740875,0.2482798546552658,0.08570994436740875,0.2482798546552658,0.08570994436740875,0.0,0.0,0
49,right,right,0.16368176168568085,0.08459809422492981,0.08570994436740875,0.08459809422492981,0.08570994436740875,0.2482798546552658,0.08570994436740875,0.5048683285713196,0.08570994436740875,0.0,0.2565884590148926,0
49,right,left,0.16368176168568085,0.08459809422492981,0.08570994436740875,-0.10275067389011383,0.0854736864566803,0.2482798546552658,0.08570994436740875,0.001712836092337966,0.08572948724031448,0.18734891712665558,0.2465670257806778,1
49,right,forward,0.16368176168568085,0.08459809422492981,0.08570994436740875,0.08459809422492981,0.08570994436740875,0.2482798546552658,0.08570994436740875,0.2482798546552658,0.3422984480857849,0.0,0.25658851861953735,0
49,right,backward,0.16368176168568085,0.08459809422492981,0.08570994436740875,0.08459809422492981,0.08570994436740875,0.2482798546552658,0.08570994436740875,0.2482798546552658,-0.1708785444498062,0.0,0.25658848881721497,0
50,back,stay,0.16001341621604317,-0.08441843837499619,-0.047944068908691406,-0.08441843837499619,-0.047944068908691406,-0.08441843837499619,-0.20795749127864838,-0.08441843837499619,-0.20795749127864838,0.0,0.0,0
50,back,right,0.16001341621604317,-0.08441843837499619,-0.047944068908691406,-0.08441843837499619,-0.047944068908691406,-0.08441843837499619,-0.20795749127864838,0.17217005789279938,-0.20795749127864838,0.0,0.25658848881721497,0
50,back,left,0.16001341621604317,-0.08441843837499619,-0.047944068908691406,-0.08441843837499619,-0.047944068908691406,-0.08441843837499619,-0.20795749127864838,-0.34100693464279175,-0.20795749127864838,0.0,0.25658848881721497,0
50,back,forward,0.16001341621604317,-0.08441843837499619,-0.047944068908691406,-0.08452101796865463,0.15767480432987213,-0.08441843837499619,-0.20795749127864838,-0.08441232144832611,0.03790116682648659,0.20561890304088593,0.24585865437984467,1
50,back,backward,0.16001341621604317,-0.08441843837499619,-0.047944068908691406,-0.08441843837499619,-0.047944068908691406,-0.08441843837499619,-0.20795749127864838,-0.08441843837499619,-0.46454599499702454,0.0,0.25658851861953735,0
51,front,stay,0.16512564216927791,-0.027012532576918602,-0.08148259669542313,-0.027012532576918602,-0.08148259669542313,-0.027012532576918602,0.08364304155111313,-0.027012532576918602,0.08364304155111313,0.0,0.0,0
51,front,right,0.16512564216927791,-0.027012532576918602,-0.08148259669542313,-0.027012532576918602,-0.08148259669542313,-0.027012532576918602,0.08364304155111313,0.2295759618282318,0.08364304155111313,0.0,0.25658848881721497,0
51,front,left,0.16512564216927791,-0.027012532576918602,-0.08148259669542313,-0.027012532576918602,-0.08148259669542313,-0.027012532576918602,0.08364304155111313,-0.2836010158061981,0.08364304155111313,0.0,0.25658848881721497,0
51,front,forward,0.16512564216927791,-0.027012532576918602,-0.08148259669542313,-0.027012532576918602,-0.08148259669542313,-0.027012532576918602,0.08364304155111313,-0.027012532576918602,0.3402315378189087,0.0,0.25658848881721497,0
51,front,backward,0.16512564216927791,-0.027012532576918602,-0.08148259669542313,-0.026798317208886147,-0.2715706527233124,-0.027012532576918602,0.08364304155111313,-0.02702450193464756,-0.16288602352142334,0.1900881826877594,0.24652907252311707,1
52,left,stay,0.15401627729085945,-0.08608516305685043,0.08943328261375427,-0.08608516305685043,0.08943328261375427,-0.2401014268398285,0.08943328261375427,-0.2401014268398285,0.08943328261375427,0.0,0.0,0
52,left,right,0.15401627729085945,-0.08608516305685043,0.08943328261375427,0.11989706009626389,0.08964791893959045,-0.2401014268398285,0.08943328261375427,0.0056097363121807575,0.0894230380654335,0.20598232746124268,0.24571116268634796,1
52,left,left,0.15401627729085945,-0.08608516305685043,0.08943328261375427,-0.08608516305685043,0.08943328261375427,-0.2401014268398285,0.08943328261375427,-0.49668991565704346,0.08943328261375427,0.0,0.25658848881721497,0
52,left,forward,0.15401627729085945,-0.08608516305685043,0.08943328261375427,-0.08608516305685043,0.08943328261375427,-0.2401014268398285,0.08943328261375427,-0.2401014268398285,0.34602177143096924,0.0,0.25658848881721497,0
52,left,backward,0.15401627729085945,-0.08608516305685043,0.08943328261375427,-0.08608516305685043,0.08943328261375427,-0.2401014268398285,0.08943328261375427,-0.2401014268398285,-0.1671552062034607,0.0,0.25658848881721497,0
53,right,stay,0.17125144417821828,-0.020349137485027313,-0.03908376768231392,-0.020349137485027313,-0.03908376768231392,0.15090230107307434,-0.03908376768231392,0.15090230107307434,-0.03908376768231392,0.0,0.0,0
53,right,right,0.17125144417821828,-0.020349137485027313,-0.03908376768231392,-0.020349137485027313,-0.03908376768231392,0.15090230107307434,-0.03908376768231392,0.4074907898902893,-0.03908376768231392,0.0,0.25658848881721497,0
53,right,left,0.17125144417821828,-0.020349137485027313,-0.03908376768231392,-0.20395402610301971,-0.03931209072470665,0.15090230107307434,-0.03908376768231392,-0.09585843235254288,-0.039067771285772324,0.18360504508018494,0.24676072597503662,1
53,right,forward,0.17125144417821828,-0.020349137485027313,-0.03908376768231392,-0.020349137485027313,-0.03908376768231392,0.15090230107307434,-0.03908376768231392,0.15090230107307434,0.21750472486019135,0.0,0.25658848881721497,0
53,right,backward,0.17125144417821828,-0.020349137485027313,-0.03908376768231392,-0.020349137485027313,-0.03908376768231392,0.15090230107307434,-0.03908376768231392,0.15090230107307434,-0.2956722676753998,0.0,0.25658848881721497,0
54,back,stay,0.1461052359697256,-0.004390576854348183,-0.061456311494112015,-0.004390576854348183,-0.061456311494112015,-0.004390576854348183,-0.20756153762340546,-0.004390576854348183,-0.20756153762340546,0.0,0.0,0
54,back,right,0.1461052359697256,-0.004390576854348183,-0.061456311494112015,-0.004390576854348183,-0.061456311494112015,-0.004390576854348183,-0.20756153762340546,0.25219792127609253,-0.20756153762340546,0.0,0.25658848881721497,0
54,back,left,0.1461052359697256,-0.004390576854348183,-0.061456311494112015,-0.004390576854348183,-0.061456311494112015,-0.004390576854348183,-0.20756153762340546,-0.2609790861606598,-0.20756153762340546,0.0,0.25658851861953735,0
54,back,forward,0.1461052359697256,-0.004390576854348183,-0.061456311494112015,-0.004149487242102623,0.15087823569774628,-0.004390576854348183,-0.20756153762340546,-0.004403103142976761,0.03779887780547142,0.21233469247817993,0.24536041915416718,1
54,back,backward,0.1461052359697256,-0.004390576854348183,-0.061456311494112015,-0.004390576854348183,-0.061456311494112015,-0.004390576854348183,-0.20756153762340546,-0.004390576854348183,-0.4641500413417816,0.0,0.25658851861953735,0
55,front,stay,0.16908920082899276,0.08847612887620926,-0.043033912777900696,0.08847612887620926,-0.043033912777900696,0.08847612887620926,0.1260552853345871,0.08847612887620926,0.1260552853345871,0.0,0.0,0
55,front,right,0.16908920082899276,0.08847612887620926,-0.043033912777900696,0.08847612887620926,-0.043033912777900696,0.08847612887620926,0.1260552853345871,0.34506461024284363,0.1260552853345871,0.0,0.25658848881721497,0
55,front,left,0.16908920082899276,0.08847612887620926,-0.043033912777900696,0.08847612887620926,-0.043033912777900696,0.08847612887620926,0.1260552853345871,-0.1681123673915863,0.1260552853345871,0.0,0.25658848881721497,0
55,front,forward,0.16908920082899276,0.08847612887620926,-0.043033912777900696,0.08847612887620926,-0.043033912777900696,0.08847612887620926,0.1260552853345871,0.08847612887620926,0.38264378905296326,0.0,0.25658851861953735,0
55,front,backward,0.16908920082899276,0.08847612887620926,-0.043033912777900696,0.08864554762840271,-0.237497016787529,0.08847612887620926,0.1260552853345871,0.08846788853406906,-0.12025018036365509,0.19446317851543427,0.2463054656982422,1
56,left,stay,0.17673548138762474,-0.06218453869223595,-0.08961731195449829,-0.06218453869223595,-0.08961731195449829,-0.23892001807689667,-0.08961731195449829,-0.23892001807689667,-0.08961731195449829,0.0,0.0,0
56,left,right,0.17673548138762474,-0.06218453869223595,-0.08961731195449829,0.12934300303459167,-0.08950211107730865,-0.23892001807689667,-0.08961731195449829,0.007397538982331753,-0.08963027596473694,0.1915275752544403,0.2463175505399704,1
56,left,left,0.17673548138762474,-0.06218453869223595,-0.08961731195449829,-0.06218453869223595,-0.08961731195449829,-0.23892001807689667,-0.08961731195449829,-0.4955085217952728,-0.08961731195449829,0.0,0.25658851861953735,0
56,left,forward,0.17673548138762474,-0.06218453869223595,-0.08961731195449829,-0.06218453869223595,-0.08961731195449829,-0.23892001807689667,-0.08961731195449829,-0.23892001807689667,0.16697117686271667,0.0,0.25658848881721497,0
56,left,backward,0.17673548138762474,-0.06218453869223595,-0.08961731195449829,-0.06218453869223595,-0.08961731195449829,-0.23892001807689667,-0.08961731195449829,-0.23892001807689667,-0.34620580077171326,0.0,0.25658848881721497,0
57,right,stay,0.16708985469831966,0.027200166136026382,0.06011400371789932,0.027200166136026382,0.06011400371789932,0.19429001212120056,0.06011400371789932,0.19429001212120056,0.06011400371789932,0.0,0.0,0
57,right,right,0.16708985469831966,0.027200166136026382,0.06011400371789932,0.027200166136026382,0.06011400371789932,0.19429001212120056,0.06011400371789932,0.4508785009384155,0.06011400371789932,0.0,0.25658848881721497,0
57,right,left,0.16708985469831966,0.027200166136026382,0.06011400371789932,-0.1660470813512802,0.05997191369533539,0.19429001212120056,0.06011400371789932,-0.05213479697704315,0.060119595378637314,0.19324728846549988,0.2464248090982437,1
57,right,forward,0.16708985469831966,0.027200166136026382,0.06011400371789932,0.027200166136026382,0.06011400371789932,0.19429001212120056,0.06011400371789932,0.19429001212120056,0.3167024850845337,0.0,0.25658848881721497,0
57,right,backward,0.16708985469831966,0.027200166136026382,0.06011400371789932,0.027200166136026382,0.06011400371789932,0.19429001212120056,0.06011400371789932,0.19429001212120056,-0.19647449254989624,0.0,0.25658848881721497,0
58,back,stay,0.15900615867351234,0.09257838875055313,-0.09837748110294342,0.09257838875055313,-0.09837748110294342,0.09257838875055313,-0.25738364458084106,0.09257838875055313,-0.25738364458084106,0.0,0.0,0
58,back,right,0.15900615867351234,0.09257838875055313,-0.09837748110294342,0.09257838875055313,-0.09837748110294342,0.09257838875055313,-0.25738364458084106,0.3491668701171875,-0.25738364458084106,0.0,0.25658848881721497,0
58,back,left,0.15900615867351234,0.09257838875055313,-0.09837748110294342,0.09257838875055313,-0.09837748110294342,0.09257838875055313,-0.25738364458084106,-0.16401010751724243,-0.25738364458084106,0.0,0.25658848881721497,0
58,back,forward,0.15900615867351234,0.09257838875055313,-0.09837748110294342,0.09268203377723694,0.10994426906108856,0.09257838875055313,-0.25738364458084106,0.09257182478904724,-0.011826563626527786,0.20832177996635437,0.24555708467960358,1
58,back,backward,0.15900615867351234,0.09257838875055313,-0.09837748110294342,0.09257838875055313,-0.09837748110294342,0.09257838875055313,-0.25738364458084106,0.09257838875055313,-0.5139721632003784,0.0,0.25658851861953735,0
59,front,stay,0.1534605623923647,0.07458513230085373,0.0900595486164093,0.07458513230085373,0.0900595486164093,0.07458513230085373,0.2435201108455658,0.07458513230085373,0.2435201108455658,0.0,0.0,0
59,front,right,0.1534605623923647,0.07458513230085373,0.0900595486164093,0.07458513230085373,0.0900595486164093,0.07458513230085373,0.2435201108455658,0.3311736285686493,0.2435201108455658,0.0,0.25658848881721497,0
59,front,left,0.1534605623923647,0.07458513230085373,0.0900595486164093,0.07458513230085373,0.0900595486164093,0.07458513230085373,0.2435201108455658,-0.18200336396694183,0.2435201108455658,0.0,0.25658848881721497,0
59,front,forward,0.1534605623923647,0.07458513230085373,0.0900595486164093,0.07458513230085373,0.0900595486164093,0.07458513230085373,0.2435201108455658,0.07458513230085373,0.5001085996627808,0.0,0.25658848881721497,0
59,front,backward,0.1534605623923647,0.07458513230085373,0.0900595486164093,0.07451467216014862,-0.12106317281723022,0.07458513230085373,0.2435201108455658,0.07458949089050293,-0.0020633398089557886,0.21112273633480072,0.2455834448337555,1
60,left,stay,0.15092214174180227,-0.022496331483125687,-0.0759267583489418,-0.022496331483125687,-0.0759267583489418,-0.17341846227645874,-0.0759267583489418,-0.17341846227645874,-0.0759267583489418,0.0,0.0,0
60,left,right,0.15092214174180227,-0.022496331483125687,-0.0759267583489418,0.17937512695789337,-0.07618867605924606,-0.17341846227645874,-0.0759267583489418,0.07257114350795746,-0.07591036707162857,0.2018716186285019,0.2459896057844162,1
60,left,left,0.15092214174180227,-0.022496331483125687,-0.0759267583489418,-0.022496331483125687,-0.0759267583489418,-0.17341846227645874,-0.0759267583489418,-0.4300069510936737,-0.0759267583489418,0.0,0.25658848881721497,0
60,left,forward,0.15092214174180227,-0.022496331483125687,-0.0759267583489418,-0.022496331483125687,-0.0759267583489418,-0.17341846227645874,-0.0759267583489418,-0.17341846227645874,0.18066173791885376,0.0,0.25658848881721497,0
60,left,backward,0.15092214174180227,-0.022496331483125687,-0.0759267583489418,-0.022496331483125687,-0.0759267583489418,-0.17341846227645874,-0.0759267583489418,-0.17341846227645874,-0.33251523971557617,0.0,0.25658848881721497,0
61,right,stay,0.15777115461127963,-0.02924875169992447,-0.07275182753801346,-0.02924875169992447,-0.07275182753801346,0.12852239608764648,-0.07275182753801346,0.12852239608764648,-0.07275182753801346,0.0,0.0,0
61,right,right,0.15777115461127963,-0.02924875169992447,-0.07275182753801346,-0.02924875169992447,-0.07275182753801346,0.12852239608764648,-0.07275182753801346,0.38511088490486145,-0.07275182753801346,0.0,0.25658848881721497,0
61,right,left,0.15777115461127963,-0.02924875169992447,-0.07275182753801346,-0.21807074546813965,-0.07275021821260452,0.12852239608764648,-0.07275182753801346,-0.11802391707897186,-0.07275190204381943,0.18882200121879578,0.24654631316661835,1
61,right,forward,0.15777115461127963,-0.02924875169992447,-0.07275182753801346,-0.02924875169992447,-0.07275182753801346,0.12852239608764648,-0.07275182753801346,0.12852239608764648,0.1838366687297821,0.0,0.25658848881721497,0
61,right,backward,0.15777115461127963,-0.02924875169992447,-0.07275182753801346,-0.02924875169992447,-0.07275182753801346,0.12852239608764648,-0.07275182753801346,0.12852239608764648,-0.3293403089046478,0.0,0.25658848881721497,0
62,back,stay,0.16944484505232482,-0.06839779764413834,0.015287038870155811,-0.06839779764413834,0.015287038870155811,-0.06839779764413834,-0.15415780246257782,-0.06839779764413834,-0.15415780246257782,0.0,0.0,0
62,back,right,0.16944484505232482,-0.06839779764413834,0.015287038870155811,-0.06839779764413834,0.015287038870155811,-0.06839779764413834,-0.15415780246257782,0.18819069862365723,-0.15415780246257782,0.0,0.25658848881721497,0
62,back,left,0.16944484505232482,-0.06839779764413834,0.015287038870155811,-0.06839779764413834,0.015287038870155811,-0.06839779764413834,-0.15415780246257782,-0.3249862790107727,-0.15415780246257782,0.0,0.25658848881721497,0
62,back,forward,0.16944484505232482,-0.06839779764413834,0.015287038870155811,-0.06819522380828857,0.20945769548416138,-0.06839779764413834,-0.15415780246257782,-0.06840561330318451,0.09217839688062668,0.1941707581281662,0.2463361918926239,1
62,back,backward,0.16944484505232482,-0.06839779764413834,0.015287038870155811,-0.06839779764413834,0.015287038870155811,-0.06839779764413834,-0.15415780246257782,-0.06839779764413834,-0.410746306180954,0.0,0.25658851861953735,0
63,front,stay,0.1472516929022663,-0.08423227071762085,0.07227436453104019,-0.08423227071762085,0.07227436453104019,-0.08423227071762085,0.21952605247497559,-0.08423227071762085,0.21952605247497559,0.0,0.0,0
63,front,right,0.1472516929022663,-0.08423227071762085,0.07227436453104019,-0.08423227071762085,0.07227436453104019,-0.08423227071762085,0.21952605247497559,0.17235621809959412,0.21952605247497559,0.0,0.25658848881721497,0
63,front,left,0.1472516929022663,-0.08423227071762085,0.07227436453104019,-0.08423227071762085,0.07227436453104019,-0.08423227071762085,0.21952605247497559,-0.3408207595348358,0.21952605247497559,0.0,0.25658848881721497,0
63,front,forward,0.1472516929022663,-0.08423227071762085,0.07227436453104019,-0.08423227071762085,0.07227436453104019,-0.08423227071762085,0.21952605247497559,-0.08423227071762085,0.47611454129219055,0.0,0.25658848881721497,0
63,front,backward,0.1472516929022663,-0.08423227071762085,0.07227436453104019,-0.08399662375450134,-0.13164843618869781,-0.08423227071762085,0.21952605247497559,-0.08424923568964005,-0.026372140273451805,0.20392294228076935,0.24589818716049194,1
64,left,stay,0.17870031784506912,0.0763477310538292,-0.0650487169623375,0.0763477310538292,-0.0650487169623375,-0.1023525819182396,-0.0650487169623375,-0.1023525819182396,-0.0650487169623375,0.0,0.0,0
64,left,right,0.17870031784506912,0.0763477310538292,-0.0650487169623375,0.2643316984176636,-0.06518862396478653,-0.1023525819182396,-0.0650487169623375,0.14413803815841675,-0.06503985077142715,0.18798400461673737,0.24649062752723694,1
64,left,left,0.17870031784506912,0.0763477310538292,-0.0650487169623375,0.0763477310538292,-0.0650487169623375,-0.1023525819182396,-0.0650487169623375,-0.35894107818603516,-0.0650487169623375,0.0,0.25658848881721497,0
64,left,forward,0.17870031784506912,0.0763477310538292,-0.0650487169623375,0.0763477310538292,-0.0650487169623375,-0.1023525819182396,-0.0650487169623375,-0.1023525819182396,0.19153977930545807,0.0,0.25658848881721497,0
64,left,backward,0.17870031784506912,0.0763477310538292,-0.0650487169623375,0.0763477310538292,-0.0650487169623375,-0.1023525819182396,-0.0650487169623375,-0.1023525819182396,-0.32163721323013306,0.0,0.25658848881721497,0
65,right,stay,0.14784474124333907,-0.08063782006502151,-0.0336419977247715,-0.08063782006502151,-0.0336419977247715,0.06720692664384842,-0.0336419977247715,0.06720692664384842,-0.0336419977247715,0.0,0.0,0
65,right,right,0.14784474124333907,-0.08063782006502151,-0.0336419977247715,-0.08063782006502151,-0.0336419977247715,0.06720692664384842,-0.0336419977247715,0.3237954080104828,-0.0336419977247715,0.0,0.25658848881721497,0
65,right,left,0.14784474124333907,-0.08063782006502151,-0.0336419977247715,-0.2806027829647064,-0.03349614143371582,0.06720692664384842,-0.0336419977247715,-0.1788659393787384,-0.033659256994724274,0.19996502995491028,0.24607285857200623,1
65,right,forward,0.14784474124333907,-0.08063782006502151,-0.0336419977247715,-0.08063782006502151,-0.0336419977247715,0.06720692664384842,-0.0336419977247715,0.06720692664384842,0.22294649481773376,0.0,0.25658848881721497,0
65,right,backward,0.14784474124333907,-0.08063782006502151,-0.0336419977247715,-0.08063782006502151,-0.0336419977247715,0.06720692664384842,-0.0336419977247715,0.06720692664384842,-0.29023048281669617,0.0,0.25658848881721497,0
66,back,stay,0.16829839042704245,-0.019596822559833527,-0.05952027067542076,-0.019596822559833527,-0.05952027067542076,-0.019596822559833527,-0.22781866788864136,-0.019596822559833527,-0.22781866788864136,0.0,0.0,0
66,back,right,0.16829839042704245,-0.019596822559833527,-0.05952027067542076,-0.019596822559833527,-0.05952027067542076,-0.019596822559833527,-0.22781866788864136,0.23699167370796204,-0.22781866788864136,0.0,0.25658848881721497,0
66,back,left,0.16829839042704245,-0.019596822559833527,-0.05952027067542076,-0.019596822559833527,-0.05952027067542076,-0.019596822559833527,-0.22781866788864136,-0.2761853039264679,-0.22781866788864136,0.0,0.25658848881721497,0
66,back,forward,0.16829839042704245,-0.019596822559833527,-0.05952027067542076,-0.019852105528116226,0.13438379764556885,-0.019596822559833527,-0.22781866788864136,-0.019589360803365707,0.01848268322646618,0.19390423595905304,0.24630135297775269,1
66,back,backward,0.16829839042704245,-0.019596822559833527,-0.05952027067542076,-0.019596822559833527,-0.05952027067542076,-0.019596822559833527,-0.22781866788864136,-0.019596822559833527,-0.4844071567058563,0.0,0.25658848881721497,0
67,front,stay,0.1699918976784563,0.08336448669433594,-0.06901378184556961,0.08336448669433594,-0.06901378184556961,0.08336448669433594,0.10097811371088028,0.08336448669433594,0.10097811371088028,0.0,0.0,0
67,front,right,0.1699918976784563,0.08336448669433594,-0.06901378184556961,0.08336448669433594,-0.06901378184556961,0.08336448669433594,0.10097811371088028,0.3399529755115509,0.10097811371088028,0.0,0.25658848881721497,0
67,front,left,0.1699918976784563,0.08336448669433594,-0.06901378184556961,0.08336448669433594,-0.06901378184556961,0.08336448669433594,0.10097811371088028,-0.17322400212287903,0.10097811371088028,0.0,0.25658848881721497,0
67,front,forward,0.1699918976784563,0.08336448669433594,-0.06901378184556961,0.08336448669433594,-0.06901378184556961,0.08336448669433594,0.10097811371088028,0.08336448669433594,0.35756659507751465,0.0,0.25658848881721497,0
67,front,backward,0.1699918976784563,0.08336448669433594,-0.06901378184556961,0.083467997610569,-0.2622256875038147,0.08336448669433594,0.10097811371088028,0.08335817605257034,-0.14543196558952332,0.19321194291114807,0.246410071849823,1
68,left,stay,0.17791646661739832,5.910644176765345e-05,-0.0760500356554985,5.910644176765345e-05,-0.0760500356554985,-0.17785735428333282,-0.0760500356554985,-0.17785735428333282,-0.0760500356554985,0.0,0.0,0
68,left,right,0.17791646661739832,5.910644176765345e-05,-0.0760500356554985,0.19034700095653534,-0.07612434774637222,-0.17785735428333282,-0.0760500356554985,0.06863447278738022,-0.07604651153087616,0.19028788805007935,0.24649181962013245,1
68,left,left,0.17791646661739832,5.910644176765345e-05,-0.0760500356554985,5.910644176765345e-05,-0.0760500356554985,-0.17785735428333282,-0.0760500356554985,-0.434445858001709,-0.0760500356554985,0.0,0.25658851861953735,0
68,left,forward,0.17791646661739832,5.910644176765345e-05,-0.0760500356554985,5.910644176765345e-05,-0.0760500356554985,-0.17785735428333282,-0.0760500356554985,-0.17785735428333282,0.18053846061229706,0.0,0.25658848881721497,0
68,left,backward,0.17791646661739832,5.910644176765345e-05,-0.0760500356554985,5.910644176765345e-05,-0.0760500356554985,-0.17785735428333282,-0.0760500356554985,-0.17785735428333282,-0.33263853192329407,0.0,0.25658848881721497,0
69,right,stay,0.1787474619924189,0.021371837705373764,-0.020509719848632812,0.021371837705373764,-0.020509719848632812,0.20011930167675018,-0.020509719848632812,0.20011930167675018,-0.020509719848632812,0.0,0.0,0
69,right,right,0.1787474619924189,0.021371837705373764,-0.020509719848632812,0.021371837705373764,-0.020509719848632812,0.20011930167675018,-0.020509719848632812,0.45670780539512634,-0.020509719848632812,0.0,0.25658851861953735,0
69,right,left,0.1787474619924189,0.021371837705373764,-0.020509719848632812,-0.1667722910642624,-0.020374197512865067,0.20011930167675018,-0.020509719848632812,-0.046472951769828796,-0.02051718533039093,0.18814417719841003,0.24659225344657898,1
69,right,forward,0.1787474619924189,0.021371837705373764,-0.020509719848632812,0.021371837705373764,-0.020509719848632812,0.20011930167675018,-0.020509719848632812,0.20011930167675018,0.23607876896858215,0.0,0.25658848881721497,0
69,right,backward,0.1787474619924189,0.021371837705373764,-0.020509719848632812,0.021371837705373764,-0.020509719848632812,0.20011930167675018,-0.020509719848632812,0.20011930167675018,-0.2770982086658478,0.0,0.25658848881721497,0
70,back,stay,0.14922858031818453,0.02921469323337078,0.026632828637957573,0.02921469323337078,0.026632828637957573,0.02921469323337078,-0.12259575724601746,0.02921469323337078,-0.12259575724601746,0.0,0.0,0
70,back,right,0.14922858031818453,0.02921469323337078,0.026632828637957573,0.02921469323337078,0.026632828637957573,0.02921469323337078,-0.12259575724601746,0.2858031988143921,-0.12259575724601746,0.0,0.25658851861953735,0
70,back,left,0.14922858031818453,0.02921469323337078,0.026632828637957573,0.02921469323337078,0.026632828637957573,0.02921469323337078,-0.12259575724601746,-0.22737380862236023,-0.12259575724601746,0.0,0.25658848881721497,0
70,back,forward,0.14922858031818453,0.02921469323337078,0.026632828637957573,0.02906218357384205,0.23438066244125366,0.02921469323337078,-0.12259575724601746,0.029229730367660522,0.12305191904306412,0.20774787664413452,0.24564766883850098,1
70,back,backward,0.14922858031818453,0.02921469323337078,0.026632828637957573,0.02921469323337078,0.026632828637957573,0.02921469323337078,-0.12259575724601746,0.02921469323337078,-0.3791842460632324,0.0,0.25658848881721497,0
71,front,stay,0.17733865284090783,0.09326667338609695,0.012544539757072926,0.09326667338609695,0.012544539757072926,0.09326667338609695,0.18988320231437683,0.09326667338609695,0.18988320231437683,0.0,0.0,0
71,front,right,0.17733865284090783,0.09326667338609695,0.012544539757072926,0.09326667338609695,0.012544539757072926,0.09326667338609695,0.18988320231437683,0.3498551547527313,0.18988320231437683,0.0,0.25658848881721497,0
71,front,left,0.17733865284090783,0.09326667338609695,0.012544539757072926,0.09326667338609695,0.012544539757072926,0.09326667338609695,0.18988320231437683,-0.1633218228816986,0.18988320231437683,0.0,0.25658848881721497,0
71,front,forward,0.17733865284090783,0.09326667338609695,0.012544539757072926,0.09326667338609695,0.012544539757072926,0.09326667338609695,0.18988320231437683,0.09326667338609695,0.4464716911315918,0.0,0.25658848881721497,0
71,front,backward,0.17733865284090783,0.09326667338609695,0.012544539757072926,0.0934331864118576,-0.1735665500164032,0.09326667338609695,0.18988320231437683,0.09325707703828812,-0.05675538256764412,0.18611116707324982,0.24663858115673065,1
72,left,stay,0.16083130444127217,0.07054385542869568,0.053151726722717285,0.07054385542869568,0.053151726722717285,-0.09028744697570801,0.053151726722717285,-0.09028744697570801,0.053151726722717285,0.0,0.0,0
72,left,right,0.16083130444127217,0.07054385542869568,0.053151726722717285,0.2660939693450928,0.052978865802288055,-0.09028744697570801,0.053151726722717285,0.1559457629919052,0.053167618811130524,0.19555018842220306,0.24623320996761322,1
72,left,left,0.16083130444127217,0.07054385542869568,0.053151726722717285,0.07054385542869568,0.053151726722717285,-0.09028744697570801,0.053151726722717285,-0.346875935792923,0.053151726722717285,0.0,0.25658848881721497,0
72,left,forward,0.16083130444127217,0.07054385542869568,0.053151726722717285,0.07054385542869568,0.053151726722717285,-0.09028744697570801,0.053151726722717285,-0.09028744697570801,0.30974021553993225,0.0,0.25658848881721497,0
72,left,backward,0.16083130444127217,0.07054385542869568,0.053151726722717285,0.07054385542869568,0.053151726722717285,-0.09028744697570801,0.053151726722717285,-0.09028744697570801,-0.20343676209449768,0.0,0.25658848881721497,0
73,right,stay,0.16320628930742673,-0.06237601488828659,-0.007916169241070747,-0.06237601488828659,-0.007916169241070747,0.10083027929067612,-0.007916169241070747,0.10083027929067612,-0.007916169241070747,0.0,0.0,0
73,right,right,0.16320628930742673,-0.06237601488828659,-0.007916169241070747,-0.06237601488828659,-0.007916169241070747,0.10083027929067612,-0.007916169241070747,0.3574187755584717,-0.007916169241070747,0.0,0.25658848881721497,0
73,right,left,0.16320628930742673,-0.06237601488828659,-0.007916169241070747,-0.25830861926078796,-0.008180319331586361,0.10083027929067612,-0.007916169241070747,-0.1452406346797943,-0.007907945662736893,0.1959327757358551,0.24607092142105103,1
73,right,forward,0.16320628930742673,-0.06237601488828659,-0.007916169241070747,-0.06237601488828659,-0.007916169241070747,0.10083027929067612,-0.007916169241070747,0.10083027929067612,0.24867232143878937,0.0,0.25658848881721497,0
73,right,backward,0.16320628930742673,-0.06237601488828659,-0.007916169241070747,-0.06237601488828659,-0.007916169241070747,0.10083027929067612,-0.007916169241070747,0.10083027929067612,-0.26450467109680176,0.0,0.25658848881721497,0
74,back,stay,0.14617327082022824,0.039728667587041855,0.022415153682231903,0.039728667587041855,0.022415153682231903,0.039728667587041855,-0.12375811487436295,0.039728667587041855,-0.12375811487436295,0.0,0.0,0
74,back,right,0.14617327082022824,0.039728667587041855,0.022415153682231903,0.039728667587041855,0.022415153682231903,0.039728667587041855,-0.12375811487436295,0.2963171601295471,-0.12375811487436295,0.0,0.25658848881721497,0
74,back,left,0.14617327082022824,0.039728667587041855,0.022415153682231903,0.039728667587041855,0.022415153682231903,0.039728667587041855,-0.12375811487436295,-0.216859832406044,-0.12375811487436295,0.0,0.25658848881721497,0
74,back,forward,0.14617327082022824,0.039728667587041855,0.022415153682231903,0.0397648923099041,0.22302213311195374,0.039728667587041855,-0.12375811487436295,0.03972417116165161,0.12205268442630768,0.20060697197914124,0.24581080675125122,1
74,back,backward,0.14617327082022824,0.039728667587041855,0.022415153682231903,0.039728667587041855,0.022415153682231903,0.039728667587041855,-0.12375811487436295,0.039728667587041855,-0.3803465962409973,0.0,0.25658848881721497,0
75,front,stay,0.15574811982078285,-0.05907838046550751,-0.08977831900119781,-0.05907838046550751,-0.08977831900119781,-0.05907838046550751,0.0659697949886322,-0.05907838046550751,0.0659697949886322,0.0,0.0,0
75,front,right,0.15574811982078285,-0.05907838046550751,-0.08977831900119781,-0.05907838046550751,-0.08977831900119781,-0.05907838046550751,0.0659697949886322,0.19751010835170746,0.0659697949886322,0.0,0.25658848881721497,0
75,front,left,0.15574811982078285,-0.05907838046550751,-0.08977831900119781,-0.05907838046550751,-0.08977831900119781,-0.05907838046550751,0.0659697949886322,-0.31566688418388367,0.0659697949886322,0.0,0.25658851861953735,0
75,front,forward,0.15574811982078285,-0.05907838046550751,-0.08977831900119781,-0.05907838046550751,-0.08977831900119781,-0.05907838046550751,0.0659697949886322,-0.05907838046550751,0.32255828380584717,0.0,0.25658848881721497,0
75,front,backward,0.15574811982078285,-0.05907838046550751,-0.08977831900119781,-0.059092290699481964,-0.2808726131916046,-0.05907838046550751,0.0659697949886322,-0.059077635407447815,-0.18056079745292664,0.1910942941904068,0.24653059244155884,1
76,left,stay,0.17630144861187844,0.018645115196704865,0.019281111657619476,0.018645115196704865,0.019281111657619476,-0.15765634179115295,0.019281111657619476,-0.15765634179115295,0.019281111657619476,0.0,0.0,0
76,left,right,0.17630144861187844,0.018645115196704865,0.019281111657619476,0.20891053974628448,0.01942306198179722,-0.15765634179115295,0.019281111657619476,0.08884020149707794,0.019274655729532242,0.1902654618024826,0.2464965432882309,1
76,left,left,0.17630144861187844,0.018645115196704865,0.019281111657619476,0.018645115196704865,0.019281111657619476,-0.15765634179115295,0.019281111657619476,-0.4142448306083679,0.019281111657619476,0.0,0.25658848881721497,0
76,left,forward,0.17630144861187844,0.018645115196704865,0.019281111657619476,0.018645115196704865,0.019281111657619476,-0.15765634179115295,0.019281111657619476,-0.15765634179115295,0.27586960792541504,0.0,0.25658848881721497,0
76,left,backward,0.17630144861187844,0.018645115196704865,0.019281111657619476,0.018645115196704865,0.019281111657619476,-0.15765634179115295,0.019281111657619476,-0.15765634179115295,-0.2373073846101761,0.0,0.25658848881721497,0
77,right,stay,0.16322131433418008,-0.09739453345537186,-0.059729743748903275,-0.09739453345537186,-0.059729743748903275,0.06582678109407425,-0.059729743748903275,0.06582678109407425,-0.059729743748903275,0.0,0.0,0
77,right,right,0.16322131433418008,-0.09739453345537186,-0.059729743748903275,-0.09739453345537186,-0.059729743748903275,0.06582678109407425,-0.059729743748903275,0.3224152624607086,-0.059729743748903275,0.0,0.25658848881721497,0
77,right,left,0.16322131433418008,-0.09739453345537186,-0.059729743748903275,-0.2841889560222626,-0.05972655862569809,0.06582678109407425,-0.059729743748903275,-0.18083083629608154,-0.059729885309934616,0.1867944300174713,0.2466576099395752,1
77,right,forward,0.16322131433418008,-0.09739453345537186,-0.059729743748903275,-0.09739453345537186,-0.059729743748903275,0.06582678109407425,-0.059729743748903275,0.06582678109407425,0.196858748793602,0.0,0.25658848881721497,0
77,right,backward,0.16322131433418008,-0.09739453345537186,-0.059729743748903275,-0.09739453345537186,-0.059729743748903275,0.06582678109407425,-0.059729743748903275,0.06582678109407425,-0.31631824374198914,0.0,0.25658848881721497,0
78,back,stay,0.15835593331916079,0.08800854533910751,-0.027768181636929512,0.08800854533910751,-0.027768181636929512,0.08800854533910751,-0.18612411618232727,0.08800854533910751,-0.18612411618232727,0.0,0.0,0
78,back,right,0.15835593331916079,0.08800854533910751,-0.027768181636929512,0.08800854533910751,-0.027768181636929512,0.08800854533910751,-0.18612411618232727,0.3445970416069031,-0.18612411618232727,0.0,0.25658848881721497,0
78,back,left,0.15835593331916079,0.08800854533910751,-0.027768181636929512,0.08800854533910751,-0.027768181636929512,0.08800854533910751,-0.18612411618232727,-0.16857995092868805,-0.18612411618232727,0.0,0.25658848881721497,0
78,back,forward,0.15835593331916079,0.08800854533910751,-0.027768181636929512,0.08821796625852585,0.1720115691423416,0.08800854533910751,-0.18612411618232727,0.08799844980239868,0.059894412755966187,0.19977986812591553,0.24601852893829346,1
78,back,backward,0.15835593331916079,0.08800854533910751,-0.027768181636929512,0.08800854533910751,-0.027768181636929512,0.08800854533910751,-0.18612411618232727,0.08800854533910751,-0.44271260499954224,0.0,0.25658848881721497,0
79,front,stay,0.16671951814624736,-0.054393623024225235,0.07424062490463257,-0.054393623024225235,0.07424062490463257,-0.054393623024225235,0.24096013605594635,-0.054393623024225235,0.24096013605594635,0.0,0.0,0
79,front,right,0.16671951814624736,-0.054393623024225235,0.07424062490463257,-0.054393623024225235,0.07424062490463257,-0.054393623024225235,0.24096013605594635,0.20219486951828003,0.24096013605594635,0.0,0.25658848881721497,0
79,front,left,0.16671951814624736,-0.054393623024225235,0.07424062490463257,-0.054393623024225235,0.07424062490463257,-0.054393623024225235,0.24096013605594635,-0.3109821081161499,0.24096013605594635,0.0,0.25658848881721497,0
79,front,forward,0.16671951814624736,-0.054393623024225235,0.07424062490463257,-0.054393623024225235,0.07424062490463257,-0.054393623024225235,0.24096013605594635,-0.054393623024225235,0.4975486397743225,0.0,0.25658851861953735,0
79,front,backward,0.16671951814624736,-0.054393623024225235,0.07424062490463257,-0.054122671484947205,-0.11955803632736206,-0.054393623024225235,0.24096013605594635,-0.05440104007720947,-0.0052062892355024815,0.19379885494709015,0.2461664229631424,1
80,left,stay,0.17809627009501186,-0.09378693252801895,0.043685853481292725,-0.09378693252801895,0.043685853481292725,-0.27188318967819214,0.043685853481292725,-0.27188318967819214,0.043685853481292725,0.0,0.0,0
80,left,right,0.17809627009501186,-0.09378693252801895,0.043685853481292725,0.07696152478456497,0.04363548010587692,-0.27188318967819214,0.043685853481292725,-0.02445952221751213,0.043688710778951645,0.17074847221374512,0.2474236637353897,1
80,left,left,0.17809627009501186,-0.09378693252801895,0.043685853481292725,-0.09378693252801895,0.043685853481292725,-0.27188318967819214,0.043685853481292725,-0.5284717082977295,0.043685853481292725,0.0,0.25658851861953735,0
80,left,forward,0.17809627009501186,-0.09378693252801895,0.043685853481292725,-0.09378693252801895,0.043685853481292725,-0.27188318967819214,0.043685853481292725,-0.27188318967819214,0.3002743422985077,0.0,0.25658848881721497,0
80,left,backward,0.17809627009501186,-0.09378693252801895,0.043685853481292725,-0.09378693252801895,0.043685853481292725,-0.27188318967819214,0.043685853481292725,-0.27188318967819214,-0.21290263533592224,0.0,0.25658848881721497,0
81,right,stay,0.14942401072912279,0.06938305497169495,0.08529409766197205,0.06938305497169495,0.08529409766197205,0.21880707144737244,0.08529409766197205,0.21880707144737244,0.08529409766197205,0.0,0.0,0
81,right,right,0.14942401072912279,0.06938305497169495,0.08529409766197205,0.06938305497169495,0.08529409766197205,0.21880707144737244,0.08529409766197205,0.4753955602645874,0.08529409766197205,0.0,0.25658848881721497,0
81,right,left,0.14942401072912279,0.06938305497169495,0.08529409766197205,-0.129248708486557,0.08537983149290085,0.21880707144737244,0.08529409766197205,-0.027365854009985924,0.08528416603803635,0.19863177835941315,0.2461729198694229,1
81,right,forward,0.14942401072912279,0.06938305497169495,0.08529409766197205,0.06938305497169495,0.08529409766197205,0.21880707144737244,0.08529409766197205,0.21880707144737244,0.341882586479187,0.0,0.25658848881721497,0
81,right,backward,0.14942401072912279,0.06938305497169495,0.08529409766197205,0.06938305497169495,0.08529409766197205,0.21880707144737244,0.08529409766197205,0.21880707144737244,-0.17129439115524292,0.0,0.25658848881721497,0
82,back,stay,0.15528804775544858,-0.07809121161699295,0.07426557689905167,-0.07809121161699295,0.07426557689905167,-0.07809121161699295,-0.0810224637389183,-0.07809121161699295,-0.0810224637389183,0.0,0.0,0
82,back,right,0.15528804775544858,-0.07809121161699295,0.07426557689905167,-0.07809121161699295,0.07426557689905167,-0.07809121161699295,-0.0810224637389183,0.1784972846508026,-0.0810224637389183,0.0,0.25658848881721497,0
82,back,left,0.15528804775544858,-0.07809121161699295,0.07426557689905167,-0.07809121161699295,0.07426557689905167,-0.07809121161699295,-0.0810224637389183,-0.3346796929836273,-0.0810224637389183,0.0,0.25658848881721497,0
82,back,forward,0.15528804775544858,-0.07809121161699295,0.07426557689905167,-0.07806896418333054,0.2713604271411896,-0.07809121161699295,-0.0810224637389183,-0.07809261977672577,0.16519273817539215,0.1970948576927185,0.24621519446372986,1
82,back,backward,0.15528804775544858,-0.07809121161699295,0.07426557689905167,-0.07809121161699295,0.07426557689905167,-0.07809121161699295,-0.0810224637389183,-0.07809121161699295,-0.33761096000671387,0.0,0.25658848881721497,0
83,front,stay,0.15696697179220792,-0.003889805171638727,0.07835033535957336,-0.003889805171638727,0.07835033535957336,-0.003889805171638727,0.23531730473041534,-0.003889805171638727,0.23531730473041534,0.0,0.0,0
83,front,right,0.15696697179220792,-0.003889805171638727,0.07835033535957336,-0.003889805171638727,0.07835033535957336,-0.003889805171638727,0.23531730473041534,0.252698689699173,0.23531730473041534,0.0,0.25658848881721497,0
83,front,left,0.15696697179220792,-0.003889805171638727,0.07835033535957336,-0.003889805171638727,0.07835033535957336,-0.003889805171638727,0.23531730473041534,-0.26047828793525696,0.23531730473041534,0.0,0.25658848881721497,0
83,front,forward,0.15696697179220792,-0.003889805171638727,0.07835033535957336,-0.003889805171638727,0.07835033535957336,-0.003889805171638727,0.23531730473041534,-0.003889805171638727,0.4919058084487915,0.0,0.25658851861953735,0
83,front,backward,0.15696697179220792,-0.003889805171638727,0.07835033535957336,-0.0037332228384912014,-0.12451784312725067,-0.003889805171638727,0.23531730473041534,-0.003898658324033022,-0.010649667121469975,0.2028682380914688,0.24596697092056274,1
84,left,stay,0.15939768651377872,-0.06619913876056671,-0.08992566168308258,-0.06619913876056671,-0.08992566168308258,-0.2255968302488327,-0.08992566168308258,-0.2255968302488327,-0.08992566168308258,0.0,0.0,0
84,left,right,0.15939768651377872,-0.06619913876056671,-0.08992566168308258,0.12289424985647202,-0.08997013419866562,-0.2255968302488327,-0.08992566168308258,0.020999403670430183,-0.08992310613393784,0.18909339606761932,0.24659623205661774,1
84,left,left,0.15939768651377872,-0.06619913876056671,-0.08992566168308258,-0.06619913876056671,-0.08992566168308258,-0.2255968302488327,-0.08992566168308258,-0.48218533396720886,-0.08992566168308258,0.0,0.25658851861953735,0
84,left,forward,0.15939768651377872,-0.06619913876056671,-0.08992566168308258,-0.06619913876056671,-0.08992566168308258,-0.2255968302488327,-0.08992566168308258,-0.2255968302488327,0.16666282713413239,0.0,0.25658848881721497,0
84,left,backward,0.15939768651377872,-0.06619913876056671,-0.08992566168308258,-0.06619913876056671,-0.08992566168308258,-0.2255968302488327,-0.08992566168308258,-0.2255968302488327,-0.34651416540145874,0.0,0.25658851861953735,0
85,right,stay,0.1661492887548968,-0.08623440563678741,0.0741347074508667,-0.08623440563678741,0.0741347074508667,0.0799148827791214,0.0741347074508667,0.0799148827791214,0.0741347074508667,0.0,0.0,0
85,right,right,0.1661492887548968,-0.08623440563678741,0.0741347074508667,-0.08623440563678741,0.0741347074508667,0.0799148827791214,0.0741347074508667,0.33650338649749756,0.0741347074508667,0.0,0.25658851861953735,0
85,right,left,0.1661492887548968,-0.08623440563678741,0.0741347074508667,-0.2784288227558136,0.07433842867612839,0.0799148827791214,0.0741347074508667,-0.16649942100048065,0.07412279397249222,0.19219452142715454,0.24641430377960205,1
85,right,forward,0.1661492887548968,-0.08623440563678741,0.0741347074508667,-0.08623440563678741,0.0741347074508667,0.0799148827791214,0.0741347074508667,0.0799148827791214,0.33072319626808167,0.0,0.25658848881721497,0
85,right,backward,0.1661492887548968,-0.08623440563678741,0.0741347074508667,-0.08623440563678741,0.0741347074508667,0.0799148827791214,0.0741347074508667,0.0799148827791214,-0.18245378136634827,0.0,0.25658848881721497,0
86,back,stay,0.15365471080984672,0.06562024354934692,0.03651640564203262,0.06562024354934692,0.03651640564203262,0.06562024354934692,-0.11713830381631851,0.06562024354934692,-0.11713830381631851,0.0,0.0,0
86,back,right,0.15365471080984672,0.06562024354934692,0.03651640564203262,0.06562024354934692,0.03651640564203262,0.06562024354934692,-0.11713830381631851,0.3222087323665619,-0.11713830381631851,0.0,0.25658848881721497,0
86,back,left,0.15365471080984672,0.06562024354934692,0.03651640564203262,0.06562024354934692,0.03651640564203262,0.06562024354934692,-0.11713830381631851,-0.19096824526786804,-0.11713830381631851,0.0,0.25658848881721497,0
86,back,forward,0.15365471080984672,0.06562024354934692,0.03651640564203262,0.0653788223862648,0.23856475949287415,0.06562024354934692,-0.11713830381631851,0.06563180685043335,0.1286381334066391,0.20204851031303406,0.2457764446735382,1
86,back,backward,0.15365471080984672,0.06562024354934692,0.03651640564203262,0.06562024354934692,0.03651640564203262,0.06562024354934692,-0.11713830381631851,0.06562024354934692,-0.3737267851829529,0.0,0.25658848881721497,0
87,front,stay,0.17471402202969777,0.002515921602025628,0.010990551672875881,0.002515921602025628,0.010990551672875881,0.002515921602025628,0.1857045739889145,0.002515921602025628,0.1857045739889145,0.0,0.0,0
87,front,right,0.17471402202969777,0.002515921602025628,0.010990551672875881,0.002515921602025628,0.010990551672875881,0.002515921602025628,0.1857045739889145,0.2591044306755066,0.1857045739889145,0.0,0.25658851861953735,0
87,front,left,0.17471402202969777,0.002515921602025628,0.010990551672875881,0.002515921602025628,0.010990551672875881,0.002515921602025628,0.1857045739889145,-0.2540725767612457,0.1857045739889145,0.0,0.25658848881721497,0
87,front,forward,0.17471402202969777,0.002515921602025628,0.010990551672875881,0.002515921602025628,0.010990551672875881,0.002515921602025628,0.1857045739889145,0.002515921602025628,0.44229307770729065,0.0,0.25658851861953735,0
87,front,backward,0.17471402202969777,0.002515921602025628,0.010990551672875881,0.0023119808174669743,-0.16629460453987122,0.002515921602025628,0.1857045739889145,0.002533392049372196,-0.0611976757645607,0.17728526890277863,0.2469022572040558,1
88,left,stay,0.15790965501081,-0.03757179155945778,0.019132519140839577,-0.03757179155945778,0.019132519140839577,-0.19548144936561584,0.019132519140839577,-0.19548144936561584,0.019132519140839577,0.0,0.0,0
88,left,right,0.15790965501081,-0.03757179155945778,0.019132519140839577,0.16751517355442047,0.0191250741481781,-0.19548144936561584,0.019132519140839577,0.05021755024790764,0.01913289539515972,0.20508696138858795,0.24569900333881378,1
88,left,left,0.15790965501081,-0.03757179155945778,0.019132519140839577,-0.03757179155945778,0.019132519140839577,-0.19548144936561584,0.019132519140839577,-0.4520699381828308,0.019132519140839577,0.0,0.25658848881721497,0
88,left,forward,0.15790965501081,-0.03757179155945778,0.019132519140839577,-0.03757179155945778,0.019132519140839577,-0.19548144936561584,0.019132519140839577,-0.19548144936561584,0.27572101354599,0.0,0.25658848881721497,0
88,left,backward,0.15790965501081,-0.03757179155945778,0.019132519140839577,-0.03757179155945778,0.019132519140839577,-0.19548144936561584,0.019132519140839577,-0.19548144936561584,-0.23745597898960114,0.0,0.25658848881721497,0
89,right,stay,0.15840378230786561,0.007868467830121517,0.02704346366226673,0.007868467830121517,0.02704346366226673,0.16627225279808044,0.02704346366226673,0.16627225279808044,0.02704346366226673,0.0,0.0,0
89,right,right,0.15840378230786561,0.007868467830121517,0.02704346366226673,0.007868467830121517,0.02704346366226673,0.16627225279808044,0.02704346366226673,0.4228607416152954,0.02704346366226673,0.0,0.25658848881721497,0
89,right,left,0.15840378230786561,0.007868467830121517,0.02704346366226673,-0.1986113041639328,0.027189042419195175,0.16627225279808044,0.02704346366226673,-0.07937909662723541,0.027033869177103043,0.20647981762886047,0.24565134942531586,1
89,right,forward,0.15840378230786561,0.007868467830121517,0.02704346366226673,0.007868467830121517,0.02704346366226673,0.16627225279808044,0.02704346366226673,0.16627225279808044,0.28363195061683655,0.0,0.25658848881721497,0
89,right,backward,0.15840378230786561,0.007868467830121517,0.02704346366226673,0.007868467830121517,0.02704346366226673,0.16627225279808044,0.02704346366226673,0.16627225279808044,-0.22954502701759338,0.0,0.25658848881721497,0
90,back,stay,0.16588059988761583,-0.015745921060442924,0.09820152819156647,-0.015745921060442924,0.09820152819156647,-0.015745921060442924,-0.06767907738685608,-0.015745921060442924,-0.06767907738685608,0.0,0.0,0
90,back,right,0.16588059988761583,-0.015745921060442924,0.09820152819156647,-0.015745921060442924,0.09820152819156647,-0.015745921060442924,-0.06767907738685608,0.24084258079528809,-0.06767907738685608,0.0,0.25658848881721497,0
90,back,left,0.16588059988761583,-0.015745921060442924,0.09820152819156647,-0.015745921060442924,0.09820152819156647,-0.015745921060442924,-0.06767907738685608,-0.27233442664146423,-0.06767907738685608,0.0,0.25658851861953735,0
90,back,forward,0.16588059988761583,-0.015745921060442924,0.09820152819156647,-0.015799447894096375,0.2930717468261719,-0.015745921060442924,-0.06767907738685608,-0.0157425869256258,0.17861871421337128,0.1948702335357666,0.24629779160022736,1
90,back,backward,0.16588059988761583,-0.015745921060442924,0.09820152819156647,-0.015745921060442924,0.09820152819156647,-0.015745921060442924,-0.06767907738685608,-0.015745921060442924,-0.32426756620407104,0.0,0.25658848881721497,0
91,front,stay,0.15446859393906376,-0.011677078902721405,0.03392859920859337,-0.011677078902721405,0.03392859920859337,-0.011677078902721405,0.18839719891548157,-0.011677078902721405,0.18839719891548157,0.0,0.0,0
91,front,right,0.15446859393906376,-0.011677078902721405,0.03392859920859337,-0.011677078902721405,0.03392859920859337,-0.011677078902721405,0.18839719891548157,0.24491141736507416,0.18839719891548157,0.0,0.25658848881721497,0
91,front,left,0.15446859393906376,-0.011677078902721405,0.03392859920859337,-0.011677078902721405,0.03392859920859337,-0.011677078902721405,0.18839719891548157,-0.26826557517051697,0.18839719891548157,0.0,0.25658848881721497,0
91,front,forward,0.15446859393906376,-0.011677078902721405,0.03392859920859337,-0.011677078902721405,0.03392859920859337,-0.011677078902721405,0.18839719891548157,-0.011677078902721405,0.44498568773269653,0.0,0.25658848881721497,0
91,front,backward,0.15446859393906376,-0.011677078902721405,0.03392859920859337,-0.011642164550721645,-0.15867500007152557,-0.011677078902721405,0.18839719891548157,-0.01168124284595251,-0.058015890419483185,0.19260360300540924,0.24641308188438416,1
92,left,stay,0.16482857943399765,0.09689806401729584,-0.04534902051091194,0.09689806401729584,-0.04534902051091194,-0.06793051958084106,-0.04534902051091194,-0.06793051958084106,-0.04534902051091194,0.0,0.0,0
92,left,right,0.16482857943399765,0.09689806401729584,-0.04534902051091194,0.2800299823284149,-0.04549460485577583,-0.06793051958084106,-0.04534902051091194,0.17864300310611725,-0.04532802850008011,0.18313197791576385,0.2465735226869583,1
92,left,left,0.16482857943399765,0.09689806401729584,-0.04534902051091194,0.09689806401729584,-0.04534902051091194,-0.06793051958084106,-0.04534902051091194,-0.32451900839805603,-0.04534902051091194,0.0,0.25658848881721497,0
92,left,forward,0.16482857943399765,0.09689806401729584,-0.04534902051091194,0.09689806401729584,-0.04534902051091194,-0.06793051958084106,-0.04534902051091194,-0.06793051958084106,0.21123947203159332,0.0,0.25658848881721497,0
92,left,backward,0.16482857943399765,0.09689806401729584,-0.04534902051091194,0.09689806401729584,-0.04534902051091194,-0.06793051958084106,-0.04534902051091194,-0.06793051958084106,-0.3019375205039978,0.0,0.25658848881721497,0
93,right,stay,0.1757143271524018,0.031592775136232376,0.05463603511452675,0.031592775136232376,0.05463603511452675,0.2073071002960205,0.05463603511452675,0.2073071002960205,0.05463603511452675,0.0,0.0,0
93,right,right,0.1757143271524018,0.031592775136232376,0.05463603511452675,0.031592775136232376,0.05463603511452675,0.2073071002960205,0.05463603511452675,0.4638955891132355,0.05463603511452675,0.0,0.25658848881721497,0
93,right,left,0.1757143271524018,0.031592775136232376,0.05463603511452675,-0.1443244218826294,0.054781489074230194,0.2073071002960205,0.05463603511452675,-0.039862632751464844,0.05462198331952095,0.17591725289821625,0.24716973304748535,1
93,right,forward,0.1757143271524018,0.031592775136232376,0.05463603511452675,0.031592775136232376,0.05463603511452675,0.2073071002960205,0.05463603511452675,0.2073071002960205,0.3112245202064514,0.0,0.25658848881721497,0
93,right,backward,0.1757143271524018,0.031592775136232376,0.05463603511452675,0.031592775136232376,0.05463603511452675,0.2073071002960205,0.05463603511452675,0.2073071002960205,-0.20195245742797852,0.0,0.25658848881721497,0
94,back,stay,0.15243390112612787,0.0441809818148613,-0.06235550343990326,0.0441809818148613,-0.06235550343990326,0.0441809818148613,-0.21478940546512604,0.0441809818148613,-0.21478940546512604,0.0,0.0,0
94,back,right,0.15243390112612787,0.0441809818148613,-0.06235550343990326,0.0441809818148613,-0.06235550343990326,0.0441809818148613,-0.21478940546512604,0.30076947808265686,-0.21478940546512604,0.0,0.25658848881721497,0
94,back,left,0.15243390112612787,0.0441809818148613,-0.06235550343990326,0.0441809818148613,-0.06235550343990326,0.0441809818148613,-0.21478940546512604,-0.21240751445293427,-0.21478940546512604,0.0,0.25658848881721497,0
94,back,forward,0.15243390112612787,0.0441809818148613,-0.06235550343990326,0.04401318356394768,0.13595935702323914,0.0441809818148613,-0.21478940546512604,0.04419681802392006,0.03131375461816788,0.19831493496894836,0.2461031675338745,1
94,back,backward,0.15243390112612787,0.0441809818148613,-0.06235550343990326,0.0441809818148613,-0.06235550343990326,0.0441809818148613,-0.21478940546512604,0.0441809818148613,-0.4713779091835022,0.0,0.25658851861953735,0
95,front,stay,0.17023289317126625,-0.04018512740731239,0.020763615146279335,-0.04018512740731239,0.020763615146279335,-0.04018512740731239,0.19099651277065277,-0.04018512740731239,0.19099651277065277,0.0,0.0,0
95,front,right,0.17023289317126625,-0.04018512740731239,0.020763615146279335,-0.04018512740731239,0.020763615146279335,-0.04018512740731239,0.19099651277065277,0.21640336513519287,0.19099651277065277,0.0,0.25658848881721497,0
95,front,left,0.17023289317126625,-0.04018512740731239,0.020763615146279335,-0.04018512740731239,0.020763615146279335,-0.04018512740731239,0.19099651277065277,-0.29677361249923706,0.19099651277065277,0.0,0.25658848881721497,0
95,front,forward,0.17023289317126625,-0.04018512740731239,0.020763615146279335,-0.04018512740731239,0.020763615146279335,-0.04018512740731239,0.19099651277065277,-0.04018512740731239,0.44758501648902893,0.0,0.25658851861953735,0
95,front,backward,0.17023289317126625,-0.04018512740731239,0.020763615146279335,-0.04023145139217377,-0.15750321745872498,-0.04018512740731239,0.19099651277065277,-0.04017976298928261,-0.056003764271736145,0.17826685309410095,0.24700027704238892,1
96,left,stay,0.16864825045859522,0.047669168561697006,-0.060051266103982925,0.047669168561697006,-0.060051266103982925,-0.12097908556461334,-0.060051266103982925,-0.12097908556461334,-0.060051266103982925,0.0,0.0,0
96,left,right,0.16864825045859522,0.047669168561697006,-0.060051266103982925,0.24653726816177368,-0.06004342809319496,-0.12097908556461334,-0.060051266103982925,0.12499624490737915,-0.06005150452256203,0.19886809587478638,0.2459753304719925,1
96,left,left,0.16864825045859522,0.047669168561697006,-0.060051266103982925,0.047669168561697006,-0.060051266103982925,-0.12097908556461334,-0.060051266103982925,-0.3775675892829895,-0.060051266103982925,0.0,0.25658851861953735,0
96,left,forward,0.16864825045859522,0.047669168561697006,-0.060051266103982925,0.047669168561697006,-0.060051266103982925,-0.12097908556461334,-0.060051266103982925,-0.12097908556461334,0.19653722643852234,0.0,0.25658848881721497,0
96,left,backward,0.16864825045859522,0.047669168561697006,-0.060051266103982925,0.047669168561697006,-0.060051266103982925,-0.12097908556461334,-0.060051266103982925,-0.12097908556461334,-0.3166397511959076,0.0,0.25658848881721497,0
97,right,stay,0.17670993917912806,0.0124604981392622,0.05354822799563408,0.0124604981392622,0.05354822799563408,0.18917043507099152,0.05354822799563408,0.18917043507099152,0.05354822799563408,0.0,0.0,0
97,right,right,0.17670993917912806,0.0124604981392622,0.05354822799563408,0.0124604981392622,0.05354822799563408,0.18917043507099152,0.05354822799563408,0.4457589387893677,0.05354822799563408,0.0,0.25658851861953735,0
97,right,left,0.17670993917912806,0.0124604981392622,0.05354822799563408,-0.15823175013065338,0.05353720113635063,0.18917043507099152,0.05354822799563408,-0.05820046737790108,0.05354885756969452,0.17069225013256073,0.2473708987236023,1
97,right,forward,0.17670993917912806,0.0124604981392622,0.05354822799563408,0.0124604981392622,0.05354822799563408,0.18917043507099152,0.05354822799563408,0.18917043507099152,0.31013673543930054,0.0,0.25658851861953735,0
97,right,backward,0.17670993917912806,0.0124604981392622,0.05354822799563408,0.0124604981392622,0.05354822799563408,0.18917043507099152,0.05354822799563408,0.18917043507099152,-0.20304027199745178,0.0,0.25658848881721497,0
98,back,stay,0.15602594106750883,-0.05608513206243515,0.05174606665968895,-0.05608513206243515,0.05174606665968895,-0.05608513206243515,-0.10427987575531006,-0.05608513206243515,-0.10427987575531006,0.0,0.0,0
98,back,right,0.15602594106750883,-0.05608513206243515,0.05174606665968895,-0.05608513206243515,0.05174606665968895,-0.05608513206243515,-0.10427987575531006,0.2005033642053604,-0.10427987575531006,0.0,0.25658848881721497,0
98,back,left,0.15602594106750883,-0.05608513206243515,0.05174606665968895,-0.05608513206243515,0.05174606665968895,-0.05608513206243515,-0.10427987575531006,-0.3126736283302307,-0.10427987575531006,0.0,0.25658848881721497,0
98,back,forward,0.15602594106750883,-0.05608513206243515,0.05174606665968895,-0.056008461862802505,0.24407213926315308,-0.05608513206243515,-0.10427987575531006,-0.05609464272856712,0.14192263782024384,0.19232608377933502,0.2462025135755539,1
98,back,backward,0.15602594106750883,-0.05608513206243515,0.05174606665968895,-0.05608513206243515,0.05174606665968895,-0.05608513206243515,-0.10427987575531006,-0.05608513206243515,-0.360868364572525,0.0,0.25658848881721497,0
99,front,stay,0.17708492987921767,-0.07684974372386932,-0.010598737746477127,-0.07684974372386932,-0.010598737746477127,-0.07684974372386932,0.16648618876934052,-0.07684974372386932,0.16648618876934052,0.0,0.0,0
99,front,right,0.17708492987921767,-0.07684974372386932,-0.010598737746477127,-0.07684974372386932,-0.010598737746477127,-0.07684974372386932,0.16648618876934052,0.17973874509334564,0.16648618876934052,0.0,0.25658848881721497,0
99,front,left,0.17708492987921767,-0.07684974372386932,-0.010598737746477127,-0.07684974372386932,-0.010598737746477127,-0.07684974372386932,0.16648618876934052,-0.3334382474422455,0.16648618876934052,0.0,0.25658851861953735,0
99,front,forward,0.17708492987921767,-0.07684974372386932,-0.010598737746477127,-0.07684974372386932,-0.010598737746477127,-0.07684974372386932,0.16648618876934052,-0.07684974372386932,0.4230746924877167,0.0,0.25658851861953735,0
99,front,backward,0.17708492987921767,-0.07684974372386932,-0.010598737746477127,-0.07671266794204712,-0.1816992610692978,-0.07684974372386932,0.16648618876934052,-0.07686971127986908,-0.08064290881156921,0.17110058665275574,0.24712909758090973,1
100,left,stay,0.1472001248493929,0.03814341872930527,0.022386500611901283,0.03814341872930527,0.022386500611901283,-0.10905670374631882,0.022386500611901283,-0.10905670374631882,0.022386500611901283,0.0,0.0,0
100,left,right,0.1472001248493929,0.03814341872930527,0.022386500611901283,0.24770887196063995,0.02226046659052372,-0.10905670374631882,0.022386500611901283,0.13659295439720154,0.02239239774644375,0.20956549048423767,0.24564966559410095,1
100,left,left,0.1472001248493929,0.03814341872930527,0.022386500611901283,0.03814341872930527,0.022386500611901283,-0.10905670374631882,0.022386500611901283,-0.3656452000141144,0.022386500611901283,0.0,0.25658848881721497,0
100,left,forward,0.1472001248493929,0.03814341872930527,0.022386500611901283,0.03814341872930527,0.022386500611901283,-0.10905670374631882,0.022386500611901283,-0.10905670374631882,0.2789750099182129,0.0,0.25658851861953735,0
100,left,backward,0.1472001248493929,0.03814341872930527,0.022386500611901283,0.03814341872930527,0.022386500611901283,-0.10905670374631882,0.022386500611901283,-0.10905670374631882,-0.23420199751853943,0.0,0.25658848881721497,0
101,right,stay,0.14665482739206928,-0.08752436935901642,0.0562085397541523,-0.08752436935901642,0.0562085397541523,0.059130460023880005,0.0562085397541523,0.059130460023880005,0.0562085397541523,0.0,0.0,0
101,right,right,0.14665482739206928,-0.08752436935901642,0.0562085397541523,-0.08752436935901642,0.0562085397541523,0.059130460023880005,0.0562085397541523,0.31571894884109497,0.0562085397541523,0.0,0.25658848881721497,0
101,right,left,0.14665482739206928,-0.08752436935901642,0.0562085397541523,-0.3080608546733856,0.05626530945301056,0.059130460023880005,0.0562085397541523,-0.18586771190166473,0.05620509013533592,0.2205364853143692,0.24499817192554474,1
101,right,forward,0.14665482739206928,-0.08752436935901642,0.0562085397541523,-0.08752436935901642,0.0562085397541523,0.059130460023880005,0.0562085397541523,0.059130460023880005,0.31279703974723816,0.0,0.25658848881721497,0
101,right,backward,0.14665482739206928,-0.08752436935901642,0.0562085397541523,-0.08752436935901642,0.0562085397541523,0.059130460023880005,0.0562085397541523,0.059130460023880005,-0.20037995278835297,0.0,0.25658848881721497,0
102,back,stay,0.15280744806189342,0.06341104209423065,-0.05795896798372269,0.06341104209423065,-0.05795896798372269,0.06341104209423065,-0.21076640486717224,0.06341104209423065,-0.21076640486717224,0.0,0.0,0
102,back,right,0.15280744806189342,0.06341104209423065,-0.05795896798372269,0.06341104209423065,-0.05795896798372269,0.06341104209423065,-0.21076640486717224,0.3199995458126068,-0.21076640486717224,0.0,0.25658851861953735,0
102,back,left,0.15280744806189342,0.06341104209423065,-0.05795896798372269,0.06341104209423065,-0.05795896798372269,0.06341104209423065,-0.21076640486717224,-0.19317744672298431,-0.21076640486717224,0.0,0.25658848881721497,0
102,back,forward,0.15280744806189342,0.06341104209423065,-0.05795896798372269,0.06345554441213608,0.13664183020591736,0.06341104209423065,-0.21076640486717224,0.0634058341383934,0.035492584109306335,0.19460080564022064,0.24625898897647858,1
102,back,backward,0.15280744806189342,0.06341104209423065,-0.05795896798372269,0.06341104209423065,-0.05795896798372269,0.06341104209423065,-0.21076640486717224,0.06341104209423065,-0.4673548936843872,0.0,0.25658848881721497,0
103,front,stay,0.17134044998211537,0.04553607851266861,-0.01513611152768135,0.04553607851266861,-0.01513611152768135,0.04553607851266861,0.15620434284210205,0.04553607851266861,0.15620434284210205,0.0,0.0,0
103,front,right,0.17134044998211537,0.04553607851266861,-0.01513611152768135,0.04553607851266861,-0.01513611152768135,0.04553607851266861,0.15620434284210205,0.302124559879303,0.15620434284210205,0.0,0.25658848881721497,0
103,front,left,0.17134044998211537,0.04553607851266861,-0.01513611152768135,0.04553607851266861,-0.01513611152768135,0.04553607851266861,0.15620434284210205,-0.21105241775512695,0.15620434284210205,0.0,0.25658848881721497,0
103,front,forward,0.17134044998211537,0.04553607851266861,-0.01513611152768135,0.04553607851266861,-0.01513611152768135,0.04553607851266861,0.15620434284210205,0.04553607851266861,0.412792831659317,0.0,0.25658848881721497,0
103,front,backward,0.17134044998211537,0.04553607851266861,-0.01513611152768135,0.045519858598709106,-0.2101321965456009,0.04553607851266861,0.15620434284210205,0.04553714022040367,-0.09004995226860046,0.19499608874320984,0.24625429511070251,1
104,left,stay,0.16218963931331604,0.03306909278035164,0.0539407953619957,0.03306909278035164,0.0539407953619957,-0.12912054359912872,0.0539407953619957,-0.12912054359912872,0.0539407953619957,0.0,0.0,0
104,left,right,0.16218963931331604,0.03306909278035164,0.0539407953619957,0.23257717490196228,0.05374818295240402,-0.12912054359912872,0.0539407953619957,0.11680269986391068,0.05395299568772316,0.1995081752538681,0.24592325091362,1
104,left,left,0.16218963931331604,0.03306909278035164,0.0539407953619957,0.03306909278035164,0.0539407953619957,-0.12912054359912872,0.0539407953619957,-0.3857090473175049,0.0539407953619957,0.0,0.25658851861953735,0
104,left,forward,0.16218963931331604,0.03306909278035164,0.0539407953619957,0.03306909278035164,0.0539407953619957,-0.12912054359912872,0.0539407953619957,-0.12912054359912872,0.31052929162979126,0.0,0.25658848881721497,0
104,left,backward,0.16218963931331604,0.03306909278035164,0.0539407953619957,0.03306909278035164,0.0539407953619957,-0.12912054359912872,0.0539407953619957,-0.12912054359912872,-0.20264770090579987,0.0,0.25658848881721497,0
105,right,stay,0.15303438095059285,0.01735677197575569,0.041372328996658325,0.01735677197575569,0.041372328996658325,0.17039114236831665,0.041372328996658325,0.17039114236831665,0.041372328996658325,0.0,0.0,0
105,right,right,0.15303438095059285,0.01735677197575569,0.041372328996658325,0.01735677197575569,0.041372328996658325,0.17039114236831665,0.041372328996658325,0.4269796311855316,0.041372328996658325,0.0,0.25658848881721497,0
105,right,left,0.15303438095059285,0.01735677197575569,0.041372328996658325,-0.19578763842582703,0.04133562371134758,0.17039114236831665,0.041372328996658325,-0.07502111792564392,0.04137398675084114,0.21314440667629242,0.24541226029396057,1
105,right,forward,0.15303438095059285,0.01735677197575569,0.041372328996658325,0.01735677197575569,0.041372328996658325,0.17039114236831665,0.041372328996658325,0.17039114236831665,0.2979608178138733,0.0,0.25658848881721497,0
105,right,backward,0.15303438095059285,0.01735677197575569,0.041372328996658325,0.01735677197575569,0.041372328996658325,0.17039114236831665,0.041372328996658325,0.17039114236831665,-0.21521615982055664,0.0,0.25658848881721497,0
106,back,stay,0.1799606401931684,-0.09392938017845154,-0.051284726709127426,-0.09392938017845154,-0.051284726709127426,-0.09392938017845154,-0.23124536871910095,-0.09392938017845154,-0.23124536871910095,0.0,0.0,0
106,back,right,0.1799606401931684,-0.09392938017845154,-0.051284726709127426,-0.09392938017845154,-0.051284726709127426,-0.09392938017845154,-0.23124536871910095,0.16265910863876343,-0.23124536871910095,0.0,0.25658848881721497,0
106,back,left,0.1799606401931684,-0.09392938017845154,-0.051284726709127426,-0.09392938017845154,-0.051284726709127426,-0.09392938017845154,-0.23124536871910095,-0.3505178689956665,-0.23124536871910095,0.0,0.25658848881721497,0
106,back,forward,0.1799606401931684,-0.09392938017845154,-0.051284726709127426,-0.09392742067575455,0.13749726116657257,-0.09392938017845154,-0.23124536871910095,-0.09392942488193512,0.015333405695855618,0.1887819916009903,0.24657876789569855,1
106,back,backward,0.1799606401931684,-0.09392938017845154,-0.051284726709127426,-0.09392938017845154,-0.051284726709127426,-0.09392938017845154,-0.23124536871910095,-0.09392938017845154,-0.4878338575363159,0.0,0.25658848881721497,0
107,front,stay,0.17487957291005402,0.08919426798820496,0.003997117280960083,0.08919426798820496,0.003997117280960083,0.08919426798820496,0.17887668311595917,0.08919426798820496,0.17887668311595917,0.0,0.0,0
107,front,right,0.17487957291005402,0.08919426798820496,0.003997117280960083,0.08919426798820496,0.003997117280960083,0.08919426798820496,0.17887668311595917,0.3457827568054199,0.17887668311595917,0.0,0.25658848881721497,0
107,front,left,0.17487957291005402,0.08919426798820496,0.003997117280960083,0.08919426798820496,0.003997117280960083,0.08919426798820496,0.17887668311595917,-0.16739422082901,0.17887668311595917,0.0,0.25658848881721497,0
107,front,forward,0.17487957291005402,0.08919426798820496,0.003997117280960083,0.08919426798820496,0.003997117280960083,0.08919426798820496,0.17887668311595917,0.08919426798820496,0.4354651868343353,0.0,0.25658851861953735,0
107,front,backward,0.17487957291005402,0.08919426798820496,0.003997117280960083,0.08905539661645889,-0.18524914979934692,0.08919426798820496,0.17887668311595917,0.08920039981603622,-0.06773566454648972,0.18924632668495178,0.2466123402118683,1
108,left,stay,0.17029704327957806,0.009293824434280396,0.06651395559310913,0.009293824434280396,0.06651395559310913,-0.1610032171010971,0.06651395559310913,-0.1610032171010971,0.06651395559310913,0.0,0.0,0
108,left,right,0.17029704327957806,0.009293824434280396,0.06651395559310913,0.1887194663286209,0.06669868528842926,-0.1610032171010971,0.06651395559310913,0.08599472045898438,0.06649546325206757,0.17942573130130768,0.24699793756008148,1
108,left,left,0.17029704327957806,0.009293824434280396,0.06651395559310913,0.009293824434280396,0.06651395559310913,-0.1610032171010971,0.06651395559310913,-0.41759172081947327,0.06651395559310913,0.0,0.25658851861953735,0
108,left,forward,0.17029704327957806,0.009293824434280396,0.06651395559310913,0.009293824434280396,0.06651395559310913,-0.1610032171010971,0.06651395559310913,-0.1610032171010971,0.3231024444103241,0.0,0.25658848881721497,0
108,left,backward,0.17029704327957806,0.009293824434280396,0.06651395559310913,0.009293824434280396,0.06651395559310913,-0.1610032171010971,0.06651395559310913,-0.1610032171010971,-0.19007453322410583,0.0,0.25658848881721497,0
109,right,stay,0.16631222687979158,-0.06123783811926842,0.038898076862096786,-0.06123783811926842,0.038898076862096786,0.10507439076900482,0.038898076862096786,0.10507439076900482,0.038898076862096786,0.0,0.0,0
109,right,right,0.16631222687979158,-0.06123783811926842,0.038898076862096786,-0.06123783811926842,0.038898076862096786,0.10507439076900482,0.038898076862096786,0.361662894487381,0.038898076862096786,0.0,0.25658851861953735,0
109,right,left,0.16631222687979158,-0.06123783811926842,0.038898076862096786,-0.24263235926628113,0.039021071046590805,0.10507439076900482,0.038898076862096786,-0.14158844947814941,0.038880303502082825,0.1813945472240448,0.24666284024715424,1
109,right,forward,0.16631222687979158,-0.06123783811926842,0.038898076862096786,-0.06123783811926842,0.038898076862096786,0.10507439076900482,0.038898076862096786,0.10507439076900482,0.29548656940460205,0.0,0.25658848881721497,0
109,right,backward,0.16631222687979158,-0.06123783811926842,0.038898076862096786,-0.06123783811926842,0.038898076862096786,0.10507439076900482,0.038898076862096786,0.10507439076900482,-0.21769042313098907,0.0,0.25658848881721497,0
110,back,stay,0.17600309826035443,0.052464570850133896,0.08205058425664902,0.052464570850133896,0.08205058425664902,0.052464570850133896,-0.09395251423120499,0.052464570850133896,-0.09395251423120499,0.0,0.0,0
110,back,right,0.17600309826035443,0.052464570850133896,0.08205058425664902,0.052464570850133896,0.08205058425664902,0.052464570850133896,-0.09395251423120499,0.30905306339263916,-0.09395251423120499,0.0,0.25658848881721497,0
110,back,left,0.17600309826035443,0.052464570850133896,0.08205058425664902,0.052464570850133896,0.08205058425664902,0.052464570850133896,-0.09395251423120499,-0.20412392914295197,-0.09395251423120499,0.0,0.25658848881721497,0
110,back,forward,0.17600309826035443,0.052464570850133896,0.08205058425664902,0.05252208188176155,0.25389188528060913,0.052464570850133896,-0.09395251423120499,0.05245726928114891,0.1533988118171692,0.1718413084745407,0.24735131859779358,1
110,back,backward,0.17600309826035443,0.052464570850133896,0.08205058425664902,0.052464570850133896,0.08205058425664902,0.052464570850133896,-0.09395251423120499,0.052464570850133896,-0.35054099559783936,0.0,0.25658848881721497,0
111,front,stay,0.1768238304174593,-0.08281724900007248,0.041297491639852524,-0.08281724900007248,0.041297491639852524,-0.08281724900007248,0.21812132000923157,-0.08281724900007248,0.21812132000923157,0.0,0.0,0
111,front,right,0.1768238304174593,-0.08281724900007248,0.041297491639852524,-0.08281724900007248,0.041297491639852524,-0.08281724900007248,0.21812132000923157,0.17377124726772308,0.21812132000923157,0.0,0.25658848881721497,0
111,front,left,0.1768238304174593,-0.08281724900007248,0.041297491639852524,-0.08281724900007248,0.041297491639852524,-0.08281724900007248,0.21812132000923157,-0.33940574526786804,0.21812132000923157,0.0,0.25658848881721497,0
111,front,forward,0.1768238304174593,-0.08281724900007248,0.041297491639852524,-0.08281724900007248,0.041297491639852524,-0.08281724900007248,0.21812132000923157,-0.08281724900007248,0.47470980882644653,0.0,0.25658848881721497,0
111,front,backward,0.1768238304174593,-0.08281724900007248,0.041297491639852524,-0.08293354511260986,-0.13018637895584106,-0.08281724900007248,0.21812132000923157,-0.08280128240585327,-0.0292314812541008,0.17148391902446747,0.24735280871391296,1
112,left,stay,0.1555160334863171,-0.0742802768945694,-0.0996745154261589,-0.0742802768945694,-0.0996745154261589,-0.22979630529880524,-0.0996745154261589,-0.22979630529880524,-0.0996745154261589,0.0,0.0,0
112,left,right,0.1555160334863171,-0.0742802768945694,-0.0996745154261589,0.1299830675125122,-0.09943832457065582,-0.22979630529880524,-0.0996745154261589,0.015902401879429817,-0.09968290477991104,0.20426347851753235,0.2456987053155899,1
112,left,left,0.1555160334863171,-0.0742802768945694,-0.0996745154261589,-0.0742802768945694,-0.0996745154261589,-0.22979630529880524,-0.0996745154261589,-0.4863848090171814,-0.0996745154261589,0.0,0.25658851861953735,0
112,left,forward,0.1555160334863171,-0.0742802768945694,-0.0996745154261589,-0.0742802768945694,-0.0996745154261589,-0.22979630529880524,-0.0996745154261589,-0.22979630529880524,0.15691398084163666,0.0,0.25658848881721497,0
112,left,backward,0.1555160334863171,-0.0742802768945694,-0.0996745154261589,-0.0742802768945694,-0.0996745154261589,-0.22979630529880524,-0.0996745154261589,-0.22979630529880524,-0.35626301169395447,0.0,0.25658848881721497,0
113,right,stay,0.15755203383465427,0.08240220695734024,0.0752590075135231,0.08240220695734024,0.0752590075135231,0.23995423316955566,0.0752590075135231,0.23995423316955566,0.0752590075135231,0.0,0.0,0
113,right,right,0.15755203383465427,0.08240220695734024,0.0752590075135231,0.08240220695734024,0.0752590075135231,0.23995423316955566,0.0752590075135231,0.49654272198677063,0.0752590075135231,0.0,0.25658848881721497,0
113,right,left,0.15755203383465427,0.08240220695734024,0.0752590075135231,-0.1067577376961708,0.07527462393045425,0.23995423316955566,0.0752590075135231,-0.006645532790571451,0.07525817304849625,0.18915994465351105,0.24659976363182068,1
113,right,forward,0.15755203383465427,0.08240220695734024,0.0752590075135231,0.08240220695734024,0.0752590075135231,0.23995423316955566,0.0752590075135231,0.23995423316955566,0.33184748888015747,0.0,0.25658848881721497,0
113,right,backward,0.15755203383465427,0.08240220695734024,0.0752590075135231,0.08240220695734024,0.0752590075135231,0.23995423316955566,0.0752590075135231,0.23995423316955566,-0.18132948875427246,0.0,0.25658848881721497,0
114,back,stay,0.17309281614497105,-0.06942383944988251,-0.06707606464624405,-0.06942383944988251,-0.06707606464624405,-0.06942383944988251,-0.24016886949539185,-0.06942383944988251,-0.24016886949539185,0.0,0.0,0
114,back,right,0.17309281614497105,-0.06942383944988251,-0.06707606464624405,-0.06942383944988251,-0.06707606464624405,-0.06942383944988251,-0.24016886949539185,0.18716464936733246,-0.24016886949539185,0.0,0.25658848881721497,0
114,back,left,0.17309281614497105,-0.06942383944988251,-0.06707606464624405,-0.06942383944988251,-0.06707606464624405,-0.06942383944988251,-0.24016886949539185,-0.32601234316825867,-0.24016886949539185,0.0,0.25658851861953735,0
114,back,forward,0.17309281614497105,-0.06942383944988251,-0.06707606464624405,-0.06924065947532654,0.1101355105638504,-0.06942383944988251,-0.24016886949539185,-0.06944216787815094,0.006714489310979843,0.1772116720676422,0.246883362531662,1
114,back,backward,0.17309281614497105,-0.06942383944988251,-0.06707606464624405,-0.06942383944988251,-0.06707606464624405,-0.06942383944988251,-0.24016886949539185,-0.06942383944988251,-0.4967573583126068,0.0,0.25658848881721497,0
115,front,stay,0.17054432532094246,0.07859175652265549,0.05369346961379051,0.07859175652265549,0.05369346961379051,0.07859175652265549,0.22423779964447021,0.07859175652265549,0.22423779964447021,0.0,0.0,0
115,front,right,0.17054432532094246,0.07859175652265549,0.05369346961379051,0.07859175652265549,0.05369346961379051,0.07859175652265549,0.22423779964447021,0.33518025279045105,0.22423779964447021,0.0,0.25658848881721497,0
115,front,left,0.17054432532094246,0.07859175652265549,0.05369346961379051,0.07859175652265549,0.05369346961379051,0.07859175652265549,0.22423779964447021,-0.17799673974514008,0.22423779964447021,0.0,0.25658848881721497,0
115,front,forward,0.17054432532094246,0.07859175652265549,0.05369346961379051,0.07859175652265549,0.05369346961379051,0.07859175652265549,0.22423779964447021,0.07859175652265549,0.4808262884616852,0.0,0.25658848881721497,0
115,front,backward,0.17054432532094246,0.07859175652265549,0.05369346961379051,0.07857415825128555,-0.14413002133369446,0.07859175652265549,0.22423779964447021,0.07859349250793457,-0.02178467996418476,0.19782349467277527,0.24602247774600983,1
116,left,stay,0.15014873775330295,-0.029459141194820404,0.07371168583631516,-0.029459141194820404,0.07371168583631516,-0.17960786819458008,0.07371168583631516,-0.17960786819458008,0.07371168583631516,0.0,0.0,0
116,left,right,0.15014873775330295,-0.029459141194820404,0.07371168583631516,0.17762911319732666,0.07362571358680725,-0.17960786819458008,0.07371168583631516,0.06616546213626862,0.07371917366981506,0.20708827674388885,0.2457733303308487,1
116,left,left,0.15014873775330295,-0.029459141194820404,0.07371168583631516,-0.029459141194820404,0.07371168583631516,-0.17960786819458008,0.07371168583631516,-0.43619635701179504,0.07371168583631516,0.0,0.25658848881721497,0
116,left,forward,0.15014873775330295,-0.029459141194820404,0.07371168583631516,-0.029459141194820404,0.07371168583631516,-0.17960786819458008,0.07371168583631516,-0.17960786819458008,0.3303001821041107,0.0,0.25658848881721497,0
116,left,backward,0.15014873775330295,-0.029459141194820404,0.07371168583631516,-0.029459141194820404,0.07371168583631516,-0.17960786819458008,0.07371168583631516,-0.17960786819458008,-0.1828768104314804,0.0,0.25658848881721497,0
117,right,stay,0.16362016194484794,0.048953693360090256,0.014141274616122246,0.048953693360090256,0.014141274616122246,0.2125738561153412,0.014141274616122246,0.2125738561153412,0.014141274616122246,0.0,0.0,0
117,right,right,0.16362016194484794,0.048953693360090256,0.014141274616122246,0.048953693360090256,0.014141274616122246,0.2125738561153412,0.014141274616122246,0.46916234493255615,0.014141274616122246,0.0,0.25658848881721497,0
117,right,left,0.16362016194484794,0.048953693360090256,0.014141274616122246,-0.14554300904273987,0.014282590709626675,0.2125738561153412,0.014141274616122246,-0.033620938658714294,0.01412936020642519,0.194496750831604,0.24619479477405548,1
117,right,forward,0.16362016194484794,0.048953693360090256,0.014141274616122246,0.048953693360090256,0.014141274616122246,0.2125738561153412,0.014141274616122246,0.2125738561153412,0.27072978019714355,0.0,0.25658851861953735,0
117,right,backward,0.16362016194484794,0.048953693360090256,0.014141274616122246,0.048953693360090256,0.014141274616122246,0.2125738561153412,0.014141274616122246,0.2125738561153412,-0.24244722723960876,0.0,0.25658848881721497,0
118,back,stay,0.15590642397772125,-0.06905975192785263,-0.04567573219537735,-0.06905975192785263,-0.04567573219537735,-0.06905975192785263,-0.2015821635723114,-0.06905975192785263,-0.2015821635723114,0.0,0.0,0
118,back,right,0.15590642397772125,-0.06905975192785263,-0.04567573219537735,-0.06905975192785263,-0.04567573219537735,-0.06905975192785263,-0.2015821635723114,0.18752874433994293,-0.2015821635723114,0.0,0.25658848881721497,0
118,back,left,0.15590642397772125,-0.06905975192785263,-0.04567573219537735,-0.06905975192785263,-0.04567573219537735,-0.06905975192785263,-0.2015821635723114,-0.3256482481956482,-0.2015821635723114,0.0,0.25658848881721497,0
118,back,forward,0.15590642397772125,-0.06905975192785263,-0.04567573219537735,-0.06913234293460846,0.16332197189331055,-0.06905975192785263,-0.2015821635723114,-0.06905554980039597,0.04403026029467583,0.2089977115392685,0.24561242759227753,1
118,back,backward,0.15590642397772125,-0.06905975192785263,-0.04567573219537735,-0.06905975192785263,-0.04567573219537735,-0.06905975192785263,-0.2015821635723114,-0.06905975192785263,-0.45817065238952637,0.0,0.25658848881721497,0
119,front,stay,0.15643451798663272,0.02925838902592659,0.00812173169106245,0.02925838902592659,0.00812173169106245,0.02925838902592659,0.16455624997615814,0.02925838902592659,0.16455624997615814,0.0,0.0,0
119,front,right,0.15643451798663272,0.02925838902592659,0.00812173169106245,0.02925838902592659,0.00812173169106245,0.02925838902592659,0.16455624997615814,0.28584688901901245,0.16455624997615814,0.0,0.25658848881721497,0
119,front,left,0.15643451798663272,0.02925838902592659,0.00812173169106245,0.02925838902592659,0.00812173169106245,0.02925838902592659,0.16455624997615814,-0.22733010351657867,0.16455624997615814,0.0,0.25658848881721497,0
119,front,forward,0.15643451798663272,0.02925838902592659,0.00812173169106245,0.02925838902592659,0.00812173169106245,0.02925838902592659,0.16455624997615814,0.02925838902592659,0.4211447536945343,0.0,0.25658851861953735,0
119,front,backward,0.15643451798663272,0.02925838902592659,0.00812173169106245,0.02921389415860176,-0.2027328759431839,0.02925838902592659,0.16455624997615814,0.029260339215397835,-0.08090778440237045,0.21085460484027863,0.245464026927948,1
120,left,stay,0.16623293827636348,0.02002483420073986,-0.09078067541122437,0.02002483420073986,-0.09078067541122437,-0.14620810747146606,-0.09078067541122437,-0.14620810747146606,-0.09078067541122437,0.0,0.0,0
120,left,right,0.16623293827636348,0.02002483420073986,-0.09078067541122437,0.22094285488128662,-0.09075884521007538,-0.14620810747146606,-0.09078067541122437,0.09975355863571167,-0.0907815545797348,0.2009180188179016,0.24596166610717773,1
120,left,left,0.16623293827636348,0.02002483420073986,-0.09078067541122437,0.02002483420073986,-0.09078067541122437,-0.14620810747146606,-0.09078067541122437,-0.40279659628868103,-0.09078067541122437,0.0,0.25658848881721497,0
120,left,forward,0.16623293827636348,0.02002483420073986,-0.09078067541122437,0.02002483420073986,-0.09078067541122437,-0.14620810747146606,-0.09078067541122437,-0.14620810747146606,0.1658078134059906,0.0,0.25658848881721497,0
120,left,backward,0.16623293827636348,0.02002483420073986,-0.09078067541122437,0.02002483420073986,-0.09078067541122437,-0.14620810747146606,-0.09078067541122437,-0.14620810747146606,-0.34736916422843933,0.0,0.25658848881721497,0
121,right,stay,0.15178174269696215,0.039038460701704025,-0.06268200278282166,0.039038460701704025,-0.06268200278282166,0.19082020223140717,-0.06268200278282166,0.19082020223140717,-0.06268200278282166,0.0,0.0,0
121,right,right,0.15178174269696215,0.039038460701704025,-0.06268200278282166,0.039038460701704025,-0.06268200278282166,0.19082020223140717,-0.06268200278282166,0.4474087059497833,-0.06268200278282166,0.0,0.25658851861953735,0
121,right,left,0.15178174269696215,0.039038460701704025,-0.06268200278282166,-0.16433459520339966,-0.0625901147723198,0.19082020223140717,-0.06268200278282166,-0.055104952305555344,-0.06268628686666489,0.20337307453155518,0.2459251582622528,1
121,right,forward,0.15178174269696215,0.039038460701704025,-0.06268200278282166,0.039038460701704025,-0.06268200278282166,0.19082020223140717,-0.06268200278282166,0.19082020223140717,0.1939064860343933,0.0,0.25658848881721497,0
121,right,backward,0.15178174269696215,0.039038460701704025,-0.06268200278282166,0.039038460701704025,-0.06268200278282166,0.19082020223140717,-0.06268200278282166,0.19082020223140717,-0.3192704916000366,0.0,0.25658848881721497,0
122,back,stay,0.16642816346308306,0.06056487187743187,0.06259041279554367,0.06056487187743187,0.06259041279554367,0.06056487187743187,-0.103837750852108,0.06056487187743187,-0.103837750852108,0.0,0.0,0
122,back,right,0.16642816346308306,0.06056487187743187,0.06259041279554367,0.06056487187743187,0.06259041279554367,0.06056487187743187,-0.103837750852108,0.31715336441993713,-0.103837750852108,0.0,0.25658848881721497,0
122,back,left,0.16642816346308306,0.06056487187743187,0.06259041279554367,0.06056487187743187,0.06259041279554367,0.06056487187743187,-0.103837750852108,-0.196023628115654,-0.103837750852108,0.0,0.25658848881721497,0
122,back,forward,0.16642816346308306,0.06056487187743187,0.06259041279554367,0.06065912917256355,0.2447597235441208,0.06056487187743187,-0.103837750852108,0.06055355817079544,0.14305849373340607,0.1821693331003189,0.24689623713493347,1
122,back,backward,0.16642816346308306,0.06056487187743187,0.06259041279554367,0.06056487187743187,0.06259041279554367,0.06056487187743187,-0.103837750852108,0.06056487187743187,-0.36042624711990356,0.0,0.25658848881721497,0
123,front,stay,0.1595635618510539,-0.07212811708450317,0.007741409353911877,-0.07212811708450317,0.007741409353911877,-0.07212811708450317,0.16730496287345886,-0.07212811708450317,0.16730496287345886,0.0,0.0,0
123,front,right,0.1595635618510539,-0.07212811708450317,0.007741409353911877,-0.07212811708450317,0.007741409353911877,-0.07212811708450317,0.16730496287345886,0.1844603717327118,0.16730496287345886,0.0,0.25658848881721497,0
123,front,left,0.1595635618510539,-0.07212811708450317,0.007741409353911877,-0.07212811708450317,0.007741409353911877,-0.07212811708450317,0.16730496287345886,-0.32871660590171814,0.16730496287345886,0.0,0.25658848881721497,0
123,front,forward,0.1595635618510539,-0.07212811708450317,0.007741409353911877,-0.07212811708450317,0.007741409353911877,-0.07212811708450317,0.16730496287345886,-0.07212811708450317,0.42389345169067383,0.0,0.25658848881721497,0
123,front,backward,0.1595635618510539,-0.07212811708450317,0.007741409353911877,-0.07223986089229584,-0.20024868845939636,-0.07212811708450317,0.16730496287345886,-0.07211805880069733,-0.07835754007101059,0.2079901248216629,0.24566251039505005,1
124,left,stay,0.16505608475577668,0.03999829292297363,-0.0617365688085556,0.03999829292297363,-0.0617365688085556,-0.12505778670310974,-0.0617365688085556,-0.12505778670310974,-0.0617365688085556,0.0,0.0,0
124,left,right,0.16505608475577668,0.03999829292297363,-0.0617365688085556,0.22815579175949097,-0.06157393008470535,-0.12505778670310974,-0.0617365688085556,0.12152296304702759,-0.06175018101930618,0.1881575733423233,0.24658074975013733,1
124,left,left,0.16505608475577668,0.03999829292297363,-0.0617365688085556,0.03999829292297363,-0.0617365688085556,-0.12505778670310974,-0.0617365688085556,-0.3816462755203247,-0.0617365688085556,0.0,0.25658848881721497,0
124,left,forward,0.16505608475577668,0.03999829292297363,-0.0617365688085556,0.03999829292297363,-0.0617365688085556,-0.12505778670310974,-0.0617365688085556,-0.12505778670310974,0.19485192000865936,0.0,0.25658848881721497,0
124,left,backward,0.16505608475577668,0.03999829292297363,-0.0617365688085556,0.03999829292297363,-0.0617365688085556,-0.12505778670310974,-0.0617365688085556,-0.12505778670310974,-0.31832507252693176,0.0,0.25658851861953735,0
125,right,stay,0.16218215883920806,0.0885966494679451,0.021227188408374786,0.0885966494679451,0.021227188408374786,0.25077879428863525,0.021227188408374786,0.25077879428863525,0.021227188408374786,0.0,0.0,0
125,right,right,0.16218215883920806,0.0885966494679451,0.021227188408374786,0.0885966494679451,0.021227188408374786,0.25077879428863525,0.021227188408374786,0.5073673129081726,0.021227188408374786,0.0,0.25658851861953735,0
125,right,left,0.16218215883920806,0.0885966494679451,0.021227188408374786,-0.09943704307079315,0.02139754593372345,0.25077879428863525,0.021227188408374786,0.0041455961763858795,0.02121005393564701,0.18803377449512482,0.24663320183753967,1
125,right,forward,0.16218215883920806,0.0885966494679451,0.021227188408374786,0.0885966494679451,0.021227188408374786,0.25077879428863525,0.021227188408374786,0.25077879428863525,0.27781566977500916,0.0,0.25658848881721497,0
125,right,backward,0.16218215883920806,0.0885966494679451,0.021227188408374786,0.0885966494679451,0.021227188408374786,0.25077879428863525,0.021227188408374786,0.25077879428863525,-0.23536130785942078,0.0,0.25658848881721497,0
126,back,stay,0.1701363793992265,-0.015412499196827412,0.04164969548583031,-0.015412499196827412,0.04164969548583031,-0.015412499196827412,-0.12848667800426483,-0.015412499196827412,-0.12848667800426483,0.0,0.0,0
126,back,right,0.1701363793992265,-0.015412499196827412,0.04164969548583031,-0.015412499196827412,0.04164969548583031,-0.015412499196827412,-0.12848667800426483,0.24117599427700043,-0.12848667800426483,0.0,0.25658848881721497,0
126,back,left,0.1701363793992265,-0.015412499196827412,0.04164969548583031,-0.015412499196827412,0.04164969548583031,-0.015412499196827412,-0.12848667800426483,-0.2720009982585907,-0.12848667800426483,0.0,0.25658848881721497,0
126,back,forward,0.1701363793992265,-0.015412499196827412,0.04164969548583031,-0.015491812489926815,0.23624292016029358,-0.015412499196827412,-0.12848667800426483,-0.015409160405397415,0.1176794171333313,0.19459323585033417,0.24616609513759613,1
126,back,backward,0.1701363793992265,-0.015412499196827412,0.04164969548583031,-0.015412499196827412,0.04164969548583031,-0.015412499196827412,-0.12848667800426483,-0.015412499196827412,-0.385075181722641,0.0,0.25658851861953735,0
127,front,stay,0.1705963328821613,-0.07822275161743164,0.07115358859300613,-0.07822275161743164,0.07115358859300613,-0.07822275161743164,0.24174991250038147,-0.07822275161743164,0.24174991250038147,0.0,0.0,0
127,front,right,0.1705963328821613,-0.07822275161743164,0.07115358859300613,-0.07822275161743164,0.07115358859300613,-0.07822275161743164,0.24174991250038147,0.17836573719978333,0.24174991250038147,0.0,0.25658848881721497,0
127,front,left,0.1705963328821613,-0.07822275161743164,0.07115358859300613,-0.07822275161743164,0.07115358859300613,-0.07822275161743164,0.24174991250038147,-0.3348112404346466,0.24174991250038147,0.0,0.25658848881721497,0
127,front,forward,0.1705963328821613,-0.07822275161743164,0.07115358859300613,-0.07822275161743164,0.07115358859300613,-0.07822275161743164,0.24174991250038147,-0.07822275161743164,0.49833840131759644,0.0,0.25658848881721497,0
127,front,backward,0.1705963328821613,-0.07822275161743164,0.07115358859300613,-0.07838081568479538,-0.12472303211688995,-0.07822275161743164,0.24174991250038147,-0.07821338623762131,-0.004475252702832222,0.19587670266628265,0.24622516334056854,1
128,left,stay,0.17748659099611955,0.022528037428855896,-0.03338521718978882,0.022528037428855896,-0.03338521718978882,-0.1549585461616516,-0.03338521718978882,-0.1549585461616516,-0.03338521718978882,0.0,0.0,0
128,left,right,0.17748659099611955,0.022528037428855896,-0.03338521718978882,0.19490619003772736,-0.03341514617204666,-0.1549585461616516,-0.03338521718978882,0.0924065038561821,-0.03338204696774483,0.17237815260887146,0.2473650574684143,1
128,left,left,0.17748659099611955,0.022528037428855896,-0.03338521718978882,0.022528037428855896,-0.03338521718978882,-0.1549585461616516,-0.03338521718978882,-0.4115470349788666,-0.03338521718978882,0.0,0.25658848881721497,0
128,left,forward,0.17748659099611955,0.022528037428855896,-0.03338521718978882,0.022528037428855896,-0.03338521718978882,-0.1549585461616516,-0.03338521718978882,-0.1549585461616516,0.22320327162742615,0.0,0.25658848881721497,0
128,left,backward,0.17748659099611955,0.022528037428855896,-0.03338521718978882,0.022528037428855896,-0.03338521718978882,-0.1549585461616516,-0.03338521718978882,-0.1549585461616516,-0.2899737060070038,0.0,0.25658848881721497,0
129,right,stay,0.16528772508570627,-0.013722951523959637,0.057279445230960846,-0.013722951523959637,0.057279445230960846,0.15156476199626923,0.057279445230960846,0.15156476199626923,0.057279445230960846,0.0,0.0,0
129,right,right,0.16528772508570627,-0.013722951523959637,0.057279445230960846,-0.013722951523959637,0.057279445230960846,0.15156476199626923,0.057279445230960846,0.4081532657146454,0.057279445230960846,0.0,0.25658851861953735,0
129,right,left,0.16528772508570627,-0.013722951523959637,0.057279445230960846,-0.20148231089115143,0.057050298899412155,0.15156476199626923,0.057279445230960846,-0.0950620025396347,0.05729403719305992,0.18775950372219086,0.24662676453590393,1
129,right,forward,0.16528772508570627,-0.013722951523959637,0.057279445230960846,-0.013722951523959637,0.057279445230960846,0.15156476199626923,0.057279445230960846,0.15156476199626923,0.3138679265975952,0.0,0.25658848881721497,0
129,right,backward,0.16528772508570627,-0.013722951523959637,0.057279445230960846,-0.013722951523959637,0.057279445230960846,0.15156476199626923,0.057279445230960846,0.15156476199626923,-0.19930905103683472,0.0,0.25658848881721497,0
130,back,stay,0.16124105684593132,-0.08549260348081589,-0.08800039440393448,-0.08549260348081589,-0.08800039440393448,-0.08549260348081589,-0.249241441488266,-0.08549260348081589,-0.249241441488266,0.0,0.0,0
130,back,right,0.16124105684593132,-0.08549260348081589,-0.08800039440393448,-0.08549260348081589,-0.08800039440393448,-0.08549260348081589,-0.249241441488266,0.17109589278697968,-0.249241441488266,0.0,0.25658848881721497,0
130,back,left,0.16124105684593132,-0.08549260348081589,-0.08800039440393448,-0.08549260348081589,-0.08800039440393448,-0.08549260348081589,-0.249241441488266,-0.34208109974861145,-0.249241441488266,0.0,0.25658848881721497,0
130,back,forward,0.16124105684593132,-0.08549260348081589,-0.08800039440393448,-0.08558759838342667,0.11838246136903763,-0.08549260348081589,-0.249241441488266,-0.08548792451620102,-0.00348692131228745,0.2063828706741333,0.24575452506542206,1
130,back,backward,0.16124105684593132,-0.08549260348081589,-0.08800039440393448,-0.08549260348081589,-0.08800039440393448,-0.08549260348081589,-0.249241441488266,-0.08549260348081589,-0.505829930305481,0.0,0.25658848881721497,0
131,front,stay,0.1690772869758019,0.04969540238380432,0.07660073786973953,0.04969540238380432,0.07660073786973953,0.04969540238380432,0.24567803740501404,0.04969540238380432,0.24567803740501404,0.0,0.0,0
131,front,right,0.1690772869758019,0.04969540238380432,0.07660073786973953,0.04969540238380432,0.07660073786973953,0.04969540238380432,0.24567803740501404,0.3062838912010193,0.24567803740501404,0.0,0.25658848881721497,0
131,front,left,0.1690772869758019,0.04969540238380432,0.07660073786973953,0.04969540238380432,0.07660073786973953,0.04969540238380432,0.24567803740501404,-0.20689308643341064,0.24567803740501404,0.0,0.25658848881721497,0
131,front,forward,0.1690772869758019,0.04969540238380432,0.07660073786973953,0.04969540238380432,0.07660073786973953,0.04969540238380432,0.24567803740501404,0.04969540238380432,0.502266526222229,0.0,0.25658848881721497,0
131,front,backward,0.1690772869758019,0.04969540238380432,0.07660073786973953,0.04965480417013168,-0.10591401904821396,0.04969540238380432,0.24567803740501404,0.04969972372055054,-0.0011357262264937162,0.1825147569179535,0.24681375920772552,1
132,left,stay,0.15407227888909997,0.09232508391141891,0.08377894014120102,0.09232508391141891,0.08377894014120102,-0.06174720078706741,0.08377894014120102,-0.06174720078706741,0.08377894014120102,0.0,0.0,0
132,left,right,0.15407227888909997,0.09232508391141891,0.08377894014120102,0.2954002618789673,0.08375045657157898,-0.06174720078706741,0.08377894014120102,0.1840367317199707,0.08378034085035324,0.20307517051696777,0.24578392505645752,1
132,left,left,0.15407227888909997,0.09232508391141891,0.08377894014120102,0.09232508391141891,0.08377894014120102,-0.06174720078706741,0.08377894014120102,-0.3183356821537018,0.08377894014120102,0.0,0.25658848881721497,0
132,left,forward,0.15407227888909997,0.09232508391141891,0.08377894014120102,0.09232508391141891,0.08377894014120102,-0.06174720078706741,0.08377894014120102,-0.06174720078706741,0.3403674364089966,0.0,0.25658848881721497,0
132,left,backward,0.15407227888909997,0.09232508391141891,0.08377894014120102,0.09232508391141891,0.08377894014120102,-0.06174720078706741,0.08377894014120102,-0.06174720078706741,-0.17280955612659454,0.0,0.25658848881721497,0
133,right,stay,0.1503018439340948,-0.07713659852743149,0.05068347603082657,-0.07713659852743149,0.05068347603082657,0.07316524535417557,0.05068347603082657,0.07316524535417557,0.05068347603082657,0.0,0.0,0
133,right,right,0.1503018439340948,-0.07713659852743149,0.05068347603082657,-0.07713659852743149,0.05068347603082657,0.07316524535417557,0.05068347603082657,0.32975372672080994,0.05068347603082657,0.0,0.25658848881721497,0
133,right,left,0.1503018439340948,-0.07713659852743149,0.05068347603082657,-0.27810078859329224,0.05071435123682022,0.07316524535417557,0.05068347603082657,-0.17281316220760345,0.05068023130297661,0.20096418261528015,0.24597841501235962,1
133,right,forward,0.1503018439340948,-0.07713659852743149,0.05068347603082657,-0.07713659852743149,0.05068347603082657,0.07316524535417557,0.05068347603082657,0.07316524535417557,0.30727195739746094,0.0,0.25658848881721497,0
133,right,backward,0.1503018439340948,-0.07713659852743149,0.05068347603082657,-0.07713659852743149,0.05068347603082657,0.07316524535417557,0.05068347603082657,0.07316524535417557,-0.205905020236969,0.0,0.25658848881721497,0
134,back,stay,0.16036458001916334,-0.03145439922809601,0.09224557876586914,-0.03145439922809601,0.09224557876586914,-0.03145439922809601,-0.06811900436878204,-0.03145439922809601,-0.06811900436878204,0.0,0.0,0
134,back,right,0.16036458001916334,-0.03145439922809601,0.09224557876586914,-0.03145439922809601,0.09224557876586914,-0.03145439922809601,-0.06811900436878204,0.22513408958911896,-0.06811900436878204,0.0,0.25658848881721497,0
134,back,left,0.16036458001916334,-0.03145439922809601,0.09224557876586914,-0.03145439922809601,0.09224557876586914,-0.03145439922809601,-0.06811900436878204,-0.28804290294647217,-0.06811900436878204,0.0,0.25658851861953735,0
134,back,forward,0.16036458001916334,-0.03145439922809601,0.09224557876586914,-0.0316246934235096,0.29826590418815613,-0.03145439922809601,-0.06811900436878204,-0.03144355118274689,0.17764465510845184,0.20602039992809296,0.2457636594772339,1
134,back,backward,0.16036458001916334,-0.03145439922809601,0.09224557876586914,-0.03145439922809601,0.09224557876586914,-0.03145439922809601,-0.06811900436878204,-0.03145439922809601,-0.3247075080871582,0.0,0.25658851861953735,0
135,front,stay,0.16502887021449658,0.007681623566895723,-0.0984334647655487,0.007681623566895723,-0.0984334647655487,0.007681623566895723,0.0665954053401947,0.007681623566895723,0.0665954053401947,0.0,0.0,0
135,front,right,0.16502887021449658,0.007681623566895723,-0.0984334647655487,0.007681623566895723,-0.0984334647655487,0.007681623566895723,0.0665954053401947,0.2642701268196106,0.0665954053401947,0.0,0.25658848881721497,0
135,front,left,0.16502887021449658,0.007681623566895723,-0.0984334647655487,0.007681623566895723,-0.0984334647655487,0.007681623566895723,0.0665954053401947,-0.24890686571598053,0.0665954053401947,0.0,0.25658848881721497,0
135,front,forward,0.16502887021449658,0.007681623566895723,-0.0984334647655487,0.007681623566895723,-0.0984334647655487,0.007681623566895723,0.0665954053401947,0.007681623566895723,0.32318389415740967,0.0,0.25658848881721497,0
135,front,backward,0.16502887021449658,0.007681623566895723,-0.0984334647655487,0.007741162087768316,-0.2998255491256714,0.007681623566895723,0.0665954053401947,0.007678098976612091,-0.17944598197937012,0.20139208436012268,0.24604138731956482,1
136,left,stay,0.1722035225359018,0.08269734680652618,-0.04146694019436836,0.08269734680652618,-0.04146694019436836,-0.08950617909431458,-0.04146694019436836,-0.08950617909431458,-0.04146694019436836,0.0,0.0,0
136,left,right,0.1722035225359018,0.08269734680652618,-0.04146694019436836,0.261315256357193,-0.041453465819358826,-0.08950617909431458,-0.04146694019436836,0.15749353170394897,-0.041467733681201935,0.1786179095506668,0.24699971079826355,1
136,left,left,0.1722035225359018,0.08269734680652618,-0.04146694019436836,0.08269734680652618,-0.04146694019436836,-0.08950617909431458,-0.04146694019436836,-0.34609466791152954,-0.04146694019436836,0.0,0.25658848881721497,0
136,left,forward,0.1722035225359018,0.08269734680652618,-0.04146694019436836,0.08269734680652618,-0.04146694019436836,-0.08950617909431458,-0.04146694019436836,-0.08950617909431458,0.2151215523481369,0.0,0.25658848881721497,0
136,left,backward,0.1722035225359018,0.08269734680652618,-0.04146694019436836,0.08269734680652618,-0.04146694019436836,-0.08950617909431458,-0.04146694019436836,-0.08950617909431458,-0.2980554401874542,0.0,0.25658848881721497,0
137,right,stay,0.1642231806624978,-0.015311388298869133,0.05079711601138115,-0.015311388298869133,0.05079711601138115,0.14891178905963898,0.05079711601138115,0.14891178905963898,0.05079711601138115,0.0,0.0,0
137,right,right,0.1642231806624978,-0.015311388298869133,0.05079711601138115,-0.015311388298869133,0.05079711601138115,0.14891178905963898,0.05079711601138115,0.40550029277801514,0.05079711601138115,0.0,0.25658851861953735,0
137,right,left,0.1642231806624978,-0.015311388298869133,0.05079711601138115,-0.2143750935792923,0.050805289298295975,0.14891178905963898,0.05079711601138115,-0.09722331166267395,0.05079653486609459,0.19906370341777802,0.24613510072231293,1
137,right,forward,0.1642231806624978,-0.015311388298869133,0.05079711601138115,-0.015311388298869133,0.05079711601138115,0.14891178905963898,0.05079711601138115,0.14891178905963898,0.3073856234550476,0.0,0.25658851861953735,0
137,right,backward,0.1642231806624978,-0.015311388298869133,0.05079711601138115,-0.015311388298869133,0.05079711601138115,0.14891178905963898,0.05079711601138115,0.14891178905963898,-0.2057913839817047,0.0,0.25658848881721497,0
138,back,stay,0.17101055678310714,-0.08114220201969147,0.02459120936691761,-0.08114220201969147,0.02459120936691761,-0.08114220201969147,-0.14641934633255005,-0.08114220201969147,-0.14641934633255005,0.0,0.0,0
138,back,right,0.17101055678310714,-0.08114220201969147,0.02459120936691761,-0.08114220201969147,0.02459120936691761,-0.08114220201969147,-0.14641934633255005,0.1754462867975235,-0.14641934633255005,0.0,0.25658848881721497,0
138,back,left,0.17101055678310714,-0.08114220201969147,0.02459120936691761,-0.08114220201969147,0.02459120936691761,-0.08114220201969147,-0.14641934633255005,-0.3377307057380676,-0.14641934633255005,0.0,0.25658851861953735,0
138,back,forward,0.17101055678310714,-0.08114220201969147,0.02459120936691761,-0.08114001899957657,0.20120641589164734,-0.08114220201969147,-0.14641934633255005,-0.08114234358072281,0.10075371712446213,0.17661520838737488,0.24717307090759277,1
138,back,backward,0.17101055678310714,-0.08114220201969147,0.02459120936691761,-0.08114220201969147,0.02459120936691761,-0.08114220201969147,-0.14641934633255005,-0.08114220201969147,-0.403007835149765,0.0,0.25658848881721497,0
139,front,stay,0.15197979038425175,-0.0061759063974022865,0.08092473447322845,-0.0061759063974022865,0.08092473447322845,-0.0061759063974022865,0.23290452361106873,-0.0061759063974022865,0.23290452361106873,0.0,0.0,0
139,front,right,0.15197979038425175,-0.0061759063974022865,0.08092473447322845,-0.0061759063974022865,0.08092473447322845,-0.0061759063974022865,0.23290452361106873,0.25041258335113525,0.23290452361106873,0.0,0.25658848881721497,0
139,front,left,0.15197979038425175,-0.0061759063974022865,0.08092473447322845,-0.0061759063974022865,0.08092473447322845,-0.0061759063974022865,0.23290452361106873,-0.2627643942832947,0.23290452361106873,0.0,0.25658848881721497,0
139,front,forward,0.15197979038425175,-0.0061759063974022865,0.08092473447322845,-0.0061759063974022865,0.08092473447322845,-0.0061759063974022865,0.23290452361106873,-0.0061759063974022865,0.4894930124282837,0.0,0.25658848881721497,0
139,front,backward,0.15197979038425175,-0.0061759063974022865,0.08092473447322845,-0.006310319062322378,-0.1280553787946701,-0.0061759063974022865,0.23290452361106873,-0.006166302133351564,-0.012769734486937523,0.20898015797138214,0.2456742525100708,1
140,left,stay,0.16031264433189502,-0.05207974463701248,0.05794965475797653,-0.05207974463701248,0.05794965475797653,-0.2123923897743225,0.05794965475797653,-0.2123923897743225,0.05794965475797653,0.0,0.0,0
140,left,right,0.16031264433189502,-0.05207974463701248,0.05794965475797653,0.14324979484081268,0.058077871799468994,-0.2123923897743225,0.05794965475797653,0.03395367041230202,0.057944152504205704,0.19532959163188934,0.24634605646133423,1
140,left,left,0.16031264433189502,-0.05207974463701248,0.05794965475797653,-0.05207974463701248,0.05794965475797653,-0.2123923897743225,0.05794965475797653,-0.4689808785915375,0.05794965475797653,0.0,0.25658848881721497,0
140,left,forward,0.16031264433189502,-0.05207974463701248,0.05794965475797653,-0.05207974463701248,0.05794965475797653,-0.2123923897743225,0.05794965475797653,-0.2123923897743225,0.3145381510257721,0.0,0.25658848881721497,0
140,left,backward,0.16031264433189502,-0.05207974463701248,0.05794965475797653,-0.05207974463701248,0.05794965475797653,-0.2123923897743225,0.05794965475797653,-0.2123923897743225,-0.19863884150981903,0.0,0.25658848881721497,0
141,right,stay,0.1466904762817347,-0.03706943988800049,-0.04740394279360771,-0.03706943988800049,-0.04740394279360771,0.10962103307247162,-0.04740394279360771,0.10962103307247162,-0.04740394279360771,0.0,0.0,0
141,right,right,0.1466904762817347,-0.03706943988800049,-0.04740394279360771,-0.03706943988800049,-0.04740394279360771,0.10962103307247162,-0.04740394279360771,0.3662095367908478,-0.04740394279360771,0.0,0.25658851861953735,0
141,right,left,0.1466904762817347,-0.03706943988800049,-0.04740394279360771,-0.2432371824979782,-0.0471939891576767,0.10962103307247162,-0.04740394279360771,-0.1360752135515213,-0.04741866886615753,0.20616784691810608,0.24569624662399292,1
141,right,forward,0.1466904762817347,-0.03706943988800049,-0.04740394279360771,-0.03706943988800049,-0.04740394279360771,0.10962103307247162,-0.04740394279360771,0.10962103307247162,0.20918455719947815,0.0,0.25658848881721497,0
141,right,backward,0.1466904762817347,-0.03706943988800049,-0.04740394279360771,-0.03706943988800049,-0.04740394279360771,0.10962103307247162,-0.04740394279360771,0.10962103307247162,-0.30399245023727417,0.0,0.25658851861953735,0
142,back,stay,0.15962711128797694,-0.031217962503433228,0.02534102089703083,-0.031217962503433228,0.02534102089703083,-0.031217962503433228,-0.1342860907316208,-0.031217962503433228,-0.1342860907316208,0.0,0.0,0
142,back,right,0.15962711128797694,-0.031217962503433228,0.02534102089703083,-0.031217962503433228,0.02534102089703083,-0.031217962503433228,-0.1342860907316208,0.22537052631378174,-0.1342860907316208,0.0,0.25658848881721497,0
142,back,left,0.15962711128797694,-0.031217962503433228,0.02534102089703083,-0.031217962503433228,0.02534102089703083,-0.031217962503433228,-0.1342860907316208,-0.2878064513206482,-0.1342860907316208,0.0,0.25658848881721497,0
142,back,forward,0.15962711128797694,-0.031217962503433228,0.02534102089703083,-0.031180281192064285,0.2163478136062622,-0.031217962503433228,-0.1342860907316208,-0.031219739466905594,0.11218632012605667,0.19100679457187653,0.24647241830825806,1
142,back,backward,0.15962711128797694,-0.031217962503433228,0.02534102089703083,-0.031217962503433228,0.02534102089703083,-0.031217962503433228,-0.1342860907316208,-0.031217962503433228,-0.39087459444999695,0.0,0.25658851861953735,0
143,front,stay,0.16232160503007168,-0.02131272479891777,-0.01782640442252159,-0.02131272479891777,-0.01782640442252159,-0.02131272479891777,0.14449520409107208,-0.02131272479891777,0.14449520409107208,0.0,0.0,0
143,front,right,0.16232160503007168,-0.02131272479891777,-0.01782640442252159,-0.02131272479891777,-0.01782640442252159,-0.02131272479891777,0.14449520409107208,0.2352757751941681,0.14449520409107208,0.0,0.25658848881721497,0
143,front,left,0.16232160503007168,-0.02131272479891777,-0.01782640442252159,-0.02131272479891777,-0.01782640442252159,-0.02131272479891777,0.14449520409107208,-0.27790123224258423,0.14449520409107208,0.0,0.25658851861953735,0
143,front,forward,0.16232160503007168,-0.02131272479891777,-0.01782640442252159,-0.02131272479891777,-0.01782640442252159,-0.02131272479891777,0.14449520409107208,-0.02131272479891777,0.40108370780944824,0.0,0.25658851861953735,0
143,front,backward,0.16232160503007168,-0.02131272479891777,-0.01782640442252159,-0.02110479399561882,-0.21193131804466248,-0.02131272479891777,0.14449520409107208,-0.02132461406290531,-0.10165776312351227,0.19410501420497894,0.24615296721458435,1
144,left,stay,0.1619063340818389,0.08085830509662628,0.06797092407941818,0.08085830509662628,0.06797092407941818,-0.08104802668094635,0.06797092407941818,-0.08104802668094635,0.06797092407941818,0.0,0.0,0
144,left,right,0.1619063340818389,0.08085830509662628,0.06797092407941818,0.2799413204193115,0.06800868362188339,-0.08104802668094635,0.06797092407941818,0.16499930620193481,0.06796862185001373,0.19908301532268524,0.24604733288288116,1
144,left,left,0.1619063340818389,0.08085830509662628,0.06797092407941818,0.08085830509662628,0.06797092407941818,-0.08104802668094635,0.06797092407941818,-0.3376365303993225,0.06797092407941818,0.0,0.25658851861953735,0
144,left,forward,0.1619063340818389,0.08085830509662628,0.06797092407941818,0.08085830509662628,0.06797092407941818,-0.08104802668094635,0.06797092407941818,-0.08104802668094635,0.32455942034721375,0.0,0.25658848881721497,0
144,left,backward,0.1619063340818389,0.08085830509662628,0.06797092407941818,0.08085830509662628,0.06797092407941818,-0.08104802668094635,0.06797092407941818,-0.08104802668094635,-0.18861757218837738,0.0,0.25658848881721497,0
145,right,stay,0.15513989298339764,-0.019971052184700966,0.07420460134744644,-0.019971052184700966,0.07420460134744644,0.13516883552074432,0.07420460134744644,0.13516883552074432,0.07420460134744644,0.0,0.0,0
145,right,right,0.15513989298339764,-0.019971052184700966,0.07420460134744644,-0.019971052184700966,0.07420460134744644,0.13516883552074432,0.07420460134744644,0.3917573392391205,0.07420460134744644,0.0,0.25658851861953735,0
145,right,left,0.15513989298339764,-0.019971052184700966,0.07420460134744644,-0.2316478192806244,0.07413599640130997,0.13516883552074432,0.07420460134744644,-0.110297791659832,0.0742088183760643,0.21167676150798798,0.24546661972999573,1
145,right,forward,0.15513989298339764,-0.019971052184700966,0.07420460134744644,-0.019971052184700966,0.07420460134744644,0.13516883552074432,0.07420460134744644,0.13516883552074432,0.3307930827140808,0.0,0.25658848881721497,0
145,right,backward,0.15513989298339764,-0.019971052184700966,0.07420460134744644,-0.019971052184700966,0.07420460134744644,0.13516883552074432,0.07420460134744644,0.13516883552074432,-0.18238389492034912,0.0,0.25658848881721497,0
146,back,stay,0.17235808662102212,-0.08459321409463882,-0.06418593227863312,-0.08459321409463882,-0.06418593227863312,-0.08459321409463882,-0.23654401302337646,-0.08459321409463882,-0.23654401302337646,0.0,0.0,0
146,back,right,0.17235808662102212,-0.08459321409463882,-0.06418593227863312,-0.08459321409463882,-0.06418593227863312,-0.08459321409463882,-0.23654401302337646,0.17199528217315674,-0.23654401302337646,0.0,0.25658848881721497,0
146,back,left,0.17235808662102212,-0.08459321409463882,-0.06418593227863312,-0.08459321409463882,-0.06418593227863312,-0.08459321409463882,-0.23654401302337646,-0.3411816954612732,-0.23654401302337646,0.0,0.25658848881721497,0
146,back,forward,0.17235808662102212,-0.08459321409463882,-0.06418593227863312,-0.08462083339691162,0.11234473437070847,-0.08459321409463882,-0.23654401302337646,-0.08459186553955078,0.010409518145024776,0.176530659198761,0.24695353209972382,1
146,back,backward,0.17235808662102212,-0.08459321409463882,-0.06418593227863312,-0.08459321409463882,-0.06418593227863312,-0.08459321409463882,-0.23654401302337646,-0.08459321409463882,-0.49313250184059143,0.0,0.25658848881721497,0
147,front,stay,0.15534547164594953,-0.0048724883235991,0.01987258903682232,-0.0048724883235991,0.01987258903682232,-0.0048724883235991,0.17521806061267853,-0.0048724883235991,0.17521806061267853,0.0,0.0,0
147,front,right,0.15534547164594953,-0.0048724883235991,0.01987258903682232,-0.0048724883235991,0.01987258903682232,-0.0048724883235991,0.17521806061267853,0.2517160177230835,0.17521806061267853,0.0,0.25658851861953735,0
147,front,left,0.15534547164594953,-0.0048724883235991,0.01987258903682232,-0.0048724883235991,0.01987258903682232,-0.0048724883235991,0.17521806061267853,-0.2614609897136688,0.17521806061267853,0.0,0.25658848881721497,0
147,front,forward,0.15534547164594953,-0.0048724883235991,0.01987258903682232,-0.0048724883235991,0.01987258903682232,-0.0048724883235991,0.17521806061267853,-0.0048724883235991,0.4318065643310547,0.0,0.25658851861953735,0
147,front,backward,0.15534547164594953,-0.0048724883235991,0.01987258903682232,-0.004853084217756987,-0.171345055103302,-0.0048724883235991,0.17521806061267853,-0.004873532801866531,-0.07122708857059479,0.19121764600276947,0.24644514918327332,1
148,left,stay,0.14530362165712904,-0.01666286401450634,0.07522434741258621,-0.01666286401450634,0.07522434741258621,-0.1619664877653122,0.07522434741258621,-0.1619664877653122,0.07522434741258621,0.0,0.0,0
148,left,right,0.14530362165712904,-0.01666286401450634,0.07522434741258621,0.1839851438999176,0.07521253824234009,-0.1619664877653122,0.07522434741258621,0.08383964747190475,0.07522585242986679,0.2006480097770691,0.24580612778663635,1
148,left,left,0.14530362165712904,-0.01666286401450634,0.07522434741258621,-0.01666286401450634,0.07522434741258621,-0.1619664877653122,0.07522434741258621,-0.41855499148368835,0.07522434741258621,0.0,0.25658851861953735,0
148,left,forward,0.14530362165712904,-0.01666286401450634,0.07522434741258621,-0.01666286401450634,0.07522434741258621,-0.1619664877653122,0.07522434741258621,-0.1619664877653122,0.3318128287792206,0.0,0.25658848881721497,0
148,left,backward,0.14530362165712904,-0.01666286401450634,0.07522434741258621,-0.01666286401450634,0.07522434741258621,-0.1619664877653122,0.07522434741258621,-0.1619664877653122,-0.18136414885520935,0.0,0.25658848881721497,0
149,right,stay,0.147412221602847,0.05970197170972824,-0.041272763162851334,0.05970197170972824,-0.041272763162851334,0.20711418986320496,-0.041272763162851334,0.20711418986320496,-0.041272763162851334,0.0,0.0,0
149,right,right,0.147412221602847,0.05970197170972824,-0.041272763162851334,0.05970197170972824,-0.041272763162851334,0.20711418986320496,-0.041272763162851334,0.4637026786804199,-0.041272763162851334,0.0,0.25658848881721497,0
149,right,left,0.147412221602847,0.05970197170972824,-0.041272763162851334,-0.14220929145812988,-0.0410705991089344,0.20711418986320496,-0.041272763162851334,-0.0388796292245388,-0.04129210114479065,0.20191137492656708,0.24599382281303406,1
149,right,forward,0.147412221602847,0.05970197170972824,-0.041272763162851334,0.05970197170972824,-0.041272763162851334,0.20711418986320496,-0.041272763162851334,0.20711418986320496,0.21531572937965393,0.0,0.25658848881721497,0
149,right,backward,0.147412221602847,0.05970197170972824,-0.041272763162851334,0.05970197170972824,-0.041272763162851334,0.20711418986320496,-0.041272763162851334,0.20711418986320496,-0.297861248254776,0.0,0.25658848881721497,0
150,back,stay,0.16769648600177756,-0.086319200694561,-0.026513485237956047,-0.086319200694561,-0.026513485237956047,-0.086319200694561,-0.1942099779844284,-0.086319200694561,-0.1942099779844284,0.0,0.0,0
150,back,right,0.16769648600177756,-0.086319200694561,-0.026513485237956047,-0.086319200694561,-0.026513485237956047,-0.086319200694561,-0.1942099779844284,0.17026929557323456,-0.1942099779844284,0.0,0.25658848881721497,0
150,back,left,0.16769648600177756,-0.086319200694561,-0.026513485237956047,-0.086319200694561,-0.026513485237956047,-0.086319200694561,-0.1942099779844284,-0.34290769696235657,-0.1942099779844284,0.0,0.25658848881721497,0
150,back,forward,0.16769648600177756,-0.086319200694561,-0.026513485237956047,-0.08613288402557373,0.15941712260246277,-0.086319200694561,-0.1942099779844284,-0.08633339405059814,0.05241362750530243,0.18593069911003113,0.24662360548973083,1
150,back,backward,0.16769648600177756,-0.086319200694561,-0.026513485237956047,-0.086319200694561,-0.026513485237956047,-0.086319200694561,-0.1942099779844284,-0.086319200694561,-0.45079848170280457,0.0,0.25658851861953735,0
151,front,stay,0.17077944872747924,0.03311360999941826,-0.010396769270300865,0.03311360999941826,-0.010396769270300865,0.03311360999941826,0.1603826880455017,0.03311360999941826,0.1603826880455017,0.0,0.0,0
151,front,right,0.17077944872747924,0.03311360999941826,-0.010396769270300865,0.03311360999941826,-0.010396769270300865,0.03311360999941826,0.1603826880455017,0.2897021174430847,0.1603826880455017,0.0,0.25658851861953735,0
151,front,left,0.17077944872747924,0.03311360999941826,-0.010396769270300865,0.03311360999941826,-0.010396769270300865,0.03311360999941826,0.1603826880455017,-0.2234748899936676,0.1603826880455017,0.0,0.25658848881721497,0
151,front,forward,0.17077944872747924,0.03311360999941826,-0.010396769270300865,0.03311360999941826,-0.010396769270300865,0.03311360999941826,0.1603826880455017,0.03311360999941826,0.4169711768627167,0.0,0.25658848881721497,0
151,front,backward,0.17077944872747924,0.03311360999941826,-0.010396769270300865,0.03336687013506889,-0.1983296424150467,0.03311360999941826,0.1603826880455017,0.03310345858335495,-0.08618859946727753,0.1879330426454544,0.24657128751277924,1
152,left,stay,0.16083219846010866,0.014485602267086506,-0.017155885696411133,0.014485602267086506,-0.017155885696411133,-0.14634659886360168,-0.017155885696411133,-0.14634659886360168,-0.017155885696411133,0.0,0.0,0
152,left,right,0.16083219846010866,0.014485602267086506,-0.017155885696411133,0.2012614756822586,-0.017162440344691277,-0.14634659886360168,-0.017155885696411133,0.10036683827638626,-0.017155082896351814,0.18677587807178497,0.24671342968940735,1
152,left,left,0.16083219846010866,0.014485602267086506,-0.017155885696411133,0.014485602267086506,-0.017155885696411133,-0.14634659886360168,-0.017155885696411133,-0.40293508768081665,-0.017155885696411133,0.0,0.25658848881721497,0
152,left,forward,0.16083219846010866,0.014485602267086506,-0.017155885696411133,0.014485602267086506,-0.017155885696411133,-0.14634659886360168,-0.017155885696411133,-0.14634659886360168,0.23943260312080383,0.0,0.25658848881721497,0
152,left,backward,0.16083219846010866,0.014485602267086506,-0.017155885696411133,0.014485602267086506,-0.017155885696411133,-0.14634659886360168,-0.017155885696411133,-0.14634659886360168,-0.2737443745136261,0.0,0.25658848881721497,0
153,right,stay,0.1497874976301208,-0.06283450126647949,-0.07646491378545761,-0.06283450126647949,-0.07646491378545761,0.08695299923419952,-0.07646491378545761,0.08695299923419952,-0.07646491378545761,0.0,0.0,0
153,right,right,0.1497874976301208,-0.06283450126647949,-0.07646491378545761,-0.06283450126647949,-0.07646491378545761,0.08695299923419952,-0.07646491378545761,0.3435415029525757,-0.07646491378545761,0.0,0.25658851861953735,0
153,right,left,0.1497874976301208,-0.06283450126647949,-0.07646491378545761,-0.2693672776222229,-0.07667332887649536,0.08695299923419952,-0.07646491378545761,-0.15878763794898987,-0.07645311951637268,0.20653288066387177,0.2457406371831894,1
153,right,forward,0.1497874976301208,-0.06283450126647949,-0.07646491378545761,-0.06283450126647949,-0.07646491378545761,0.08695299923419952,-0.07646491378545761,0.08695299923419952,0.18012358248233795,0.0,0.25658848881721497,0
153,right,backward,0.1497874976301208,-0.06283450126647949,-0.07646491378545761,-0.06283450126647949,-0.07646491378545761,0.08695299923419952,-0.07646491378545761,0.08695299923419952,-0.3330534100532532,0.0,0.25658848881721497,0
154,back,stay,0.17179398130170634,-0.09042350947856903,-0.06641131639480591,-0.09042350947856903,-0.06641131639480591,-0.09042350947856903,-0.23820529878139496,-0.09042350947856903,-0.23820529878139496,0.0,0.0,0
154,back,right,0.17179398130170634,-0.09042350947856903,-0.06641131639480591,-0.09042350947856903,-0.06641131639480591,-0.09042350947856903,-0.23820529878139496,0.16616497933864594,-0.23820529878139496,0.0,0.25658848881721497,0
154,back,left,0.17179398130170634,-0.09042350947856903,-0.06641131639480591,-0.09042350947856903,-0.06641131639480591,-0.09042350947856903,-0.23820529878139496,-0.3470120131969452,-0.23820529878139496,0.0,0.25658851861953735,0
154,back,forward,0.17179398130170634,-0.09042350947856903,-0.06641131639480591,-0.09062175452709198,0.11321388185024261,-0.09042350947856903,-0.23820529878139496,-0.09040763229131699,0.008790997788310051,0.17962531745433807,0.24699629843235016,1
154,back,backward,0.17179398130170634,-0.09042350947856903,-0.06641131639480591,-0.09042350947856903,-0.06641131639480591,-0.09042350947856903,-0.23820529878139496,-0.09042350947856903,-0.4947938024997711,0.0,0.25658851861953735,0
155,front,stay,0.16779252335578687,0.03443669155240059,-0.02466828003525734,0.03443669155240059,-0.02466828003525734,0.03443669155240059,0.14312425255775452,0.03443669155240059,0.14312425255775452,0.0,0.0,0
155,front,right,0.16779252335578687,0.03443669155240059,-0.02466828003525734,0.03443669155240059,-0.02466828003525734,0.03443669155240059,0.14312425255775452,0.29102519154548645,0.14312425255775452,0.0,0.25658848881721497,0
155,front,left,0.16779252335578687,0.03443669155240059,-0.02466828003525734,0.03443669155240059,-0.02466828003525734,0.03443669155240059,0.14312425255775452,-0.22215180099010468,0.14312425255775452,0.0,0.25658848881721497,0
155,front,forward,0.16779252335578687,0.03443669155240059,-0.02466828003525734,0.03443669155240059,-0.02466828003525734,0.03443669155240059,0.14312425255775452,0.03443669155240059,0.3997127413749695,0.0,0.25658848881721497,0
155,front,backward,0.16779252335578687,0.03443669155240059,-0.02466828003525734,0.03436468169093132,-0.20474237203598022,0.03443669155240059,0.14312425255775452,0.0344456285238266,-0.10386169701814651,0.18007411062717438,0.24698594212532043,1
156,left,stay,0.15536300043803059,0.036606814712285995,0.09920255094766617,0.036606814712285995,0.09920255094766617,-0.11875617504119873,0.09920255094766617,-0.11875617504119873,0.09920255094766617,0.0,0.0,0
156,left,right,0.15536300043803059,0.036606814712285995,0.09920255094766617,0.24862860143184662,0.09932199120521545,-0.11875617504119873,0.09920255094766617,0.1267252266407013,0.09918763488531113,0.2120218276977539,0.24548140168190002,1
156,left,left,0.15536300043803059,0.036606814712285995,0.09920255094766617,0.036606814712285995,0.09920255094766617,-0.11875617504119873,0.09920255094766617,-0.3753446638584137,0.09920255094766617,0.0,0.25658848881721497,0
156,left,forward,0.15536300043803059,0.036606814712285995,0.09920255094766617,0.036606814712285995,0.09920255094766617,-0.11875617504119873,0.09920255094766617,-0.11875617504119873,0.35579103231430054,0.0,0.25658848881721497,0
156,left,backward,0.15536300043803059,0.036606814712285995,0.09920255094766617,0.036606814712285995,0.09920255094766617,-0.11875617504119873,0.09920255094766617,-0.11875617504119873,-0.1573859453201294,0.0,0.25658848881721497,0
157,right,stay,0.17352830431593616,0.05626920238137245,-0.07408622652292252,0.05626920238137245,-0.07408622652292252,0.22979749739170074,-0.07408622652292252,0.22979749739170074,-0.07408622652292252,0.0,0.0,0
157,right,right,0.17352830431593616,0.05626920238137245,-0.07408622652292252,0.05626920238137245,-0.07408622652292252,0.22979749739170074,-0.07408622652292252,0.4863860011100769,-0.07408622652292252,0.0,0.25658851861953735,0
157,right,left,0.17352830431593616,0.05626920238137245,-0.07408622652292252,-0.13663657009601593,-0.07410326600074768,0.22979749739170074,-0.07408622652292252,-0.016501616686582565,-0.07408522069454193,0.19290576875209808,0.2462991178035736,1
157,right,forward,0.17352830431593616,0.05626920238137245,-0.07408622652292252,0.05626920238137245,-0.07408622652292252,0.22979749739170074,-0.07408622652292252,0.22979749739170074,0.18250226974487305,0.0,0.25658848881721497,0
157,right,backward,0.17352830431593616,0.05626920238137245,-0.07408622652292252,0.05626920238137245,-0.07408622652292252,0.22979749739170074,-0.07408622652292252,0.22979749739170074,-0.3306747078895569,0.0,0.25658848881721497,0
158,back,stay,0.15915935643201828,-0.042891975492239,0.08404120057821274,-0.042891975492239,0.08404120057821274,-0.042891975492239,-0.07511816173791885,-0.042891975492239,-0.07511816173791885,0.0,0.0,0
158,back,right,0.15915935643201828,-0.042891975492239,0.08404120057821274,-0.042891975492239,0.08404120057821274,-0.042891975492239,-0.07511816173791885,0.21369652450084686,-0.07511816173791885,0.0,0.25658848881721497,0
158,back,left,0.15915935643201828,-0.042891975492239,0.08404120057821274,-0.042891975492239,0.08404120057821274,-0.042891975492239,-0.07511816173791885,-0.29948046803474426,-0.07511816173791885,0.0,0.25658848881721497,0
158,back,forward,0.15915935643201828,-0.042891975492239,0.08404120057821274,-0.042857576161623,0.29149216413497925,-0.042891975492239,-0.07511816173791885,-0.042893435806035995,0.17066779732704163,0.2074509561061859,0.24578595161437988,1
158,back,backward,0.15915935643201828,-0.042891975492239,0.08404120057821274,-0.042891975492239,0.08404120057821274,-0.042891975492239,-0.07511816173791885,-0.042891975492239,-0.3317066431045532,0.0,0.25658848881721497,0
159,front,stay,0.17915245594020335,-0.08982882648706436,0.011307326145470142,-0.08982882648706436,0.011307326145470142,-0.08982882648706436,0.19045978784561157,-0.08982882648706436,0.19045978784561157,0.0,0.0,0
159,front,right,0.17915245594020335,-0.08982882648706436,0.011307326145470142,-0.08982882648706436,0.011307326145470142,-0.08982882648706436,0.19045978784561157,0.1667596697807312,0.19045978784561157,0.0,0.25658848881721497,0
159,front,left,0.17915245594020335,-0.08982882648706436,0.011307326145470142,-0.08982882648706436,0.011307326145470142,-0.08982882648706436,0.19045978784561157,-0.34641730785369873,0.19045978784561157,0.0,0.25658848881721497,0
159,front,forward,0.17915245594020335,-0.08982882648706436,0.011307326145470142,-0.08982882648706436,0.011307326145470142,-0.08982882648706436,0.19045978784561157,-0.08982882648706436,0.44704827666282654,0.0,0.25658848881721497,0
159,front,backward,0.17915245594020335,-0.08982882648706436,0.011307326145470142,-0.08968722820281982,-0.17489273846149445,-0.08982882648706436,0.19045978784561157,-0.08983705937862396,-0.05617263913154602,0.1862001121044159,0.2466324269771576,1
160,left,stay,0.17516298769102742,-0.02483854629099369,0.04784862697124481,-0.02483854629099369,0.04784862697124481,-0.2000015377998352,0.04784862697124481,-0.2000015377998352,0.04784862697124481,0.0,0.0,0
160,left,right,0.17516298769102742,-0.02483854629099369,0.04784862697124481,0.14714813232421875,0.04784220829606056,-0.2000015377998352,0.04784862697124481,0.04712648317217827,0.04784943908452988,0.1719866842031479,0.24712802469730377,1
160,left,left,0.17516298769102742,-0.02483854629099369,0.04784862697124481,-0.02483854629099369,0.04784862697124481,-0.2000015377998352,0.04784862697124481,-0.45659002661705017,0.04784862697124481,0.0,0.25658848881721497,0
160,left,forward,0.17516298769102742,-0.02483854629099369,0.04784862697124481,-0.02483854629099369,0.04784862697124481,-0.2000015377998352,0.04784862697124481,-0.2000015377998352,0.30443713068962097,0.0,0.25658851861953735,0
160,left,backward,0.17516298769102742,-0.02483854629099369,0.04784862697124481,-0.02483854629099369,0.04784862697124481,-0.2000015377998352,0.04784862697124481,-0.2000015377998352,-0.20873986184597015,0.0,0.25658848881721497,0
161,right,stay,0.16549694608967133,-0.07736029475927353,-0.008491313084959984,-0.07736029475927353,-0.008491313084959984,0.08813665062189102,-0.008491313084959984,0.08813665062189102,-0.008491313084959984,0.0,0.0,0
161,right,right,0.16549694608967133,-0.07736029475927353,-0.008491313084959984,-0.07736029475927353,-0.008491313084959984,0.08813665062189102,-0.008491313084959984,0.3447251319885254,-0.008491313084959984,0.0,0.25658848881721497,0
161,right,left,0.16549694608967133,-0.07736029475927353,-0.008491313084959984,-0.27715420722961426,-0.008276340551674366,0.08813665062189102,-0.008491313084959984,-0.15792758762836456,-0.008498367853462696,0.1997940093278885,0.24606424570083618,1
161,right,forward,0.16549694608967133,-0.07736029475927353,-0.008491313084959984,-0.07736029475927353,-0.008491313084959984,0.08813665062189102,-0.008491313084959984,0.08813665062189102,0.24809718132019043,0.0,0.25658848881721497,0
161,right,backward,0.16549694608967133,-0.07736029475927353,-0.008491313084959984,-0.07736029475927353,-0.008491313084959984,0.08813665062189102,-0.008491313084959984,0.08813665062189102,-0.2650797963142395,0.0,0.25658848881721497,0
162,back,stay,0.14797617610884384,0.02487773261964321,-0.014789503067731857,0.02487773261964321,-0.014789503067731857,0.02487773261964321,-0.16276568174362183,0.02487773261964321,-0.16276568174362183,0.0,0.0,0
162,back,right,0.14797617610884384,0.02487773261964321,-0.014789503067731857,0.02487773261964321,-0.014789503067731857,0.02487773261964321,-0.16276568174362183,0.28146621584892273,-0.16276568174362183,0.0,0.25658848881721497,0
162,back,left,0.14797617610884384,0.02487773261964321,-0.014789503067731857,0.02487773261964321,-0.014789503067731857,0.02487773261964321,-0.16276568174362183,-0.2317107617855072,-0.16276568174362183,0.0,0.25658848881721497,0
162,back,forward,0.14797617610884384,0.02487773261964321,-0.014789503067731857,0.024977272376418114,0.1856445074081421,0.02487773261964321,-0.16276568174362183,0.024865329265594482,0.08306854218244553,0.20043404400348663,0.24583423137664795,1
162,back,backward,0.14797617610884384,0.02487773261964321,-0.014789503067731857,0.02487773261964321,-0.014789503067731857,0.02487773261964321,-0.16276568174362183,0.02487773261964321,-0.4193541705608368,0.0,0.25658848881721497,0
163,front,stay,0.16497215320471909,-0.09928157180547714,0.0818367525935173,-0.09928157180547714,0.0818367525935173,-0.09928157180547714,0.24680891633033752,-0.09928157180547714,0.24680891633033752,0.0,0.0,0
163,front,right,0.16497215320471909,-0.09928157180547714,0.0818367525935173,-0.09928157180547714,0.0818367525935173,-0.09928157180547714,0.24680891633033752,0.15730692446231842,0.24680891633033752,0.0,0.25658848881721497,0
163,front,left,0.16497215320471909,-0.09928157180547714,0.0818367525935173,-0.09928157180547714,0.0818367525935173,-0.09928157180547714,0.24680891633033752,-0.3558700680732727,0.24680891633033752,0.0,0.25658848881721497,0
163,front,forward,0.16497215320471909,-0.09928157180547714,0.0818367525935173,-0.09928157180547714,0.0818367525935173,-0.09928157180547714,0.24680891633033752,-0.09928157180547714,0.5033974051475525,0.0,0.25658848881721497,0
163,front,backward,0.16497215320471909,-0.09928157180547714,0.0818367525935173,-0.09927969425916672,-0.12118737399578094,-0.09928157180547714,0.24680891633033752,-0.09928159415721893,0.0009631443535909057,0.20302411913871765,0.245845764875412,1
164,left,stay,0.1465070408567499,-0.020563427358865738,-0.03176966309547424,-0.020563427358865738,-0.03176966309547424,-0.16707046329975128,-0.03176966309547424,-0.16707046329975128,-0.03176966309547424,0.0,0.0,0
164,left,right,0.1465070408567499,-0.020563427358865738,-0.03176966309547424,0.19298440217971802,-0.031714655458927155,-0.16707046329975128,-0.03176966309547424,0.07843821495771408,-0.03177177533507347,0.21354784071445465,0.24550867080688477,1
164,left,left,0.1465070408567499,-0.020563427358865738,-0.03176966309547424,-0.020563427358865738,-0.03176966309547424,-0.16707046329975128,-0.03176966309547424,-0.42365896701812744,-0.03176966309547424,0.0,0.25658851861953735,0
164,left,forward,0.1465070408567499,-0.020563427358865738,-0.03176966309547424,-0.020563427358865738,-0.03176966309547424,-0.16707046329975128,-0.03176966309547424,-0.16707046329975128,0.22481882572174072,0.0,0.25658848881721497,0
164,left,backward,0.1465070408567499,-0.020563427358865738,-0.03176966309547424,-0.020563427358865738,-0.03176966309547424,-0.16707046329975128,-0.03176966309547424,-0.16707046329975128,-0.2883581519126892,0.0,0.25658848881721497,0
165,right,stay,0.17660674720600977,0.08841396123170853,-0.07858864963054657,0.08841396123170853,-0.07858864963054657,0.2650206983089447,-0.07858864963054657,0.2650206983089447,-0.07858864963054657,0.0,0.0,0
165,right,right,0.17660674720600977,0.08841396123170853,-0.07858864963054657,0.08841396123170853,-0.07858864963054657,0.2650206983089447,-0.07858864963054657,0.5216091871261597,-0.07858864963054657,0.0,0.25658848881721497,0
165,right,left,0.17660674720600977,0.08841396123170853,-0.07858864963054657,-0.08587902784347534,-0.0786023885011673,0.2650206983089447,-0.07858864963054657,0.017968760803341866,-0.07858729362487793,0.17429298162460327,0.24705193936824799,1
165,right,forward,0.17660674720600977,0.08841396123170853,-0.07858864963054657,0.08841396123170853,-0.07858864963054657,0.2650206983089447,-0.07858864963054657,0.2650206983089447,0.1779998391866684,0.0,0.25658848881721497,0
165,right,backward,0.17660674720600977,0.08841396123170853,-0.07858864963054657,0.08841396123170853,-0.07858864963054657,0.2650206983089447,-0.07858864963054657,0.2650206983089447,-0.33517715334892273,0.0,0.25658851861953735,0
166,back,stay,0.17270319190618594,0.016184348613023758,0.01079929806292057,0.016184348613023758,0.01079929806292057,0.016184348613023758,-0.16190388798713684,0.016184348613023758,-0.16190388798713684,0.0,0.0,0
166,back,right,0.17270319190618594,0.016184348613023758,0.01079929806292057,0.016184348613023758,0.01079929806292057,0.016184348613023758,-0.16190388798713684,0.2727728486061096,-0.16190388798713684,0.0,0.25658848881721497,0
166,back,left,0.17270319190618594,0.016184348613023758,0.01079929806292057,0.016184348613023758,0.01079929806292057,0.016184348613023758,-0.16190388798713684,-0.2404041439294815,-0.16190388798713684,0.0,0.25658848881721497,0
166,back,forward,0.17270319190618594,0.016184348613023758,0.01079929806292057,0.016307946294546127,0.18885448575019836,0.016184348613023758,-0.16190388798713684,0.016170592978596687,0.08509641140699387,0.17805522680282593,0.2470003068447113,1
166,back,backward,0.17270319190618594,0.016184348613023758,0.01079929806292057,0.016184348613023758,0.01079929806292057,0.016184348613023758,-0.16190388798713684,0.016184348613023758,-0.4184923768043518,0.0,0.25658848881721497,0
167,front,stay,0.14721176173888872,-0.08352741599082947,-0.02191874012351036,-0.08352741599082947,-0.02191874012351036,-0.08352741599082947,0.12529301643371582,-0.08352741599082947,0.12529301643371582,0.0,0.0,0
167,front,right,0.14721176173888872,-0.08352741599082947,-0.02191874012351036,-0.08352741599082947,-0.02191874012351036,-0.08352741599082947,0.12529301643371582,0.1730610728263855,0.12529301643371582,0.0,0.25658848881721497,0
167,front,left,0.14721176173888872,-0.08352741599082947,-0.02191874012351036,-0.08352741599082947,-0.02191874012351036,-0.08352741599082947,0.12529301643371582,-0.34011590480804443,0.12529301643371582,0.0,0.25658848881721497,0
167,front,forward,0.14721176173888872,-0.08352741599082947,-0.02191874012351036,-0.08352741599082947,-0.02191874012351036,-0.08352741599082947,0.12529301643371582,-0.08352741599082947,0.3818815052509308,0.0,0.25658848881721497,0
167,front,backward,0.14721176173888872,-0.08352741599082947,-0.02191874012351036,-0.083616241812706,-0.2273809313774109,-0.08352741599082947,0.12529301643371582,-0.08352187275886536,-0.12055058032274246,0.20546220242977142,0.24584358930587769,1
168,left,stay,0.15420083209122426,0.07656144350767136,0.08686273545026779,0.07656144350767136,0.08686273545026779,-0.0776393935084343,0.08686273545026779,-0.0776393935084343,0.08686273545026779,0.0,0.0,0
168,left,right,0.15420083209122426,0.07656144350767136,0.08686273545026779,0.27534955739974976,0.0869603231549263,-0.0776393935084343,0.08686273545026779,0.16848020255565643,0.08685286343097687,0.1987881362438202,0.24611958861351013,1
168,left,left,0.15420083209122426,0.07656144350767136,0.08686273545026779,0.07656144350767136,0.08686273545026779,-0.0776393935084343,0.08686273545026779,-0.33422788977622986,0.08686273545026779,0.0,0.25658848881721497,0
168,left,forward,0.15420083209122426,0.07656144350767136,0.08686273545026779,0.07656144350767136,0.08686273545026779,-0.0776393935084343,0.08686273545026779,-0.0776393935084343,0.34345123171806335,0.0,0.25658848881721497,0
168,left,backward,0.15420083209122426,0.07656144350767136,0.08686273545026779,0.07656144350767136,0.08686273545026779,-0.0776393935084343,0.08686273545026779,-0.0776393935084343,-0.16972576081752777,0.0,0.25658848881721497,0
169,right,stay,0.16094099282591914,-0.09480366855859756,0.019160738214850426,-0.09480366855859756,0.019160738214850426,0.06613732129335403,0.019160738214850426,0.06613732129335403,0.019160738214850426,0.0,0.0,0
169,right,right,0.16094099282591914,-0.09480366855859756,0.019160738214850426,-0.09480366855859756,0.019160738214850426,0.06613732129335403,0.019160738214850426,0.3227258026599884,0.019160738214850426,0.0,0.25658848881721497,0
169,right,left,0.16094099282591914,-0.09480366855859756,0.019160738214850426,-0.2878006398677826,0.01918538101017475,0.06613732129335403,0.019160738214850426,-0.18025615811347961,0.019159158691763878,0.19299697875976562,0.24639347195625305,1
169,right,forward,0.16094099282591914,-0.09480366855859756,0.019160738214850426,-0.09480366855859756,0.019160738214850426,0.06613732129335403,0.019160738214850426,0.06613732129335403,0.27574923634529114,0.0,0.25658848881721497,0
169,right,backward,0.16094099282591914,-0.09480366855859756,0.019160738214850426,-0.09480366855859756,0.019160738214850426,0.06613732129335403,0.019160738214850426,0.06613732129335403,-0.2374277561903,0.0,0.25658848881721497,0
170,back,stay,0.16836701209490923,-0.037650030106306076,-0.05613385885953903,-0.037650030106306076,-0.05613385885953903,-0.037650030106306076,-0.2245008647441864,-0.037650030106306076,-0.2245008647441864,0.0,0.0,0
170,back,right,0.16836701209490923,-0.037650030106306076,-0.05613385885953903,-0.037650030106306076,-0.05613385885953903,-0.037650030106306076,-0.2245008647441864,0.21893846988677979,-0.2245008647441864,0.0,0.25658848881721497,0
170,back,left,0.16836701209490923,-0.037650030106306076,-0.05613385885953903,-0.037650030106306076,-0.05613385885953903,-0.037650030106306076,-0.2245008647441864,-0.29423853754997253,-0.2245008647441864,0.0,0.25658851861953735,0
170,back,forward,0.16836701209490923,-0.037650030106306076,-0.05613385885953903,-0.037516865879297256,0.1270599663257599,-0.037650030106306076,-0.2245008647441864,-0.03765665367245674,0.022404255345463753,0.1831938922405243,0.246905118227005,1
170,back,backward,0.16836701209490923,-0.037650030106306076,-0.05613385885953903,-0.037650030106306076,-0.05613385885953903,-0.037650030106306076,-0.2245008647441864,-0.037650030106306076,-0.48108935356140137,0.0,0.25658848881721497,0
171,front,stay,0.16916832327502695,0.07125353068113327,-0.08240664005279541,0.07125353068113327,-0.08240664005279541,0.07125353068113327,0.08676168322563171,0.07125353068113327,0.08676168322563171,0.0,0.0,0
171,front,right,0.16916832327502695,0.07125353068113327,-0.08240664005279541,0.07125353068113327,-0.08240664005279541,0.07125353068113327,0.08676168322563171,0.32784202694892883,0.08676168322563171,0.0,0.25658848881721497,0
171,front,left,0.16916832327502695,0.07125353068113327,-0.08240664005279541,0.07125353068113327,-0.08240664005279541,0.07125353068113327,0.08676168322563171,-0.1853349655866623,0.08676168322563171,0.0,0.25658848881721497,0
171,front,forward,0.16916832327502695,0.07125353068113327,-0.08240664005279541,0.07125353068113327,-0.08240664005279541,0.07125353068113327,0.08676168322563171,0.07125353068113327,0.3433501720428467,0.0,0.25658848881721497,0
171,front,backward,0.16916832327502695,0.07125353068113327,-0.08240664005279541,0.07127538323402405,-0.260743647813797,0.07125353068113327,0.08676168322563171,0.07125097513198853,-0.16025206446647644,0.1783370077610016,0.24701374769210815,1
172,left,stay,0.15180300407403968,-0.011156379245221615,-0.040950555354356766,-0.011156379245221615,-0.040950555354356766,-0.16295938193798065,-0.040950555354356766,-0.16295938193798065,-0.040950555354356766,0.0,0.0,0
172,left,right,0.15180300407403968,-0.011156379245221615,-0.040950555354356766,0.18617364764213562,-0.04101775959134102,-0.16295938193798065,-0.040950555354356766,0.08326742798089981,-0.04094657674431801,0.197330042719841,0.24622681736946106,1
172,left,left,0.15180300407403968,-0.011156379245221615,-0.040950555354356766,-0.011156379245221615,-0.040950555354356766,-0.16295938193798065,-0.040950555354356766,-0.4195478856563568,-0.040950555354356766,0.0,0.25658851861953735,0
172,left,forward,0.15180300407403968,-0.011156379245221615,-0.040950555354356766,-0.011156379245221615,-0.040950555354356766,-0.16295938193798065,-0.040950555354356766,-0.16295938193798065,0.2156379371881485,0.0,0.25658848881721497,0
172,left,backward,0.15180300407403968,-0.011156379245221615,-0.040950555354356766,-0.011156379245221615,-0.040950555354356766,-0.16295938193798065,-0.040950555354356766,-0.16295938193798065,-0.2975390553474426,0.0,0.25658848881721497,0
173,right,stay,0.16270704692182814,0.0052481358870863914,-0.07238584011793137,0.0052481358870863914,-0.07238584011793137,0.1679551750421524,-0.07238584011793137,0.1679551750421524,-0.07238584011793137,0.0,0.0,0
173,right,right,0.16270704692182814,0.0052481358870863914,-0.07238584011793137,0.0052481358870863914,-0.07238584011793137,0.1679551750421524,-0.07238584011793137,0.42454367876052856,-0.07238584011793137,0.0,0.25658851861953735,0
173,right,left,0.16270704692182814,0.0052481358870863914,-0.07238584011793137,-0.19502891600131989,-0.07256656140089035,0.1679551750421524,-0.07238584011793137,-0.07803644239902496,-0.07237620651721954,0.20027711987495422,0.24599161744117737,1
173,right,forward,0.16270704692182814,0.0052481358870863914,-0.07238584011793137,0.0052481358870863914,-0.07238584011793137,0.1679551750421524,-0.07238584011793137,0.1679551750421524,0.1842026561498642,0.0,0.25658848881721497,0
173,right,backward,0.16270704692182814,0.0052481358870863914,-0.07238584011793137,0.0052481358870863914,-0.07238584011793137,0.1679551750421524,-0.07238584011793137,0.1679551750421524,-0.32897433638572693,0.0,0.25658848881721497,0
174,back,stay,0.14895606943865006,0.020144855603575706,-0.027538590133190155,0.020144855603575706,-0.027538590133190155,0.020144855603575706,-0.17649465799331665,0.020144855603575706,-0.17649465799331665,0.0,0.0,0
174,back,right,0.14895606943865006,0.020144855603575706,-0.027538590133190155,0.020144855603575706,-0.027538590133190155,0.020144855603575706,-0.17649465799331665,0.2767333388328552,-0.17649465799331665,0.0,0.25658848881721497,0
174,back,left,0.14895606943865006,0.020144855603575706,-0.027538590133190155,0.020144855603575706,-0.027538590133190155,0.020144855603575706,-0.17649465799331665,-0.2364436388015747,-0.17649465799331665,0.0,0.25658848881721497,0
174,back,forward,0.14895606943865006,0.020144855603575706,-0.027538590133190155,0.02016802504658699,0.19092659652233124,0.020144855603575706,-0.17649465799331665,0.020143385976552963,0.06859638541936874,0.2184651792049408,0.245091050863266,1
174,back,backward,0.14895606943865006,0.020144855603575706,-0.027538590133190155,0.020144855603575706,-0.027538590133190155,0.020144855603575706,-0.17649465799331665,0.020144855603575706,-0.4330831468105316,0.0,0.25658848881721497,0
175,front,stay,0.15208469420117054,-0.006406074855476618,-0.0884338989853859,-0.006406074855476618,-0.0884338989853859,-0.006406074855476618,0.06365079432725906,-0.006406074855476618,0.06365079432725906,0.0,0.0,0
175,front,right,0.15208469420117054,-0.006406074855476618,-0.0884338989853859,-0.006406074855476618,-0.0884338989853859,-0.006406074855476618,0.06365079432725906,0.2501824200153351,0.06365079432725906,0.0,0.25658848881721497,0
175,front,left,0.15208469420117054,-0.006406074855476618,-0.0884338989853859,-0.006406074855476618,-0.0884338989853859,-0.006406074855476618,0.06365079432725906,-0.26299455761909485,0.06365079432725906,0.0,0.25658848881721497,0
175,front,forward,0.15208469420117054,-0.006406074855476618,-0.0884338989853859,-0.006406074855476618,-0.0884338989853859,-0.006406074855476618,0.06365079432725906,-0.006406074855476618,0.32023927569389343,0.0,0.25658848881721497,0
175,front,backward,0.15208469420117054,-0.006406074855476618,-0.0884338989853859,-0.006454271264374256,-0.3035113215446472,-0.006406074855476618,0.06365079432725906,-0.006404408719390631,-0.1817663311958313,0.2150774449110031,0.24541711807250977,1
176,left,stay,0.15040719153539955,-0.020862966775894165,-0.002870711265131831,-0.020862966775894165,-0.002870711265131831,-0.17127016186714172,-0.002870711265131831,-0.17127016186714172,-0.002870711265131831,0.0,0.0,0
176,left,right,0.15040719153539955,-0.020862966775894165,-0.002870711265131831,0.1948079764842987,-0.0028320220299065113,-0.17127016186714172,-0.002870711265131831,0.07415442913770676,-0.002872035140171647,0.21567094326019287,0.24542459845542908,1
176,left,left,0.15040719153539955,-0.020862966775894165,-0.002870711265131831,-0.020862966775894165,-0.002870711265131831,-0.17127016186714172,-0.002870711265131831,-0.4278586506843567,-0.002870711265131831,0.0,0.25658848881721497,0
176,left,forward,0.15040719153539955,-0.020862966775894165,-0.002870711265131831,-0.020862966775894165,-0.002870711265131831,-0.17127016186714172,-0.002870711265131831,-0.17127016186714172,0.2537177801132202,0.0,0.25658848881721497,0
176,left,backward,0.15040719153539955,-0.020862966775894165,-0.002870711265131831,-0.020862966775894165,-0.002870711265131831,-0.17127016186714172,-0.002870711265131831,-0.17127016186714172,-0.2594591975212097,0.0,0.25658848881721497,0
177,right,stay,0.16912703142890545,-0.05431784316897392,0.0383613221347332,-0.05431784316897392,0.0383613221347332,0.11480918526649475,0.0383613221347332,0.11480918526649475,0.0383613221347332,0.0,0.0,0
177,right,right,0.16912703142890545,-0.05431784316897392,0.0383613221347332,-0.05431784316897392,0.0383613221347332,0.11480918526649475,0.0383613221347332,0.3713976740837097,0.0383613221347332,0.0,0.25658848881721497,0
177,right,left,0.16912703142890545,-0.05431784316897392,0.0383613221347332,-0.24084463715553284,0.03847751021385193,0.11480918526649475,0.0383613221347332,-0.13188987970352173,0.03835037350654602,0.1865268349647522,0.24669906497001648,1
177,right,forward,0.16912703142890545,-0.05431784316897392,0.0383613221347332,-0.05431784316897392,0.0383613221347332,0.11480918526649475,0.0383613221347332,0.11480918526649475,0.29494982957839966,0.0,0.25658851861953735,0
177,right,backward,0.16912703142890545,-0.05431784316897392,0.0383613221347332,-0.05431784316897392,0.0383613221347332,0.11480918526649475,0.0383613221347332,0.11480918526649475,-0.21822717785835266,0.0,0.25658848881721497,0
178,back,stay,0.15265194756707132,-0.013313845731317997,-0.019259003922343254,-0.013313845731317997,-0.019259003922343254,-0.013313845731317997,-0.17191095650196075,-0.013313845731317997,-0.17191095650196075,0.0,0.0,0
178,back,right,0.15265194756707132,-0.013313845731317997,-0.019259003922343254,-0.013313845731317997,-0.019259003922343254,-0.013313845731317997,-0.17191095650196075,0.24327464401721954,-0.17191095650196075,0.0,0.25658848881721497,0
178,back,left,0.15265194756707132,-0.013313845731317997,-0.019259003922343254,-0.013313845731317997,-0.019259003922343254,-0.013313845731317997,-0.17191095650196075,-0.2699023485183716,-0.17191095650196075,0.0,0.25658848881721497,0
178,back,forward,0.15265194756707132,-0.013313845731317997,-0.019259003922343254,-0.013096746057271957,0.18496760725975037,-0.013313845731317997,-0.17191095650196075,-0.013327591121196747,0.0738145038485527,0.20422673225402832,0.24572545289993286,1
178,back,backward,0.15265194756707132,-0.013313845731317997,-0.019259003922343254,-0.013313845731317997,-0.019259003922343254,-0.013313845731317997,-0.17191095650196075,-0.013313845731317997,-0.4284994602203369,0.0,0.25658851861953735,0
179,front,stay,0.16531224543526005,-0.010044367983937263,0.021297428756952286,-0.010044367983937263,0.021297428756952286,-0.010044367983937263,0.1866096705198288,-0.010044367983937263,0.1866096705198288,0.0,0.0,0
179,front,right,0.16531224543526005,-0.010044367983937263,0.021297428756952286,-0.010044367983937263,0.021297428756952286,-0.010044367983937263,0.1866096705198288,0.24654412269592285,0.1866096705198288,0.0,0.25658848881721497,0
179,front,left,0.16531224543526005,-0.010044367983937263,0.021297428756952286,-0.010044367983937263,0.021297428756952286,-0.010044367983937263,0.1866096705198288,-0.2666328549385071,0.1866096705198288,0.0,0.25658848881721497,0
179,front,forward,0.16531224543526005,-0.010044367983937263,0.021297428756952286,-0.010044367983937263,0.021297428756952286,-0.010044367983937263,0.1866096705198288,-0.010044367983937263,0.44319817423820496,0.0,0.25658851861953735,0
179,front,backward,0.16531224543526005,-0.010044367983937263,0.021297428756952286,-0.0101902075111866,-0.16468198597431183,-0.010044367983937263,0.1866096705198288,-0.010029098019003868,-0.05991340056061745,0.1859794706106186,0.24652306735515594,1
180,left,stay,0.17472460824563896,-0.05901910737156868,-0.08622477948665619,-0.05901910737156868,-0.08622477948665619,-0.23374371230602264,-0.08622477948665619,-0.23374371230602264,-0.08622477948665619,0.0,0.0,0
180,left,right,0.17472460824563896,-0.05901910737156868,-0.08622477948665619,0.12487339228391647,-0.08644519746303558,-0.23374371230602264,-0.08622477948665619,0.013038585893809795,-0.08621235191822052,0.1838926374912262,0.2467823028564453,1
180,left,left,0.17472460824563896,-0.05901910737156868,-0.08622477948665619,-0.05901910737156868,-0.08622477948665619,-0.23374371230602264,-0.08622477948665619,-0.4903322160243988,-0.08622477948665619,0.0,0.25658851861953735,0
180,left,forward,0.17472460824563896,-0.05901910737156868,-0.08622477948665619,-0.05901910737156868,-0.08622477948665619,-0.23374371230602264,-0.08622477948665619,-0.23374371230602264,0.17036370933055878,0.0,0.25658848881721497,0
180,left,backward,0.17472460824563896,-0.05901910737156868,-0.08622477948665619,-0.05901910737156868,-0.08622477948665619,-0.23374371230602264,-0.08622477948665619,-0.23374371230602264,-0.34281328320503235,0.0,0.25658851861953735,0
181,right,stay,0.14668688070469854,0.09301067143678665,0.01662786863744259,0.09301067143678665,0.01662786863744259,0.23969754576683044,0.01662786863744259,0.23969754576683044,0.01662786863744259,0.0,0.0,0
181,right,right,0.14668688070469854,0.09301067143678665,0.01662786863744259,0.09301067143678665,0.01662786863744259,0.23969754576683044,0.01662786863744259,0.4962860345840454,0.01662786863744259,0.0,0.25658848881721497,0
181,right,left,0.14668688070469854,0.09301067143678665,0.01662786863744259,-0.10827288031578064,0.016663148999214172,0.23969754576683044,0.01662786863744259,-0.006311698351055384,0.016626164317131042,0.2012835443019867,0.2460092455148697,1
181,right,forward,0.14668688070469854,0.09301067143678665,0.01662786863744259,0.09301067143678665,0.01662786863744259,0.23969754576683044,0.01662786863744259,0.23969754576683044,0.2732163667678833,0.0,0.25658848881721497,0
181,right,backward,0.14668688070469854,0.09301067143678665,0.01662786863744259,0.09301067143678665,0.01662786863744259,0.23969754576683044,0.01662786863744259,0.23969754576683044,-0.23996062576770782,0.0,0.25658848881721497,0
182,back,stay,0.16117026775551024,0.0754672959446907,0.030855948105454445,0.0754672959446907,0.030855948105454445,0.0754672959446907,-0.13031432032585144,0.0754672959446907,-0.13031432032585144,0.0,0.0,0
182,back,right,0.16117026775551024,0.0754672959446907,0.030855948105454445,0.0754672959446907,0.030855948105454445,0.0754672959446907,-0.13031432032585144,0.3320557773113251,-0.13031432032585144,0.0,0.25658848881721497,0
182,back,left,0.16117026775551024,0.0754672959446907,0.030855948105454445,0.0754672959446907,0.030855948105454445,0.0754672959446907,-0.13031432032585144,-0.18112120032310486,-0.13031432032585144,0.0,0.25658848881721497,0
182,back,forward,0.16117026775551024,0.0754672959446907,0.030855948105454445,0.07524143159389496,0.23116028308868408,0.0754672959446907,-0.13031432032585144,0.07547581940889359,0.11570914089679718,0.20030446350574493,0.24602346122264862,1
182,back,backward,0.16117026775551024,0.0754672959446907,0.030855948105454445,0.0754672959446907,0.030855948105454445,0.0754672959446907,-0.13031432032585144,0.0754672959446907,-0.3869028091430664,0.0,0.25658848881721497,0
183,front,stay,0.15009408242379485,-0.04412293806672096,0.063917376101017,-0.04412293806672096,0.063917376101017,-0.04412293806672096,0.21401146054267883,-0.04412293806672096,0.21401146054267883,0.0,0.0,0
183,front,right,0.15009408242379485,-0.04412293806672096,0.063917376101017,-0.04412293806672096,0.063917376101017,-0.04412293806672096,0.21401146054267883,0.2124655544757843,0.21401146054267883,0.0,0.25658848881721497,0
183,front,left,0.15009408242379485,-0.04412293806672096,0.063917376101017,-0.04412293806672096,0.063917376101017,-0.04412293806672096,0.21401146054267883,-0.30071142315864563,0.21401146054267883,0.0,0.25658848881721497,0
183,front,forward,0.15009408242379485,-0.04412293806672096,0.063917376101017,-0.04412293806672096,0.063917376101017,-0.04412293806672096,0.21401146054267883,-0.04412293806672096,0.4705999493598938,0.0,0.25658848881721497,0
183,front,backward,0.15009408242379485,-0.04412293806672096,0.063917376101017,-0.04433012381196022,-0.14040905237197876,-0.04412293806672096,0.21401146054267883,-0.04410892352461815,-0.03186265006661415,0.2043265402317047,0.24587410688400269,1
184,left,stay,0.1588311317928184,0.03200097009539604,0.03300424665212631,0.03200097009539604,0.03300424665212631,-0.12683016061782837,0.03300424665212631,-0.12683016061782837,0.03300424665212631,0.0,0.0,0
184,left,right,0.1588311317928184,0.03200097009539604,0.03300424665212631,0.23501823842525482,0.03292470425367355,-0.12683016061782837,0.03300424665212631,0.11913848668336868,0.03300856053829193,0.20301727950572968,0.24596863985061646,1
184,left,left,0.1588311317928184,0.03200097009539604,0.03300424665212631,0.03200097009539604,0.03300424665212631,-0.12683016061782837,0.03300424665212631,-0.38341864943504333,0.03300424665212631,0.0,0.25658848881721497,0
184,left,forward,0.1588311317928184,0.03200097009539604,0.03300424665212631,0.03200097009539604,0.03300424665212631,-0.12683016061782837,0.03300424665212631,-0.12683016061782837,0.2895927429199219,0.0,0.25658848881721497,0
184,left,backward,0.1588311317928184,0.03200097009539604,0.03300424665212631,0.03200097009539604,0.03300424665212631,-0.12683016061782837,0.03300424665212631,-0.12683016061782837,-0.22358424961566925,0.0,0.25658848881721497,0
185,right,stay,0.15199068484653572,-0.04795403778553009,-0.08793424814939499,-0.04795403778553009,-0.08793424814939499,0.10403664410114288,-0.08793424814939499,0.10403664410114288,-0.08793424814939499,0.0,0.0,0
185,right,right,0.15199068484653572,-0.04795403778553009,-0.08793424814939499,-0.04795403778553009,-0.08793424814939499,0.10403664410114288,-0.08793424814939499,0.36062514781951904,-0.08793424814939499,0.0,0.25658851861953735,0
185,right,left,0.15199068484653572,-0.04795403778553009,-0.08793424814939499,-0.26349347829818726,-0.08794618397951126,0.10403664410114288,-0.08793424814939499,-0.14124181866645813,-0.08793354034423828,0.21553944051265717,0.245278462767601,1
185,right,forward,0.15199068484653572,-0.04795403778553009,-0.08793424814939499,-0.04795403778553009,-0.08793424814939499,0.10403664410114288,-0.08793424814939499,0.10403664410114288,0.16865424811840057,0.0,0.25658848881721497,0
185,right,backward,0.15199068484653572,-0.04795403778553009,-0.08793424814939499,-0.04795403778553009,-0.08793424814939499,0.10403664410114288,-0.08793424814939499,0.10403664410114288,-0.34452274441719055,0.0,0.25658848881721497,0
186,back,stay,0.1589824516013073,-0.09568069130182266,0.048241421580314636,-0.09568069130182266,0.048241421580314636,-0.09568069130182266,-0.1107410341501236,-0.09568069130182266,-0.1107410341501236,0.0,0.0,0
186,back,right,0.1589824516013073,-0.09568069130182266,0.048241421580314636,-0.09568069130182266,0.048241421580314636,-0.09568069130182266,-0.1107410341501236,0.1609078049659729,-0.1107410341501236,0.0,0.25658848881721497,0
186,back,left,0.1589824516013073,-0.09568069130182266,0.048241421580314636,-0.09568069130182266,0.048241421580314636,-0.09568069130182266,-0.1107410341501236,-0.35226917266845703,-0.1107410341501236,0.0,0.25658848881721497,0
186,back,forward,0.1589824516013073,-0.09568069130182266,0.048241421580314636,-0.09560585021972656,0.25370556116104126,-0.09568069130182266,-0.1107410341501236,-0.09568417072296143,0.13511060178279877,0.20546415448188782,0.24585163593292236,1
186,back,backward,0.1589824516013073,-0.09568069130182266,0.048241421580314636,-0.09568069130182266,0.048241421580314636,-0.09568069130182266,-0.1107410341501236,-0.09568069130182266,-0.36732953786849976,0.0,0.25658851861953735,0
187,front,stay,0.16688229671612337,-0.028395773842930794,0.06514792889356613,-0.028395773842930794,0.06514792889356613,-0.028395773842930794,0.2320302128791809,-0.028395773842930794,0.2320302128791809,0.0,0.0,0
187,front,right,0.16688229671612337,-0.028395773842930794,0.06514792889356613,-0.028395773842930794,0.06514792889356613,-0.028395773842930794,0.2320302128791809,0.22819271683692932,0.2320302128791809,0.0,0.25658848881721497,0
187,front,left,0.16688229671612337,-0.028395773842930794,0.06514792889356613,-0.028395773842930794,0.06514792889356613,-0.028395773842930794,0.2320302128791809,-0.2849842607975006,0.2320302128791809,0.0,0.25658848881721497,0
187,front,forward,0.16688229671612337,-0.028395773842930794,0.06514792889356613,-0.028395773842930794,0.06514792889356613,-0.028395773842930794,0.2320302128791809,-0.028395773842930794,0.4886187016963959,0.0,0.25658848881721497,0
187,front,backward,0.16688229671612337,-0.028395773842930794,0.06514792889356613,-0.02856927551329136,-0.12304649502038956,-0.028395773842930794,0.2320302128791809,-0.028382696211338043,-0.014577599242329597,0.18819449841976166,0.24660781025886536,1
188,left,stay,0.155118994531789,0.009790143929421902,-0.02176050655543804,0.009790143929421902,-0.02176050655543804,-0.14532886445522308,-0.02176050655543804,-0.14532886445522308,-0.02176050655543804,0.0,0.0,0
188,left,right,0.155118994531789,0.009790143929421902,-0.02176050655543804,0.21973925828933716,-0.02155795320868492,-0.14532886445522308,-0.02176050655543804,0.10025227814912796,-0.021775593981146812,0.20994922518730164,0.24558115005493164,1
188,left,left,0.155118994531789,0.009790143929421902,-0.02176050655543804,0.009790143929421902,-0.02176050655543804,-0.14532886445522308,-0.02176050655543804,-0.40191736817359924,-0.02176050655543804,0.0,0.25658851861953735,0
188,left,forward,0.155118994531789,0.009790143929421902,-0.02176050655543804,0.009790143929421902,-0.02176050655543804,-0.14532886445522308,-0.02176050655543804,-0.14532886445522308,0.23482799530029297,0.0,0.25658848881721497,0
188,left,backward,0.155118994531789,0.009790143929421902,-0.02176050655543804,0.009790143929421902,-0.02176050655543804,-0.14532886445522308,-0.02176050655543804,-0.14532886445522308,-0.27834901213645935,0.0,0.25658851861953735,0
189,right,stay,0.14508194947212294,-0.0921856239438057,-0.07369156926870346,-0.0921856239438057,-0.07369156926870346,0.05289632827043533,-0.07369156926870346,0.05289632827043533,-0.07369156926870346,0.0,0.0,0
189,right,right,0.14508194947212294,-0.0921856239438057,-0.07369156926870346,-0.0921856239438057,-0.07369156926870346,0.05289632827043533,-0.07369156926870346,0.3094848096370697,-0.07369156926870346,0.0,0.25658848881721497,0
189,right,left,0.14508194947212294,-0.0921856239438057,-0.07369156926870346,-0.3128224313259125,-0.07353400439023972,0.05289632827043533,-0.07369156926870346,-0.192252054810524,-0.07369838654994965,0.22063687443733215,0.24514839053153992,1
189,right,forward,0.14508194947212294,-0.0921856239438057,-0.07369156926870346,-0.0921856239438057,-0.07369156926870346,0.05289632827043533,-0.07369156926870346,0.05289632827043533,0.1828969269990921,0.0,0.25658848881721497,0
189,right,backward,0.14508194947212294,-0.0921856239438057,-0.07369156926870346,-0.0921856239438057,-0.07369156926870346,0.05289632827043533,-0.07369156926870346,0.05289632827043533,-0.330280065536499,0.0,0.25658848881721497,0
190,back,stay,0.14501906488309274,0.06361603736877441,0.02011537365615368,0.06361603736877441,0.02011537365615368,0.06361603736877441,-0.12490369379520416,0.06361603736877441,-0.12490369379520416,0.0,0.0,0
190,back,right,0.14501906488309274,0.06361603736877441,0.02011537365615368,0.06361603736877441,0.02011537365615368,0.06361603736877441,-0.12490369379520416,0.3202045261859894,-0.12490369379520416,0.0,0.25658848881721497,0
190,back,left,0.14501906488309274,0.06361603736877441,0.02011537365615368,0.06361603736877441,0.02011537365615368,0.06361603736877441,-0.12490369379520416,-0.19297245144844055,-0.12490369379520416,0.0,0.25658848881721497,0
190,back,forward,0.14501906488309274,0.06361603736877441,0.02011537365615368,0.06362877786159515,0.2251100093126297,0.06361603736877441,-0.12490369379520416,0.06361456215381622,0.12077005952596664,0.20499463379383087,0.2456737458705902,1
190,back,backward,0.14501906488309274,0.06361603736877441,0.02011537365615368,0.06361603736877441,0.02011537365615368,0.06361603736877441,-0.12490369379520416,0.06361603736877441,-0.3814921975135803,0.0,0.25658851861953735,0
191,front,stay,0.15321268967336116,-0.07114159315824509,-0.06346236169338226,-0.07114159315824509,-0.06346236169338226,-0.07114159315824509,0.08975033462047577,-0.07114159315824509,0.08975033462047577,0.0,0.0,0
191,front,right,0.15321268967336116,-0.07114159315824509,-0.06346236169338226,-0.07114159315824509,-0.06346236169338226,-0.07114159315824509,0.08975033462047577,0.18544690310955048,0.08975033462047577,0.0,0.25658848881721497,0
191,front,left,0.15321268967336116,-0.07114159315824509,-0.06346236169338226,-0.07114159315824509,-0.06346236169338226,-0.07114159315824509,0.08975033462047577,-0.32773008942604065,0.08975033462047577,0.0,0.25658848881721497,0
191,front,forward,0.15321268967336116,-0.07114159315824509,-0.06346236169338226,-0.07114159315824509,-0.06346236169338226,-0.07114159315824509,0.08975033462047577,-0.07114159315824509,0.34633883833885193,0.0,0.25658851861953735,0
191,front,backward,0.15321268967336116,-0.07114159315824509,-0.06346236169338226,-0.07088768482208252,-0.2734447121620178,-0.07114159315824509,0.08975033462047577,-0.07114899158477783,-0.15585549175739288,0.2099824994802475,0.24560582637786865,1
192,left,stay,0.15312904900813804,-0.015627723187208176,-0.020916970446705818,-0.015627723187208176,-0.020916970446705818,-0.16875678300857544,-0.020916970446705818,-0.16875678300857544,-0.020916970446705818,0.0,0.0,0
192,left,right,0.15312904900813804,-0.015627723187208176,-0.020916970446705818,0.1988588273525238,-0.02089960128068924,-0.16875678300857544,-0.020916970446705818,0.07652340084314346,-0.020917773246765137,0.21448655426502228,0.2452801764011383,1
192,left,left,0.15312904900813804,-0.015627723187208176,-0.020916970446705818,-0.015627723187208176,-0.020916970446705818,-0.16875678300857544,-0.020916970446705818,-0.4253452718257904,-0.020916970446705818,0.0,0.25658848881721497,0
192,left,forward,0.15312904900813804,-0.015627723187208176,-0.020916970446705818,-0.015627723187208176,-0.020916970446705818,-0.16875678300857544,-0.020916970446705818,-0.16875678300857544,0.2356715202331543,0.0,0.25658848881721497,0
192,left,backward,0.15312904900813804,-0.015627723187208176,-0.020916970446705818,-0.015627723187208176,-0.020916970446705818,-0.16875678300857544,-0.020916970446705818,-0.16875678300857544,-0.27750545740127563,0.0,0.25658848881721497,0
193,right,stay,0.1492527391060377,0.027502303943037987,0.003239578800275922,0.027502303943037987,0.003239578800275922,0.17675504088401794,0.003239578800275922,0.17675504088401794,0.003239578800275922,0.0,0.0,0
193,right,right,0.1492527391060377,0.027502303943037987,0.003239578800275922,0.027502303943037987,0.003239578800275922,0.17675504088401794,0.003239578800275922,0.4333435297012329,0.003239578800275922,0.0,0.25658848881721497,0
193,right,left,0.1492527391060377,0.027502303943037987,0.003239578800275922,-0.1705435961484909,0.0033633557613939047,0.17675504088401794,0.003239578800275922,-0.06940789520740509,0.00322324363514781,0.19804593920707703,0.24616293609142303,1
193,right,forward,0.1492527391060377,0.027502303943037987,0.003239578800275922,0.027502303943037987,0.003239578800275922,0.17675504088401794,0.003239578800275922,0.17675504088401794,0.2598280608654022,0.0,0.25658848881721497,0
193,right,backward,0.1492527391060377,0.027502303943037987,0.003239578800275922,0.027502303943037987,0.003239578800275922,0.17675504088401794,0.003239578800275922,0.17675504088401794,-0.2533489167690277,0.0,0.25658848881721497,0
194,back,stay,0.14965872499652372,0.09664381295442581,-0.09689357876777649,0.09664381295442581,-0.09689357876777649,0.09664381295442581,-0.24655230343341827,0.09664381295442581,-0.24655230343341827,0.0,0.0,0
194,back,right,0.14965872499652372,0.09664381295442581,-0.09689357876777649,0.09664381295442581,-0.09689357876777649,0.09664381295442581,-0.24655230343341827,0.3532322943210602,-0.24655230343341827,0.0,0.25658848881721497,0
194,back,left,0.14965872499652372,0.09664381295442581,-0.09689357876777649,0.09664381295442581,-0.09689357876777649,0.09664381295442581,-0.24655230343341827,-0.15994468331336975,-0.24655230343341827,0.0,0.25658848881721497,0
194,back,forward,0.14965872499652372,0.09664381295442581,-0.09689357876777649,0.09660330414772034,0.10050200670957565,0.09664381295442581,-0.24655230343341827,0.09664587676525116,-0.0002958115073852241,0.19739559292793274,0.246256485581398,1
194,back,backward,0.14965872499652372,0.09664381295442581,-0.09689357876777649,0.09664381295442581,-0.09689357876777649,0.09664381295442581,-0.24655230343341827,0.09664381295442581,-0.5031408071517944,0.0,0.25658851861953735,0
195,front,stay,0.15604764829617485,0.05842089280486107,-0.004830448422580957,0.05842089280486107,-0.004830448422580957,0.05842089280486107,0.15121719241142273,0.05842089280486107,0.15121719241142273,0.0,0.0,0
195,front,right,0.15604764829617485,0.05842089280486107,-0.004830448422580957,0.05842089280486107,-0.004830448422580957,0.05842089280486107,0.15121719241142273,0.31500938534736633,0.15121719241142273,0.0,0.25658848881721497,0
195,front,left,0.15604764829617485,0.05842089280486107,-0.004830448422580957,0.05842089280486107,-0.004830448422580957,0.05842089280486107,0.15121719241142273,-0.1981676071882248,0.15121719241142273,0.0,0.25658848881721497,0
195,front,forward,0.15604764829617485,0.05842089280486107,-0.004830448422580957,0.05842089280486107,-0.004830448422580957,0.05842089280486107,0.15121719241142273,0.05842089280486107,0.4078056812286377,0.0,0.25658848881721497,0
195,front,backward,0.15604764829617485,0.05842089280486107,-0.004830448422580957,0.05827440693974495,-0.1967094987630844,0.05842089280486107,0.15121719241142273,0.05844029039144516,-0.09522900730371475,0.19187910854816437,0.24644619226455688,1
196,left,stay,0.1789941024595747,-0.030626673251390457,-0.09388989210128784,-0.030626673251390457,-0.09388989210128784,-0.20962077379226685,-0.09388989210128784,-0.20962077379226685,-0.09388989210128784,0.0,0.0,0
196,left,right,0.1789941024595747,-0.030626673251390457,-0.09388989210128784,0.15791529417037964,-0.09392745792865753,-0.20962077379226685,-0.09388989210128784,0.03687014430761337,-0.09388814866542816,0.1885419636964798,0.24649092555046082,1
196,left,left,0.1789941024595747,-0.030626673251390457,-0.09388989210128784,-0.030626673251390457,-0.09388989210128784,-0.20962077379226685,-0.09388989210128784,-0.4662092626094818,-0.09388989210128784,0.0,0.25658848881721497,0
196,left,forward,0.1789941024595747,-0.030626673251390457,-0.09388989210128784,-0.030626673251390457,-0.09388989210128784,-0.20962077379226685,-0.09388989210128784,-0.20962077379226685,0.16269859671592712,0.0,0.25658848881721497,0
196,left,backward,0.1789941024595747,-0.030626673251390457,-0.09388989210128784,-0.030626673251390457,-0.09388989210128784,-0.20962077379226685,-0.09388989210128784,-0.20962077379226685,-0.3504783809185028,0.0,0.25658848881721497,0
197,right,stay,0.17945086675856398,-0.013209321536123753,-0.04022814705967903,-0.013209321536123753,-0.04022814705967903,0.16624154150485992,-0.04022814705967903,0.16624154150485992,-0.04022814705967903,0.0,0.0,0
197,right,right,0.17945086675856398,-0.013209321536123753,-0.04022814705967903,-0.013209321536123753,-0.04022814705967903,0.16624154150485992,-0.04022814705967903,0.4228300452232361,-0.04022814705967903,0.0,0.25658851861953735,0
197,right,left,0.17945086675856398,-0.013209321536123753,-0.04022814705967903,-0.19069379568099976,-0.039992205798625946,0.16624154150485992,-0.04022814705967903,-0.08074658364057541,-0.040242042392492294,0.17748461663722992,0.24698811769485474,1
197,right,forward,0.17945086675856398,-0.013209321536123753,-0.04022814705967903,-0.013209321536123753,-0.04022814705967903,0.16624154150485992,-0.04022814705967903,0.16624154150485992,0.21636034548282623,0.0,0.25658848881721497,0
197,right,backward,0.17945086675856398,-0.013209321536123753,-0.04022814705967903,-0.013209321536123753,-0.04022814705967903,0.16624154150485992,-0.04022814705967903,0.16624154150485992,-0.2968166470527649,0.0,0.25658848881721497,0
198,back,stay,0.17407759261839117,0.018669679760932922,0.05583563074469566,0.018669679760932922,0.05583563074469566,0.018669679760932922,-0.11824195086956024,0.018669679760932922,-0.11824195086956024,0.0,0.0,0
198,back,right,0.17407759261839117,0.018669679760932922,0.05583563074469566,0.018669679760932922,0.05583563074469566,0.018669679760932922,-0.11824195086956024,0.2752581834793091,-0.11824195086956024,0.0,0.25658851861953735,0
198,back,left,0.17407759261839117,0.018669679760932922,0.05583563074469566,0.018669679760932922,0.05583563074469566,0.018669679760932922,-0.11824195086956024,-0.23791880905628204,-0.11824195086956024,0.0,0.25658848881721497,0
198,back,forward,0.17407759261839117,0.018669679760932922,0.05583563074469566,0.01888175494968891,0.2332792729139328,0.018669679760932922,-0.11824195086956024,0.01865212433040142,0.12884923815727234,0.1774437576532364,0.24709118902683258,1
198,back,backward,0.17407759261839117,0.018669679760932922,0.05583563074469566,0.018669679760932922,0.05583563074469566,0.018669679760932922,-0.11824195086956024,0.018669679760932922,-0.3748304545879364,0.0,0.25658851861953735,0
199,front,stay,0.15270930256378784,-0.03249797224998474,-0.09165948629379272,-0.03249797224998474,-0.09165948629379272,-0.03249797224998474,0.061049818992614746,-0.03249797224998474,0.061049818992614746,0.0,0.0,0
199,front,right,0.15270930256378784,-0.03249797224998474,-0.09165948629379272,-0.03249797224998474,-0.09165948629379272,-0.03249797224998474,0.061049818992614746,0.22409051656723022,0.061049818992614746,0.0,0.25658848881721497,0
199,front,left,0.15270930256378784,-0.03249797224998474,-0.09165948629379272,-0.03249797224998474,-0.09165948629379272,-0.03249797224998474,0.061049818992614746,-0.2890864610671997,0.061049818992614746,0.0,0.25658848881721497,0
199,front,forward,0.15270930256378784,-0.03249797224998474,-0.09165948629379272,-0.03249797224998474,-0.09165948629379272,-0.03249797224998474,0.061049818992614746,-0.03249797224998474,0.3176383078098297,0.0,0.25658848881721497,0
199,front,backward,0.15270930256378784,-0.03249797224998474,-0.09165948629379272,-0.032574720680713654,-0.2854619026184082,-0.03249797224998474,0.061049818992614746,-0.032486628741025925,-0.18504048883914948,0.19380243122577667,0.24609030783176422,1
200,left,stay,0.14878565610009553,-0.040725503116846085,0.08912112563848495,-0.040725503116846085,0.08912112563848495,-0.18951115012168884,0.08912112563848495,-0.18951115012168884,0.08912112563848495,0.0,0.0,0
200,left,right,0.14878565610009553,-0.040725503116846085,0.08912112563848495,0.17517344653606415,0.0892409086227417,-0.18951115012168884,0.08912112563848495,0.055912084877491,0.08911699056625366,0.21589897572994232,0.24542322754859924,1
200,left,left,0.14878565610009553,-0.040725503116846085,0.08912112563848495,-0.040725503116846085,0.08912112563848495,-0.18951115012168884,0.08912112563848495,-0.4460996389389038,0.08912112563848495,0.0,0.25658848881721497,0
200,left,forward,0.14878565610009553,-0.040725503116846085,0.08912112563848495,-0.040725503116846085,0.08912112563848495,-0.18951115012168884,0.08912112563848495,-0.18951115012168884,0.3457096219062805,0.0,0.25658848881721497,0
200,left,backward,0.14878565610009553,-0.040725503116846085,0.08912112563848495,-0.040725503116846085,0.08912112563848495,-0.18951115012168884,0.08912112563848495,-0.18951115012168884,-0.1674673706293106,0.0,0.25658848881721497,0
201,right,stay,0.15429298649377926,0.08844632655382156,-0.0417400524020195,0.08844632655382156,-0.0417400524020195,0.24273931980133057,-0.0417400524020195,0.24273931980133057,-0.0417400524020195,0.0,0.0,0
201,right,right,0.15429298649377926,0.08844632655382156,-0.0417400524020195,0.08844632655382156,-0.0417400524020195,0.24273931980133057,-0.0417400524020195,0.49932780861854553,-0.0417400524020195,0.0,0.25658848881721497,0
201,right,left,0.15429298649377926,0.08844632655382156,-0.0417400524020195,-0.112423375248909,-0.041619934141635895,0.24273931980133057,-0.0417400524020195,-0.0033324272371828556,-0.04174977168440819,0.20086975395679474,0.2460717409849167,1
201,right,forward,0.15429298649377926,0.08844632655382156,-0.0417400524020195,0.08844632655382156,-0.0417400524020195,0.24273931980133057,-0.0417400524020195,0.24273931980133057,0.21484844386577606,0.0,0.25658848881721497,0
201,right,backward,0.15429298649377926,0.08844632655382156,-0.0417400524020195,0.08844632655382156,-0.0417400524020195,0.24273931980133057,-0.0417400524020195,0.24273931980133057,-0.29832854866981506,0.0,0.25658848881721497,0
202,back,stay,0.16853718707399337,-0.028651023283600807,0.09871763736009598,-0.028651023283600807,0.09871763736009598,-0.028651023283600807,-0.06981954723596573,-0.028651023283600807,-0.06981954723596573,0.0,0.0,0
202,back,right,0.16853718707399337,-0.028651023283600807,0.09871763736009598,-0.028651023283600807,0.09871763736009598,-0.028651023283600807,-0.06981954723596573,0.2279374748468399,-0.06981954723596573,0.0,0.25658848881721497,0
202,back,left,0.16853718707399337,-0.028651023283600807,0.09871763736009598,-0.028651023283600807,0.09871763736009598,-0.028651023283600807,-0.06981954723596573,-0.2852395176887512,-0.06981954723596573,0.0,0.25658848881721497,0
202,back,forward,0.16853718707399337,-0.028651023283600807,0.09871763736009598,-0.028589526191353798,0.2836436927318573,-0.028651023283600807,-0.06981954723596573,-0.028654862195253372,0.1769454926252365,0.18492606282234192,0.24676504731178284,1
202,back,backward,0.16853718707399337,-0.028651023283600807,0.09871763736009598,-0.028651023283600807,0.09871763736009598,-0.028651023283600807,-0.06981954723596573,-0.028651023283600807,-0.3264080286026001,0.0,0.25658848881721497,0
203,front,stay,0.16690575459018364,0.015866894274950027,0.031908467411994934,0.015866894274950027,0.031908467411994934,0.015866894274950027,0.19881422817707062,0.015866894274950027,0.19881422817707062,0.0,0.0,0
203,front,right,0.16690575459018364,0.015866894274950027,0.031908467411994934,0.015866894274950027,0.031908467411994934,0.015866894274950027,0.19881422817707062,0.2724553942680359,0.19881422817707062,0.0,0.25658848881721497,0
203,front,left,0.16690575459018364,0.015866894274950027,0.031908467411994934,0.015866894274950027,0.031908467411994934,0.015866894274950027,0.19881422817707062,-0.24072159826755524,0.19881422817707062,0.0,0.25658848881721497,0
203,front,forward,0.16690575459018364,0.015866894274950027,0.031908467411994934,0.015866894274950027,0.031908467411994934,0.015866894274950027,0.19881422817707062,0.015866894274950027,0.4554027318954468,0.0,0.25658851861953735,0
203,front,backward,0.16690575459018364,0.015866894274950027,0.031908467411994934,0.015958992764353752,-0.15251308679580688,0.015866894274950027,0.19881422817707062,0.015856880694627762,-0.047958824783563614,0.184421569108963,0.24677304923534393,1
204,left,stay,0.15732446210111373,-0.09873390197753906,-0.03532879054546356,-0.09873390197753906,-0.03532879054546356,-0.25605836510658264,-0.03532879054546356,-0.25605836510658264,-0.03532879054546356,0.0,0.0,0
204,left,right,0.15732446210111373,-0.09873390197753906,-0.03532879054546356,0.09432104229927063,-0.03530723601579666,-0.25605836510658264,-0.03532879054546356,-0.009619229473173618,-0.03533007204532623,0.1930549442768097,0.246439129114151,1
204,left,left,0.15732446210111373,-0.09873390197753906,-0.03532879054546356,-0.09873390197753906,-0.03532879054546356,-0.25605836510658264,-0.03532879054546356,-0.5126468539237976,-0.03532879054546356,0.0,0.25658848881721497,0
204,left,forward,0.15732446210111373,-0.09873390197753906,-0.03532879054546356,-0.09873390197753906,-0.03532879054546356,-0.25605836510658264,-0.03532879054546356,-0.25605836510658264,0.2212596982717514,0.0,0.25658848881721497,0
204,left,backward,0.15732446210111373,-0.09873390197753906,-0.03532879054546356,-0.09873390197753906,-0.03532879054546356,-0.25605836510658264,-0.03532879054546356,-0.25605836510658264,-0.2919172942638397,0.0,0.25658851861953735,0
205,right,stay,0.14669038546414975,0.07818422466516495,0.013724622316658497,0.07818422466516495,0.013724622316658497,0.2248746156692505,0.013724622316658497,0.2248746156692505,0.013724622316658497,0.0,0.0,0
205,right,right,0.14669038546414975,0.07818422466516495,0.013724622316658497,0.07818422466516495,0.013724622316658497,0.2248746156692505,0.013724622316658497,0.48146310448646545,0.013724622316658497,0.0,0.25658848881721497,0
205,right,left,0.14669038546414975,0.07818422466516495,0.013724622316658497,-0.12610334157943726,0.013885742984712124,0.2248746156692505,0.013724622316658497,-0.020810618996620178,0.013708841986954212,0.20428761839866638,0.24568523466587067,1
205,right,forward,0.14669038546414975,0.07818422466516495,0.013724622316658497,0.07818422466516495,0.013724622316658497,0.2248746156692505,0.013724622316658497,0.2248746156692505,0.2703131139278412,0.0,0.25658848881721497,0
205,right,backward,0.14669038546414975,0.07818422466516495,0.013724622316658497,0.07818422466516495,0.013724622316658497,0.2248746156692505,0.013724622316658497,0.2248746156692505,-0.24286387860774994,0.0,0.25658848881721497,0
206,back,stay,0.17432297809707625,-0.053077582269907,-0.096023328602314,-0.053077582269907,-0.096023328602314,-0.053077582269907,-0.2703463137149811,-0.053077582269907,-0.2703463137149811,0.0,0.0,0
206,back,right,0.17432297809707625,-0.053077582269907,-0.096023328602314,-0.053077582269907,-0.096023328602314,-0.053077582269907,-0.2703463137149811,0.20351091027259827,-0.2703463137149811,0.0,0.25658848881721497,0
206,back,left,0.17432297809707625,-0.053077582269907,-0.096023328602314,-0.053077582269907,-0.096023328602314,-0.053077582269907,-0.2703463137149811,-0.30966606736183167,-0.2703463137149811,0.0,0.25658848881721497,0
206,back,forward,0.17432297809707625,-0.053077582269907,-0.096023328602314,-0.05304013937711716,0.09806179255247116,-0.053077582269907,-0.2703463137149811,-0.053079236298799515,-0.024180999025702477,0.19408512115478516,0.24616532027721405,1
206,back,backward,0.17432297809707625,-0.053077582269907,-0.096023328602314,-0.053077582269907,-0.096023328602314,-0.053077582269907,-0.2703463137149811,-0.053077582269907,-0.526934802532196,0.0,0.25658848881721497,0
207,front,stay,0.16583399091787546,0.08457136899232864,0.05068259313702583,0.08457136899232864,0.05068259313702583,0.08457136899232864,0.21651658415794373,0.08457136899232864,0.21651658415794373,0.0,0.0,0
207,front,right,0.16583399091787546,0.08457136899232864,0.05068259313702583,0.08457136899232864,0.05068259313702583,0.08457136899232864,0.21651658415794373,0.341159850358963,0.21651658415794373,0.0,0.25658848881721497,0
207,front,left,0.16583399091787546,0.08457136899232864,0.05068259313702583,0.08457136899232864,0.05068259313702583,0.08457136899232864,0.21651658415794373,-0.17201712727546692,0.21651658415794373,0.0,0.25658848881721497,0
207,front,forward,0.16583399091787546,0.08457136899232864,0.05068259313702583,0.08457136899232864,0.05068259313702583,0.08457136899232864,0.21651658415794373,0.08457136899232864,0.4731050729751587,0.0,0.25658848881721497,0
207,front,backward,0.16583399091787546,0.08457136899232864,0.05068259313702583,0.0845813974738121,-0.13046769797801971,0.08457136899232864,0.21651658415794373,0.08457084745168686,-0.03045804426074028,0.18115028738975525,0.2469746321439743,1
208,left,stay,0.16681192587887483,-0.06095046550035477,0.02671373449265957,-0.06095046550035477,0.02671373449265957,-0.2277624011039734,0.02671373449265957,-0.2277624011039734,0.02671373449265957,0.0,0.0,0
208,left,right,0.16681192587887483,-0.06095046550035477,0.02671373449265957,0.11955814808607101,0.02672511525452137,-0.2277624011039734,0.02671373449265957,0.019203223288059235,0.026712339371442795,0.18050861358642578,0.24696561694145203,1
208,left,left,0.16681192587887483,-0.06095046550035477,0.02671373449265957,-0.06095046550035477,0.02671373449265957,-0.2277624011039734,0.02671373449265957,-0.48435088992118835,0.02671373449265957,0.0,0.25658848881721497,0
208,left,forward,0.16681192587887483,-0.06095046550035477,0.02671373449265957,-0.06095046550035477,0.02671373449265957,-0.2277624011039734,0.02671373449265957,-0.2277624011039734,0.2833022177219391,0.0,0.25658848881721497,0
208,left,backward,0.16681192587887483,-0.06095046550035477,0.02671373449265957,-0.06095046550035477,0.02671373449265957,-0.2277624011039734,0.02671373449265957,-0.2277624011039734,-0.22987475991249084,0.0,0.25658848881721497,0
209,right,stay,0.17798745539587219,-0.0402756929397583,0.008875825442373753,-0.0402756929397583,0.008875825442373753,0.137711763381958,0.008875825442373753,0.137711763381958,0.008875825442373753,0.0,0.0,0
209,right,right,0.17798745539587219,-0.0402756929397583,0.008875825442373753,-0.0402756929397583,0.008875825442373753,0.137711763381958,0.008875825442373753,0.394300252199173,0.008875825442373753,0.0,0.25658848881721497,0
209,right,left,0.17798745539587219,-0.0402756929397583,0.008875825442373753,-0.21472930908203125,0.008854536339640617,0.137711763381958,0.008875825442373753,-0.10937976092100143,0.008876942098140717,0.17445361614227295,0.24709153175354004,1
209,right,forward,0.17798745539587219,-0.0402756929397583,0.008875825442373753,-0.0402756929397583,0.008875825442373753,0.137711763381958,0.008875825442373753,0.137711763381958,0.26546433568000793,0.0,0.25658851861953735,0
209,right,backward,0.17798745539587219,-0.0402756929397583,0.008875825442373753,-0.0402756929397583,0.008875825442373753,0.137711763381958,0.008875825442373753,0.137711763381958,-0.24771267175674438,0.0,0.25658848881721497,0
210,back,stay,0.17470885010697473,-0.08123129606246948,0.056020889431238174,-0.08123129606246948,0.056020889431238174,-0.08123129606246948,-0.1186879575252533,-0.08123129606246948,-0.1186879575252533,0.0,0.0,0
210,back,right,0.17470885010697473,-0.08123129606246948,0.056020889431238174,-0.08123129606246948,0.056020889431238174,-0.08123129606246948,-0.1186879575252533,0.17535719275474548,-0.1186879575252533,0.0,0.25658848881721497,0
210,back,left,0.17470885010697473,-0.08123129606246948,0.056020889431238174,-0.08123129606246948,0.056020889431238174,-0.08123129606246948,-0.1186879575252533,-0.33781978487968445,-0.1186879575252533,0.0,0.25658848881721497,0
210,back,forward,0.17470885010697473,-0.08123129606246948,0.056020889431238174,-0.08144062757492065,0.2378171682357788,-0.08123129606246948,-0.1186879575252533,-0.08121821284294128,0.12815694510936737,0.18179640173912048,0.24684490263462067,1
210,back,backward,0.17470885010697473,-0.08123129606246948,0.056020889431238174,-0.08123129606246948,0.056020889431238174,-0.08123129606246948,-0.1186879575252533,-0.08123129606246948,-0.37527644634246826,0.0,0.25658848881721497,0
211,front,stay,0.17542878030122946,0.01968998648226261,-0.09970272332429886,0.01968998648226261,-0.09970272332429886,0.01968998648226261,0.07572605460882187,0.01968998648226261,0.07572605460882187,0.0,0.0,0
211,front,right,0.17542878030122946,0.01968998648226261,-0.09970272332429886,0.01968998648226261,-0.09970272332429886,0.01968998648226261,0.07572605460882187,0.2762784957885742,0.07572605460882187,0.0,0.25658851861953735,0
211,front,left,0.17542878030122946,0.01968998648226261,-0.09970272332429886,0.01968998648226261,-0.09970272332429886,0.01968998648226261,0.07572605460882187,-0.2368985116481781,0.07572605460882187,0.0,0.25658848881721497,0
211,front,forward,0.17542878030122946,0.01968998648226261,-0.09970272332429886,0.01968998648226261,-0.09970272332429886,0.01968998648226261,0.07572605460882187,0.01968998648226261,0.33231455087661743,0.0,0.25658848881721497,0
211,front,backward,0.17542878030122946,0.01968998648226261,-0.09970272332429886,0.01979588158428669,-0.27469876408576965,0.01968998648226261,0.07572605460882187,0.01968386583030224,-0.17153804004192352,0.17499607801437378,0.2472640872001648,1
212,left,stay,0.16326037536545351,0.012641201727092266,0.017005667090415955,0.012641201727092266,0.017005667090415955,-0.15061916410923004,0.017005667090415955,-0.15061916410923004,0.017005667090415955,0.0,0.0,0
212,left,right,0.16326037536545351,0.012641201727092266,0.017005667090415955,0.19774889945983887,0.016841556876897812,-0.15061916410923004,0.017005667090415955,0.09586558490991592,0.01702762022614479,0.1851077675819397,0.24648475646972656,1
212,left,left,0.16326037536545351,0.012641201727092266,0.017005667090415955,0.012641201727092266,0.017005667090415955,-0.15061916410923004,0.017005667090415955,-0.4072076678276062,0.017005667090415955,0.0,0.25658851861953735,0
212,left,forward,0.16326037536545351,0.012641201727092266,0.017005667090415955,0.012641201727092266,0.017005667090415955,-0.15061916410923004,0.017005667090415955,-0.15061916410923004,0.2735941708087921,0.0,0.25658851861953735,0
212,left,backward,0.16326037536545351,0.012641201727092266,0.017005667090415955,0.012641201727092266,0.017005667090415955,-0.15061916410923004,0.017005667090415955,-0.15061916410923004,-0.239582821726799,0.0,0.25658848881721497,0
213,right,stay,0.14829434253359322,-0.09923709183931351,-0.026698844507336617,-0.09923709183931351,-0.026698844507336617,0.0490572527050972,-0.026698844507336617,0.0490572527050972,-0.026698844507336617,0.0,0.0,0
213,right,right,0.14829434253359322,-0.09923709183931351,-0.026698844507336617,-0.09923709183931351,-0.026698844507336617,0.0490572527050972,-0.026698844507336617,0.30564573407173157,-0.026698844507336617,0.0,0.25658848881721497,0
213,right,left,0.14829434253359322,-0.09923709183931351,-0.026698844507336617,-0.30742454528808594,-0.02646392397582531,0.0490572527050972,-0.026698844507336617,-0.19648124277591705,-0.026712708175182343,0.20818759500980377,0.24553850293159485,1
213,right,forward,0.14829434253359322,-0.09923709183931351,-0.026698844507336617,-0.09923709183931351,-0.026698844507336617,0.0490572527050972,-0.026698844507336617,0.0490572527050972,0.2298896461725235,0.0,0.25658848881721497,0
213,right,backward,0.14829434253359322,-0.09923709183931351,-0.026698844507336617,-0.09923709183931351,-0.026698844507336617,0.0490572527050972,-0.026698844507336617,0.0490572527050972,-0.2832873463630676,0.0,0.25658848881721497,0
214,back,stay,0.17284488914392515,0.06477963179349899,0.009703528136014938,0.06477963179349899,0.009703528136014938,0.06477963179349899,-0.16314135491847992,0.06477963179349899,-0.16314135491847992,0.0,0.0,0
214,back,right,0.17284488914392515,0.06477963179349899,0.009703528136014938,0.06477963179349899,0.009703528136014938,0.06477963179349899,-0.16314135491847992,0.32136812806129456,-0.16314135491847992,0.0,0.25658848881721497,0
214,back,left,0.17284488914392515,0.06477963179349899,0.009703528136014938,0.06477963179349899,0.009703528136014938,0.06477963179349899,-0.16314135491847992,-0.19180886447429657,-0.16314135491847992,0.0,0.25658848881721497,0
214,back,forward,0.17284488914392515,0.06477963179349899,0.009703528136014938,0.06478575617074966,0.18431879580020905,0.06477963179349899,-0.16314135491847992,0.06477928906679153,0.08410155773162842,0.1746152639389038,0.24724291265010834,1
214,back,backward,0.17284488914392515,0.06477963179349899,0.009703528136014938,0.06477963179349899,0.009703528136014938,0.06477963179349899,-0.16314135491847992,0.06477963179349899,-0.4197298586368561,0.0,0.25658851861953735,0
215,front,stay,0.1611491738437366,-0.06153784319758415,-0.033904775977134705,-0.06153784319758415,-0.033904775977134705,-0.06153784319758415,0.12724439799785614,-0.06153784319758415,0.12724439799785614,0.0,0.0,0
215,front,right,0.1611491738437366,-0.06153784319758415,-0.033904775977134705,-0.06153784319758415,-0.033904775977134705,-0.06153784319758415,0.12724439799785614,0.1950506567955017,0.12724439799785614,0.0,0.25658848881721497,0
215,front,left,0.1611491738437366,-0.06153784319758415,-0.033904775977134705,-0.06153784319758415,-0.033904775977134705,-0.06153784319758415,0.12724439799785614,-0.3181263506412506,0.12724439799785614,0.0,0.25658851861953735,0
215,front,forward,0.1611491738437366,-0.06153784319758415,-0.033904775977134705,-0.06153784319758415,-0.033904775977134705,-0.06153784319758415,0.12724439799785614,-0.06153784319758415,0.3838329017162323,0.0,0.25658851861953735,0
215,front,backward,0.1611491738437366,-0.06153784319758415,-0.033904775977134705,-0.06169664114713669,-0.22146104276180267,-0.06153784319758415,0.12724439799785614,-0.061520449817180634,-0.11929454654455185,0.18755634129047394,0.2465389370918274,1
216,left,stay,0.15560101565623652,-0.025224052369594574,0.09576146304607391,-0.025224052369594574,0.09576146304607391,-0.18082505464553833,0.09576146304607391,-0.18082505464553833,0.09576146304607391,0.0,0.0,0
216,left,right,0.15560101565623652,-0.025224052369594574,0.09576146304607391,0.18678031861782074,0.09585536271333694,-0.18082505464553833,0.09576146304607391,0.0646524652838707,0.09574837237596512,0.2120043784379959,0.24547752737998962,1
216,left,left,0.15560101565623652,-0.025224052369594574,0.09576146304607391,-0.025224052369594574,0.09576146304607391,-0.18082505464553833,0.09576146304607391,-0.4374135434627533,0.09576146304607391,0.0,0.25658848881721497,0
216,left,forward,0.15560101565623652,-0.025224052369594574,0.09576146304607391,-0.025224052369594574,0.09576146304607391,-0.18082505464553833,0.09576146304607391,-0.18082505464553833,0.3523499667644501,0.0,0.25658851861953735,0
216,left,backward,0.15560101565623652,-0.025224052369594574,0.09576146304607391,-0.025224052369594574,0.09576146304607391,-0.18082505464553833,0.09576146304607391,-0.18082505464553833,-0.16082702577114105,0.0,0.25658848881721497,0
217,right,stay,0.17763285362200515,-0.007037035189568996,-0.05167299881577492,-0.007037035189568996,-0.05167299881577492,0.17059582471847534,-0.05167299881577492,0.17059582471847534,-0.05167299881577492,0.0,0.0,0
217,right,right,0.17763285362200515,-0.007037035189568996,-0.05167299881577492,-0.007037035189568996,-0.05167299881577492,0.17059582471847534,-0.05167299881577492,0.4271843135356903,-0.05167299881577492,0.0,0.25658848881721497,0
217,right,left,0.17763285362200515,-0.007037035189568996,-0.05167299881577492,-0.1775175929069519,-0.05164181813597679,0.17059582471847534,-0.05167299881577492,-0.07662549614906311,-0.05167445167899132,0.17048056423664093,0.24722132086753845,1
217,right,forward,0.17763285362200515,-0.007037035189568996,-0.05167299881577492,-0.007037035189568996,-0.05167299881577492,0.17059582471847534,-0.05167299881577492,0.17059582471847534,0.20491549372673035,0.0,0.25658848881721497,0
217,right,backward,0.17763285362200515,-0.007037035189568996,-0.05167299881577492,-0.007037035189568996,-0.05167299881577492,0.17059582471847534,-0.05167299881577492,0.17059582471847534,-0.3082614839076996,0.0,0.25658848881721497,0
218,back,stay,0.1583280140058729,0.047298550605773926,-0.05530868470668793,0.047298550605773926,-0.05530868470668793,0.047298550605773926,-0.21363669633865356,0.047298550605773926,-0.21363669633865356,0.0,0.0,0
218,back,right,0.1583280140058729,0.047298550605773926,-0.05530868470668793,0.047298550605773926,-0.05530868470668793,0.047298550605773926,-0.21363669633865356,0.3038870394229889,-0.21363669633865356,0.0,0.25658848881721497,0
218,back,left,0.1583280140058729,0.047298550605773926,-0.05530868470668793,0.047298550605773926,-0.05530868470668793,0.047298550605773926,-0.21363669633865356,-0.20928993821144104,-0.21363669633865356,0.0,0.25658848881721497,0
218,back,forward,0.1583280140058729,0.047298550605773926,-0.05530868470668793,0.04727749526500702,0.1328844577074051,0.047298550605773926,-0.21363669633865356,0.047301191836595535,0.03273177146911621,0.18819314241409302,0.24636846780776978,1
218,back,backward,0.1583280140058729,0.047298550605773926,-0.05530868470668793,0.047298550605773926,-0.05530868470668793,0.047298550605773926,-0.21363669633865356,0.047298550605773926,-0.47022518515586853,0.0,0.25658848881721497,0
219,front,stay,0.17008291651749863,-0.01799330674111843,0.07767195254564285,-0.01799330674111843,0.07767195254564285,-0.01799330674111843,0.24775487184524536,-0.01799330674111843,0.24775487184524536,0.0,0.0,0
219,front,right,0.17008291651749863,-0.01799330674111843,0.07767195254564285,-0.01799330674111843,0.07767195254564285,-0.01799330674111843,0.24775487184524536,0.23859518766403198,0.24775487184524536,0.0,0.25658848881721497,0
219,front,left,0.17008291651749863,-0.01799330674111843,0.07767195254564285,-0.01799330674111843,0.07767195254564285,-0.01799330674111843,0.24775487184524536,-0.27458178997039795,0.24775487184524536,0.0,0.25658848881721497,0
219,front,forward,0.17008291651749863,-0.01799330674111843,0.07767195254564285,-0.01799330674111843,0.07767195254564285,-0.01799330674111843,0.24775487184524536,-0.01799330674111843,0.5043433904647827,0.0,0.25658851861953735,0
219,front,backward,0.17008291651749863,-0.01799330674111843,0.07767195254564285,-0.017903218045830727,-0.10017859935760498,-0.01799330674111843,0.24775487184524536,-0.018005019053816795,0.0006988928653299809,0.17785057425498962,0.24705597758293152,1
220,left,stay,0.15542296460876925,-0.02271842211484909,-0.0834541916847229,-0.02271842211484909,-0.0834541916847229,-0.17814138531684875,-0.0834541916847229,-0.17814138531684875,-0.0834541916847229,0.0,0.0,0
220,left,right,0.15542296460876925,-0.02271842211484909,-0.0834541916847229,0.1686761975288391,-0.08334095031023026,-0.17814138531684875,-0.0834541916847229,0.06822647154331207,-0.08347921073436737,0.1913946568965912,0.24636785686016083,1
220,left,left,0.15542296460876925,-0.02271842211484909,-0.0834541916847229,-0.02271842211484909,-0.0834541916847229,-0.17814138531684875,-0.0834541916847229,-0.4347298741340637,-0.0834541916847229,0.0,0.25658848881721497,0
220,left,forward,0.15542296460876925,-0.02271842211484909,-0.0834541916847229,-0.02271842211484909,-0.0834541916847229,-0.17814138531684875,-0.0834541916847229,-0.17814138531684875,0.17313429713249207,0.0,0.25658848881721497,0
220,left,backward,0.15542296460876925,-0.02271842211484909,-0.0834541916847229,-0.02271842211484909,-0.0834541916847229,-0.17814138531684875,-0.0834541916847229,-0.17814138531684875,-0.34004268050193787,0.0,0.25658848881721497,0
221,right,stay,0.17009486521395858,0.04100184515118599,0.00707908533513546,0.04100184515118599,0.00707908533513546,0.21109670400619507,0.00707908533513546,0.21109670400619507,0.00707908533513546,0.0,0.0,0
221,right,right,0.17009486521395858,0.04100184515118599,0.00707908533513546,0.04100184515118599,0.00707908533513546,0.21109670400619507,0.00707908533513546,0.46768519282341003,0.00707908533513546,0.0,0.25658848881721497,0
221,right,left,0.17009486521395858,0.04100184515118599,0.00707908533513546,-0.14641860127449036,0.007257448043674231,0.21109670400619507,0.00707908533513546,-0.03549934923648834,0.007064633537083864,0.1874205321073532,0.2465960532426834,1
221,right,forward,0.17009486521395858,0.04100184515118599,0.00707908533513546,0.04100184515118599,0.00707908533513546,0.21109670400619507,0.00707908533513546,0.21109670400619507,0.26366758346557617,0.0,0.25658848881721497,0
221,right,backward,0.17009486521395858,0.04100184515118599,0.00707908533513546,0.04100184515118599,0.00707908533513546,0.21109670400619507,0.00707908533513546,0.21109670400619507,-0.24950940907001495,0.0,0.25658848881721497,0
222,back,stay,0.1584875226393367,-0.08384276926517487,-0.03161950409412384,-0.08384276926517487,-0.03161950409412384,-0.08384276926517487,-0.19010703265666962,-0.08384276926517487,-0.19010703265666962,0.0,0.0,0
222,back,right,0.1584875226393367,-0.08384276926517487,-0.03161950409412384,-0.08384276926517487,-0.03161950409412384,-0.08384276926517487,-0.19010703265666962,0.1727457195520401,-0.19010703265666962,0.0,0.25658848881721497,0
222,back,left,0.1584875226393367,-0.08384276926517487,-0.03161950409412384,-0.08384276926517487,-0.03161950409412384,-0.08384276926517487,-0.19010703265666962,-0.340431272983551,-0.19010703265666962,0.0,0.25658851861953735,0
222,back,forward,0.1584875226393367,-0.08384276926517487,-0.03161950409412384,-0.0838492214679718,0.1562589704990387,-0.08384276926517487,-0.19010703265666962,-0.08384189009666443,0.05626349523663521,0.18787847459316254,0.24637052416801453,1
222,back,backward,0.1584875226393367,-0.08384276926517487,-0.03161950409412384,-0.08384276926517487,-0.03161950409412384,-0.08384276926517487,-0.19010703265666962,-0.08384276926517487,-0.4466955363750458,0.0,0.25658851861953735,0
223,front,stay,0.15200620593149397,0.03710050880908966,-0.09033537656068802,0.03710050880908966,-0.09033537656068802,0.03710050880908966,0.061670832335948944,0.03710050880908966,0.061670832335948944,0.0,0.0,0
223,front,right,0.15200620593149397,0.03710050880908966,-0.09033537656068802,0.03710050880908966,-0.09033537656068802,0.03710050880908966,0.061670832335948944,0.2936890125274658,0.061670832335948944,0.0,0.25658851861953735,0
223,front,left,0.15200620593149397,0.03710050880908966,-0.09033537656068802,0.03710050880908966,-0.09033537656068802,0.03710050880908966,0.061670832335948944,-0.2194879800081253,0.061670832335948944,0.0,0.25658848881721497,0
223,front,forward,0.15200620593149397,0.03710050880908966,-0.09033537656068802,0.03710050880908966,-0.09033537656068802,0.03710050880908966,0.061670832335948944,0.03710050880908966,0.3182593286037445,0.0,0.25658848881721497,0
223,front,backward,0.15200620593149397,0.03710050880908966,-0.09033537656068802,0.03708910197019577,-0.3058837652206421,0.03710050880908966,0.061670832335948944,0.037101227790117264,-0.18361297249794006,0.21554839611053467,0.2452838122844696,1
224,left,stay,0.16951013569064763,-0.09751325845718384,-0.005538858938962221,-0.09751325845718384,-0.005538858938962221,-0.26702338457107544,-0.005538858938962221,-0.26702338457107544,-0.005538858938962221,0.0,0.0,0
224,left,right,0.16951013569064763,-0.09751325845718384,-0.005538858938962221,0.08346738666296005,-0.005618619732558727,-0.26702338457107544,-0.005538858938962221,-0.02006271295249462,-0.005534082185477018,0.18098066747188568,0.24696066975593567,1
224,left,left,0.16951013569064763,-0.09751325845718384,-0.005538858938962221,-0.09751325845718384,-0.005538858938962221,-0.26702338457107544,-0.005538858938962221,-0.5236119031906128,-0.005538858938962221,0.0,0.25658851861953735,0
224,left,forward,0.16951013569064763,-0.09751325845718384,-0.005538858938962221,-0.09751325845718384,-0.005538858938962221,-0.26702338457107544,-0.005538858938962221,-0.26702338457107544,0.25104963779449463,0.0,0.25658848881721497,0
224,left,backward,0.16951013569064763,-0.09751325845718384,-0.005538858938962221,-0.09751325845718384,-0.005538858938962221,-0.26702338457107544,-0.005538858938962221,-0.26702338457107544,-0.2621273398399353,0.0,0.25658848881721497,0
225,right,stay,0.1483971464448593,-0.08401507139205933,-0.039380915462970734,-0.08401507139205933,-0.039380915462970734,0.06438207626342773,-0.039380915462970734,0.06438207626342773,-0.039380915462970734,0.0,0.0,0
225,right,right,0.1483971464448593,-0.08401507139205933,-0.039380915462970734,-0.08401507139205933,-0.039380915462970734,0.06438207626342773,-0.039380915462970734,0.3209705650806427,-0.039380915462970734,0.0,0.25658848881721497,0
225,right,left,0.1483971464448593,-0.08401507139205933,-0.039380915462970734,-0.2920379638671875,-0.039134468883275986,0.06438207626342773,-0.039380915462970734,-0.18121182918548584,-0.039394404739141464,0.2080230414867401,0.24559390544891357,1
225,right,forward,0.1483971464448593,-0.08401507139205933,-0.039380915462970734,-0.08401507139205933,-0.039380915462970734,0.06438207626342773,-0.039380915462970734,0.06438207626342773,0.21720758080482483,0.0,0.25658848881721497,0
225,right,backward,0.1483971464448593,-0.08401507139205933,-0.039380915462970734,-0.08401507139205933,-0.039380915462970734,0.06438207626342773,-0.039380915462970734,0.06438207626342773,-0.2959693968296051,0.0,0.25658848881721497,0
226,back,stay,0.1488701607397188,-0.016736112534999847,-0.0654398649930954,-0.016736112534999847,-0.0654398649930954,-0.016736112534999847,-0.21431002020835876,-0.016736112534999847,-0.21431002020835876,0.0,0.0,0
226,back,right,0.1488701607397188,-0.016736112534999847,-0.0654398649930954,-0.016736112534999847,-0.0654398649930954,-0.016736112534999847,-0.21431002020835876,0.23985238373279572,-0.21431002020835876,0.0,0.25658848881721497,0
226,back,left,0.1488701607397188,-0.016736112534999847,-0.0654398649930954,-0.016736112534999847,-0.0654398649930954,-0.016736112534999847,-0.21431002020835876,-0.2733246088027954,-0.21431002020835876,0.0,0.25658848881721497,0
226,back,forward,0.1488701607397188,-0.016736112534999847,-0.0654398649930954,-0.01654648780822754,0.1490134298801422,-0.016736112534999847,-0.21431002020835876,-0.01674618571996689,0.031089572235941887,0.21445338428020477,0.2453995943069458,1
226,back,backward,0.1488701607397188,-0.016736112534999847,-0.0654398649930954,-0.016736112534999847,-0.0654398649930954,-0.016736112534999847,-0.21431002020835876,-0.016736112534999847,-0.47089850902557373,0.0,0.25658848881721497,0
227,front,stay,0.16533663763140988,0.023675115779042244,0.0826069712638855,0.023675115779042244,0.0826069712638855,0.023675115779042244,0.24794360995292664,0.023675115779042244,0.24794360995292664,0.0,0.0,0
227,front,right,0.16533663763140988,0.023675115779042244,0.0826069712638855,0.023675115779042244,0.0826069712638855,0.023675115779042244,0.24794360995292664,0.28026360273361206,0.24794360995292664,0.0,0.25658848881721497,0
227,front,left,0.16533663763140988,0.023675115779042244,0.0826069712638855,0.023675115779042244,0.0826069712638855,0.023675115779042244,0.24794360995292664,-0.23291337490081787,0.24794360995292664,0.0,0.25658848881721497,0
227,front,forward,0.16533663763140988,0.023675115779042244,0.0826069712638855,0.023675115779042244,0.0826069712638855,0.023675115779042244,0.24794360995292664,0.023675115779042244,0.5045320987701416,0.0,0.25658848881721497,0
227,front,backward,0.16533663763140988,0.023675115779042244,0.0826069712638855,0.023673955351114273,-0.10011468827724457,0.023675115779042244,0.24794360995292664,0.02367517165839672,0.001070395577698946,0.18272165954113007,0.24687321484088898,1
228,left,stay,0.17565169785144927,0.015515618026256561,0.08857110142707825,0.015515618026256561,0.08857110142707825,-0.16013607382774353,0.08857110142707825,-0.16013607382774353,0.08857110142707825,0.0,0.0,0
228,left,right,0.17565169785144927,0.015515618026256561,0.08857110142707825,0.20514914393424988,0.08876349776983261,-0.16013607382774353,0.08857110142707825,0.08631426095962524,0.08855757117271423,0.18963362276554108,0.24645033478736877,1
228,left,left,0.17565169785144927,0.015515618026256561,0.08857110142707825,0.015515618026256561,0.08857110142707825,-0.16013607382774353,0.08857110142707825,-0.4167245626449585,0.08857110142707825,0.0,0.25658848881721497,0
228,left,forward,0.17565169785144927,0.015515618026256561,0.08857110142707825,0.015515618026256561,0.08857110142707825,-0.16013607382774353,0.08857110142707825,-0.16013607382774353,0.3451595902442932,0.0,0.25658848881721497,0
228,left,backward,0.17565169785144927,0.015515618026256561,0.08857110142707825,0.015515618026256561,0.08857110142707825,-0.16013607382774353,0.08857110142707825,-0.16013607382774353,-0.16801738739013672,0.0,0.25658848881721497,0
229,right,stay,0.16118081851183408,-0.06303620338439941,-0.09006229043006897,-0.06303620338439941,-0.09006229043006897,0.09814462065696716,-0.09006229043006897,0.09814462065696716,-0.09006229043006897,0.0,0.0,0
229,right,right,0.16118081851183408,-0.06303620338439941,-0.09006229043006897,-0.06303620338439941,-0.09006229043006897,0.09814462065696716,-0.09006229043006897,0.35473310947418213,-0.09006229043006897,0.0,0.25658848881721497,0
229,right,left,0.16118081851183408,-0.06303620338439941,-0.09006229043006897,-0.26900148391723633,-0.09020840376615524,0.09814462065696716,-0.09006229043006897,-0.14763657748699188,-0.09005530923604965,0.2059653401374817,0.24578119814395905,1
229,right,forward,0.16118081851183408,-0.06303620338439941,-0.09006229043006897,-0.06303620338439941,-0.09006229043006897,0.09814462065696716,-0.09006229043006897,0.09814462065696716,0.166526198387146,0.0,0.25658848881721497,0
229,right,backward,0.16118081851183408,-0.06303620338439941,-0.09006229043006897,-0.06303620338439941,-0.09006229043006897,0.09814462065696716,-0.09006229043006897,0.09814462065696716,-0.34665077924728394,0.0,0.25658848881721497,0
230,back,stay,0.17160093910551963,-0.09198398143053055,0.05710145831108093,-0.09198398143053055,0.05710145831108093,-0.09198398143053055,-0.11449947953224182,-0.09198398143053055,-0.11449947953224182,0.0,0.0,0
230,back,right,0.17160093910551963,-0.09198398143053055,0.05710145831108093,-0.09198398143053055,0.05710145831108093,-0.09198398143053055,-0.11449947953224182,0.16460451483726501,-0.11449947953224182,0.0,0.25658848881721497,0
230,back,left,0.17160093910551963,-0.09198398143053055,0.05710145831108093,-0.09198398143053055,0.05710145831108093,-0.09198398143053055,-0.11449947953224182,-0.3485724627971649,-0.11449947953224182,0.0,0.25658848881721497,0
230,back,forward,0.17160093910551963,-0.09198398143053055,0.05710145831108093,-0.09199745953083038,0.23560699820518494,-0.09198398143053055,-0.11449947953224182,-0.09198332577943802,0.13238030672073364,0.178505539894104,0.24687978625297546,1
230,back,backward,0.17160093910551963,-0.09198398143053055,0.05710145831108093,-0.09198398143053055,0.05710145831108093,-0.09198398143053055,-0.11449947953224182,-0.09198398143053055,-0.3710879683494568,0.0,0.25658848881721497,0
231,front,stay,0.16722809381759488,-0.06467825174331665,-0.0787464827299118,-0.06467825174331665,-0.0787464827299118,-0.06467825174331665,0.088481605052948,-0.06467825174331665,0.088481605052948,0.0,0.0,0
231,front,right,0.16722809381759488,-0.06467825174331665,-0.0787464827299118,-0.06467825174331665,-0.0787464827299118,-0.06467825174331665,0.088481605052948,0.19191023707389832,0.088481605052948,0.0,0.25658848881721497,0
231,front,left,0.16722809381759488,-0.06467825174331665,-0.0787464827299118,-0.06467825174331665,-0.0787464827299118,-0.06467825174331665,0.088481605052948,-0.3212667405605316,0.088481605052948,0.0,0.25658848881721497,0
231,front,forward,0.16722809381759488,-0.06467825174331665,-0.0787464827299118,-0.06467825174331665,-0.0787464827299118,-0.06467825174331665,0.088481605052948,-0.06467825174331665,0.34507009387016296,0.0,0.25658848881721497,0
231,front,backward,0.16722809381759488,-0.06467825174331665,-0.0787464827299118,-0.06444373726844788,-0.27288419008255005,-0.06467825174331665,0.088481605052948,-0.06468695402145386,-0.15781712532043457,0.19413785636425018,0.24629873037338257,1
232,left,stay,0.16898214480971685,0.0048233806155622005,0.019197838380932808,0.0048233806155622005,0.019197838380932808,-0.16415876150131226,0.019197838380932808,-0.16415876150131226,0.019197838380932808,0.0,0.0,0
232,left,right,0.16898214480971685,0.0048233806155622005,0.019197838380932808,0.1834518015384674,0.01919657364487648,-0.16415876150131226,0.019197838380932808,0.08289871364831924,0.01919787935912609,0.17862841486930847,0.2470574676990509,1
232,left,left,0.16898214480971685,0.0048233806155622005,0.019197838380932808,0.0048233806155622005,0.019197838380932808,-0.16415876150131226,0.019197838380932808,-0.4207472503185272,0.019197838380932808,0.0,0.25658848881721497,0
232,left,forward,0.16898214480971685,0.0048233806155622005,0.019197838380932808,0.0048233806155622005,0.019197838380932808,-0.16415876150131226,0.019197838380932808,-0.16415876150131226,0.2757863402366638,0.0,0.25658848881721497,0
232,left,backward,0.16898214480971685,0.0048233806155622005,0.019197838380932808,0.0048233806155622005,0.019197838380932808,-0.16415876150131226,0.019197838380932808,-0.16415876150131226,-0.2373906522989273,0.0,0.25658848881721497,0
233,right,stay,0.1674735662078633,-0.0640968531370163,-0.01596534252166748,-0.0640968531370163,-0.01596534252166748,0.10337671637535095,-0.01596534252166748,0.10337671637535095,-0.01596534252166748,0.0,0.0,0
233,right,right,0.1674735662078633,-0.0640968531370163,-0.01596534252166748,-0.0640968531370163,-0.01596534252166748,0.10337671637535095,-0.01596534252166748,0.3599652051925659,-0.01596534252166748,0.0,0.25658848881721497,0
233,right,left,0.1674735662078633,-0.0640968531370163,-0.01596534252166748,-0.2492205798625946,-0.015855321660637856,0.10337671637535095,-0.01596534252166748,-0.14343489706516266,-0.01597079448401928,0.1851237565279007,0.2468116134405136,1
233,right,forward,0.1674735662078633,-0.0640968531370163,-0.01596534252166748,-0.0640968531370163,-0.01596534252166748,0.10337671637535095,-0.01596534252166748,0.10337671637535095,0.24062314629554749,0.0,0.25658848881721497,0
233,right,backward,0.1674735662078633,-0.0640968531370163,-0.01596534252166748,-0.0640968531370163,-0.01596534252166748,0.10337671637535095,-0.01596534252166748,0.10337671637535095,-0.27255383133888245,0.0,0.25658848881721497,0
234,back,stay,0.15759322014798494,0.06818730384111404,-0.07443607598543167,0.06818730384111404,-0.07443607598543167,0.06818730384111404,-0.2320292890071869,0.06818730384111404,-0.2320292890071869,0.0,0.0,0
234,back,right,0.15759322014798494,0.06818730384111404,-0.07443607598543167,0.06818730384111404,-0.07443607598543167,0.06818730384111404,-0.2320292890071869,0.3247757852077484,-0.2320292890071869,0.0,0.25658848881721497,0
234,back,left,0.15759322014798494,0.06818730384111404,-0.07443607598543167,0.06818730384111404,-0.07443607598543167,0.06818730384111404,-0.2320292890071869,-0.18840119242668152,-0.2320292890071869,0.0,0.25658848881721497,0
234,back,forward,0.15759322014798494,0.06818730384111404,-0.07443607598543167,0.06797442585229874,0.12600339949131012,0.06818730384111404,-0.2320292890071869,0.0681983232498169,0.013988896273076534,0.20043958723545074,0.246018186211586,1
234,back,backward,0.15759322014798494,0.06818730384111404,-0.07443607598543167,0.06818730384111404,-0.07443607598543167,0.06818730384111404,-0.2320292890071869,0.06818730384111404,-0.48861777782440186,0.0,0.25658848881721497,0
235,front,stay,0.17819890130267882,0.08378200232982635,0.05162036046385765,0.08378200232982635,0.05162036046385765,0.08378200232982635,0.22981926798820496,0.08378200232982635,0.22981926798820496,0.0,0.0,0
235,front,right,0.17819890130267882,0.08378200232982635,0.05162036046385765,0.08378200232982635,0.05162036046385765,0.08378200232982635,0.22981926798820496,0.3403705060482025,0.22981926798820496,0.0,0.25658851861953735,0
235,front,left,0.17819890130267882,0.08378200232982635,0.05162036046385765,0.08378200232982635,0.05162036046385765,0.08378200232982635,0.22981926798820496,-0.1728064864873886,0.22981926798820496,0.0,0.25658848881721497,0
235,front,forward,0.17819890130267882,0.08378200232982635,0.05162036046385765,0.08378200232982635,0.05162036046385765,0.08378200232982635,0.22981926798820496,0.08378200232982635,0.4864077568054199,0.0,0.25658848881721497,0
235,front,backward,0.17819890130267882,0.08378200232982635,0.05162036046385765,0.08354361355304718,-0.12791483104228973,0.08378200232982635,0.22981926798820496,0.0837959498167038,-0.017024904489517212,0.17953535914421082,0.24684417247772217,1
236,left,stay,0.17606009549304724,-0.08927544951438904,-0.00924619659781456,-0.08927544951438904,-0.00924619659781456,-0.2653355598449707,-0.00924619659781456,-0.2653355598449707,-0.00924619659781456,0.0,0.0,0
236,left,right,0.17606009549304724,-0.08927544951438904,-0.00924619659781456,0.08212785422801971,-0.009202355518937111,-0.2653355598449707,-0.00924619659781456,-0.01798298954963684,-0.009253136813640594,0.17140330374240875,0.24735257029533386,1
236,left,left,0.17606009549304724,-0.08927544951438904,-0.00924619659781456,-0.08927544951438904,-0.00924619659781456,-0.2653355598449707,-0.00924619659781456,-0.5219240784645081,-0.00924619659781456,0.0,0.25658851861953735,0
236,left,forward,0.17606009549304724,-0.08927544951438904,-0.00924619659781456,-0.08927544951438904,-0.00924619659781456,-0.2653355598449707,-0.00924619659781456,-0.2653355598449707,0.2473423033952713,0.0,0.25658848881721497,0
236,left,backward,0.17606009549304724,-0.08927544951438904,-0.00924619659781456,-0.08927544951438904,-0.00924619659781456,-0.2653355598449707,-0.00924619659781456,-0.2653355598449707,-0.2658346891403198,0.0,0.25658848881721497,0
237,right,stay,0.16983602971318518,-0.09482521563768387,-0.006082914303988218,-0.09482521563768387,-0.006082914303988218,0.07501081377267838,-0.006082914303988218,0.07501081377267838,-0.006082914303988218,0.0,0.0,0
237,right,right,0.16983602971318518,-0.09482521563768387,-0.006082914303988218,-0.09482521563768387,-0.006082914303988218,0.07501081377267838,-0.006082914303988218,0.33159929513931274,-0.006082914303988218,0.0,0.25658848881721497,0
237,right,left,0.16983602971318518,-0.09482521563768387,-0.006082914303988218,-0.2902156412601471,-0.006197693757712841,0.07501081377267838,-0.006082914303988218,-0.17132771015167236,-0.0060789333656430244,0.1953904777765274,0.24633851647377014,1
237,right,forward,0.16983602971318518,-0.09482521563768387,-0.006082914303988218,-0.09482521563768387,-0.006082914303988218,0.07501081377267838,-0.006082914303988218,0.07501081377267838,0.25050556659698486,0.0,0.25658848881721497,0
237,right,backward,0.16983602971318518,-0.09482521563768387,-0.006082914303988218,-0.09482521563768387,-0.006082914303988218,0.07501081377267838,-0.006082914303988218,0.07501081377267838,-0.26267141103744507,0.0,0.25658848881721497,0
238,back,stay,0.16790250642657048,0.03163639083504677,0.005176788195967674,0.03163639083504677,0.005176788195967674,0.03163639083504677,-0.16272571682929993,0.03163639083504677,-0.16272571682929993,0.0,0.0,0
238,back,right,0.16790250642657048,0.03163639083504677,0.005176788195967674,0.03163639083504677,0.005176788195967674,0.03163639083504677,-0.16272571682929993,0.28822487592697144,-0.16272571682929993,0.0,0.25658848881721497,0
238,back,left,0.16790250642657048,0.03163639083504677,0.005176788195967674,0.03163639083504677,0.005176788195967674,0.03163639083504677,-0.16272571682929993,-0.2249521017074585,-0.16272571682929993,0.0,0.25658848881721497,0
238,back,forward,0.16790250642657048,0.03163639083504677,0.005176788195967674,0.03163968399167061,0.20567601919174194,0.03163639083504677,-0.16272571682929993,0.031636305153369904,0.08332164585590363,0.20049923658370972,0.24604736268520355,1
238,back,backward,0.16790250642657048,0.03163639083504677,0.005176788195967674,0.03163639083504677,0.005176788195967674,0.03163639083504677,-0.16272571682929993,0.03163639083504677,-0.4193142056465149,0.0,0.25658848881721497,0
239,front,stay,0.17905203020075583,0.059725984930992126,0.04861639067530632,0.059725984930992126,0.04861639067530632,0.059725984930992126,0.2276684194803238,0.059725984930992126,0.2276684194803238,0.0,0.0,0
239,front,right,0.17905203020075583,0.059725984930992126,0.04861639067530632,0.059725984930992126,0.04861639067530632,0.059725984930992126,0.2276684194803238,0.3163144886493683,0.2276684194803238,0.0,0.25658851861953735,0
239,front,left,0.17905203020075583,0.059725984930992126,0.04861639067530632,0.059725984930992126,0.04861639067530632,0.059725984930992126,0.2276684194803238,-0.19686250388622284,0.2276684194803238,0.0,0.25658848881721497,0
239,front,forward,0.17905203020075583,0.059725984930992126,0.04861639067530632,0.059725984930992126,0.04861639067530632,0.059725984930992126,0.2276684194803238,0.059725984930992126,0.48425692319869995,0.0,0.25658851861953735,0
239,front,backward,0.17905203020075583,0.059725984930992126,0.04861639067530632,0.0599212571978569,-0.12245446443557739,0.059725984930992126,0.2276684194803238,0.059705816209316254,-0.01969650201499462,0.17107096314430237,0.24736492335796356,1
240,left,stay,0.16368243192755008,-0.010325112380087376,-0.07225450128316879,-0.010325112380087376,-0.07225450128316879,-0.17400754988193512,-0.07225450128316879,-0.17400754988193512,-0.07225450128316879,0.0,0.0,0
240,left,right,0.16368243192755008,-0.010325112380087376,-0.07225450128316879,0.18695160746574402,-0.07214318215847015,-0.17400754988193512,-0.07225450128316879,0.07221874594688416,-0.07226134091615677,0.1972767561674118,0.24622629582881927,1
240,left,left,0.16368243192755008,-0.010325112380087376,-0.07225450128316879,-0.010325112380087376,-0.07225450128316879,-0.17400754988193512,-0.07225450128316879,-0.4305960536003113,-0.07225450128316879,0.0,0.25658851861953735,0
240,left,forward,0.16368243192755008,-0.010325112380087376,-0.07225450128316879,-0.010325112380087376,-0.07225450128316879,-0.17400754988193512,-0.07225450128316879,-0.17400754988193512,0.18433399498462677,0.0,0.25658848881721497,0
240,left,backward,0.16368243192755008,-0.010325112380087376,-0.07225450128316879,-0.010325112380087376,-0.07225450128316879,-0.17400754988193512,-0.07225450128316879,-0.17400754988193512,-0.32884299755096436,0.0,0.25658848881721497,0
241,right,stay,0.15881966954164892,0.004289007280021906,-0.0006327574956230819,0.004289007280021906,-0.0006327574956230819,0.1631086766719818,-0.0006327574956230819,0.1631086766719818,-0.0006327574956230819,0.0,0.0,0
241,right,right,0.15881966954164892,0.004289007280021906,-0.0006327574956230819,0.004289007280021906,-0.0006327574956230819,0.1631086766719818,-0.0006327574956230819,0.4196971654891968,-0.0006327574956230819,0.0,0.25658848881721497,0
241,right,left,0.15881966954164892,0.004289007280021906,-0.0006327574956230819,-0.1880749613046646,-0.0007885989034548402,0.1631086766719818,-0.0006327574956230819,-0.08333814144134521,-0.0006186729297041893,0.19236402213573456,0.24644681811332703,1
241,right,forward,0.15881966954164892,0.004289007280021906,-0.0006327574956230819,0.004289007280021906,-0.0006327574956230819,0.1631086766719818,-0.0006327574956230819,0.1631086766719818,0.2559557259082794,0.0,0.25658848881721497,0
241,right,backward,0.15881966954164892,0.004289007280021906,-0.0006327574956230819,0.004289007280021906,-0.0006327574956230819,0.1631086766719818,-0.0006327574956230819,0.1631086766719818,-0.2572212517261505,0.0,0.25658848881721497,0
242,back,stay,0.17496592933369082,-0.0725376307964325,-0.03318287059664726,-0.0725376307964325,-0.03318287059664726,-0.0725376307964325,-0.2081488072872162,-0.0725376307964325,-0.2081488072872162,0.0,0.0,0
242,back,right,0.17496592933369082,-0.0725376307964325,-0.03318287059664726,-0.0725376307964325,-0.03318287059664726,-0.0725376307964325,-0.2081488072872162,0.18405085802078247,-0.2081488072872162,0.0,0.25658848881721497,0
242,back,left,0.17496592933369082,-0.0725376307964325,-0.03318287059664726,-0.0725376307964325,-0.03318287059664726,-0.0725376307964325,-0.2081488072872162,-0.32912611961364746,-0.2081488072872162,0.0,0.25658848881721497,0
242,back,forward,0.17496592933369082,-0.0725376307964325,-0.03318287059664726,-0.07249842584133148,0.14116597175598145,-0.0725376307964325,-0.2081488072872162,-0.07254193723201752,0.03912454843521118,0.174348846077919,0.24727335572242737,1
242,back,backward,0.17496592933369082,-0.0725376307964325,-0.03318287059664726,-0.0725376307964325,-0.03318287059664726,-0.0725376307964325,-0.2081488072872162,-0.0725376307964325,-0.46473729610443115,0.0,0.25658848881721497,0
243,front,stay,0.1770194069969202,0.0471784882247448,-0.0065484126098454,0.0471784882247448,-0.0065484126098454,0.0471784882247448,0.1704709827899933,0.0471784882247448,0.1704709827899933,0.0,0.0,0
243,front,right,0.1770194069969202,0.0471784882247448,-0.0065484126098454,0.0471784882247448,-0.0065484126098454,0.0471784882247448,0.1704709827899933,0.30376699566841125,0.1704709827899933,0.0,0.25658851861953735,0
243,front,left,0.1770194069969202,0.0471784882247448,-0.0065484126098454,0.0471784882247448,-0.0065484126098454,0.0471784882247448,0.1704709827899933,-0.20941001176834106,0.1704709827899933,0.0,0.25658848881721497,0
243,front,forward,0.1770194069969202,0.0471784882247448,-0.0065484126098454,0.0471784882247448,-0.0065484126098454,0.0471784882247448,0.1704709827899933,0.0471784882247448,0.42705947160720825,0.0,0.25658848881721497,0
243,front,backward,0.1770194069969202,0.0471784882247448,-0.0065484126098454,0.04702306166291237,-0.1866580843925476,0.0471784882247448,0.1704709827899933,0.047190431505441666,-0.07642338424921036,0.18010972440242767,0.24689435958862305,1
244,left,stay,0.15044723279549482,0.046444110572338104,0.012062030844390392,0.046444110572338104,0.012062030844390392,-0.10400312393903732,0.012062030844390392,-0.10400312393903732,0.012062030844390392,0.0,0.0,0
244,left,right,0.15044723279549482,0.046444110572338104,0.012062030844390392,0.2623927891254425,0.01215005200356245,-0.10400312393903732,0.012062030844390392,0.1414206624031067,0.012058989144861698,0.215948686003685,0.2454237937927246,1
244,left,left,0.15044723279549482,0.046444110572338104,0.012062030844390392,0.046444110572338104,0.012062030844390392,-0.10400312393903732,0.012062030844390392,-0.3605916202068329,0.012062030844390392,0.0,0.25658848881721497,0
244,left,forward,0.15044723279549482,0.046444110572338104,0.012062030844390392,0.046444110572338104,0.012062030844390392,-0.10400312393903732,0.012062030844390392,-0.10400312393903732,0.26865053176879883,0.0,0.25658848881721497,0
244,left,backward,0.15044723279549482,0.046444110572338104,0.012062030844390392,0.046444110572338104,0.012062030844390392,-0.10400312393903732,0.012062030844390392,-0.10400312393903732,-0.2445264607667923,0.0,0.25658848881721497,0
245,right,stay,0.17412171559991368,-0.012463509105145931,0.0001828295789891854,-0.012463509105145931,0.0001828295789891854,0.16165821254253387,0.0001828295789891854,0.16165821254253387,0.0001828295789891854,0.0,0.0,0
245,right,right,0.17412171559991368,-0.012463509105145931,0.0001828295789891854,-0.012463509105145931,0.0001828295789891854,0.16165821254253387,0.0001828295789891854,0.41824671626091003,0.0001828295789891854,0.0,0.25658851861953735,0
245,right,left,0.17412171559991368,-0.012463509105145931,0.0001828295789891854,-0.19985134899616241,0.0003676596097648144,0.16165821254253387,0.0001828295789891854,-0.08494815230369568,0.00017305085202679038,0.18738792836666107,0.24660636484622955,1
245,right,forward,0.17412171559991368,-0.012463509105145931,0.0001828295789891854,-0.012463509105145931,0.0001828295789891854,0.16165821254253387,0.0001828295789891854,0.16165821254253387,0.2567713260650635,0.0,0.25658848881721497,0
245,right,backward,0.17412171559991368,-0.012463509105145931,0.0001828295789891854,-0.012463509105145931,0.0001828295789891854,0.16165821254253387,0.0001828295789891854,0.16165821254253387,-0.25640565156936646,0.0,0.25658848881721497,0
246,back,stay,0.15441137223342533,-0.06509391963481903,-0.07986553758382797,-0.06509391963481903,-0.07986553758382797,-0.06509391963481903,-0.2342769205570221,-0.06509391963481903,-0.2342769205570221,0.0,0.0,0
246,back,right,0.15441137223342533,-0.06509391963481903,-0.07986553758382797,-0.06509391963481903,-0.07986553758382797,-0.06509391963481903,-0.2342769205570221,0.19149456918239594,-0.2342769205570221,0.0,0.25658848881721497,0
246,back,left,0.15441137223342533,-0.06509391963481903,-0.07986553758382797,-0.06509391963481903,-0.07986553758382797,-0.06509391963481903,-0.2342769205570221,-0.3216824233531952,-0.2342769205570221,0.0,0.25658851861953735,0
246,back,forward,0.15441137223342533,-0.06509391963481903,-0.07986553758382797,-0.06508651375770569,0.12332192063331604,-0.06509391963481903,-0.2342769205570221,-0.06509444117546082,0.011695892550051212,0.2031874656677246,0.24597281217575073,1
246,back,backward,0.15441137223342533,-0.06509391963481903,-0.07986553758382797,-0.06509391963481903,-0.07986553758382797,-0.06509391963481903,-0.2342769205570221,-0.06509391963481903,-0.49086540937423706,0.0,0.25658848881721497,0
247,front,stay,0.17735910800618554,0.04866659641265869,0.00735721830278635,0.04866659641265869,0.00735721830278635,0.04866659641265869,0.1847163289785385,0.04866659641265869,0.1847163289785385,0.0,0.0,0
247,front,right,0.17735910800618554,0.04866659641265869,0.00735721830278635,0.04866659641265869,0.00735721830278635,0.04866659641265869,0.1847163289785385,0.30525508522987366,0.1847163289785385,0.0,0.25658848881721497,0
247,front,left,0.17735910800618554,0.04866659641265869,0.00735721830278635,0.04866659641265869,0.00735721830278635,0.04866659641265869,0.1847163289785385,-0.20792189240455627,0.1847163289785385,0.0,0.25658848881721497,0
247,front,forward,0.17735910800618554,0.04866659641265869,0.00735721830278635,0.04866659641265869,0.00735721830278635,0.04866659641265869,0.1847163289785385,0.04866659641265869,0.4413048326969147,0.0,0.25658851861953735,0
247,front,backward,0.17735910800618554,0.04866659641265869,0.00735721830278635,0.04865699261426926,-0.17741696536540985,0.04866659641265869,0.1847163289785385,0.048666879534721375,-0.06204450502991676,0.18477419018745422,0.24676083028316498,1
248,left,stay,0.16880985127201079,-0.04890100657939911,-0.04983403533697128,-0.04890100657939911,-0.04983403533697128,-0.21771085262298584,-0.04983403533697128,-0.21771085262298584,-0.04983403533697128,0.0,0.0,0
248,left,right,0.16880985127201079,-0.04890100657939911,-0.04983403533697128,0.15001995861530304,-0.049834441393613815,-0.21771085262298584,-0.04983403533697128,0.028263496235013008,-0.0498339869081974,0.19892096519470215,0.2459743469953537,1
248,left,left,0.16880985127201079,-0.04890100657939911,-0.04983403533697128,-0.04890100657939911,-0.04983403533697128,-0.21771085262298584,-0.04983403533697128,-0.4742993414402008,-0.04983403533697128,0.0,0.25658848881721497,0
248,left,forward,0.16880985127201079,-0.04890100657939911,-0.04983403533697128,-0.04890100657939911,-0.04983403533697128,-0.21771085262298584,-0.04983403533697128,-0.21771085262298584,0.20675446093082428,0.0,0.25658848881721497,0
248,left,backward,0.16880985127201079,-0.04890100657939911,-0.04983403533697128,-0.04890100657939911,-0.04983403533697128,-0.21771085262298584,-0.04983403533697128,-0.21771085262298584,-0.30642253160476685,0.0,0.25658848881721497,0
249,right,stay,0.15624649703122762,0.020596124231815338,0.06776389479637146,0.020596124231815338,0.06776389479637146,0.17684262990951538,0.06776389479637146,0.17684262990951538,0.06776389479637146,0.0,0.0,0
249,right,right,0.15624649703122762,0.020596124231815338,0.06776389479637146,0.020596124231815338,0.06776389479637146,0.17684262990951538,0.06776389479637146,0.43343111872673035,0.06776389479637146,0.0,0.25658848881721497,0
249,right,left,0.15624649703122762,0.020596124231815338,0.06776389479637146,-0.17141124606132507,0.0679122731089592,0.17684262990951538,0.06776389479637146,-0.06960462778806686,0.06774548441171646,0.1920074224472046,0.24644726514816284,1
249,right,forward,0.15624649703122762,0.020596124231815338,0.06776389479637146,0.020596124231815338,0.06776389479637146,0.17684262990951538,0.06776389479637146,0.17684262990951538,0.3243523836135864,0.0,0.25658848881721497,0
249,right,backward,0.15624649703122762,0.020596124231815338,0.06776389479637146,0.020596124231815338,0.06776389479637146,0.17684262990951538,0.06776389479637146,0.17684262990951538,-0.1888245940208435,0.0,0.25658848881721497,0
250,back,stay,0.15969289997966263,-0.024163272231817245,-0.08289584517478943,-0.024163272231817245,-0.08289584517478943,-0.024163272231817245,-0.24258874356746674,-0.024163272231817245,-0.24258874356746674,0.0,0.0,0
250,back,right,0.15969289997966263,-0.024163272231817245,-0.08289584517478943,-0.024163272231817245,-0.08289584517478943,-0.024163272231817245,-0.24258874356746674,0.23242522776126862,-0.24258874356746674,0.0,0.25658848881721497,0
250,back,left,0.15969289997966263,-0.024163272231817245,-0.08289584517478943,-0.024163272231817245,-0.08289584517478943,-0.024163272231817245,-0.24258874356746674,-0.2807517647743225,-0.24258874356746674,0.0,0.25658848881721497,0
250,back,forward,0.15969289997966263,-0.024163272231817245,-0.08289584517478943,-0.024161210283637047,0.12424968183040619,-0.024163272231817245,-0.24258874356746674,-0.024163369089365005,0.003064502961933613,0.20714552700519562,0.24565324187278748,1
250,back,backward,0.15969289997966263,-0.024163272231817245,-0.08289584517478943,-0.024163272231817245,-0.08289584517478943,-0.024163272231817245,-0.24258874356746674,-0.024163272231817245,-0.4991772472858429,0.0,0.25658851861953735,0
251,front,stay,0.15604033291407737,0.056940361857414246,0.03549604490399361,0.056940361857414246,0.03549604490399361,0.056940361857414246,0.19153636693954468,0.056940361857414246,0.19153636693954468,0.0,0.0,0
251,front,right,0.15604033291407737,0.056940361857414246,0.03549604490399361,0.056940361857414246,0.03549604490399361,0.056940361857414246,0.19153636693954468,0.3135288655757904,0.19153636693954468,0.0,0.25658851861953735,0
251,front,left,0.15604033291407737,0.056940361857414246,0.03549604490399361,0.056940361857414246,0.03549604490399361,0.056940361857414246,0.19153636693954468,-0.19964812695980072,0.19153636693954468,0.0,0.25658848881721497,0
251,front,forward,0.15604033291407737,0.056940361857414246,0.03549604490399361,0.056940361857414246,0.03549604490399361,0.056940361857414246,0.19153636693954468,0.056940361857414246,0.44812485575675964,0.0,0.25658848881721497,0
251,front,backward,0.15604033291407737,0.056940361857414246,0.03549604490399361,0.05668314918875694,-0.16675563156604767,0.056940361857414246,0.19153636693954468,0.05694996938109398,-0.05443340167403221,0.2022518366575241,0.2459697723388672,1
252,left,stay,0.1606209827747615,-0.044008731842041016,0.003375968663021922,-0.044008731842041016,0.003375968663021922,-0.20462971925735474,0.003375968663021922,-0.20462971925735474,0.003375968663021922,0.0,0.0,0
252,left,right,0.1606209827747615,-0.044008731842041016,0.003375968663021922,0.14309296011924744,0.0035344448406249285,-0.20462971925735474,0.003375968663021922,0.041748885065317154,0.0033523014280945063,0.18710176646709442,0.2463786005973816,1
252,left,left,0.1606209827747615,-0.044008731842041016,0.003375968663021922,-0.044008731842041016,0.003375968663021922,-0.20462971925735474,0.003375968663021922,-0.4612182080745697,0.003375968663021922,0.0,0.25658848881721497,0
252,left,forward,0.1606209827747615,-0.044008731842041016,0.003375968663021922,-0.044008731842041016,0.003375968663021922,-0.20462971925735474,0.003375968663021922,-0.20462971925735474,0.2599644660949707,0.0,0.25658848881721497,0
252,left,backward,0.1606209827747615,-0.044008731842041016,0.003375968663021922,-0.044008731842041016,0.003375968663021922,-0.20462971925735474,0.003375968663021922,-0.20462971925735474,-0.2532125413417816,0.0,0.25658851861953735,0
253,right,stay,0.16080478834216627,0.013326935470104218,0.049298085272312164,0.013326935470104218,0.049298085272312164,0.17413172125816345,0.049298085272312164,0.17413172125816345,0.049298085272312164,0.0,0.0,0
253,right,right,0.16080478834216627,0.013326935470104218,0.049298085272312164,0.013326935470104218,0.049298085272312164,0.17413172125816345,0.049298085272312164,0.4307202100753784,0.049298085272312164,0.0,0.25658848881721497,0
253,right,left,0.16080478834216627,0.013326935470104218,0.049298085272312164,-0.18597252666950226,0.04919212684035301,0.17413172125816345,0.049298085272312164,-0.07200276851654053,0.049304597079753876,0.19929948449134827,0.24613448977470398,1
253,right,forward,0.16080478834216627,0.013326935470104218,0.049298085272312164,0.013326935470104218,0.049298085272312164,0.17413172125816345,0.049298085272312164,0.17413172125816345,0.30588656663894653,0.0,0.25658848881721497,0
253,right,backward,0.16080478834216627,0.013326935470104218,0.049298085272312164,0.013326935470104218,0.049298085272312164,0.17413172125816345,0.049298085272312164,0.17413172125816345,-0.2072904109954834,0.0,0.25658848881721497,0
254,back,stay,0.15083093373576,0.04016239196062088,-0.09560448676347733,0.04016239196062088,-0.09560448676347733,0.04016239196062088,-0.24643543362617493,0.04016239196062088,-0.24643543362617493,0.0,0.0,0
254,back,right,0.15083093373576,0.04016239196062088,-0.09560448676347733,0.04016239196062088,-0.09560448676347733,0.04016239196062088,-0.24643543362617493,0.29675087332725525,-0.24643543362617493,0.0,0.25658848881721497,0
254,back,left,0.15083093373576,0.04016239196062088,-0.09560448676347733,0.04016239196062088,-0.09560448676347733,0.04016239196062088,-0.24643543362617493,-0.21642610430717468,-0.24643543362617493,0.0,0.25658848881721497,0
254,back,forward,0.15083093373576,0.04016239196062088,-0.09560448676347733,0.04031722992658615,0.11015228927135468,0.04016239196062088,-0.24643543362617493,0.04014633595943451,-0.0006643797969445586,0.20575682818889618,0.24577105045318604,1
254,back,backward,0.15083093373576,0.04016239196062088,-0.09560448676347733,0.04016239196062088,-0.09560448676347733,0.04016239196062088,-0.24643543362617493,0.04016239196062088,-0.5030239224433899,0.0,0.25658848881721497,0
255,front,stay,0.16522970164190082,-0.08814823627471924,-0.03653707727789879,-0.08814823627471924,-0.03653707727789879,-0.08814823627471924,0.128692626953125,-0.08814823627471924,0.128692626953125,0.0,0.0,0
255,front,right,0.16522970164190082,-0.08814823627471924,-0.03653707727789879,-0.08814823627471924,-0.03653707727789879,-0.08814823627471924,0.128692626953125,0.16844025254249573,0.128692626953125,0.0,0.25658848881721497,0
255,front,left,0.16522970164190082,-0.08814823627471924,-0.03653707727789879,-0.08814823627471924,-0.03653707727789879,-0.08814823627471924,0.128692626953125,-0.3447367250919342,0.128692626953125,0.0,0.25658848881721497,0
255,front,forward,0.16522970164190082,-0.08814823627471924,-0.03653707727789879,-0.08814823627471924,-0.03653707727789879,-0.08814823627471924,0.128692626953125,-0.08814823627471924,0.38528111577033997,0.0,0.25658848881721497,0
255,front,backward,0.16522970164190082,-0.08814823627471924,-0.03653707727789879,-0.08834698051214218,-0.23655366897583008,-0.08814823627471924,0.128692626953125,-0.08814184367656708,-0.11737086623907089,0.20001669228076935,0.2460635006427765,1
