state_id,side,action,gap,tangent_offset,object_mass,object_friction,object_yaw,contact,contact_steps,max_normal_force,object_disp,object_rot,pusher_disp,object_x0,object_y0,object_x1,object_y1,pusher_x0,pusher_y0,pusher_x1,pusher_y1
0,left,stay,0.09426180940652992,-0.08044062775283592,0.348916240609776,0.7366832178908197,-1.5399670335349012,0,0,0.0,7.391111012111651e-07,2.871009984861672e-06,0.0,0.0884881541132927,-0.03857230395078659,0.08848743885755539,-0.03857211768627167,-0.09337227046489716,0.04186829924583435,-0.09337227046489716,0.04186829924583435
0,left,right,0.09426180940652992,-0.08044062775283592,0.348916240609776,0.7366832178908197,-1.5399670335349012,1,76,15.827366249773512,0.1477954089641571,0.06900623336212064,0.24782168865203857,0.0884881541132927,-0.03857230395078659,0.23620600998401642,-0.043359365314245224,-0.09337227046489716,0.04186829924583435,0.15444812178611755,0.04267081618309021
0,left,left,0.09426180940652992,-0.08044062775283592,0.348916240609776,0.7366832178908197,-1.5399670335349012,0,0,0.0,7.391111012111651e-07,2.871009984861672e-06,0.25658851861953735,0.0884881541132927,-0.03857230395078659,0.08848743885755539,-0.03857211768627167,-0.09337227046489716,0.04186829924583435,-0.3499607741832733,0.04186829924583435
0,left,forward,0.09426180940652992,-0.08044062775283592,0.348916240609776,0.7366832178908197,-1.5399670335349012,0,0,0.0,7.391111012111651e-07,2.871009984861672e-06,0.25658848881721497,0.0884881541132927,-0.03857230395078659,0.08848743885755539,-0.03857211768627167,-0.09337227046489716,0.04186829924583435,-0.09337227046489716,0.2984567880630493
0,left,backward,0.09426180940652992,-0.08044062775283592,0.348916240609776,0.7366832178908197,-1.5399670335349012,0,0,0.0,7.391111012111651e-07,2.871009984861672e-06,0.25658848881721497,0.0884881541132927,-0.03857230395078659,0.08848743885755539,-0.03857211768627167,-0.09337227046489716,0.04186829924583435,-0.09337227046489716,-0.21472018957138062
1,right,stay,0.09472429686009841,0.11867983490392273,0.33983867391179073,0.7115229151230028,-0.05131132471066513,0,0,0.0,8.170199521373434e-07,1.7713535437544061e-06,0.0,0.04653170704841614,-0.01564476639032364,0.04653184860944748,-0.01564396172761917,0.2684520483016968,0.10303477942943573,0.2684520483016968,0.10303477942943573
1,right,right,0.09472429686009841,0.11867983490392273,0.33983867391179073,0.7115229151230028,-0.05131132471066513,0,0,0.0,8.170199521373434e-07,1.7713535437544061e-06,0.25658851861953735,0.04653170704841614,-0.01564476639032364,0.04653184860944748,-0.01564396172761917,0.2684520483016968,0.10303477942943573,0.5250405669212341,0.10303477942943573
1,right,left,0.09472429686009841,0.11867983490392273,0.33983867391179073,0.7115229151230028,-0.05131132471066513,0,0,0.0,8.170199521373434e-07,1.7713535437544061e-06,0.25658848881721497,0.04653170704841614,-0.01564476639032364,0.04653184860944748,-0.01564396172761917,0.2684520483016968,0.10303477942943573,0.01186355296522379,0.10303477942943573
1,right,forward,0.09472429686009841,0.11867983490392273,0.33983867391179073,0.7115229151230028,-0.05131132471066513,0,0,0.0,8.170199521373434e-07,1.7713535437544061e-06,0.25658851861953735,0.04653170704841614,-0.01564476639032364,0.04653184860944748,-0.01564396172761917,0.2684520483016968,0.10303477942943573,0.2684520483016968,0.3596232831478119
1,right,backward,0.09472429686009841,0.11867983490392273,0.33983867391179073,0.7115229151230028,-0.05131132471066513,0,0,0.0,8.170199521373434e-07,1.7713535437544061e-06,0.25658848881721497,0.04653170704841614,-0.01564476639032364,0.04653184860944748,-0.01564396172761917,0.2684520483016968,0.10303477942943573,0.2684520483016968,-0.15355370938777924
2,back,stay,0.10949889478523693,-0.025962080982475447,0.33772010775352657,0.8820812978682304,-1.8120220962216718,0,0,0.0,2.0489096641540527e-08,1.9012813545771223e-10,0.0,-0.019397934898734093,0.09828134626150131,-0.019397955387830734,0.09828134626150131,-0.04536035656929016,-0.1445065438747406,-0.04536035656929016,-0.1445065438747406
2,back,right,0.10949889478523693,-0.025962080982475447,0.33772010775352657,0.8820812978682304,-1.8120220962216718,0,0,0.0,2.0489096641540527e-08,1.9012813545771223e-10,0.25658848881721497,-0.019397934898734093,0.09828134626150131,-0.019397955387830734,0.09828134626150131,-0.04536035656929016,-0.1445065438747406,0.2112281322479248,-0.1445065438747406
2,back,left,0.10949889478523693,-0.025962080982475447,0.33772010775352657,0.8820812978682304,-1.8120220962216718,0,0,0.0,2.0489096641540527e-08,1.9012813545771223e-10,0.25658848881721497,-0.019397934898734093,0.09828134626150131,-0.019397955387830734,0.09828134626150131,-0.04536035656929016,-0.1445065438747406,-0.3019488453865051,-0.1445065438747406
2,back,forward,0.10949889478523693,-0.025962080982475447,0.33772010775352657,0.8820812978682304,-1.8120220962216718,1,64,16.337837907291686,0.12703797221183777,0.007639488828709462,0.24765294790267944,-0.019397934898734093,0.09828134626150131,-0.018675504252314568,0.22531725466251373,-0.04536035656929016,-0.1445065438747406,-0.045401979237794876,0.10314640402793884
2,back,backward,0.10949889478523693,-0.025962080982475447,0.33772010775352657,0.8820812978682304,-1.8120220962216718,0,0,0.0,2.0489096641540527e-08,1.9012813545771223e-10,0.25658848881721497,-0.019397934898734093,0.09828134626150131,-0.019397955387830734,0.09828134626150131,-0.04536035656929016,-0.1445065438747406,-0.04536035656929016,-0.40109503269195557
3,front,stay,0.05293273616179563,-0.11743659171466497,0.24718590513108965,0.6868305316742841,-2.798879014266582,0,0,0.0,1.154990201257533e-07,4.3441694685952825e-11,0.0,0.02095022425055504,-0.05373149365186691,0.020950226113200188,-0.053731609135866165,0.1383868008852005,0.1101476177573204,0.1383868008852005,0.1101476177573204
3,front,right,0.05293273616179563,-0.11743659171466497,0.24718590513108965,0.6868305316742841,-2.798879014266582,0,0,0.0,1.154990201257533e-07,4.3441694685952825e-11,0.25658851861953735,0.02095022425055504,-0.05373149365186691,0.020950226113200188,-0.053731609135866165,0.1383868008852005,0.1101476177573204,0.39497530460357666,0.1101476177573204
3,front,left,0.05293273616179563,-0.11743659171466497,0.24718590513108965,0.6868305316742841,-2.798879014266582,0,0,0.0,1.154990201257533e-07,4.3441694685952825e-11,0.25658848881721497,0.02095022425055504,-0.05373149365186691,0.020950226113200188,-0.053731609135866165,0.1383868008852005,0.1101476177573204,-0.11820169538259506,0.1101476177573204
3,front,forward,0.05293273616179563,-0.11743659171466497,0.24718590513108965,0.6868305316742841,-2.798879014266582,0,0,0.0,1.154990201257533e-07,4.3441694685952825e-11,0.25658848881721497,0.02095022425055504,-0.05373149365186691,0.020950226113200188,-0.053731609135866165,0.1383868008852005,0.1101476177573204,0.1383868008852005,0.36673611402511597
3,front,backward,0.05293273616179563,-0.11743659171466497,0.24718590513108965,0.6868305316742841,-2.798879014266582,1,61,6.146796752357934,0.04274650663137436,0.15837786194548098,0.25386813282966614,0.02095022425055504,-0.05373149365186691,0.008793306536972523,-0.09471286833286285,0.1383868008852005,0.1101476177573204,0.14047791063785553,-0.1437119096517563
4,left,stay,0.0719375839819602,-0.04544391534259283,0.35669256596822335,0.9071860287474836,0.39045619375100404,0,0,0.0,1.4933213776657794e-07,1.4723389174520207e-11,0.0,-0.0028217299841344357,-0.02896411530673504,-0.002821739763021469,-0.0289639662951231,-0.21048931777477264,0.01648024655878544,-0.21048931777477264,0.01648024655878544
4,left,right,0.0719375839819602,-0.04544391534259283,0.35669256596822335,0.9071860287474836,0.39045619375100404,1,76,8.16672226782535,0.06643854081630707,0.0001726538208282058,0.24754922091960907,-0.0028217299841344357,-0.02896411530673504,0.05306357517838478,-0.06489339470863342,-0.21048931777477264,0.01648024655878544,0.03702869266271591,0.020411306992173195
4,left,left,0.0719375839819602,-0.04544391534259283,0.35669256596822335,0.9071860287474836,0.39045619375100404,0,0,0.0,1.4933213776657794e-07,1.4723389174520207e-11,0.25658851861953735,-0.0028217299841344357,-0.02896411530673504,-0.002821739763021469,-0.0289639662951231,-0.21048931777477264,0.01648024655878544,-0.4670778214931488,0.01648024655878544
4,left,forward,0.0719375839819602,-0.04544391534259283,0.35669256596822335,0.9071860287474836,0.39045619375100404,0,0,0.0,1.4933213776657794e-07,1.4723389174520207e-11,0.25658851861953735,-0.0028217299841344357,-0.02896411530673504,-0.002821739763021469,-0.0289639662951231,-0.21048931777477264,0.01648024655878544,-0.21048931777477264,0.27306875586509705
4,left,backward,0.0719375839819602,-0.04544391534259283,0.35669256596822335,0.9071860287474836,0.39045619375100404,0,0,0.0,1.4933213776657794e-07,1.4723389174520207e-11,0.25658848881721497,-0.0028217299841344357,-0.02896411530673504,-0.002821739763021469,-0.0289639662951231,-0.21048931777477264,0.01648024655878544,-0.21048931777477264,-0.24010825157165527
5,right,stay,0.028818174071853907,-0.07272615492170803,0.33297631641178427,0.8655089487733132,-0.7936338853449025,0,0,0.0,1.8671101997824735e-07,9.301935649519422e-07,0.0,-0.09329719096422195,0.05015287920832634,-0.09329735487699509,0.0501529686152935,0.06720922142267227,-0.02257319912314415,0.06720922142267227,-0.02257319912314415
5,right,right,0.028818174071853907,-0.07272615492170803,0.33297631641178427,0.8655089487733132,-0.7936338853449025,0,0,0.0,1.8671101997824735e-07,9.301935649519422e-07,0.25658848881721497,-0.09329719096422195,0.05015287920832634,-0.09329735487699509,0.0501529686152935,0.06720922142267227,-0.02257319912314415,0.32379770278930664,-0.02257319912314415
5,right,left,0.028818174071853907,-0.07272615492170803,0.33297631641178427,0.8655089487733132,-0.7936338853449025,1,94,14.35860542543535,0.15975946187973022,0.12315055401612263,0.2451094090938568,-0.09329719096422195,0.05015287920832634,-0.2507842183113098,0.07700282335281372,0.06720922142267227,-0.02257319912314415,-0.17789171636104584,-0.0246095210313797
5,right,forward,0.028818174071853907,-0.07272615492170803,0.33297631641178427,0.8655089487733132,-0.7936338853449025,0,0,0.0,1.8671101997824735e-07,9.301935649519422e-07,0.25658848881721497,-0.09329719096422195,0.05015287920832634,-0.09329735487699509,0.0501529686152935,0.06720922142267227,-0.02257319912314415,0.06720922142267227,0.2340153008699417
5,right,backward,0.028818174071853907,-0.07272615492170803,0.33297631641178427,0.8655089487733132,-0.7936338853449025,0,0,0.0,1.8671101997824735e-07,9.301935649519422e-07,0.25658848881721497,-0.09329719096422195,0.05015287920832634,-0.09329735487699509,0.0501529686152935,0.06720922142267227,-0.02257319912314415,0.06720922142267227,-0.2791616916656494
6,back,stay,0.10480609785772325,0.00781825770482894,0.22904431461464037,0.6861976844049281,3.030800474773411,0,0,0.0,6.933944973752659e-07,6.206158995603063e-07,0.0,0.09994085878133774,-0.0378955714404583,0.09994073212146759,-0.037896253168582916,0.10775928199291229,-0.23682326078414917,0.10775928199291229,-0.23682326078414917
6,back,right,0.10480609785772325,0.00781825770482894,0.22904431461464037,0.6861976844049281,3.030800474773411,0,0,0.0,6.933944973752659e-07,6.206158995603063e-07,0.25658851861953735,0.09994085878133774,-0.0378955714404583,0.09994073212146759,-0.037896253168582916,0.10775928199291229,-0.23682326078414917,0.36434778571128845,-0.23682326078414917
6,back,left,0.10480609785772325,0.00781825770482894,0.22904431461464037,0.6861976844049281,3.030800474773411,0,0,0.0,6.933944973752659e-07,6.206158995603063e-07,0.25658848881721497,0.09994085878133774,-0.0378955714404583,0.09994073212146759,-0.037896253168582916,0.10775928199291229,-0.23682326078414917,-0.14882920682430267,-0.23682326078414917
6,back,forward,0.10480609785772325,0.00781825770482894,0.22904431461464037,0.6861976844049281,3.030800474773411,1,68,15.348808801001372,0.13886882364749908,0.00020829082318307712,0.25139716267585754,0.09994085878133774,-0.0378955714404583,0.09980135411024094,0.10097318887710571,0.10775928199291229,-0.23682326078414917,0.10778908431529999,0.014573910273611546
6,back,backward,0.10480609785772325,0.00781825770482894,0.22904431461464037,0.6861976844049281,3.030800474773411,0,0,0.0,6.933944973752659e-07,6.206158995603063e-07,0.25658848881721497,0.09994085878133774,-0.0378955714404583,0.09994073212146759,-0.037896253168582916,0.10775928199291229,-0.23682326078414917,0.10775928199291229,-0.49341174960136414
7,front,stay,0.09740206214629252,-0.13628932164056548,0.30852952383686844,0.6823550936442927,-1.2118845651564838,0,0,0.0,6.699938808196748e-07,2.6953513727612233e-06,0.0,-0.012197681702673435,-0.09550595283508301,-0.012198351323604584,-0.09550593048334122,0.1240919977426529,0.13728639483451843,0.1240919977426529,0.13728639483451843
7,front,right,0.09740206214629252,-0.13628932164056548,0.30852952383686844,0.6823550936442927,-1.2118845651564838,0,0,0.0,6.699938808196748e-07,2.6953513727612233e-06,0.25658851861953735,-0.012197681702673435,-0.09550595283508301,-0.012198351323604584,-0.09550593048334122,0.1240919977426529,0.13728639483451843,0.38068050146102905,0.13728639483451843
7,front,left,0.09740206214629252,-0.13628932164056548,0.30852952383686844,0.6823550936442927,-1.2118845651564838,0,0,0.0,6.699938808196748e-07,2.6953513727612233e-06,0.25658848881721497,-0.012197681702673435,-0.09550595283508301,-0.012198351323604584,-0.09550593048334122,0.1240919977426529,0.13728639483451843,-0.13249649107456207,0.13728639483451843
7,front,forward,0.09740206214629252,-0.13628932164056548,0.30852952383686844,0.6823550936442927,-1.2118845651564838,0,0,0.0,6.699938808196748e-07,2.6953513727612233e-06,0.25658848881721497,-0.012197681702673435,-0.09550595283508301,-0.012198351323604584,-0.09550593048334122,0.1240919977426529,0.13728639483451843,0.1240919977426529,0.3938748836517334
7,front,backward,0.09740206214629252,-0.13628932164056548,0.30852952383686844,0.6823550936442927,-1.2118845651564838,0,0,0.0,6.699938808196748e-07,2.6953513727612233e-06,0.25658848881721497,-0.012197681702673435,-0.09550595283508301,-0.012198351323604584,-0.09550593048334122,0.1240919977426529,0.13728639483451843,0.1240919977426529,-0.11930210143327713
8,left,stay,0.08972620496591148,0.10336645534361694,0.2889795494354116,0.70499753329004,-1.1920680599125053,0,0,0.0,6.184067729009257e-07,2.3966005466835583e-06,0.0,0.09370392560958862,-0.005892537068575621,0.09370330721139908,-0.005892540328204632,-0.10926088690757751,-0.10925895720720291,-0.10926088690757751,-0.10925895720720291
8,left,right,0.08972620496591148,0.10336645534361694,0.2889795494354116,0.70499753329004,-1.1920680599125053,1,49,9.122728976876925,0.07667731493711472,0.24190368589929745,0.2519490122795105,0.09370392560958862,-0.005892537068575621,0.17030757665634155,-0.0025322791188955307,-0.10926088690757751,-0.10925895720720291,0.14268693327903748,-0.11003696918487549
8,left,left,0.08972620496591148,0.10336645534361694,0.2889795494354116,0.70499753329004,-1.1920680599125053,0,0,0.0,6.184067729009257e-07,2.3966005466835583e-06,0.25658848881721497,0.09370392560958862,-0.005892537068575621,0.09370330721139908,-0.005892540328204632,-0.10926088690757751,-0.10925895720720291,-0.3658493757247925,-0.10925895720720291
8,left,forward,0.08972620496591148,0.10336645534361694,0.2889795494354116,0.70499753329004,-1.1920680599125053,0,0,0.0,6.184067729009257e-07,2.3966005466835583e-06,0.25658848881721497,0.09370392560958862,-0.005892537068575621,0.09370330721139908,-0.005892540328204632,-0.10926088690757751,-0.10925895720720291,-0.10926088690757751,0.14732953906059265
8,left,backward,0.08972620496591148,0.10336645534361694,0.2889795494354116,0.70499753329004,-1.1920680599125053,0,0,0.0,6.184067729009257e-07,2.3966005466835583e-06,0.25658848881721497,0.09370392560958862,-0.005892537068575621,0.09370330721139908,-0.005892540328204632,-0.10926088690757751,-0.10925895720720291,-0.10926088690757751,-0.3658474385738373
9,right,stay,0.05875698466350905,-0.023262571013001096,0.37594146250139726,0.9390953846228169,-0.05867202329174814,0,0,0.0,8.563307005715615e-07,1.6594586827942126e-06,0.0,-0.028675025328993797,0.06074227765202522,-0.028674868866801262,0.060743119567632675,0.1575743407011032,0.037479378283023834,0.1575743407011032,0.037479378283023834
9,right,right,0.05875698466350905,-0.023262571013001096,0.37594146250139726,0.9390953846228169,-0.05867202329174814,0,0,0.0,8.563307005715615e-07,1.6594586827942126e-06,0.25658851861953735,-0.028675025328993797,0.06074227765202522,-0.028674868866801262,0.060743119567632675,0.1575743407011032,0.037479378283023834,0.41416284441947937,0.037479378283023834
9,right,left,0.05875698466350905,-0.023262571013001096,0.37594146250139726,0.9390953846228169,-0.05867202329174814,1,91,21.049434081341733,0.17989972233772278,0.005535422303690814,0.24243763089179993,-0.028675025328993797,0.06074227765202522,-0.20857369899749756,0.061357107013463974,0.1575743407011032,0.037479378283023834,-0.08486329019069672,0.037441615015268326
9,right,forward,0.05875698466350905,-0.023262571013001096,0.37594146250139726,0.9390953846228169,-0.05867202329174814,0,0,0.0,8.563307005715615e-07,1.6594586827942126e-06,0.25658848881721497,-0.028675025328993797,0.06074227765202522,-0.028674868866801262,0.060743119567632675,0.1575743407011032,0.037479378283023834,0.1575743407011032,0.2940678596496582
9,right,backward,0.05875698466350905,-0.023262571013001096,0.37594146250139726,0.9390953846228169,-0.05867202329174814,0,0,0.0,8.563307005715615e-07,1.6594586827942126e-06,0.25658848881721497,-0.028675025328993797,0.06074227765202522,-0.028674868866801262,0.060743119567632675,0.1575743407011032,0.037479378283023834,0.1575743407011032,-0.21910911798477173
10,back,stay,0.10533173282104949,0.14459265675835445,0.2586621252875871,0.6875157269782036,0.7473888313060004,0,0,0.0,1.2678307825808588e-07,4.430846686220846e-07,0.0,0.0272844135761261,-0.01485388819128275,0.027284391224384308,-0.014854012988507748,0.17187704145908356,-0.2509680986404419,0.17187704145908356,-0.2509680986404419
10,back,right,0.10533173282104949,0.14459265675835445,0.2586621252875871,0.6875157269782036,0.7473888313060004,0,0,0.0,1.2678307825808588e-07,4.430846686220846e-07,0.25658851861953735,0.0272844135761261,-0.01485388819128275,0.027284391224384308,-0.014854012988507748,0.17187704145908356,-0.2509680986404419,0.4284655451774597,-0.2509680986404419
10,back,left,0.10533173282104949,0.14459265675835445,0.2586621252875871,0.6875157269782036,0.7473888313060004,0,0,0.0,1.2678307825808588e-07,4.430846686220846e-07,0.25658848881721497,0.0272844135761261,-0.01485388819128275,0.027284391224384308,-0.014854012988507748,0.17187704145908356,-0.2509680986404419,-0.084711454808712,-0.2509680986404419
10,back,forward,0.10533173282104949,0.14459265675835445,0.2586621252875871,0.6875157269782036,0.7473888313060004,0,0,0.0,1.2678307825808588e-07,4.430846686220846e-07,0.25658848881721497,0.0272844135761261,-0.01485388819128275,0.027284391224384308,-0.014854012988507748,0.17187704145908356,-0.2509680986404419,0.17187704145908356,0.005620396696031094
10,back,backward,0.10533173282104949,0.14459265675835445,0.2586621252875871,0.6875157269782036,0.7473888313060004,0,0,0.0,1.2678307825808588e-07,4.430846686220846e-07,0.25658851861953735,0.0272844135761261,-0.01485388819128275,0.027284391224384308,-0.014854012988507748,0.17187704145908356,-0.2509680986404419,0.17187704145908356,-0.5075566172599792
11,front,stay,0.09807857764721545,-0.04996975698595646,0.22748323400761336,0.8591320687847845,-0.4527198397274175,0,0,0.0,8.353397618066083e-08,5.16593703370205e-07,0.0,0.008730902336537838,-0.004517136607319117,0.008730870671570301,-0.0045170593075454235,0.058700740337371826,0.21120798587799072,0.058700740337371826,0.21120798587799072
11,front,right,0.09807857764721545,-0.04996975698595646,0.22748323400761336,0.8591320687847845,-0.4527198397274175,0,0,0.0,8.353397618066083e-08,5.16593703370205e-07,0.25658848881721497,0.008730902336537838,-0.004517136607319117,0.008730870671570301,-0.0045170593075454235,0.058700740337371826,0.21120798587799072,0.3152892291545868,0.21120798587799072
11,front,left,0.09807857764721545,-0.04996975698595646,0.22748323400761336,0.8591320687847845,-0.4527198397274175,0,0,0.0,8.353397618066083e-08,5.16593703370205e-07,0.25658848881721497,0.008730902336537838,-0.004517136607319117,0.008730870671570301,-0.0045170593075454235,0.058700740337371826,0.21120798587799072,-0.19788774847984314,0.21120798587799072
11,front,forward,0.09807857764721545,-0.04996975698595646,0.22748323400761336,0.8591320687847845,-0.4527198397274175,0,0,0.0,8.353397618066083e-08,5.16593703370205e-07,0.25658848881721497,0.008730902336537838,-0.004517136607319117,0.008730870671570301,-0.0045170593075454235,0.058700740337371826,0.21120798587799072,0.058700740337371826,0.4677964746952057
11,front,backward,0.09807857764721545,-0.04996975698595646,0.22748323400761336,0.8591320687847845,-0.4527198397274175,1,52,16.236299684176366,0.10500288754701614,0.022359355143447557,0.2516251802444458,0.008730902336537838,-0.004517136607319117,0.0073857479728758335,-0.10951140522956848,0.058700740337371826,0.21120798587799072,0.05886578559875488,-0.0404171459376812
12,left,stay,0.10009897644163757,-0.03424272965945889,0.3053865828440574,0.8864971321389283,-0.7917187266921739,0,0,0.0,1.858939526755421e-07,9.318178362249795e-07,0.0,0.0147172212600708,0.0970454216003418,0.014717058278620243,0.09704551100730896,-0.21712461113929749,0.13128823041915894,-0.21712461113929749,0.13128823041915894
12,left,right,0.10009897644163757,-0.03424272965945889,0.3053865828440574,0.8864971321389283,-0.7917187266921739,1,73,18.693354162613556,0.146183580160141,0.011486805876070538,0.24745668470859528,0.0147172212600708,0.0970454216003418,0.1608942449092865,0.09566149860620499,-0.21712461113929749,0.13128823041915894,0.030332058668136597,0.13138869404792786
12,left,left,0.10009897644163757,-0.03424272965945889,0.3053865828440574,0.8864971321389283,-0.7917187266921739,0,0,0.0,1.858939526755421e-07,9.318178362249795e-07,0.25658848881721497,0.0147172212600708,0.0970454216003418,0.014717058278620243,0.09704551100730896,-0.21712461113929749,0.13128823041915894,-0.47371309995651245,0.13128823041915894
12,left,forward,0.10009897644163757,-0.03424272965945889,0.3053865828440574,0.8864971321389283,-0.7917187266921739,0,0,0.0,1.858939526755421e-07,9.318178362249795e-07,0.25658848881721497,0.0147172212600708,0.0970454216003418,0.014717058278620243,0.09704551100730896,-0.21712461113929749,0.13128823041915894,-0.21712461113929749,0.3878767192363739
12,left,backward,0.10009897644163757,-0.03424272965945889,0.3053865828440574,0.8864971321389283,-0.7917187266921739,0,0,0.0,1.858939526755421e-07,9.318178362249795e-07,0.25658848881721497,0.0147172212600708,0.0970454216003418,0.014717058278620243,0.09704551100730896,-0.21712461113929749,0.13128823041915894,-0.21712461113929749,-0.12530025839805603
13,right,stay,0.09373211677847774,0.02018939141417536,0.3426071789122121,0.681839772114785,-2.119121045991354,0,0,0.0,5.591039098362671e-07,1.876385318233531e-07,0.0,-0.06288248300552368,0.01132073812186718,-0.06288213282823563,0.0113211739808321,0.15355943143367767,0.03150993585586548,0.15355943143367767,0.03150993585586548
13,right,right,0.09373211677847774,0.02018939141417536,0.3426071789122121,0.681839772114785,-2.119121045991354,0,0,0.0,5.591039098362671e-07,1.876385318233531e-07,0.25658851861953735,-0.06288248300552368,0.01132073812186718,-0.06288213282823563,0.0113211739808321,0.15355943143367767,0.03150993585586548,0.41014793515205383,0.03150993585586548
13,right,left,0.09373211677847774,0.02018939141417536,0.3426071789122121,0.681839772114785,-2.119121045991354,1,71,18.6285541480282,0.14358773827552795,0.006064717278403631,0.2485184371471405,-0.06288248300552368,0.01132073812186718,-0.20647010207176208,0.011138242669403553,0.15355943143367767,0.03150993585586548,-0.09495900571346283,0.031538669019937515
13,right,forward,0.09373211677847774,0.02018939141417536,0.3426071789122121,0.681839772114785,-2.119121045991354,0,0,0.0,5.591039098362671e-07,1.876385318233531e-07,0.25658848881721497,-0.06288248300552368,0.01132073812186718,-0.06288213282823563,0.0113211739808321,0.15355943143367767,0.03150993585586548,0.15355943143367767,0.28809842467308044
13,right,backward,0.09373211677847774,0.02018939141417536,0.3426071789122121,0.681839772114785,-2.119121045991354,0,0,0.0,5.591039098362671e-07,1.876385318233531e-07,0.25658848881721497,-0.06288248300552368,0.01132073812186718,-0.06288213282823563,0.0113211739808321,0.15355943143367767,0.03150993585586548,0.15355943143367767,-0.2250785529613495
14,back,stay,0.10910630275260293,-0.12863266980857857,0.27447676679130045,0.7811569022235093,2.071159314415783,0,0,0.0,3.7520166529247945e-07,1.4598156217182632e-06,0.0,0.06346850097179413,-0.08423501998186111,0.06346887350082397,-0.08423497527837753,-0.0651647299528122,-0.3295096457004547,-0.0651647299528122,-0.3295096457004547
14,back,right,0.10910630275260293,-0.12863266980857857,0.27447676679130045,0.7811569022235093,2.071159314415783,0,0,0.0,3.7520166529247945e-07,1.4598156217182632e-06,0.25658848881721497,0.06346850097179413,-0.08423501998186111,0.06346887350082397,-0.08423497527837753,-0.0651647299528122,-0.3295096457004547,0.19142375886440277,-0.3295096457004547
14,back,left,0.10910630275260293,-0.12863266980857857,0.27447676679130045,0.7811569022235093,2.071159314415783,0,0,0.0,3.7520166529247945e-07,1.4598156217182632e-06,0.25658851861953735,0.06346850097179413,-0.08423501998186111,0.06346887350082397,-0.08423497527837753,-0.0651647299528122,-0.3295096457004547,-0.32175323367118835,-0.3295096457004547
14,back,forward,0.10910630275260293,-0.12863266980857857,0.27447676679130045,0.7811569022235093,2.071159314415783,0,0,0.0,3.7520166529247945e-07,1.4598156217182632e-06,0.25658848881721497,0.06346850097179413,-0.08423501998186111,0.06346887350082397,-0.08423497527837753,-0.0651647299528122,-0.3295096457004547,-0.0651647299528122,-0.07292114943265915
14,back,backward,0.10910630275260293,-0.12863266980857857,0.27447676679130045,0.7811569022235093,2.071159314415783,0,0,0.0,3.7520166529247945e-07,1.4598156217182632e-06,0.25658848881721497,0.06346850097179413,-0.08423501998186111,0.06346887350082397,-0.08423497527837753,-0.0651647299528122,-0.3295096457004547,-0.0651647299528122,-0.5860981345176697
15,front,stay,0.026173902445129668,0.01927806580442115,0.24216372224826915,0.8088414377207455,-2.588922391561345,0,0,0.0,4.114717455649952e-08,3.611866410402343e-07,0.0,-0.02650364674627781,-0.043187644332647324,-0.026503650471568108,-0.04318760335445404,-0.045781657099723816,0.1059083566069603,-0.045781657099723816,0.1059083566069603
15,front,right,0.026173902445129668,0.01927806580442115,0.24216372224826915,0.8088414377207455,-2.588922391561345,0,0,0.0,4.114717455649952e-08,3.611866410402343e-07,0.25658848881721497,-0.02650364674627781,-0.043187644332647324,-0.026503650471568108,-0.04318760335445404,-0.045781657099723816,0.1059083566069603,0.21080683171749115,0.1059083566069603
15,front,left,0.026173902445129668,0.01927806580442115,0.24216372224826915,0.8088414377207455,-2.588922391561345,0,0,0.0,4.114717455649952e-08,3.611866410402343e-07,0.25658851861953735,-0.02650364674627781,-0.043187644332647324,-0.026503650471568108,-0.04318760335445404,-0.045781657099723816,0.1059083566069603,-0.3023701608181,0.1059083566069603
15,front,forward,0.026173902445129668,0.01927806580442115,0.24216372224826915,0.8088414377207455,-2.588922391561345,0,0,0.0,4.114717455649952e-08,3.611866410402343e-07,0.25658848881721497,-0.02650364674627781,-0.043187644332647324,-0.026503650471568108,-0.04318760335445404,-0.045781657099723816,0.1059083566069603,-0.045781657099723816,0.36249685287475586
15,front,backward,0.026173902445129668,0.01927806580442115,0.24216372224826915,0.8088414377207455,-2.588922391561345,1,92,13.402716282970315,0.1874215453863144,0.002928896395986591,0.24842825531959534,-0.02650364674627781,-0.043187644332647324,-0.026541009545326233,-0.23060919344425201,-0.045781657099723816,0.1059083566069603,-0.04578303173184395,-0.14251990616321564
16,left,stay,0.09703979621104314,-0.14009772378409532,0.35172357870838644,0.7824077846892619,-2.603034994836719,0,0,0.0,5.615805775960325e-08,3.9501349080595105e-07,0.0,0.02429209277033806,-0.05224014073610306,0.02429208718240261,-0.05224008485674858,-0.20879626274108887,0.08785726875066757,-0.20879626274108887,0.08785726875066757
16,left,right,0.09703979621104314,-0.14009772378409532,0.35172357870838644,0.7824077846892619,-2.603034994836719,0,0,0.0,5.615805775960325e-08,3.9501349080595105e-07,0.25658848881721497,0.02429209277033806,-0.05224014073610306,0.02429208718240261,-0.05224008485674858,-0.20879626274108887,0.08785726875066757,0.047792233526706696,0.08785726875066757
16,left,left,0.09703979621104314,-0.14009772378409532,0.35172357870838644,0.7824077846892619,-2.603034994836719,0,0,0.0,5.615805775960325e-08,3.9501349080595105e-07,0.25658848881721497,0.02429209277033806,-0.05224014073610306,0.02429208718240261,-0.05224008485674858,-0.20879626274108887,0.08785726875066757,-0.46538475155830383,0.08785726875066757
16,left,forward,0.09703979621104314,-0.14009772378409532,0.35172357870838644,0.7824077846892619,-2.603034994836719,0,0,0.0,5.615805775960325e-08,3.9501349080595105e-07,0.25658848881721497,0.02429209277033806,-0.05224014073610306,0.02429208718240261,-0.05224008485674858,-0.20879626274108887,0.08785726875066757,-0.20879626274108887,0.34444576501846313
16,left,backward,0.09703979621104314,-0.14009772378409532,0.35172357870838644,0.7824077846892619,-2.603034994836719,0,0,0.0,5.615805775960325e-08,3.9501349080595105e-07,0.25658848881721497,0.02429209277033806,-0.05224014073610306,0.02429208718240261,-0.05224008485674858,-0.20879626274108887,0.08785726875066757,-0.20879626274108887,-0.168731227517128
17,right,stay,0.03478370857556899,-0.1170729976105926,0.2519302969474941,0.7512448396511601,-2.109881651397586,0,0,0.0,5.50436084267858e-07,5.6184294994210404e-08,0.0,0.0802977979183197,-0.08961842209100723,0.08029814809560776,-0.08961799740791321,0.23733429610729218,-0.20669160783290863,0.23733429610729218,-0.20669160783290863
17,right,right,0.03478370857556899,-0.1170729976105926,0.2519302969474941,0.7512448396511601,-2.109881651397586,0,0,0.0,5.50436084267858e-07,5.6184294994210404e-08,0.25658851861953735,0.0802977979183197,-0.08961842209100723,0.08029814809560776,-0.08961799740791321,0.23733429610729218,-0.20669160783290863,0.49392279982566833,-0.20669160783290863
17,right,left,0.03478370857556899,-0.1170729976105926,0.2519302969474941,0.7512448396511601,-2.109881651397586,1,60,9.082959302534137,0.0556408129632473,0.4173181831254817,0.2526658773422241,0.0802977979183197,-0.08961842209100723,0.025163372978568077,-0.08212874084711075,0.23733429610729218,-0.20669160783290863,-0.01533044409006834,-0.20744198560714722
17,right,forward,0.03478370857556899,-0.1170729976105926,0.2519302969474941,0.7512448396511601,-2.109881651397586,0,0,0.0,5.50436084267858e-07,5.6184294994210404e-08,0.25658848881721497,0.0802977979183197,-0.08961842209100723,0.08029814809560776,-0.08961799740791321,0.23733429610729218,-0.20669160783290863,0.23733429610729218,0.04989688843488693
17,right,backward,0.03478370857556899,-0.1170729976105926,0.2519302969474941,0.7512448396511601,-2.109881651397586,0,0,0.0,5.50436084267858e-07,5.6184294994210404e-08,0.25658851861953735,0.0802977979183197,-0.08961842209100723,0.08029814809560776,-0.08961799740791321,0.23733429610729218,-0.20669160783290863,0.23733429610729218,-0.4632801115512848
18,back,stay,0.10288379328926973,0.08890638261700062,0.2417343139930018,0.8587962978502027,2.48665121722408,0,0,0.0,2.252491810850188e-07,7.775353632055726e-07,0.0,-0.06649015843868256,0.06753303110599518,-0.06648997217416763,0.06753290444612503,0.022416017949581146,-0.16281408071517944,0.022416017949581146,-0.16281408071517944
18,back,right,0.10288379328926973,0.08890638261700062,0.2417343139930018,0.8587962978502027,2.48665121722408,0,0,0.0,2.252491810850188e-07,7.775353632055726e-07,0.25658848881721497,-0.06649015843868256,0.06753303110599518,-0.06648997217416763,0.06753290444612503,0.022416017949581146,-0.16281408071517944,0.2790045142173767,-0.16281408071517944
18,back,left,0.10288379328926973,0.08890638261700062,0.2417343139930018,0.8587962978502027,2.48665121722408,0,0,0.0,2.252491810850188e-07,7.775353632055726e-07,0.25658848881721497,-0.06649015843868256,0.06753303110599518,-0.06648997217416763,0.06753290444612503,0.022416017949581146,-0.16281408071517944,-0.23417247831821442,-0.16281408071517944
18,back,forward,0.10288379328926973,0.08890638261700062,0.2417343139930018,0.8587962978502027,2.48665121722408,1,55,13.372843189987085,0.07920333743095398,0.09307108096833927,0.25168782472610474,-0.06649015843868256,0.06753303110599518,-0.08963190019130707,0.14328016340732574,0.022416017949581146,-0.16281408071517944,0.02381279319524765,0.0888698548078537
18,back,backward,0.10288379328926973,0.08890638261700062,0.2417343139930018,0.8587962978502027,2.48665121722408,0,0,0.0,2.252491810850188e-07,7.775353632055726e-07,0.25658848881721497,-0.06649015843868256,0.06753303110599518,-0.06648997217416763,0.06753290444612503,0.022416017949581146,-0.16281408071517944,0.022416017949581146,-0.4194025695323944
19,front,stay,0.051881789823584115,-0.03513152614570665,0.2815063376141008,0.7708484981274262,-2.8188513052672364,0,0,0.0,1.0803341865539551e-07,6.41837694104197e-11,0.0,-0.07203233242034912,-0.027378229424357414,-0.07203233242034912,-0.02737833745777607,-0.036900844424963,0.13413892686367035,-0.036900844424963,0.13413892686367035
19,front,right,0.051881789823584115,-0.03513152614570665,0.2815063376141008,0.7708484981274262,-2.8188513052672364,0,0,0.0,1.0803341865539551e-07,6.41837694104197e-11,0.25658848881721497,-0.07203233242034912,-0.027378229424357414,-0.07203233242034912,-0.02737833745777607,-0.036900844424963,0.13413892686367035,0.21968765556812286,0.13413892686367035
19,front,left,0.051881789823584115,-0.03513152614570665,0.2815063376141008,0.7708484981274262,-2.8188513052672364,0,0,0.0,1.0803341865539551e-07,6.41837694104197e-11,0.25658848881721497,-0.07203233242034912,-0.027378229424357414,-0.07203233242034912,-0.02737833745777607,-0.036900844424963,0.13413892686367035,-0.29348933696746826,0.13413892686367035
19,front,forward,0.051881789823584115,-0.03513152614570665,0.2815063376141008,0.7708484981274262,-2.8188513052672364,0,0,0.0,1.0803341865539551e-07,6.41837694104197e-11,0.25658851861953735,-0.07203233242034912,-0.027378229424357414,-0.07203233242034912,-0.02737833745777607,-0.036900844424963,0.13413892686367035,-0.036900844424963,0.3907274305820465
19,front,backward,0.051881789823584115,-0.03513152614570665,0.2815063376141008,0.7708484981274262,-2.8188513052672364,1,92,16.630731950613715,0.18697276711463928,0.010573999994216265,0.247471883893013,-0.07203233242034912,-0.027378229424357414,-0.07305355370044708,-0.2143482118844986,-0.036900844424963,0.13413892686367035,-0.03677036240696907,-0.11333291977643967
20,left,stay,0.10068919885046188,0.09383002590723774,0.2823895745475858,0.7502375635428868,0.5538064002247478,0,0,0.0,3.725290298461914e-08,3.585305876629974e-07,0.0,0.08661960065364838,-0.08956484496593475,0.08661960065364838,-0.08956488221883774,-0.15003138780593872,-0.18339456617832184,-0.15003138780593872,-0.18339456617832184
20,left,right,0.10068919885046188,0.09383002590723774,0.2823895745475858,0.7502375635428868,0.5538064002247478,1,51,14.73863098987087,0.08365705609321594,0.24865924624724034,0.25152215361595154,0.08661960065364838,-0.08956484496593475,0.16912053525447845,-0.07570485770702362,-0.15003138780593872,-0.18339456617832184,0.1014895811676979,-0.18416619300842285
20,left,left,0.10068919885046188,0.09383002590723774,0.2823895745475858,0.7502375635428868,0.5538064002247478,0,0,0.0,3.725290298461914e-08,3.585305876629974e-07,0.25658848881721497,0.08661960065364838,-0.08956484496593475,0.08661960065364838,-0.08956488221883774,-0.15003138780593872,-0.18339456617832184,-0.4066198766231537,-0.18339456617832184
20,left,forward,0.10068919885046188,0.09383002590723774,0.2823895745475858,0.7502375635428868,0.5538064002247478,0,0,0.0,3.725290298461914e-08,3.585305876629974e-07,0.25658848881721497,0.08661960065364838,-0.08956484496593475,0.08661960065364838,-0.08956488221883774,-0.15003138780593872,-0.18339456617832184,-0.15003138780593872,0.07319393008947372
20,left,backward,0.10068919885046188,0.09383002590723774,0.2823895745475858,0.7502375635428868,0.5538064002247478,0,0,0.0,3.725290298461914e-08,3.585305876629974e-07,0.25658851861953735,0.08661960065364838,-0.08956484496593475,0.08661960065364838,-0.08956488221883774,-0.15003138780593872,-0.18339456617832184,-0.15003138780593872,-0.439983069896698
21,right,stay,0.027207565523006738,0.0035250922563209164,0.33591439393163836,1.015499631752975,-1.4268391819342008,0,0,0.0,1.4729037047800375e-06,4.30624398495283e-06,0.0,0.058509476482868195,0.06861826777458191,0.05850804224610329,0.06861860305070877,0.1824459582567215,0.0721433162689209,0.1824459582567215,0.0721433162689209
21,right,right,0.027207565523006738,0.0035250922563209164,0.33591439393163836,1.015499631752975,-1.4268391819342008,0,0,0.0,1.4729037047800375e-06,4.30624398495283e-06,0.25658851861953735,0.058509476482868195,0.06861826777458191,0.05850804224610329,0.06861860305070877,0.1824459582567215,0.0721433162689209,0.43903446197509766,0.0721433162689209
21,right,left,0.027207565523006738,0.0035250922563209164,0.33591439393163836,1.015499631752975,-1.4268391819342008,1,102,24.47119423443774,0.20294597744941711,0.00036647485023100224,0.2415175437927246,0.058509476482868195,0.06861826777458191,-0.14443650841712952,0.06862634420394897,0.1824459582567215,0.0721433162689209,-0.059071581810712814,0.07213971018791199
21,right,forward,0.027207565523006738,0.0035250922563209164,0.33591439393163836,1.015499631752975,-1.4268391819342008,0,0,0.0,1.4729037047800375e-06,4.30624398495283e-06,0.25658848881721497,0.058509476482868195,0.06861826777458191,0.05850804224610329,0.06861860305070877,0.1824459582567215,0.0721433162689209,0.1824459582567215,0.32873180508613586
21,right,backward,0.027207565523006738,0.0035250922563209164,0.33591439393163836,1.015499631752975,-1.4268391819342008,0,0,0.0,1.4729037047800375e-06,4.30624398495283e-06,0.25658848881721497,0.058509476482868195,0.06861826777458191,0.05850804224610329,0.06861860305070877,0.1824459582567215,0.0721433162689209,0.1824459582567215,-0.18444517254829407
22,back,stay,0.07312628087001921,-0.0718219360737381,0.24383412596477516,0.802529782605403,-3.1225925856480568,0,0,0.0,5.150070592208067e-07,1.8719366554620363e-06,0.0,0.06474661827087402,-0.04858895018696785,0.06474674493074417,-0.048588450998067856,-0.007075347006320953,-0.20832212269306183,-0.007075347006320953,-0.20832212269306183
22,back,right,0.07312628087001921,-0.0718219360737381,0.24383412596477516,0.802529782605403,-3.1225925856480568,0,0,0.0,5.150070592208067e-07,1.8719366554620363e-06,0.25658848881721497,0.06474661827087402,-0.04858895018696785,0.06474674493074417,-0.048588450998067856,-0.007075347006320953,-0.20832212269306183,0.2495131492614746,-0.20832212269306183
22,back,left,0.07312628087001921,-0.0718219360737381,0.24383412596477516,0.802529782605403,-3.1225925856480568,0,0,0.0,5.150070592208067e-07,1.8719366554620363e-06,0.25658848881721497,0.06474661827087402,-0.04858895018696785,0.06474674493074417,-0.048588450998067856,-0.007075347006320953,-0.20832212269306183,-0.2636638283729553,-0.20832212269306183
22,back,forward,0.07312628087001921,-0.0718219360737381,0.24383412596477516,0.802529782605403,-3.1225925856480568,1,86,11.192164629718057,0.1734338253736496,0.031941425350394924,0.249118834733963,0.06474661827087402,-0.04858895018696785,0.06712406128644943,0.12482857704162598,-0.007075347006320953,-0.20832212269306183,-0.00741902319714427,0.040796469897031784
22,back,backward,0.07312628087001921,-0.0718219360737381,0.24383412596477516,0.802529782605403,-3.1225925856480568,0,0,0.0,5.150070592208067e-07,1.8719366554620363e-06,0.25658851861953735,0.06474661827087402,-0.04858895018696785,0.06474674493074417,-0.048588450998067856,-0.007075347006320953,-0.20832212269306183,-0.007075347006320953,-0.464910626411438
23,front,stay,0.09794428110090986,0.10904138788940085,0.24976302929095495,0.9529188445773138,-2.7468137249081153,0,0,0.0,6.006850128414953e-08,1.8179164706921824e-07,0.0,-0.01861409842967987,-0.0006664119428023696,-0.018614090979099274,-0.000666471547447145,-0.12765547633171082,0.21150752902030945,-0.12765547633171082,0.21150752902030945
23,front,right,0.09794428110090986,0.10904138788940085,0.24976302929095495,0.9529188445773138,-2.7468137249081153,0,0,0.0,6.006850128414953e-08,1.8179164706921824e-07,0.25658848881721497,-0.01861409842967987,-0.0006664119428023696,-0.018614090979099274,-0.000666471547447145,-0.12765547633171082,0.21150752902030945,0.12893301248550415,0.21150752902030945
23,front,left,0.09794428110090986,0.10904138788940085,0.24976302929095495,0.9529188445773138,-2.7468137249081153,0,0,0.0,6.006850128414953e-08,1.8179164706921824e-07,0.25658848881721497,-0.01861409842967987,-0.0006664119428023696,-0.018614090979099274,-0.000666471547447145,-0.12765547633171082,0.21150752902030945,-0.3842439651489258,0.21150752902030945
23,front,forward,0.09794428110090986,0.10904138788940085,0.24976302929095495,0.9529188445773138,-2.7468137249081153,0,0,0.0,6.006850128414953e-08,1.8179164706921824e-07,0.25658848881721497,-0.01861409842967987,-0.0006664119428023696,-0.018614090979099274,-0.000666471547447145,-0.12765547633171082,0.21150752902030945,-0.12765547633171082,0.4680960178375244
23,front,backward,0.09794428110090986,0.10904138788940085,0.24976302929095495,0.9529188445773138,-2.7468137249081153,1,43,8.466246555690851,0.06343760341405869,0.21703795523347447,0.2520471215248108,-0.01861409842967987,-0.0006664119428023696,-0.014122058637440205,-0.06394477188587189,-0.12765547633171082,0.21150752902030945,-0.12872759997844696,-0.040537331253290176
24,left,stay,0.03877843547271431,0.008204869670471293,0.36876839655099913,0.788210872032616,-0.3915692664109436,0,0,0.0,4.998001301714794e-08,2.1559748830668468e-07,0.0,0.09267442673444748,-0.07531004399061203,0.09267444908618927,-0.07531008869409561,-0.08184424787759781,-0.08351533114910126,-0.08184424787759781,-0.08351533114910126
24,left,right,0.03877843547271431,0.008204869670471293,0.36876839655099913,0.788210872032616,-0.3915692664109436,1,102,18.26189101959149,0.20410209894180298,9.014588992489747e-05,0.24319925904273987,0.09267442673444748,-0.07531004399061203,0.29677653312683105,-0.07529914379119873,-0.08184424787759781,-0.08351533114910126,0.16135501861572266,-0.08351585268974304
24,left,left,0.03877843547271431,0.008204869670471293,0.36876839655099913,0.788210872032616,-0.3915692664109436,0,0,0.0,4.998001301714794e-08,2.1559748830668468e-07,0.25658848881721497,0.09267442673444748,-0.07531004399061203,0.09267444908618927,-0.07531008869409561,-0.08184424787759781,-0.08351533114910126,-0.3384327292442322,-0.08351533114910126
24,left,forward,0.03877843547271431,0.008204869670471293,0.36876839655099913,0.788210872032616,-0.3915692664109436,0,0,0.0,4.998001301714794e-08,2.1559748830668468e-07,0.25658848881721497,0.09267442673444748,-0.07531004399061203,0.09267444908618927,-0.07531008869409561,-0.08184424787759781,-0.08351533114910126,-0.08184424787759781,0.1730731576681137
24,left,backward,0.03877843547271431,0.008204869670471293,0.36876839655099913,0.788210872032616,-0.3915692664109436,0,0,0.0,4.998001301714794e-08,2.1559748830668468e-07,0.25658851861953735,0.09267442673444748,-0.07531004399061203,0.09267444908618927,-0.07531008869409561,-0.08184424787759781,-0.08351533114910126,-0.08184424787759781,-0.3401038348674774
25,right,stay,0.056304515383049245,-0.06271444957958192,0.22680263710836496,0.8862658055807701,2.505043780190044,0,0,0.0,2.130918090870182e-07,6.855562757479561e-07,0.0,0.039666660130023956,-0.08196336776018143,0.039666831493377686,-0.08196349442005157,0.23107296228408813,-0.1446777582168579,0.23107296228408813,-0.1446777582168579
25,right,right,0.056304515383049245,-0.06271444957958192,0.22680263710836496,0.8862658055807701,2.505043780190044,0,0,0.0,2.130918090870182e-07,6.855562757479561e-07,0.25658848881721497,0.039666660130023956,-0.08196336776018143,0.039666831493377686,-0.08196349442005157,0.23107296228408813,-0.1446777582168579,0.4876614511013031,-0.1446777582168579
25,right,left,0.056304515383049245,-0.06271444957958192,0.22680263710836496,0.8862658055807701,2.505043780190044,1,82,11.549791863716871,0.16420558094978333,0.031409540581668345,0.24913290143013,0.039666660130023956,-0.08196336776018143,-0.12449096888303757,-0.07799515128135681,0.23107296228408813,-0.1446777582168579,-0.018059851601719856,-0.14488781988620758
25,right,forward,0.056304515383049245,-0.06271444957958192,0.22680263710836496,0.8862658055807701,2.505043780190044,0,0,0.0,2.130918090870182e-07,6.855562757479561e-07,0.25658848881721497,0.039666660130023956,-0.08196336776018143,0.039666831493377686,-0.08196349442005157,0.23107296228408813,-0.1446777582168579,0.23107296228408813,0.11191073805093765
25,right,backward,0.056304515383049245,-0.06271444957958192,0.22680263710836496,0.8862658055807701,2.505043780190044,0,0,0.0,2.130918090870182e-07,6.855562757479561e-07,0.25658848881721497,0.039666660130023956,-0.08196336776018143,0.039666831493377686,-0.08196349442005157,0.23107296228408813,-0.1446777582168579,0.23107296228408813,-0.4012662470340729
26,back,stay,0.07996759962233756,-0.017395470237094535,0.2930614689975141,0.7503555874023775,0.7616481257351091,0,0,0.0,1.506786730942622e-07,4.983501555866354e-07,0.0,-0.0917566642165184,-0.06436237692832947,-0.09175668656826019,-0.0643625259399414,-0.10915215313434601,-0.2755560278892517,-0.10915215313434601,-0.2755560278892517
26,back,right,0.07996759962233756,-0.017395470237094535,0.2930614689975141,0.7503555874023775,0.7616481257351091,0,0,0.0,1.506786730942622e-07,4.983501555866354e-07,0.25658848881721497,-0.0917566642165184,-0.06436237692832947,-0.09175668656826019,-0.0643625259399414,-0.10915215313434601,-0.2755560278892517,0.14743633568286896,-0.2755560278892517
26,back,left,0.07996759962233756,-0.017395470237094535,0.2930614689975141,0.7503555874023775,0.7616481257351091,0,0,0.0,1.506786730942622e-07,4.983501555866354e-07,0.25658851861953735,-0.0917566642165184,-0.06436237692832947,-0.09175668656826019,-0.0643625259399414,-0.10915215313434601,-0.2755560278892517,-0.36574065685272217,-0.2755560278892517
26,back,forward,0.07996759962233756,-0.017395470237094535,0.2930614689975141,0.7503555874023775,0.7616481257351091,1,82,15.841876096238014,0.16566817462444305,0.0031689725549688408,0.248117595911026,-0.0917566642165184,-0.06436237692832947,-0.09102408587932587,0.10130416601896286,-0.10915215313434601,-0.2755560278892517,-0.10920237004756927,-0.027438435703516006
26,back,backward,0.07996759962233756,-0.017395470237094535,0.2930614689975141,0.7503555874023775,0.7616481257351091,0,0,0.0,1.506786730942622e-07,4.983501555866354e-07,0.25658851861953735,-0.0917566642165184,-0.06436237692832947,-0.09175668656826019,-0.0643625259399414,-0.10915215313434601,-0.2755560278892517,-0.10915215313434601,-0.5321445465087891
27,front,stay,0.10153443600771893,-0.032728057640444896,0.29802508127707833,0.684519258305219,-0.4997339425872718,0,0,0.0,1.550365453795166e-07,3.382365620918648e-07,0.0,-0.08671452105045319,0.07891778647899628,-0.08671461045742035,0.07891791313886642,-0.05398629233241081,0.3006803095340729,-0.05398629233241081,0.3006803095340729
27,front,right,0.10153443600771893,-0.032728057640444896,0.29802508127707833,0.684519258305219,-0.4997339425872718,0,0,0.0,1.550365453795166e-07,3.382365620918648e-07,0.25658848881721497,-0.08671452105045319,0.07891778647899628,-0.08671461045742035,0.07891791313886642,-0.05398629233241081,0.3006803095340729,0.20260220766067505,0.3006803095340729
27,front,left,0.10153443600771893,-0.032728057640444896,0.29802508127707833,0.684519258305219,-0.4997339425872718,0,0,0.0,1.550365453795166e-07,3.382365620918648e-07,0.25658851861953735,-0.08671452105045319,0.07891778647899628,-0.08671461045742035,0.07891791313886642,-0.05398629233241081,0.3006803095340729,-0.31057479977607727,0.3006803095340729
27,front,forward,0.10153443600771893,-0.032728057640444896,0.29802508127707833,0.684519258305219,-0.4997339425872718,0,0,0.0,1.550365453795166e-07,3.382365620918648e-07,0.25658848881721497,-0.08671452105045319,0.07891778647899628,-0.08671461045742035,0.07891791313886642,-0.05398629233241081,0.3006803095340729,-0.05398629233241081,0.5572687983512878
27,front,backward,0.10153443600771893,-0.032728057640444896,0.29802508127707833,0.684519258305219,-0.4997339425872718,1,53,20.80934811277183,0.10747543722391129,0.011163522964012684,0.2509824335575104,-0.08671452105045319,0.07891778647899628,-0.08805951476097107,-0.02854923903942108,-0.05398629233241081,0.3006803095340729,-0.05385180562734604,0.04969791695475578
28,left,stay,0.06533154682345695,0.13707405698993594,0.32060462786317695,0.9806269179602498,3.0288846262881446,0,0,0.0,6.824097340540902e-07,6.27955880183606e-07,0.0,0.05256231874227524,-0.032120611518621445,0.05256219208240509,-0.03212128207087517,-0.1422908902168274,-0.1691940575838089,-0.1422908902168274,-0.1691940575838089
28,left,right,0.06533154682345695,0.13707405698993594,0.32060462786317695,0.9806269179602498,3.0288846262881446,0,0,0.0,6.824097340540902e-07,6.27955880183606e-07,0.25658848881721497,0.05256231874227524,-0.032120611518621445,0.05256219208240509,-0.03212128207087517,-0.1422908902168274,-0.1691940575838089,0.11429760605096817,-0.1691940575838089
28,left,left,0.06533154682345695,0.13707405698993594,0.32060462786317695,0.9806269179602498,3.0288846262881446,0,0,0.0,6.824097340540902e-07,6.27955880183606e-07,0.25658848881721497,0.05256231874227524,-0.032120611518621445,0.05256219208240509,-0.03212128207087517,-0.1422908902168274,-0.1691940575838089,-0.39887937903404236,-0.1691940575838089
28,left,forward,0.06533154682345695,0.13707405698993594,0.32060462786317695,0.9806269179602498,3.0288846262881446,0,0,0.0,6.824097340540902e-07,6.27955880183606e-07,0.25658848881721497,0.05256231874227524,-0.032120611518621445,0.05256219208240509,-0.03212128207087517,-0.1422908902168274,-0.1691940575838089,-0.1422908902168274,0.08739443868398666
28,left,backward,0.06533154682345695,0.13707405698993594,0.32060462786317695,0.9806269179602498,3.0288846262881446,0,0,0.0,6.824097340540902e-07,6.27955880183606e-07,0.25658851861953735,0.05256231874227524,-0.032120611518621445,0.05256219208240509,-0.03212128207087517,-0.1422908902168274,-0.1691940575838089,-0.1422908902168274,-0.42578256130218506
29,right,stay,0.05560911136985404,-0.020995681372641545,0.292410930108237,0.6626479721826335,-3.0088996488652855,0,0,0.0,4.3056220988546556e-07,6.787609940772654e-07,0.0,-0.025500843301415443,0.013882860541343689,-0.02550073340535164,0.013883276842534542,0.1603146195411682,-0.007113288156688213,0.1603146195411682,-0.007113288156688213
29,right,right,0.05560911136985404,-0.020995681372641545,0.292410930108237,0.6626479721826335,-3.0088996488652855,0,0,0.0,4.3056220988546556e-07,6.787609940772654e-07,0.25658848881721497,-0.025500843301415443,0.013882860541343689,-0.02550073340535164,0.013883276842534542,0.1603146195411682,-0.007113288156688213,0.4169031083583832,-0.007113288156688213
29,right,left,0.05560911136985404,-0.020995681372641545,0.292410930108237,0.6626479721826335,-3.0088996488652855,1,94,17.09410424491283,0.19089871644973755,0.0031707121643984593,0.2478584349155426,-0.025500843301415443,0.013882860541343689,-0.21639877557754517,0.014433156698942184,0.1603146195411682,-0.007113288156688213,-0.08754380792379379,-0.0071333590894937515
29,right,forward,0.05560911136985404,-0.020995681372641545,0.292410930108237,0.6626479721826335,-3.0088996488652855,0,0,0.0,4.3056220988546556e-07,6.787609940772654e-07,0.25658848881721497,-0.025500843301415443,0.013882860541343689,-0.02550073340535164,0.013883276842534542,0.1603146195411682,-0.007113288156688213,0.1603146195411682,0.24947521090507507
29,right,backward,0.05560911136985404,-0.020995681372641545,0.292410930108237,0.6626479721826335,-3.0088996488652855,0,0,0.0,4.3056220988546556e-07,6.787609940772654e-07,0.25658851861953735,-0.025500843301415443,0.013882860541343689,-0.02550073340535164,0.013883276842534542,0.1603146195411682,-0.007113288156688213,0.1603146195411682,-0.26370179653167725
30,back,stay,0.07940110399596058,-0.021919302754373024,0.22016916768881445,0.8512443511096162,-2.5814951844328853,0,0,0.0,3.3527612686157227e-08,3.4437318419122676e-07,0.0,0.08396117389202118,0.03730000928044319,0.08396117389202118,0.03730004280805588,0.062041930854320526,-0.16538338363170624,0.062041930854320526,-0.16538338363170624
30,back,right,0.07940110399596058,-0.021919302754373024,0.22016916768881445,0.8512443511096162,-2.5814951844328853,0,0,0.0,3.3527612686157227e-08,3.4437318419122676e-07,0.25658848881721497,0.08396117389202118,0.03730000928044319,0.08396117389202118,0.03730004280805588,0.062041930854320526,-0.16538338363170624,0.3186304271221161,-0.16538338363170624
30,back,left,0.07940110399596058,-0.021919302754373024,0.22016916768881445,0.8512443511096162,-2.5814951844328853,0,0,0.0,3.3527612686157227e-08,3.4437318419122676e-07,0.25658848881721497,0.08396117389202118,0.03730000928044319,0.08396117389202118,0.03730004280805588,0.062041930854320526,-0.16538338363170624,-0.19454656541347504,-0.16538338363170624
30,back,forward,0.07940110399596058,-0.021919302754373024,0.22016916768881445,0.8512443511096162,-2.5814951844328853,1,79,10.030890734748661,0.16127373278141022,0.002867171831140602,0.24985021352767944,0.08396117389202118,0.03730000928044319,0.0844339057803154,0.198573037981987,0.062041930854320526,-0.16538338363170624,0.06200855225324631,0.0844668298959732
30,back,backward,0.07940110399596058,-0.021919302754373024,0.22016916768881445,0.8512443511096162,-2.5814951844328853,0,0,0.0,3.3527612686157227e-08,3.4437318419122676e-07,0.25658851861953735,0.08396117389202118,0.03730000928044319,0.08396117389202118,0.03730004280805588,0.062041930854320526,-0.16538338363170624,0.062041930854320526,-0.4219718873500824
31,front,stay,0.08324039224825847,0.13626156173407802,0.24231528885894565,1.0074583076645829,-0.8445189599455287,0,0,0.0,2.625751562845835e-07,8.891425647972183e-07,0.0,0.07579702138900757,-0.007358919363468885,0.07579676061868668,-0.007358888629823923,-0.06046409159898758,0.20931608974933624,-0.06046409159898758,0.20931608974933624
31,front,right,0.08324039224825847,0.13626156173407802,0.24231528885894565,1.0074583076645829,-0.8445189599455287,0,0,0.0,2.625751562845835e-07,8.891425647972183e-07,0.25658848881721497,0.07579702138900757,-0.007358919363468885,0.07579676061868668,-0.007358888629823923,-0.06046409159898758,0.20931608974933624,0.19612440466880798,0.20931608974933624
31,front,left,0.08324039224825847,0.13626156173407802,0.24231528885894565,1.0074583076645829,-0.8445189599455287,0,0,0.0,2.625751562845835e-07,8.891425647972183e-07,0.25658848881721497,0.07579702138900757,-0.007358919363468885,0.07579676061868668,-0.007358888629823923,-0.06046409159898758,0.20931608974933624,-0.31705257296562195,0.20931608974933624
31,front,forward,0.08324039224825847,0.13626156173407802,0.24231528885894565,1.0074583076645829,-0.8445189599455287,0,0,0.0,2.625751562845835e-07,8.891425647972183e-07,0.25658851861953735,0.07579702138900757,-0.007358919363468885,0.07579676061868668,-0.007358888629823923,-0.06046409159898758,0.20931608974933624,-0.06046409159898758,0.4659045934677124
31,front,backward,0.08324039224825847,0.13626156173407802,0.24231528885894565,1.0074583076645829,-0.8445189599455287,0,0,0.0,2.625751562845835e-07,8.891425647972183e-07,0.25658848881721497,0.07579702138900757,-0.007358919363468885,0.07579676061868668,-0.007358888629823923,-0.06046409159898758,0.20931608974933624,-0.06046409159898758,-0.04727240651845932
32,left,stay,0.08847167648457042,-0.10991890296478357,0.24122373000695554,0.8421489138412978,0.4717163514753451,0,0,0.0,4.470348358154297e-08,4.2897243934802987e-07,0.0,-0.03691592440009117,-0.07546881586313248,-0.03691592440009117,-0.07546886056661606,-0.26155346632003784,0.03445040434598923,-0.26155346632003784,0.03445040434598923
32,left,right,0.08847167648457042,-0.10991890296478357,0.24122373000695554,0.8421489138412978,0.4717163514753451,1,3,3.4321277297810466,0.0006988875102251768,0.010246117273741527,0.256244957447052,-0.03691592440009117,-0.07546881586313248,-0.03627130761742592,-0.07573883980512619,-0.26155346632003784,0.03445040434598923,-0.005308524705469608,0.0345856212079525
32,left,left,0.08847167648457042,-0.10991890296478357,0.24122373000695554,0.8421489138412978,0.4717163514753451,0,0,0.0,4.470348358154297e-08,4.2897243934802987e-07,0.25658851861953735,-0.03691592440009117,-0.07546881586313248,-0.03691592440009117,-0.07546886056661606,-0.26155346632003784,0.03445040434598923,-0.5181419849395752,0.03445040434598923
32,left,forward,0.08847167648457042,-0.10991890296478357,0.24122373000695554,0.8421489138412978,0.4717163514753451,0,0,0.0,4.470348358154297e-08,4.2897243934802987e-07,0.25658848881721497,-0.03691592440009117,-0.07546881586313248,-0.03691592440009117,-0.07546886056661606,-0.26155346632003784,0.03445040434598923,-0.26155346632003784,0.2910389006137848
32,left,backward,0.08847167648457042,-0.10991890296478357,0.24122373000695554,0.8421489138412978,0.4717163514753451,0,0,0.0,4.470348358154297e-08,4.2897243934802987e-07,0.25658848881721497,-0.03691592440009117,-0.07546881586313248,-0.03691592440009117,-0.07546886056661606,-0.26155346632003784,0.03445040434598923,-0.26155346632003784,-0.22213809192180634
33,right,stay,0.04707883947732845,-0.04711168826484184,0.2412665214030249,0.8695561415623653,0.5676876038796088,0,0,0.0,2.60770320892334e-08,3.2794939408553603e-07,0.0,-0.08590897917747498,0.055276233702898026,-0.08590897917747498,0.055276207625865936,0.09703302383422852,0.008164845407009125,0.09703302383422852,0.008164845407009125
33,right,right,0.04707883947732845,-0.04711168826484184,0.2412665214030249,0.8695561415623653,0.5676876038796088,0,0,0.0,2.60770320892334e-08,3.2794939408553603e-07,0.25658848881721497,-0.08590897917747498,0.055276233702898026,-0.08590897917747498,0.055276207625865936,0.09703302383422852,0.008164845407009125,0.3536215126514435,0.008164845407009125
33,right,left,0.04707883947732845,-0.04711168826484184,0.2412665214030249,0.8695561415623653,0.5676876038796088,1,75,9.573168005429983,0.10021133720874786,0.002368641114192105,0.25020864605903625,-0.08590897917747498,0.055276233702898026,-0.1798725128173828,0.0901067703962326,0.09703302383422852,0.008164845407009125,-0.1531693935394287,0.0063974433578550816
33,right,forward,0.04707883947732845,-0.04711168826484184,0.2412665214030249,0.8695561415623653,0.5676876038796088,0,0,0.0,2.60770320892334e-08,3.2794939408553603e-07,0.25658848881721497,-0.08590897917747498,0.055276233702898026,-0.08590897917747498,0.055276207625865936,0.09703302383422852,0.008164845407009125,0.09703302383422852,0.2647533416748047
33,right,backward,0.04707883947732845,-0.04711168826484184,0.2412665214030249,0.8695561415623653,0.5676876038796088,0,0,0.0,2.60770320892334e-08,3.2794939408553603e-07,0.25658848881721497,-0.08590897917747498,0.055276233702898026,-0.08590897917747498,0.055276207625865936,0.09703302383422852,0.008164845407009125,0.09703302383422852,-0.24842365086078644
34,back,stay,0.029362308693999358,-0.05003366130449709,0.3446985294157041,0.9951907613244898,-1.5425391337400378,0,0,0.0,6.991479040152626e-07,2.6959477155141798e-06,0.0,0.028856514021754265,-0.015457999892532825,0.028855837881565094,-0.015457822009921074,-0.021177073940634727,-0.171057790517807,-0.021177073940634727,-0.171057790517807
34,back,right,0.029362308693999358,-0.05003366130449709,0.3446985294157041,0.9951907613244898,-1.5425391337400378,0,0,0.0,6.991479040152626e-07,2.6959477155141798e-06,0.25658848881721497,0.028856514021754265,-0.015457999892532825,0.028855837881565094,-0.015457822009921074,-0.021177073940634727,-0.171057790517807,0.23541142046451569,-0.171057790517807
34,back,left,0.029362308693999358,-0.05003366130449709,0.3446985294157041,0.9951907613244898,-1.5425391337400378,0,0,0.0,6.991479040152626e-07,2.6959477155141798e-06,0.25658848881721497,0.028856514021754265,-0.015457999892532825,0.028855837881565094,-0.015457822009921074,-0.021177073940634727,-0.171057790517807,-0.27776557207107544,-0.171057790517807
34,back,forward,0.029362308693999358,-0.05003366130449709,0.3446985294157041,0.9951907613244898,-1.5425391337400378,1,106,19.952903961006896,0.20518571138381958,0.10430187437479033,0.24097827076911926,0.028856514021754265,-0.015457999892532825,0.04089684411883354,0.1893741339445114,-0.021177073940634727,-0.171057790517807,-0.021849751472473145,0.06991954147815704
34,back,backward,0.029362308693999358,-0.05003366130449709,0.3446985294157041,0.9951907613244898,-1.5425391337400378,0,0,0.0,6.991479040152626e-07,2.6959477155141798e-06,0.25658848881721497,0.028856514021754265,-0.015457999892532825,0.028855837881565094,-0.015457822009921074,-0.021177073940634727,-0.171057790517807,-0.021177073940634727,-0.427646279335022
35,front,stay,0.02624787910876367,-0.02870747364552985,0.225553123300004,0.7290764308594506,-2.608366721011008,0,0,0.0,6.284184905780421e-08,4.083804938659341e-07,0.0,-0.06504705548286438,0.01007314957678318,-0.06504706293344498,0.01007321197539568,-0.03633952885866165,0.158280149102211,-0.03633952885866165,0.158280149102211
35,front,right,0.02624787910876367,-0.02870747364552985,0.225553123300004,0.7290764308594506,-2.608366721011008,0,0,0.0,6.284184905780421e-08,4.083804938659341e-07,0.25658848881721497,-0.06504705548286438,0.01007314957678318,-0.06504706293344498,0.01007321197539568,-0.03633952885866165,0.158280149102211,0.2202489674091339,0.158280149102211
35,front,left,0.02624787910876367,-0.02870747364552985,0.225553123300004,0.7290764308594506,-2.608366721011008,0,0,0.0,6.284184905780421e-08,4.083804938659341e-07,0.25658848881721497,-0.06504705548286438,0.01007314957678318,-0.06504706293344498,0.01007321197539568,-0.03633952885866165,0.158280149102211,-0.292928010225296,0.158280149102211
35,front,forward,0.02624787910876367,-0.02870747364552985,0.225553123300004,0.7290764308594506,-2.608366721011008,0,0,0.0,6.284184905780421e-08,4.083804938659341e-07,0.25658851861953735,-0.06504705548286438,0.01007314957678318,-0.06504706293344498,0.01007321197539568,-0.03633952885866165,0.158280149102211,-0.03633952885866165,0.41486865282058716
35,front,backward,0.02624787910876367,-0.02870747364552985,0.225553123300004,0.7290764308594506,-2.608366721011008,1,105,10.982034455902326,0.21548238396644592,0.013250564450067339,0.24878373742103577,-0.06504705548286438,0.01007314957678318,-0.06591691821813583,-0.20540747046470642,-0.03633952885866165,0.158280149102211,-0.03627496957778931,-0.09050359576940536
36,left,stay,0.058246726938176244,-0.07956484455898191,0.3189743996113124,0.8932422970908476,1.4852864810515918,0,0,0.0,1.022079800350184e-06,1.349635096792312e-06,0.0,0.016721617430448532,0.004340830259025097,0.016720609739422798,0.004341001156717539,-0.13361991941928864,0.08390560001134872,-0.13361991941928864,0.08390560001134872
36,left,right,0.058246726938176244,-0.07956484455898191,0.3189743996113124,0.8932422970908476,1.4852864810515918,1,87,14.639796080273925,0.16412164270877838,0.12040302582390507,0.24593406915664673,0.016721617430448532,0.004340830259025097,0.18068182468414307,-0.0029367790557444096,-0.13361991941928864,0.08390560001134872,0.11230960488319397,0.08540048450231552
36,left,left,0.058246726938176244,-0.07956484455898191,0.3189743996113124,0.8932422970908476,1.4852864810515918,0,0,0.0,1.022079800350184e-06,1.349635096792312e-06,0.25658851861953735,0.016721617430448532,0.004340830259025097,0.016720609739422798,0.004341001156717539,-0.13361991941928864,0.08390560001134872,-0.3902084231376648,0.08390560001134872
36,left,forward,0.058246726938176244,-0.07956484455898191,0.3189743996113124,0.8932422970908476,1.4852864810515918,0,0,0.0,1.022079800350184e-06,1.349635096792312e-06,0.25658848881721497,0.016721617430448532,0.004340830259025097,0.016720609739422798,0.004341001156717539,-0.13361991941928864,0.08390560001134872,-0.13361991941928864,0.3404940962791443
36,left,backward,0.058246726938176244,-0.07956484455898191,0.3189743996113124,0.8932422970908476,1.4852864810515918,0,0,0.0,1.022079800350184e-06,1.349635096792312e-06,0.25658848881721497,0.016721617430448532,0.004340830259025097,0.016720609739422798,0.004341001156717539,-0.13361991941928864,0.08390560001134872,-0.13361991941928864,-0.17268289625644684
37,right,stay,0.11102479063396589,0.0662482700691239,0.3597279366922498,0.9077085967734573,-0.8646887005991748,0,0,0.0,2.573755182311288e-07,8.402224129788748e-07,0.0,-0.05171515792608261,0.015854373574256897,-0.051715414971113205,0.01585438661277294,0.18870484828948975,0.08210277557373047,0.18870484828948975,0.08210277557373047
37,right,right,0.11102479063396589,0.0662482700691239,0.3597279366922498,0.9077085967734573,-0.8646887005991748,0,0,0.0,2.573755182311288e-07,8.402224129788748e-07,0.25658848881721497,-0.05171515792608261,0.015854373574256897,-0.051715414971113205,0.01585438661277294,0.18870484828948975,0.08210277557373047,0.4452933371067047,0.08210277557373047
37,right,left,0.11102479063396589,0.0662482700691239,0.3597279366922498,0.9077085967734573,-0.8646887005991748,1,34,15.596247180036483,0.05730697885155678,0.10271165474248878,0.2507951557636261,-0.05171515792608261,0.015854373574256897,-0.10869919508695602,0.00977905560284853,0.18870484828948975,0.08210277557373047,-0.062089379876852036,0.08277633786201477
37,right,forward,0.11102479063396589,0.0662482700691239,0.3597279366922498,0.9077085967734573,-0.8646887005991748,0,0,0.0,2.573755182311288e-07,8.402224129788748e-07,0.25658848881721497,-0.05171515792608261,0.015854373574256897,-0.051715414971113205,0.01585438661277294,0.18870484828948975,0.08210277557373047,0.18870484828948975,0.33869126439094543
37,right,backward,0.11102479063396589,0.0662482700691239,0.3597279366922498,0.9077085967734573,-0.8646887005991748,0,0,0.0,2.573755182311288e-07,8.402224129788748e-07,0.25658848881721497,-0.05171515792608261,0.015854373574256897,-0.051715414971113205,0.01585438661277294,0.18870484828948975,0.08210277557373047,0.18870484828948975,-0.1744857132434845
38,back,stay,0.10872618600636663,0.05587742819241112,0.2485719489409922,0.83371797781218,-0.7812627434394632,0,0,0.0,1.811368548487735e-07,9.391928285085173e-07,0.0,0.043485019356012344,0.02405640482902527,0.04348486289381981,0.02405649609863758,0.09936285018920898,-0.21647584438323975,0.09936285018920898,-0.21647584438323975
38,back,right,0.10872618600636663,0.05587742819241112,0.2485719489409922,0.83371797781218,-0.7812627434394632,0,0,0.0,1.811368548487735e-07,9.391928285085173e-07,0.25658848881721497,0.043485019356012344,0.02405640482902527,0.04348486289381981,0.02405649609863758,0.09936285018920898,-0.21647584438323975,0.35595133900642395,-0.21647584438323975
38,back,left,0.10872618600636663,0.05587742819241112,0.2485719489409922,0.83371797781218,-0.7812627434394632,0,0,0.0,1.811368548487735e-07,9.391928285085173e-07,0.25658848881721497,0.043485019356012344,0.02405640482902527,0.04348486289381981,0.02405649609863758,0.09936285018920898,-0.21647584438323975,-0.15722563862800598,-0.21647584438323975
38,back,forward,0.10872618600636663,0.05587742819241112,0.2485719489409922,0.83371797781218,-0.7812627434394632,1,64,17.12917749894859,0.11734151095151901,0.016663617333087632,0.25045207142829895,0.043485019356012344,0.02405640482902527,0.029177768155932426,0.14052242040634155,0.09936285018920898,-0.21647584438323975,0.10016991943120956,0.03397493436932564
38,back,backward,0.10872618600636663,0.05587742819241112,0.2485719489409922,0.83371797781218,-0.7812627434394632,0,0,0.0,1.811368548487735e-07,9.391928285085173e-07,0.25658848881721497,0.043485019356012344,0.02405640482902527,0.04348486289381981,0.02405649609863758,0.09936285018920898,-0.21647584438323975,0.09936285018920898,-0.4730643332004547
39,front,stay,0.038708259536972225,-0.02440674662879576,0.34583983167256044,0.7521232602349144,-2.3411295333708604,0,0,0.0,1.7807511198952852e-07,6.125475713325557e-07,0.0,0.048033203929662704,0.009676419198513031,0.048033252358436584,0.00967659056186676,0.07243996113538742,0.18072399497032166,0.07243996113538742,0.18072399497032166
39,front,right,0.038708259536972225,-0.02440674662879576,0.34583983167256044,0.7521232602349144,-2.3411295333708604,0,0,0.0,1.7807511198952852e-07,6.125475713325557e-07,0.25658848881721497,0.048033203929662704,0.009676419198513031,0.048033252358436584,0.00967659056186676,0.07243996113538742,0.18072399497032166,0.329028457403183,0.18072399497032166
39,front,left,0.038708259536972225,-0.02440674662879576,0.34583983167256044,0.7521232602349144,-2.3411295333708604,0,0,0.0,1.7807511198952852e-07,6.125475713325557e-07,0.25658848881721497,0.048033203929662704,0.009676419198513031,0.048033252358436584,0.00967659056186676,0.07243996113538742,0.18072399497032166,-0.18414853513240814,0.18072399497032166
39,front,forward,0.038708259536972225,-0.02440674662879576,0.34583983167256044,0.7521232602349144,-2.3411295333708604,0,0,0.0,1.7807511198952852e-07,6.125475713325557e-07,0.25658848881721497,0.048033203929662704,0.009676419198513031,0.048033252358436584,0.00967659056186676,0.07243996113538742,0.18072399497032166,0.07243996113538742,0.4373124837875366
39,front,backward,0.038708259536972225,-0.02440674662879576,0.34583983167256044,0.7521232602349144,-2.3411295333708604,1,102,16.27557693963424,0.20521630346775055,0.004922227947744329,0.2445431500673294,0.048033203929662704,0.009676419198513031,0.047375600785017014,-0.19553883373737335,0.07243996113538742,0.18072399497032166,0.07248645275831223,-0.06381915509700775
40,left,stay,0.0875728602412289,-0.05105195493037715,0.24969534566263143,0.7100686128963688,1.4280094454600611,0,0,0.0,4.22586538206815e-07,2.5265420466880073e-07,0.0,-0.04254433512687683,-0.03768196702003479,-0.04254475235939026,-0.03768189996480942,-0.2267545461654663,0.01336987316608429,-0.2267545461654663,0.01336987316608429
40,left,right,0.0875728602412289,-0.05105195493037715,0.24969534566263143,0.7100686128963688,1.4280094454600611,1,71,12.581427965179795,0.14396101236343384,0.019410286851716307,0.2506273090839386,-0.04254433512687683,-0.03768196702003479,0.10141163319349289,-0.03888596594333649,-0.2267545461654663,0.01336987316608429,0.023872658610343933,0.013557078316807747
40,left,left,0.0875728602412289,-0.05105195493037715,0.24969534566263143,0.7100686128963688,1.4280094454600611,0,0,0.0,4.22586538206815e-07,2.5265420466880073e-07,0.25658848881721497,-0.04254433512687683,-0.03768196702003479,-0.04254475235939026,-0.03768189996480942,-0.2267545461654663,0.01336987316608429,-0.4833430349826813,0.01336987316608429
40,left,forward,0.0875728602412289,-0.05105195493037715,0.24969534566263143,0.7100686128963688,1.4280094454600611,0,0,0.0,4.22586538206815e-07,2.5265420466880073e-07,0.25658851861953735,-0.04254433512687683,-0.03768196702003479,-0.04254475235939026,-0.03768189996480942,-0.2267545461654663,0.01336987316608429,-0.2267545461654663,0.26995837688446045
40,left,backward,0.0875728602412289,-0.05105195493037715,0.24969534566263143,0.7100686128963688,1.4280094454600611,0,0,0.0,4.22586538206815e-07,2.5265420466880073e-07,0.25658848881721497,-0.04254433512687683,-0.03768196702003479,-0.04254475235939026,-0.03768189996480942,-0.2267545461654663,0.01336987316608429,-0.2267545461654663,-0.24321861565113068
41,right,stay,0.08326393064366093,-0.14351985141303827,0.30485988192254276,0.8251146009497854,0.45215413889844136,0,0,0.0,1.9734372358470864e-08,3.106965210664115e-07,0.0,0.013064060360193253,0.036702509969472885,0.01306405384093523,0.03670252859592438,0.2324468344449997,-0.10681702196598053,0.2324468344449997,-0.10681702196598053
41,right,right,0.08326393064366093,-0.14351985141303827,0.30485988192254276,0.8251146009497854,0.45215413889844136,0,0,0.0,1.9734372358470864e-08,3.106965210664115e-07,0.25658851861953735,0.013064060360193253,0.036702509969472885,0.01306405384093523,0.03670252859592438,0.2324468344449997,-0.10681702196598053,0.48903533816337585,-0.10681702196598053
41,right,left,0.08326393064366093,-0.14351985141303827,0.30485988192254276,0.8251146009497854,0.45215413889844136,0,0,0.0,1.9734372358470864e-08,3.106965210664115e-07,0.25658848881721497,0.013064060360193253,0.036702509969472885,0.01306405384093523,0.03670252859592438,0.2324468344449997,-0.10681702196598053,-0.024141661822795868,-0.10681702196598053
41,right,forward,0.08326393064366093,-0.14351985141303827,0.30485988192254276,0.8251146009497854,0.45215413889844136,0,0,0.0,1.9734372358470864e-08,3.106965210664115e-07,0.25658848881721497,0.013064060360193253,0.036702509969472885,0.01306405384093523,0.03670252859592438,0.2324468344449997,-0.10681702196598053,0.2324468344449997,0.14977146685123444
41,right,backward,0.08326393064366093,-0.14351985141303827,0.30485988192254276,0.8251146009497854,0.45215413889844136,0,0,0.0,1.9734372358470864e-08,3.106965210664115e-07,0.25658851861953735,0.013064060360193253,0.036702509969472885,0.01306405384093523,0.03670252859592438,0.2324468344449997,-0.10681702196598053,0.2324468344449997,-0.3634055256843567
42,back,stay,0.10084662625226018,-0.13033188308204893,0.28715621545074205,0.958740696982738,1.3903883147382468,0,0,0.0,1.176271808844831e-07,1.341952371447519e-07,0.0,-0.015004454180598259,0.076089046895504,-0.015004569664597511,0.07608906924724579,-0.14533597230911255,-0.15645258128643036,-0.14533597230911255,-0.15645258128643036
42,back,right,0.10084662625226018,-0.13033188308204893,0.28715621545074205,0.958740696982738,1.3903883147382468,0,0,0.0,1.176271808844831e-07,1.341952371447519e-07,0.25658848881721497,-0.015004454180598259,0.076089046895504,-0.015004569664597511,0.07608906924724579,-0.14533597230911255,-0.15645258128643036,0.11125252395868301,-0.15645258128643036
42,back,left,0.10084662625226018,-0.13033188308204893,0.28715621545074205,0.958740696982738,1.3903883147382468,0,0,0.0,1.176271808844831e-07,1.341952371447519e-07,0.25658848881721497,-0.015004454180598259,0.076089046895504,-0.015004569664597511,0.07608906924724579,-0.14533597230911255,-0.15645258128643036,-0.4019244611263275,-0.15645258128643036
42,back,forward,0.10084662625226018,-0.13033188308204893,0.28715621545074205,0.958740696982738,1.3903883147382468,0,0,0.0,1.176271808844831e-07,1.341952371447519e-07,0.25658848881721497,-0.015004454180598259,0.076089046895504,-0.015004569664597511,0.07608906924724579,-0.14533597230911255,-0.15645258128643036,-0.14533597230911255,0.1001359149813652
42,back,backward,0.10084662625226018,-0.13033188308204893,0.28715621545074205,0.958740696982738,1.3903883147382468,0,0,0.0,1.176271808844831e-07,1.341952371447519e-07,0.25658851861953735,-0.015004454180598259,0.076089046895504,-0.015004569664597511,0.07608906924724579,-0.14533597230911255,-0.15645258128643036,-0.14533597230911255,-0.4130410850048065
43,front,stay,0.05214812051734037,-0.14055664953355645,0.36488879990103507,0.8693455406929498,-0.5655948676054443,0,0,0.0,1.4790153102239856e-07,1.9347111646084159e-07,0.0,-0.010793878696858883,0.06720779091119766,-0.010793966241180897,0.06720791012048721,0.12976300716400146,0.24290098249912262,0.12976300716400146,0.24290098249912262
43,front,right,0.05214812051734037,-0.14055664953355645,0.36488879990103507,0.8693455406929498,-0.5655948676054443,0,0,0.0,1.4790153102239856e-07,1.9347111646084159e-07,0.25658848881721497,-0.010793878696858883,0.06720779091119766,-0.010793966241180897,0.06720791012048721,0.12976300716400146,0.24290098249912262,0.38635149598121643,0.24290098249912262
43,front,left,0.05214812051734037,-0.14055664953355645,0.36488879990103507,0.8693455406929498,-0.5655948676054443,0,0,0.0,1.4790153102239856e-07,1.9347111646084159e-07,0.25658848881721497,-0.010793878696858883,0.06720779091119766,-0.010793966241180897,0.06720791012048721,0.12976300716400146,0.24290098249912262,-0.1268254816532135,0.24290098249912262
43,front,forward,0.05214812051734037,-0.14055664953355645,0.36488879990103507,0.8693455406929498,-0.5655948676054443,0,0,0.0,1.4790153102239856e-07,1.9347111646084159e-07,0.25658851861953735,-0.010793878696858883,0.06720779091119766,-0.010793966241180897,0.06720791012048721,0.12976300716400146,0.24290098249912262,0.12976300716400146,0.4994894862174988
43,front,backward,0.05214812051734037,-0.14055664953355645,0.36488879990103507,0.8693455406929498,-0.5655948676054443,0,0,0.0,1.4790153102239856e-07,1.9347111646084159e-07,0.25658848881721497,-0.010793878696858883,0.06720779091119766,-0.010793966241180897,0.06720791012048721,0.12976300716400146,0.24290098249912262,0.12976300716400146,-0.013687512837350368
44,left,stay,0.10911698838603201,0.024836554683073886,0.35355309228255416,0.6828638280581648,3.0075726282996103,0,0,0.0,3.2570335406489903e-07,4.6079004656363054e-07,0.0,-0.006575533654540777,-0.09132185578346252,-0.006575592327862978,-0.09132217615842819,-0.24594298005104065,-0.11615771800279617,-0.24594298005104065,-0.11615771800279617
44,left,right,0.10911698838603201,0.024836554683073886,0.35355309228255416,0.6828638280581648,3.0075726282996103,1,69,16.80258882635534,0.13854657113552094,0.003989732597882156,0.2485271543264389,-0.006575533654540777,-0.09132185578346252,0.1319696456193924,-0.09070099890232086,-0.24594298005104065,-0.11615771800279617,0.0025841703172773123,-0.11617935448884964
44,left,left,0.10911698838603201,0.024836554683073886,0.35355309228255416,0.6828638280581648,3.0075726282996103,0,0,0.0,3.2570335406489903e-07,4.6079004656363054e-07,0.25658848881721497,-0.006575533654540777,-0.09132185578346252,-0.006575592327862978,-0.09132217615842819,-0.24594298005104065,-0.11615771800279617,-0.5025314688682556,-0.11615771800279617
44,left,forward,0.10911698838603201,0.024836554683073886,0.35355309228255416,0.6828638280581648,3.0075726282996103,0,0,0.0,3.2570335406489903e-07,4.6079004656363054e-07,0.25658848881721497,-0.006575533654540777,-0.09132185578346252,-0.006575592327862978,-0.09132217615842819,-0.24594298005104065,-0.11615771800279617,-0.24594298005104065,0.1404307782649994
44,left,backward,0.10911698838603201,0.024836554683073886,0.35355309228255416,0.6828638280581648,3.0075726282996103,0,0,0.0,3.2570335406489903e-07,4.6079004656363054e-07,0.25658848881721497,-0.006575533654540777,-0.09132185578346252,-0.006575592327862978,-0.09132217615842819,-0.24594298005104065,-0.11615771800279617,-0.24594298005104065,-0.37274619936943054
45,right,stay,0.019289013635921403,-0.018600015738799353,0.2925964524278909,1.0009550134818648,2.2798372117663632,0,0,0.0,2.4829836320350296e-07,8.397835586926305e-07,0.0,-0.009514438919723034,-0.020748475566506386,-0.009514191187918186,-0.02074849233031273,0.1392725259065628,-0.03934862092137337,0.1392725259065628,-0.03934862092137337
45,right,right,0.019289013635921403,-0.018600015738799353,0.2925964524278909,1.0009550134818648,2.2798372117663632,0,0,0.0,2.4829836320350296e-07,8.397835586926305e-07,0.25658851861953735,-0.009514438919723034,-0.020748475566506386,-0.009514191187918186,-0.02074849233031273,0.1392725259065628,-0.03934862092137337,0.39586102962493896,-0.03934862092137337
45,right,left,0.019289013635921403,-0.018600015738799353,0.2925964524278909,1.0009550134818648,2.2798372117663632,1,109,20.175581023616488,0.21954579651355743,0.00394504611770552,0.24285036325454712,-0.009514438919723034,-0.020748475566506386,-0.22905994951725006,-0.02040022425353527,0.1392725259065628,-0.03934862092137337,-0.10357782989740372,-0.03938048705458641
45,right,forward,0.019289013635921403,-0.018600015738799353,0.2925964524278909,1.0009550134818648,2.2798372117663632,0,0,0.0,2.4829836320350296e-07,8.397835586926305e-07,0.25658848881721497,-0.009514438919723034,-0.020748475566506386,-0.009514191187918186,-0.02074849233031273,0.1392725259065628,-0.03934862092137337,0.1392725259065628,0.2172398716211319
45,right,backward,0.019289013635921403,-0.018600015738799353,0.2925964524278909,1.0009550134818648,2.2798372117663632,0,0,0.0,2.4829836320350296e-07,8.397835586926305e-07,0.25658848881721497,-0.009514438919723034,-0.020748475566506386,-0.009514191187918186,-0.02074849233031273,0.1392725259065628,-0.03934862092137337,0.1392725259065628,-0.29593712091445923
46,back,stay,0.0759418389980864,0.08162867186487446,0.35299443645847467,0.8068073967766866,2.90906854596912,0,0,0.0,3.003425064207477e-08,1.4227730105176306e-11,0.0,0.048487480729818344,-0.03803252428770065,0.048487477004528046,-0.038032494485378265,0.1301162838935852,-0.21734973788261414,0.1301162838935852,-0.21734973788261414
46,back,right,0.0759418389980864,0.08162867186487446,0.35299443645847467,0.8068073967766866,2.90906854596912,0,0,0.0,3.003425064207477e-08,1.4227730105176306e-11,0.25658848881721497,0.048487480729818344,-0.03803252428770065,0.048487477004528046,-0.038032494485378265,0.1301162838935852,-0.21734973788261414,0.38670477271080017,-0.21734973788261414
46,back,left,0.0759418389980864,0.08162867186487446,0.35299443645847467,0.8068073967766866,2.90906854596912,0,0,0.0,3.003425064207477e-08,1.4227730105176306e-11,0.25658848881721497,0.048487480729818344,-0.03803252428770065,0.048487477004528046,-0.038032494485378265,0.1301162838935852,-0.21734973788261414,-0.12647220492362976,-0.21734973788261414
46,back,forward,0.0759418389980864,0.08162867186487446,0.35299443645847467,0.8068073967766866,2.90906854596912,1,84,16.434976835720732,0.1569996327161789,0.1385722108005405,0.24621829390525818,0.048487480729818344,-0.03803252428770065,0.03717959672212601,0.1185593530535698,0.1301162838935852,-0.21734973788261414,0.13202084600925446,0.02886117435991764
46,back,backward,0.0759418389980864,0.08162867186487446,0.35299443645847467,0.8068073967766866,2.90906854596912,0,0,0.0,3.003425064207477e-08,1.4227730105176306e-11,0.25658848881721497,0.048487480729818344,-0.03803252428770065,0.048487477004528046,-0.038032494485378265,0.1301162838935852,-0.21734973788261414,0.1301162838935852,-0.4739382266998291
47,front,stay,0.04850903572624364,-0.02449282298614386,0.31655632885427837,0.6775894003550652,-2.684445578132087,0,0,0.0,5.591039098362671e-08,4.568720255448966e-07,0.0,-0.027069976553320885,-0.05593326315283775,-0.027069978415966034,-0.055933207273483276,-0.002577122300863266,0.11047279834747314,-0.002577122300863266,0.11047279834747314
47,front,right,0.04850903572624364,-0.02449282298614386,0.31655632885427837,0.6775894003550652,-2.684445578132087,0,0,0.0,5.591039098362671e-08,4.568720255448966e-07,0.25658848881721497,-0.027069976553320885,-0.05593326315283775,-0.027069978415966034,-0.055933207273483276,-0.002577122300863266,0.11047279834747314,0.2540113627910614,0.11047279834747314
47,front,left,0.04850903572624364,-0.02449282298614386,0.31655632885427837,0.6775894003550652,-2.684445578132087,0,0,0.0,5.591039098362671e-08,4.568720255448966e-07,0.25658848881721497,-0.027069976553320885,-0.05593326315283775,-0.027069978415966034,-0.055933207273483276,-0.002577122300863266,0.11047279834747314,-0.25916561484336853,0.11047279834747314
47,front,forward,0.04850903572624364,-0.02449282298614386,0.31655632885427837,0.6775894003550652,-2.684445578132087,0,0,0.0,5.591039098362671e-08,4.568720255448966e-07,0.25658848881721497,-0.027069976553320885,-0.05593326315283775,-0.027069978415966034,-0.055933207273483276,-0.002577122300863266,0.11047279834747314,-0.002577122300863266,0.3670612871646881
47,front,backward,0.04850903572624364,-0.02449282298614386,0.31655632885427837,0.6775894003550652,-2.684445578132087,1,92,19.457762626143612,0.1874384731054306,0.006640711254874088,0.24731461703777313,-0.027069976553320885,-0.05593326315283775,-0.027576999738812447,-0.24337105453014374,-0.002577122300863266,0.11047279834747314,-0.0025186201091855764,-0.1368418037891388
48,left,stay,0.09508612371098754,-0.1342470461628938,0.3636553576970985,0.9634932869519848,1.7591404682607727,0,0,0.0,1.5577995782223297e-06,3.968770264206611e-06,0.0,0.04489092901349068,-0.08038964122533798,0.04489244520664215,-0.08038999885320663,-0.15031442046165466,0.05385744571685791,-0.15031442046165466,0.05385744571685791
48,left,right,0.09508612371098754,-0.1342470461628938,0.3636553576970985,0.9634932869519848,1.7591404682607727,0,0,0.0,1.5577995782223297e-06,3.968770264206611e-06,0.25658848881721497,0.04489092901349068,-0.08038964122533798,0.04489244520664215,-0.08038999885320663,-0.15031442046165466,0.05385744571685791,0.1062740758061409,0.05385744571685791
48,left,left,0.09508612371098754,-0.1342470461628938,0.3636553576970985,0.9634932869519848,1.7591404682607727,0,0,0.0,1.5577995782223297e-06,3.968770264206611e-06,0.25658848881721497,0.04489092901349068,-0.08038964122533798,0.04489244520664215,-0.08038999885320663,-0.15031442046165466,0.05385744571685791,-0.40690290927886963,0.05385744571685791
48,left,forward,0.09508612371098754,-0.1342470461628938,0.3636553576970985,0.9634932869519848,1.7591404682607727,0,0,0.0,1.5577995782223297e-06,3.968770264206611e-06,0.25658848881721497,0.04489092901349068,-0.08038964122533798,0.04489244520664215,-0.08038999885320663,-0.15031442046165466,0.05385744571685791,-0.15031442046165466,0.3104459345340729
48,left,backward,0.09508612371098754,-0.1342470461628938,0.3636553576970985,0.9634932869519848,1.7591404682607727,0,0,0.0,1.5577995782223297e-06,3.968770264206611e-06,0.25658848881721497,0.04489092901349068,-0.08038964122533798,0.04489244520664215,-0.08038999885320663,-0.15031442046165466,0.05385744571685791,-0.15031442046165466,-0.20273104310035706
49,right,stay,0.0907909988506612,0.11190574338785689,0.33544611140386255,0.7409215953633878,1.7309471938804357,0,0,0.0,1.4846344811303425e-06,4.141882582686662e-06,0.0,0.09115679562091827,0.016502579674124718,0.09115824103355408,0.016502240672707558,0.2799263894557953,0.12840837240219116,0.2799263894557953,0.12840837240219116
49,right,right,0.0907909988506612,0.11190574338785689,0.33544611140386255,0.7409215953633878,1.7309471938804357,0,0,0.0,1.4846344811303425e-06,4.141882582686662e-06,0.25658848881721497,0.09115679562091827,0.016502579674124718,0.09115824103355408,0.016502240672707558,0.2799263894557953,0.12840837240219116,0.5365148782730103,0.12840837240219116
49,right,left,0.0907909988506612,0.11190574338785689,0.33544611140386255,0.7409215953633878,1.7309471938804357,1,62,13.772958779776827,0.09744231402873993,0.27211229273311766,0.2500259280204773,0.09115679562091827,0.016502579674124718,-0.0059722671285271645,0.008695590309798717,0.2799263894557953,0.12840837240219116,0.029906097799539566,0.13008736073970795
49,right,forward,0.0907909988506612,0.11190574338785689,0.33544611140386255,0.7409215953633878,1.7309471938804357,0,0,0.0,1.4846344811303425e-06,4.141882582686662e-06,0.25658848881721497,0.09115679562091827,0.016502579674124718,0.09115824103355408,0.016502240672707558,0.2799263894557953,0.12840837240219116,0.2799263894557953,0.38499686121940613
49,right,backward,0.0907909988506612,0.11190574338785689,0.33544611140386255,0.7409215953633878,1.7309471938804357,0,0,0.0,1.4846344811303425e-06,4.141882582686662e-06,0.25658848881721497,0.09115679562091827,0.016502579674124718,0.09115824103355408,0.016502240672707558,0.2799263894557953,0.12840837240219116,0.2799263894557953,-0.1281801164150238
50,back,stay,0.09186144119083967,0.02454518354431512,0.3360672181672379,0.8006659453461626,-2.542720219813361,0,0,0.0,6.746788017153449e-08,3.386854290354791e-07,0.0,0.029148323461413383,0.09408913552761078,0.029148316010832787,0.09408920258283615,0.05369357019662857,-0.12285680323839188,0.05369357019662857,-0.12285680323839188
50,back,right,0.09186144119083967,0.02454518354431512,0.3360672181672379,0.8006659453461626,-2.542720219813361,0,0,0.0,6.746788017153449e-08,3.386854290354791e-07,0.25658848881721497,0.029148323461413383,0.09408913552761078,0.029148316010832787,0.09408920258283615,0.05369357019662857,-0.12285680323839188,0.31028205156326294,-0.12285680323839188
50,back,left,0.09186144119083967,0.02454518354431512,0.3360672181672379,0.8006659453461626,-2.542720219813361,0,0,0.0,6.746788017153449e-08,3.386854290354791e-07,0.25658848881721497,0.029148323461413383,0.09408913552761078,0.029148316010832787,0.09408920258283615,0.05369357019662857,-0.12285680323839188,-0.202894926071167,-0.12285680323839188
50,back,forward,0.09186144119083967,0.02454518354431512,0.3360672181672379,0.8006659453461626,-2.542720219813361,1,59,17.84292021665438,0.11792697012424469,0.006934581605051893,0.24891844391822815,0.029148323461413383,0.09408913552761078,0.028586147353053093,0.21201476454734802,0.05369357019662857,-0.12285680323839188,0.05374648794531822,0.12606164813041687
50,back,backward,0.09186144119083967,0.02454518354431512,0.3360672181672379,0.8006659453461626,-2.542720219813361,0,0,0.0,6.746788017153449e-08,3.386854290354791e-07,0.25658848881721497,0.029148323461413383,0.09408913552761078,0.029148316010832787,0.09408920258283615,0.05369357019662857,-0.12285680323839188,0.05369357019662857,-0.37944528460502625
51,front,stay,0.09929581651543264,0.04775567134861167,0.24339201998203797,0.6832174000734651,0.6402330695167335,0,0,0.0,8.97168703772877e-08,3.3126309595399306e-07,0.0,-0.09173943847417831,-0.07852298021316528,-0.09173943102359772,-0.07852306962013245,-0.13949516415596008,0.14763864874839783,-0.13949516415596008,0.14763864874839783
51,front,right,0.09929581651543264,0.04775567134861167,0.24339201998203797,0.6832174000734651,0.6402330695167335,0,0,0.0,8.97168703772877e-08,3.3126309595399306e-07,0.25658848881721497,-0.09173943847417831,-0.07852298021316528,-0.09173943102359772,-0.07852306962013245,-0.13949516415596008,0.14763864874839783,0.11709333211183548,0.14763864874839783
51,front,left,0.09929581651543264,0.04775567134861167,0.24339201998203797,0.6832174000734651,0.6402330695167335,0,0,0.0,8.97168703772877e-08,3.3126309595399306e-07,0.25658848881721497,-0.09173943847417831,-0.07852298021316528,-0.09173943102359772,-0.07852306962013245,-0.13949516415596008,0.14763864874839783,-0.39608365297317505,0.14763864874839783
51,front,forward,0.09929581651543264,0.04775567134861167,0.24339201998203797,0.6832174000734651,0.6402330695167335,0,0,0.0,8.97168703772877e-08,3.3126309595399306e-07,0.25658848881721497,-0.09173943847417831,-0.07852298021316528,-0.09173943102359772,-0.07852306962013245,-0.13949516415596008,0.14763864874839783,-0.13949516415596008,0.4042271375656128
51,front,backward,0.09929581651543264,0.04775567134861167,0.24339201998203797,0.6832174000734651,0.6402330695167335,1,47,16.807902034180636,0.0914720669388771,0.018646565408118706,0.25242796540260315,-0.09173943847417831,-0.07852298021316528,-0.08498863130807877,-0.16974559426307678,-0.13949516415596008,0.14763864874839783,-0.1399099975824356,-0.10478897392749786
52,left,stay,0.11077018428024686,0.08671807419483349,0.3239514204296989,1.0248906590134503,-2.6939240505564497,0,0,0.0,1.5359765015432458e-08,3.1604051775602215e-07,0.0,-0.04218624532222748,0.057823747396469116,-0.04218624159693718,0.05782373249530792,-0.2890593409538269,-0.028894644230604172,-0.2890593409538269,-0.028894644230604172
52,left,right,0.11077018428024686,0.08671807419483349,0.3239514204296989,1.0248906590134503,-2.6939240505564497,1,50,17.491998790996515,0.08045942336320877,0.21720610199395243,0.24944864213466644,-0.04218624532222748,0.057823747396469116,0.03650054708123207,0.07461980730295181,-0.2890593409538269,-0.028894644230604172,-0.03961855545639992,-0.030874747782945633
52,left,left,0.11077018428024686,0.08671807419483349,0.3239514204296989,1.0248906590134503,-2.6939240505564497,0,0,0.0,1.5359765015432458e-08,3.1604051775602215e-07,0.25658851861953735,-0.04218624532222748,0.057823747396469116,-0.04218624159693718,0.05782373249530792,-0.2890593409538269,-0.028894644230604172,-0.5456478595733643,-0.028894644230604172
52,left,forward,0.11077018428024686,0.08671807419483349,0.3239514204296989,1.0248906590134503,-2.6939240505564497,0,0,0.0,1.5359765015432458e-08,3.1604051775602215e-07,0.25658848881721497,-0.04218624532222748,0.057823747396469116,-0.04218624159693718,0.05782373249530792,-0.2890593409538269,-0.028894644230604172,-0.2890593409538269,0.2276938557624817
52,left,backward,0.11077018428024686,0.08671807419483349,0.3239514204296989,1.0248906590134503,-2.6939240505564497,0,0,0.0,1.5359765015432458e-08,3.1604051775602215e-07,0.25658851861953735,-0.04218624532222748,0.057823747396469116,-0.04218624159693718,0.05782373249530792,-0.2890593409538269,-0.028894644230604172,-0.2890593409538269,-0.28548315167427063
53,right,stay,0.06442608659626735,0.0564921874731496,0.31164691206067896,1.0078795883275158,0.7670309822372361,0,0,0.0,1.4375288515111606e-07,5.00743474796117e-07,0.0,0.08092227578163147,-0.012244153767824173,0.08092224597930908,-0.01224429439753294,0.27777618169784546,0.04424823075532913,0.27777618169784546,0.04424823075532913
53,right,right,0.06442608659626735,0.0564921874731496,0.31164691206067896,1.0078795883275158,0.7670309822372361,0,0,0.0,1.4375288515111606e-07,5.00743474796117e-07,0.25658851861953735,0.08092227578163147,-0.012244153767824173,0.08092224597930908,-0.01224429439753294,0.27777618169784546,0.04424823075532913,0.5343647003173828,0.04424823075532913
53,right,left,0.06442608659626735,0.0564921874731496,0.31164691206067896,1.0078795883275158,0.7670309822372361,1,84,14.178662496464135,0.15876193344593048,0.1513657113141067,0.24519695341587067,0.08092227578163147,-0.012244153767824173,-0.07709579914808273,-0.02759469859302044,0.27777618169784546,0.04424823075532913,0.03258481249213219,0.045903291553258896
53,right,forward,0.06442608659626735,0.0564921874731496,0.31164691206067896,1.0078795883275158,0.7670309822372361,0,0,0.0,1.4375288515111606e-07,5.00743474796117e-07,0.25658848881721497,0.08092227578163147,-0.012244153767824173,0.08092224597930908,-0.01224429439753294,0.27777618169784546,0.04424823075532913,0.27777618169784546,0.3008367121219635
53,right,backward,0.06442608659626735,0.0564921874731496,0.31164691206067896,1.0078795883275158,0.7670309822372361,0,0,0.0,1.4375288515111606e-07,5.00743474796117e-07,0.25658848881721497,0.08092227578163147,-0.012244153767824173,0.08092224597930908,-0.01224429439753294,0.27777618169784546,0.04424823075532913,0.27777618169784546,-0.21234026551246643
54,back,stay,0.10243037225712107,0.12904786998082865,0.2321574462266028,0.8395051417870413,-1.1235153985863136,0,0,0.0,4.817305807591765e-07,1.8987327394803797e-06,0.0,0.057701319456100464,-0.06125743314623833,0.05770083889365196,-0.06125746667385101,0.186749666929245,-0.299789160490036,0.186749666929245,-0.299789160490036
54,back,right,0.10243037225712107,0.12904786998082865,0.2321574462266028,0.8395051417870413,-1.1235153985863136,0,0,0.0,4.817305807591765e-07,1.8987327394803797e-06,0.25658848881721497,0.057701319456100464,-0.06125743314623833,0.05770083889365196,-0.06125746667385101,0.186749666929245,-0.299789160490036,0.44333815574645996,-0.299789160490036
54,back,left,0.10243037225712107,0.12904786998082865,0.2321574462266028,0.8395051417870413,-1.1235153985863136,0,0,0.0,4.817305807591765e-07,1.8987327394803797e-06,0.25658848881721497,0.057701319456100464,-0.06125743314623833,0.05770083889365196,-0.06125746667385101,0.186749666929245,-0.299789160490036,-0.06983882933855057,-0.299789160490036
54,back,forward,0.10243037225712107,0.12904786998082865,0.2321574462266028,0.8395051417870413,-1.1235153985863136,0,0,0.0,4.817305807591765e-07,1.8987327394803797e-06,0.25658848881721497,0.057701319456100464,-0.06125743314623833,0.05770083889365196,-0.06125746667385101,0.186749666929245,-0.299789160490036,0.186749666929245,-0.04320066422224045
54,back,backward,0.10243037225712107,0.12904786998082865,0.2321574462266028,0.8395051417870413,-1.1235153985863136,0,0,0.0,4.817305807591765e-07,1.8987327394803797e-06,0.25658848881721497,0.057701319456100464,-0.06125743314623833,0.05770083889365196,-0.06125746667385101,0.186749666929245,-0.299789160490036,0.186749666929245,-0.556377649307251
55,front,stay,0.025544882692399525,0.043549906912547925,0.36956598684468733,0.6547273663080062,-0.6701484593000777,0,0,0.0,2.385426967066451e-07,8.417617918254905e-07,0.0,0.0025123797822743654,0.032616473734378815,0.0025121753569692373,0.032616596668958664,-0.04103730246424675,0.1862228661775589,-0.04103730246424675,0.1862228661775589
55,front,right,0.025544882692399525,0.043549906912547925,0.36956598684468733,0.6547273663080062,-0.6701484593000777,0,0,0.0,2.385426967066451e-07,8.417617918254905e-07,0.25658848881721497,0.0025123797822743654,0.032616473734378815,0.0025121753569692373,0.032616596668958664,-0.04103730246424675,0.1862228661775589,0.2155511975288391,0.1862228661775589
55,front,left,0.025544882692399525,0.043549906912547925,0.36956598684468733,0.6547273663080062,-0.6701484593000777,0,0,0.0,2.385426967066451e-07,8.417617918254905e-07,0.25658851861953735,0.0025123797822743654,0.032616473734378815,0.0025121753569692373,0.032616596668958664,-0.04103730246424675,0.1862228661775589,-0.2976258099079132,0.1862228661775589
55,front,forward,0.025544882692399525,0.043549906912547925,0.36956598684468733,0.6547273663080062,-0.6701484593000777,0,0,0.0,2.385426967066451e-07,8.417617918254905e-07,0.25658851861953735,0.0025123797822743654,0.032616473734378815,0.0025121753569692373,0.032616596668958664,-0.04103730246424675,0.1862228661775589,-0.04103730246424675,0.44281136989593506
55,front,backward,0.025544882692399525,0.043549906912547925,0.36956598684468733,0.6547273663080062,-0.6701484593000777,1,108,17.458699534803852,0.21759064495563507,0.01807730310600364,0.24466785788536072,0.0025123797822743654,0.032616473734378815,0.004691715817898512,-0.18496324121952057,-0.04103730246424675,0.1862228661775589,-0.04120263829827309,-0.058444950729608536
56,left,stay,0.08489865875448482,-0.031844971330812766,0.22386686857867547,0.7071615256100017,-2.147304269619881,0,0,0.0,4.984794941265136e-07,5.289538358432821e-07,0.0,0.053345341235399246,-0.06934322416782379,0.053345635533332825,-0.06934282183647156,-0.15561360120773315,-0.03749847784638405,-0.15561360120773315,-0.03749847784638405
56,left,right,0.08489865875448482,-0.031844971330812766,0.22386686857867547,0.7071615256100017,-2.147304269619881,1,60,16.748806001024896,0.12256184965372086,0.007085862810627397,0.2518364191055298,0.053345341235399246,-0.06934322416782379,0.17589616775512695,-0.07098644971847534,-0.15561360120773315,-0.03749847784638405,0.09622279554605484,-0.03740835189819336
56,left,left,0.08489865875448482,-0.031844971330812766,0.22386686857867547,0.7071615256100017,-2.147304269619881,0,0,0.0,4.984794941265136e-07,5.289538358432821e-07,0.25658848881721497,0.053345341235399246,-0.06934322416782379,0.053345635533332825,-0.06934282183647156,-0.15561360120773315,-0.03749847784638405,-0.4122020900249481,-0.03749847784638405
56,left,forward,0.08489865875448482,-0.031844971330812766,0.22386686857867547,0.7071615256100017,-2.147304269619881,0,0,0.0,4.984794941265136e-07,5.289538358432821e-07,0.25658848881721497,0.053345341235399246,-0.06934322416782379,0.053345635533332825,-0.06934282183647156,-0.15561360120773315,-0.03749847784638405,-0.15561360120773315,0.21909001469612122
56,left,backward,0.08489865875448482,-0.031844971330812766,0.22386686857867547,0.7071615256100017,-2.147304269619881,0,0,0.0,4.984794941265136e-07,5.289538358432821e-07,0.25658848881721497,0.053345341235399246,-0.06934322416782379,0.053345635533332825,-0.06934282183647156,-0.15561360120773315,-0.03749847784638405,-0.15561360120773315,-0.2940869629383087
57,right,stay,0.07068567160354851,-0.026701970502143027,0.366798792324972,1.0461456450709452,-0.9855562282310673,0,0,0.0,3.1610136375093134e-07,1.005178693058717e-06,0.0,0.08347659558057785,0.0866255909204483,0.08347628265619278,0.08662554621696472,0.278627872467041,0.05992377549409866,0.278627872467041,0.05992377549409866
57,right,right,0.07068567160354851,-0.026701970502143027,0.366798792324972,1.0461456450709452,-0.9855562282310673,0,0,0.0,3.1610136375093134e-07,1.005178693058717e-06,0.25658851861953735,0.08347659558057785,0.0866255909204483,0.08347628265619278,0.08662554621696472,0.278627872467041,0.05992377549409866,0.5352163910865784,0.05992377549409866
57,right,left,0.07068567160354851,-0.026701970502143027,0.366798792324972,1.0461456450709452,-0.9855562282310673,1,85,15.204877184117624,0.16636954247951508,0.011167180117641062,0.242225781083107,0.08347659558057785,0.0866255909204483,-0.08288571983575821,0.08817605674266815,0.278627872467041,0.05992377549409866,0.03640216961503029,0.05972759798169136
57,right,forward,0.07068567160354851,-0.026701970502143027,0.366798792324972,1.0461456450709452,-0.9855562282310673,0,0,0.0,3.1610136375093134e-07,1.005178693058717e-06,0.25658848881721497,0.08347659558057785,0.0866255909204483,0.08347628265619278,0.08662554621696472,0.278627872467041,0.05992377549409866,0.278627872467041,0.31651225686073303
57,right,backward,0.07068567160354851,-0.026701970502143027,0.366798792324972,1.0461456450709452,-0.9855562282310673,0,0,0.0,3.1610136375093134e-07,1.005178693058717e-06,0.25658848881721497,0.08347659558057785,0.0866255909204483,0.08347628265619278,0.08662554621696472,0.278627872467041,0.05992377549409866,0.278627872467041,-0.1966647207736969
58,back,stay,0.039804825172785066,-0.0848408850303301,0.344640642822935,0.9521145840076405,-2.3761116355665823,0,0,0.0,1.4708116680139938e-07,5.000790559428481e-07,0.0,0.005805566906929016,-0.02501341514289379,0.005805599503219128,-0.0250132717192173,-0.07903529703617096,-0.19616077840328217,-0.07903529703617096,-0.19616077840328217
58,back,right,0.039804825172785066,-0.0848408850303301,0.344640642822935,0.9521145840076405,-2.3761116355665823,0,0,0.0,1.4708116680139938e-07,5.000790559428481e-07,0.25658848881721497,0.005805566906929016,-0.02501341514289379,0.005805599503219128,-0.0250132717192173,-0.07903529703617096,-0.19616077840328217,0.177553191781044,-0.19616077840328217
58,back,left,0.039804825172785066,-0.0848408850303301,0.344640642822935,0.9521145840076405,-2.3761116355665823,0,0,0.0,1.4708116680139938e-07,5.000790559428481e-07,0.25658851861953735,0.005805566906929016,-0.02501341514289379,0.005805599503219128,-0.0250132717192173,-0.07903529703617096,-0.19616077840328217,-0.3356238007545471,-0.19616077840328217
58,back,forward,0.039804825172785066,-0.0848408850303301,0.344640642822935,0.9521145840076405,-2.3761116355665823,1,83,18.31295952355968,0.13312719762325287,0.3402664350732043,0.24545377492904663,0.005805566906929016,-0.02501341514289379,0.029494741931557655,0.10598915070295334,-0.07903529703617096,-0.19616077840328217,-0.08203308284282684,0.049274690449237823
58,back,backward,0.039804825172785066,-0.0848408850303301,0.344640642822935,0.9521145840076405,-2.3761116355665823,0,0,0.0,1.4708116680139938e-07,5.000790559428481e-07,0.25658851861953735,0.005805566906929016,-0.02501341514289379,0.005805599503219128,-0.0250132717192173,-0.07903529703617096,-0.19616077840328217,-0.07903529703617096,-0.4527492821216583
59,front,stay,0.019262999609828857,0.03703910446967518,0.25106566962723487,0.9060344770472153,3.022637102384998,0,0,0.0,6.27499275651644e-07,6.506698051467197e-07,0.0,0.08520865440368652,0.011855065822601318,0.08520854264497757,0.011854448355734348,0.04816972091794014,0.12588809430599213,0.04816972091794014,0.12588809430599213
59,front,right,0.019262999609828857,0.03703910446967518,0.25106566962723487,0.9060344770472153,3.022637102384998,0,0,0.0,6.27499275651644e-07,6.506698051467197e-07,0.25658848881721497,0.08520865440368652,0.011855065822601318,0.08520854264497757,0.011854448355734348,0.04816972091794014,0.12588809430599213,0.304758220911026,0.12588809430599213
59,front,left,0.019262999609828857,0.03703910446967518,0.25106566962723487,0.9060344770472153,3.022637102384998,0,0,0.0,6.27499275651644e-07,6.506698051467197e-07,0.25658848881721497,0.08520865440368652,0.011855065822601318,0.08520854264497757,0.011854448355734348,0.04816972091794014,0.12588809430599213,-0.20841877162456512,0.12588809430599213
59,front,forward,0.019262999609828857,0.03703910446967518,0.25106566962723487,0.9060344770472153,3.022637102384998,0,0,0.0,6.27499275651644e-07,6.506698051467197e-07,0.25658851861953735,0.08520865440368652,0.011855065822601318,0.08520854264497757,0.011854448355734348,0.04816972091794014,0.12588809430599213,0.04816972091794014,0.3824765980243683
59,front,backward,0.019262999609828857,0.03703910446967518,0.25106566962723487,0.9060344770472153,3.022637102384998,1,109,15.10060480110049,0.22145728766918182,0.01162283245733553,0.2458973228931427,0.08520865440368652,0.011855065822601318,0.08614128828048706,-0.20960025489330292,0.04816972091794014,0.12588809430599213,0.04799726977944374,-0.1200091615319252
60,left,stay,0.0820697079706861,0.07676121175436085,0.2894517064862114,0.7278670106646368,2.5143424543313335,0,0,0.0,2.1089881840907765e-07,6.320014271921082e-07,0.0,0.06937545537948608,-0.042416688054800034,0.06937562674283981,-0.04241681098937988,-0.1479257047176361,-0.11917781829833984,-0.1479257047176361,-0.11917781829833984
60,left,right,0.0820697079706861,0.07676121175436085,0.2894517064862114,0.7278670106646368,2.5143424543313335,1,37,8.133877404911654,0.0454559363424778,0.05391905843310507,0.2530611753463745,0.06937545537948608,-0.042416688054800034,0.11023613810539246,-0.022500699386000633,-0.1479257047176361,-0.11917781829833984,0.10513267666101456,-0.12037181109189987
60,left,left,0.0820697079706861,0.07676121175436085,0.2894517064862114,0.7278670106646368,2.5143424543313335,0,0,0.0,2.1089881840907765e-07,6.320014271921082e-07,0.25658848881721497,0.06937545537948608,-0.042416688054800034,0.06937562674283981,-0.04241681098937988,-0.1479257047176361,-0.11917781829833984,-0.4045141935348511,-0.11917781829833984
60,left,forward,0.0820697079706861,0.07676121175436085,0.2894517064862114,0.7278670106646368,2.5143424543313335,0,0,0.0,2.1089881840907765e-07,6.320014271921082e-07,0.25658848881721497,0.06937545537948608,-0.042416688054800034,0.06937562674283981,-0.04241681098937988,-0.1479257047176361,-0.11917781829833984,-0.1479257047176361,0.13741067051887512
60,left,backward,0.0820697079706861,0.07676121175436085,0.2894517064862114,0.7278670106646368,2.5143424543313335,0,0,0.0,2.1089881840907765e-07,6.320014271921082e-07,0.25658848881721497,0.06937545537948608,-0.042416688054800034,0.06937562674283981,-0.04241681098937988,-0.1479257047176361,-0.11917781829833984,-0.1479257047176361,-0.3757663071155548
61,right,stay,0.11263239773278716,-0.11554564271486793,0.31920984725192886,0.8671178468751468,0.6154461832231357,0,0,0.0,4.5320113883917656e-08,3.093710404522554e-07,0.0,0.09803307056427002,0.057495106011629105,0.09803307801485062,0.05749506130814552,0.3460488021373749,-0.058050256222486496,0.3460488021373749,-0.058050256222486496
61,right,right,0.11263239773278716,-0.11554564271486793,0.31920984725192886,0.8671178468751468,0.6154461832231357,0,0,0.0,4.5320113883917656e-08,3.093710404522554e-07,0.25658848881721497,0.09803307056427002,0.057495106011629105,0.09803307801485062,0.05749506130814552,0.3460488021373749,-0.058050256222486496,0.6026372909545898,-0.058050256222486496
61,right,left,0.11263239773278716,-0.11554564271486793,0.31920984725192886,0.8671178468751468,0.6154461832231357,0,0,0.0,4.5320113883917656e-08,3.093710404522554e-07,0.25658848881721497,0.09803307056427002,0.057495106011629105,0.09803307801485062,0.05749506130814552,0.3460488021373749,-0.058050256222486496,0.08946030586957932,-0.058050256222486496
61,right,forward,0.11263239773278716,-0.11554564271486793,0.31920984725192886,0.8671178468751468,0.6154461832231357,0,0,0.0,4.5320113883917656e-08,3.093710404522554e-07,0.25658848881721497,0.09803307056427002,0.057495106011629105,0.09803307801485062,0.05749506130814552,0.3460488021373749,-0.058050256222486496,0.3460488021373749,0.19853824377059937
61,right,backward,0.11263239773278716,-0.11554564271486793,0.31920984725192886,0.8671178468751468,0.6154461832231357,0,0,0.0,4.5320113883917656e-08,3.093710404522554e-07,0.25658851861953735,0.09803307056427002,0.057495106011629105,0.09803307801485062,0.05749506130814552,0.3460488021373749,-0.058050256222486496,0.3460488021373749,-0.31463876366615295
62,back,stay,0.024240810059274007,0.10569115706546703,0.34277669415203094,0.6792675426777818,-0.8825623204603823,0,0,0.0,2.384185791015625e-07,8.02925168019719e-07,0.0,-0.06058670952916145,-0.09133052825927734,-0.060586947947740555,-0.09133052825927734,0.045104946941137314,-0.24980539083480835,0.045104946941137314,-0.24980539083480835
62,back,right,0.024240810059274007,0.10569115706546703,0.34277669415203094,0.6792675426777818,-0.8825623204603823,0,0,0.0,2.384185791015625e-07,8.02925168019719e-07,0.25658848881721497,-0.06058670952916145,-0.09133052825927734,-0.060586947947740555,-0.09133052825927734,0.045104946941137314,-0.24980539083480835,0.3016934394836426,-0.24980539083480835
62,back,left,0.024240810059274007,0.10569115706546703,0.34277669415203094,0.6792675426777818,-0.8825623204603823,0,0,0.0,2.384185791015625e-07,8.02925168019719e-07,0.25658848881721497,-0.06058670952916145,-0.09133052825927734,-0.060586947947740555,-0.09133052825927734,0.045104946941137314,-0.24980539083480835,-0.21148355305194855,-0.24980539083480835
62,back,forward,0.024240810059274007,0.10569115706546703,0.34277669415203094,0.6792675426777818,-0.8825623204603823,1,81,14.330223958333734,0.11206744611263275,0.4015390872553226,0.24920862913131714,-0.06058670952916145,-0.09133052825927734,-0.08340223133563995,0.01838986575603485,0.045104946941137314,-0.24980539083480835,0.04767386615276337,-0.0006099951569922268
62,back,backward,0.024240810059274007,0.10569115706546703,0.34277669415203094,0.6792675426777818,-0.8825623204603823,0,0,0.0,2.384185791015625e-07,8.02925168019719e-07,0.25658851861953735,-0.06058670952916145,-0.09133052825927734,-0.060586947947740555,-0.09133052825927734,0.045104946941137314,-0.24980539083480835,0.045104946941137314,-0.5063939094543457
63,front,stay,0.09032064131128074,-0.034164242566993755,0.30136874768038685,0.786866422079542,0.49499646470625347,0,0,0.0,2.239535490389244e-08,3.822440597933685e-07,0.0,0.0017342733917757869,0.06171067804098129,0.001734271994791925,0.0617106556892395,0.035898469388484955,0.2720077335834503,0.035898469388484955,0.2720077335834503
63,front,right,0.09032064131128074,-0.034164242566993755,0.30136874768038685,0.786866422079542,0.49499646470625347,0,0,0.0,2.239535490389244e-08,3.822440597933685e-07,0.25658848881721497,0.0017342733917757869,0.06171067804098129,0.001734271994791925,0.0617106556892395,0.035898469388484955,0.2720077335834503,0.2924869656562805,0.2720077335834503
63,front,left,0.09032064131128074,-0.034164242566993755,0.30136874768038685,0.786866422079542,0.49499646470625347,0,0,0.0,2.239535490389244e-08,3.822440597933685e-07,0.25658848881721497,0.0017342733917757869,0.06171067804098129,0.001734271994791925,0.0617106556892395,0.035898469388484955,0.2720077335834503,-0.2206900268793106,0.2720077335834503
63,front,forward,0.09032064131128074,-0.034164242566993755,0.30136874768038685,0.786866422079542,0.49499646470625347,0,0,0.0,2.239535490389244e-08,3.822440597933685e-07,0.25658848881721497,0.0017342733917757869,0.06171067804098129,0.001734271994791925,0.0617106556892395,0.035898469388484955,0.2720077335834503,0.035898469388484955,0.5285962224006653
63,front,backward,0.09032064131128074,-0.034164242566993755,0.30136874768038685,0.786866422079542,0.49499646470625347,1,76,13.662656321140231,0.15249411761760712,0.014026765599602531,0.2483159303665161,0.0017342733917757869,0.06171067804098129,0.00037018253351561725,-0.09077733755111694,0.035898469388484955,0.2720077335834503,0.03603268042206764,0.02369183488190174
64,left,stay,0.07692513615808387,0.10462404477127107,0.263548909564092,0.7732254227542588,1.1140019822936926,0,0,0.0,1.3033192658440385e-07,3.200646234713389e-07,0.0,0.032146845012903214,0.09698986262083054,0.03214673325419426,0.09698992967605591,-0.16265559196472168,-0.007634177803993225,-0.16265559196472168,-0.007634177803993225
64,left,right,0.07692513615808387,0.10462404477127107,0.263548909564092,0.7732254227542588,1.1140019822936926,1,63,10.129956245216412,0.07686248421669006,0.07496016765283042,0.2519099712371826,0.032146845012903214,0.09698986262083054,0.10614471882581711,0.1177782267332077,-0.16265559196472168,-0.007634177803993225,0.08924206346273422,-0.010125922039151192
64,left,left,0.07692513615808387,0.10462404477127107,0.263548909564092,0.7732254227542588,1.1140019822936926,0,0,0.0,1.3033192658440385e-07,3.200646234713389e-07,0.25658848881721497,0.032146845012903214,0.09698986262083054,0.03214673325419426,0.09698992967605591,-0.16265559196472168,-0.007634177803993225,-0.41924408078193665,-0.007634177803993225
64,left,forward,0.07692513615808387,0.10462404477127107,0.263548909564092,0.7732254227542588,1.1140019822936926,0,0,0.0,1.3033192658440385e-07,3.200646234713389e-07,0.25658848881721497,0.032146845012903214,0.09698986262083054,0.03214673325419426,0.09698992967605591,-0.16265559196472168,-0.007634177803993225,-0.16265559196472168,0.24895431101322174
64,left,backward,0.07692513615808387,0.10462404477127107,0.263548909564092,0.7732254227542588,1.1140019822936926,0,0,0.0,1.3033192658440385e-07,3.200646234713389e-07,0.25658851861953735,0.032146845012903214,0.09698986262083054,0.03214673325419426,0.09698992967605591,-0.16265559196472168,-0.007634177803993225,-0.16265559196472168,-0.2642226815223694
65,right,stay,0.025328045450383987,0.11532653477739294,0.27763956705940374,0.7208301066509283,-1.5370381153195711,0,0,0.0,7.703000619585509e-07,2.9684104014826573e-06,0.0,0.039464253932237625,0.018240898847579956,0.03946350887417793,0.018241094425320625,0.15263564884662628,0.13356740772724152,0.15263564884662628,0.13356740772724152
65,right,right,0.025328045450383987,0.11532653477739294,0.27763956705940374,0.7208301066509283,-1.5370381153195711,0,0,0.0,7.703000619585509e-07,2.9684104014826573e-06,0.25658851861953735,0.039464253932237625,0.018240898847579956,0.03946350887417793,0.018241094425320625,0.15263564884662628,0.13356740772724152,0.40922415256500244,0.13356740772724152
65,right,left,0.025328045450383987,0.11532653477739294,0.27763956705940374,0.7208301066509283,-1.5370381153195711,1,100,10.329313368031709,0.1377989798784256,0.6566795277840929,0.24924378097057343,0.039464253932237625,0.018240898847579956,-0.0979590192437172,0.008072158321738243,0.15263564884662628,0.13356740772724152,-0.09659525752067566,0.13610050082206726
65,right,forward,0.025328045450383987,0.11532653477739294,0.27763956705940374,0.7208301066509283,-1.5370381153195711,0,0,0.0,7.703000619585509e-07,2.9684104014826573e-06,0.25658851861953735,0.039464253932237625,0.018240898847579956,0.03946350887417793,0.018241094425320625,0.15263564884662628,0.13356740772724152,0.15263564884662628,0.3901559114456177
65,right,backward,0.025328045450383987,0.11532653477739294,0.27763956705940374,0.7208301066509283,-1.5370381153195711,0,0,0.0,7.703000619585509e-07,2.9684104014826573e-06,0.25658848881721497,0.039464253932237625,0.018240898847579956,0.03946350887417793,0.018241094425320625,0.15263564884662628,0.13356740772724152,0.15263564884662628,-0.12302108854055405
66,back,stay,0.09890360514277882,0.14364661075699933,0.29710186448120696,0.789259987995029,2.8767742901421673,0,0,0.0,4.165001143974223e-08,2.404387799970209e-11,0.0,0.09676820039749146,-0.042303625494241714,0.09676819294691086,-0.04230358451604843,0.24041491746902466,-0.24688544869422913,0.24041491746902466,-0.24688544869422913
66,back,right,0.09890360514277882,0.14364661075699933,0.29710186448120696,0.789259987995029,2.8767742901421673,0,0,0.0,4.165001143974223e-08,2.404387799970209e-11,0.25658848881721497,0.09676820039749146,-0.042303625494241714,0.09676819294691086,-0.04230358451604843,0.24041491746902466,-0.24688544869422913,0.4970034062862396,-0.24688544869422913
66,back,left,0.09890360514277882,0.14364661075699933,0.29710186448120696,0.789259987995029,2.8767742901421673,0,0,0.0,4.165001143974223e-08,2.404387799970209e-11,0.25658848881721497,0.09676820039749146,-0.042303625494241714,0.09676819294691086,-0.04230358451604843,0.24041491746902466,-0.24688544869422913,-0.016173578798770905,-0.24688544869422913
66,back,forward,0.09890360514277882,0.14364661075699933,0.29710186448120696,0.789259987995029,2.8767742901421673,0,0,0.0,4.165001143974223e-08,2.404387799970209e-11,0.25658848881721497,0.09676820039749146,-0.042303625494241714,0.09676819294691086,-0.04230358451604843,0.24041491746902466,-0.24688544869422913,0.24041491746902466,0.009703046642243862
66,back,backward,0.09890360514277882,0.14364661075699933,0.29710186448120696,0.789259987995029,2.8767742901421673,0,0,0.0,4.165001143974223e-08,2.404387799970209e-11,0.25658848881721497,0.09676820039749146,-0.042303625494241714,0.09676819294691086,-0.04230358451604843,0.24041491746902466,-0.24688544869422913,0.24041491746902466,-0.5034739375114441
67,front,stay,0.025314398487678882,0.02113385621426009,0.24108230358815194,1.0108585740274125,-1.1687560433630537,0,0,0.0,5.51657535652339e-07,2.1213595207125735e-06,0.0,-0.05440087988972664,-0.02723574824631214,-0.05440143123269081,-0.027235766872763634,-0.075534388422966,0.13390953838825226,-0.075534388422966,0.13390953838825226
67,front,right,0.025314398487678882,0.02113385621426009,0.24108230358815194,1.0108585740274125,-1.1687560433630537,0,0,0.0,5.51657535652339e-07,2.1213595207125735e-06,0.25658848881721497,-0.05440087988972664,-0.02723574824631214,-0.05440143123269081,-0.027235766872763634,-0.075534388422966,0.13390953838825226,0.18105410039424896,0.13390953838825226
67,front,left,0.025314398487678882,0.02113385621426009,0.24108230358815194,1.0108585740274125,-1.1687560433630537,0,0,0.0,5.51657535652339e-07,2.1213595207125735e-06,0.25658851861953735,-0.05440087988972664,-0.02723574824631214,-0.05440143123269081,-0.027235766872763634,-0.075534388422966,0.13390953838825226,-0.33212289214134216,0.13390953838825226
67,front,forward,0.025314398487678882,0.02113385621426009,0.24108230358815194,1.0108585740274125,-1.1687560433630537,0,0,0.0,5.51657535652339e-07,2.1213595207125735e-06,0.25658851861953735,-0.05440087988972664,-0.02723574824631214,-0.05440143123269081,-0.027235766872763634,-0.075534388422966,0.13390953838825226,-0.075534388422966,0.3904980421066284
67,front,backward,0.025314398487678882,0.02113385621426009,0.24108230358815194,1.0108585740274125,-1.1687560433630537,1,104,18.395318832353006,0.21123024821281433,0.004440468915180018,0.24562492966651917,-0.05440087988972664,-0.02723574824631214,-0.05389067903161049,-0.23846536874771118,-0.075534388422966,0.13390953838825226,-0.07556081563234329,-0.1117153987288475
68,left,stay,0.10995015753480097,-0.031773659525402925,0.3517499229460819,0.7977692036128347,2.40043171547915,0,0,0.0,1.7572159549672506e-07,9.450376561304096e-07,0.0,-0.020279092714190483,0.03161498159170151,-0.020278943702578545,0.031614888459444046,-0.2633143663406372,0.06338861584663391,-0.2633143663406372,0.06338861584663391
68,left,right,0.10995015753480097,-0.031773659525402925,0.3517499229460819,0.7977692036128347,2.40043171547915,1,68,24.20176157275402,0.136201411485672,0.011627505944330709,0.2476552575826645,-0.020279092714190483,0.03161498159170151,0.1159137487411499,0.030086934566497803,-0.2633143663406372,0.06338861584663391,-0.015659116208553314,0.06346140801906586
68,left,left,0.10995015753480097,-0.031773659525402925,0.3517499229460819,0.7977692036128347,2.40043171547915,0,0,0.0,1.7572159549672506e-07,9.450376561304096e-07,0.25658851861953735,-0.020279092714190483,0.03161498159170151,-0.020278943702578545,0.031614888459444046,-0.2633143663406372,0.06338861584663391,-0.5199028849601746,0.06338861584663391
68,left,forward,0.10995015753480097,-0.031773659525402925,0.3517499229460819,0.7977692036128347,2.40043171547915,0,0,0.0,1.7572159549672506e-07,9.450376561304096e-07,0.25658848881721497,-0.020279092714190483,0.03161498159170151,-0.020278943702578545,0.031614888459444046,-0.2633143663406372,0.06338861584663391,-0.2633143663406372,0.3199771046638489
68,left,backward,0.10995015753480097,-0.031773659525402925,0.3517499229460819,0.7977692036128347,2.40043171547915,0,0,0.0,1.7572159549672506e-07,9.450376561304096e-07,0.25658848881721497,-0.020279092714190483,0.03161498159170151,-0.020278943702578545,0.031614888459444046,-0.2633143663406372,0.06338861584663391,-0.2633143663406372,-0.19319987297058105
69,right,stay,0.09778575834761959,-0.13508383311546007,0.24580785198531896,1.0114489052014293,0.3034529390313936,0,0,0.0,3.071953074140765e-07,9.826384317346282e-09,0.0,0.05407249927520752,0.06824856251478195,0.054072305560112,0.06824832409620285,0.2864214777946472,-0.06683467328548431,0.2864214777946472,-0.06683467328548431
69,right,right,0.09778575834761959,-0.13508383311546007,0.24580785198531896,1.0114489052014293,0.3034529390313936,0,0,0.0,3.071953074140765e-07,9.826384317346282e-09,0.25658851861953735,0.05407249927520752,0.06824856251478195,0.054072305560112,0.06824832409620285,0.2864214777946472,-0.06683467328548431,0.5430099964141846,-0.06683467328548431
69,right,left,0.09778575834761959,-0.13508383311546007,0.24580785198531896,1.0114489052014293,0.3034529390313936,0,0,0.0,3.071953074140765e-07,9.826384317346282e-09,0.25658848881721497,0.05407249927520752,0.06824856251478195,0.054072305560112,0.06824832409620285,0.2864214777946472,-0.06683467328548431,0.029832981526851654,-0.06683467328548431
69,right,forward,0.09778575834761959,-0.13508383311546007,0.24580785198531896,1.0114489052014293,0.3034529390313936,0,0,0.0,3.071953074140765e-07,9.826384317346282e-09,0.25658848881721497,0.05407249927520752,0.06824856251478195,0.054072305560112,0.06824832409620285,0.2864214777946472,-0.06683467328548431,0.2864214777946472,0.18975381553173065
69,right,backward,0.09778575834761959,-0.13508383311546007,0.24580785198531896,1.0114489052014293,0.3034529390313936,0,0,0.0,3.071953074140765e-07,9.826384317346282e-09,0.25658851861953735,0.05407249927520752,0.06824856251478195,0.054072305560112,0.06824832409620285,0.2864214777946472,-0.06683467328548431,0.2864214777946472,-0.3234231770038605
70,back,stay,0.10020385093220799,0.03682082315382554,0.2965186450018463,0.9790901128299919,0.9011323695961329,0,0,0.0,3.1833798175284755e-07,9.243448459983483e-07,0.0,0.07545863091945648,-0.01935351826250553,0.07545849680900574,-0.019353806972503662,0.1122795045375824,-0.2541322410106659,0.1122795045375824,-0.2541322410106659
70,back,right,0.10020385093220799,0.03682082315382554,0.2965186450018463,0.9790901128299919,0.9011323695961329,0,0,0.0,3.1833798175284755e-07,9.243448459983483e-07,0.25658848881721497,0.07545863091945648,-0.01935351826250553,0.07545849680900574,-0.019353806972503662,0.1122795045375824,-0.2541322410106659,0.36886799335479736,-0.2541322410106659
70,back,left,0.10020385093220799,0.03682082315382554,0.2965186450018463,0.9790901128299919,0.9011323695961329,0,0,0.0,3.1833798175284755e-07,9.243448459983483e-07,0.25658848881721497,0.07545863091945648,-0.01935351826250553,0.07545849680900574,-0.019353806972503662,0.1122795045375824,-0.2541322410106659,-0.14430898427963257,-0.2541322410106659
70,back,forward,0.10020385093220799,0.03682082315382554,0.2965186450018463,0.9790901128299919,0.9011323695961329,1,53,12.51028114141383,0.08933131396770477,0.009386348515679988,0.2495076060295105,0.07545863091945648,-0.01935351826250553,0.06282643973827362,0.06908014416694641,0.1122795045375824,-0.2541322410106659,0.1131962388753891,-0.0046263206750154495
70,back,backward,0.10020385093220799,0.03682082315382554,0.2965186450018463,0.9790901128299919,0.9011323695961329,0,0,0.0,3.1833798175284755e-07,9.243448459983483e-07,0.25658848881721497,0.07545863091945648,-0.01935351826250553,0.07545849680900574,-0.019353806972503662,0.1122795045375824,-0.2541322410106659,0.1122795045375824,-0.5107207298278809
71,front,stay,0.08808052015998488,0.11919806359705956,0.28509016608584425,0.8411541582846269,0.9590543685078732,0,0,0.0,4.0917188925959636e-07,7.956514638252088e-07,0.0,-0.012708587571978569,-0.04388958588242531,-0.012708811089396477,-0.04388992860913277,-0.13190655410289764,0.17961959540843964,-0.13190655410289764,0.17961959540843964
71,front,right,0.08808052015998488,0.11919806359705956,0.28509016608584425,0.8411541582846269,0.9590543685078732,0,0,0.0,4.0917188925959636e-07,7.956514638252088e-07,0.25658848881721497,-0.012708587571978569,-0.04388958588242531,-0.012708811089396477,-0.04388992860913277,-0.13190655410289764,0.17961959540843964,0.12468194216489792,0.17961959540843964
71,front,left,0.08808052015998488,0.11919806359705956,0.28509016608584425,0.8411541582846269,0.9590543685078732,0,0,0.0,4.0917188925959636e-07,7.956514638252088e-07,0.25658851861953735,-0.012708587571978569,-0.04388958588242531,-0.012708811089396477,-0.04388992860913277,-0.13190655410289764,0.17961959540843964,-0.3884950578212738,0.17961959540843964
71,front,forward,0.08808052015998488,0.11919806359705956,0.28509016608584425,0.8411541582846269,0.9590543685078732,0,0,0.0,4.0917188925959636e-07,7.956514638252088e-07,0.25658851861953735,-0.012708587571978569,-0.04388958588242531,-0.012708811089396477,-0.04388992860913277,-0.13190655410289764,0.17961959540843964,-0.13190655410289764,0.4362080991268158
71,front,backward,0.08808052015998488,0.11919806359705956,0.28509016608584425,0.8411541582846269,0.9590543685078732,1,6,4.769369625381941,0.0023876638151705265,0.03521191360954634,0.25585120916366577,-0.012708587571978569,-0.04388958588242531,-0.011857890523970127,-0.04612056165933609,-0.13190655410289764,0.17961959540843964,-0.13215519487857819,-0.07623147964477539
72,left,stay,0.04276637968167882,-0.07169870268628006,0.34451070628687375,0.7348314047327162,-1.8861235480184035,0,0,0.0,6.763840332268956e-08,2.0860467420114048e-07,0.0,-0.003727355506271124,0.02290481887757778,-0.003727300325408578,0.022904779762029648,-0.15563610196113586,0.09460357576608658,-0.15563610196113586,0.09460357576608658
72,left,right,0.04276637968167882,-0.07169870268628006,0.34451070628687375,0.7348314047327162,-1.8861235480184035,1,80,15.829562870350808,0.157233327627182,0.056586900057153056,0.2472178339958191,-0.003727355506271124,0.02290481887757778,0.15347780287265778,0.019928615540266037,-0.15563610196113586,0.09460357576608658,0.09158120304346085,0.09511928260326385
72,left,left,0.04276637968167882,-0.07169870268628006,0.34451070628687375,0.7348314047327162,-1.8861235480184035,0,0,0.0,6.763840332268956e-08,2.0860467420114048e-07,0.25658848881721497,-0.003727355506271124,0.02290481887757778,-0.003727300325408578,0.022904779762029648,-0.15563610196113586,0.09460357576608658,-0.41222459077835083,0.09460357576608658
72,left,forward,0.04276637968167882,-0.07169870268628006,0.34451070628687375,0.7348314047327162,-1.8861235480184035,0,0,0.0,6.763840332268956e-08,2.0860467420114048e-07,0.25658848881721497,-0.003727355506271124,0.02290481887757778,-0.003727300325408578,0.022904779762029648,-0.15563610196113586,0.09460357576608658,-0.15563610196113586,0.35119205713272095
72,left,backward,0.04276637968167882,-0.07169870268628006,0.34451070628687375,0.7348314047327162,-1.8861235480184035,0,0,0.0,6.763840332268956e-08,2.0860467420114048e-07,0.25658848881721497,-0.003727355506271124,0.02290481887757778,-0.003727300325408578,0.022904779762029648,-0.15563610196113586,0.09460357576608658,-0.15563610196113586,-0.16198492050170898
73,right,stay,0.1098590745067963,-0.08900673886883662,0.36317432607102706,0.6905101193404083,-2.710328647678838,0,0,0.0,9.24780323430241e-08,1.670812439513725e-07,0.0,0.07935881614685059,-0.008433669805526733,0.07935883104801178,-0.008433761075139046,0.32524603605270386,-0.09744080156087875,0.32524603605270386,-0.09744080156087875
73,right,right,0.1098590745067963,-0.08900673886883662,0.36317432607102706,0.6905101193404083,-2.710328647678838,0,0,0.0,9.24780323430241e-08,1.670812439513725e-07,0.25658851861953735,0.07935881614685059,-0.008433669805526733,0.07935883104801178,-0.008433761075139046,0.32524603605270386,-0.09744080156087875,0.5818345546722412,-0.09744080156087875
73,right,left,0.1098590745067963,-0.08900673886883662,0.36317432607102706,0.6905101193404083,-2.710328647678838,1,11,6.096580266124819,0.006665372289717197,0.03788872064803073,0.255215048789978,0.07935881614685059,-0.008433669805526733,0.07391270995140076,-0.004590869415551424,0.32524603605270386,-0.09744080156087875,0.07003216445446014,-0.098222516477108
73,right,forward,0.1098590745067963,-0.08900673886883662,0.36317432607102706,0.6905101193404083,-2.710328647678838,0,0,0.0,9.24780323430241e-08,1.670812439513725e-07,0.25658848881721497,0.07935881614685059,-0.008433669805526733,0.07935883104801178,-0.008433761075139046,0.32524603605270386,-0.09744080156087875,0.32524603605270386,0.1591476947069168
73,right,backward,0.1098590745067963,-0.08900673886883662,0.36317432607102706,0.6905101193404083,-2.710328647678838,0,0,0.0,9.24780323430241e-08,1.670812439513725e-07,0.25658848881721497,0.07935881614685059,-0.008433669805526733,0.07935883104801178,-0.008433761075139046,0.32524603605270386,-0.09744080156087875,0.32524603605270386,-0.3540292978286743
74,back,stay,0.10308366322988567,0.0725863064076312,0.2723079589077996,1.020179566029358,-0.975395462895825,0,0,0.0,3.6623600863094907e-07,1.0121518930761297e-06,0.0,-0.04205882549285889,-0.04103115200996399,-0.04205918684601784,-0.041031211614608765,0.03052803874015808,-0.2797259986400604,0.03052803874015808,-0.2797259986400604
74,back,right,0.10308366322988567,0.0725863064076312,0.2723079589077996,1.020179566029358,-0.975395462895825,0,0,0.0,3.6623600863094907e-07,1.0121518930761297e-06,0.25658848881721497,-0.04205882549285889,-0.04103115200996399,-0.04205918684601784,-0.041031211614608765,0.03052803874015808,-0.2797259986400604,0.28711652755737305,-0.2797259986400604
74,back,left,0.10308366322988567,0.0725863064076312,0.2723079589077996,1.020179566029358,-0.975395462895825,0,0,0.0,3.6623600863094907e-07,1.0121518930761297e-06,0.25658848881721497,-0.04205882549285889,-0.04103115200996399,-0.04205918684601784,-0.041031211614608765,0.03052803874015808,-0.2797259986400604,-0.22606045007705688,-0.2797259986400604
74,back,forward,0.10308366322988567,0.0725863064076312,0.2723079589077996,1.020179566029358,-0.975395462895825,1,56,17.785757557770445,0.09970695525407791,0.17574748021530573,0.24966147541999817,-0.04205882549285889,-0.04103115200996399,-0.057305723428726196,0.05750315636396408,0.03052803874015808,-0.2797259986400604,0.031927503645420074,-0.030068447813391685
74,back,backward,0.10308366322988567,0.0725863064076312,0.2723079589077996,1.020179566029358,-0.975395462895825,0,0,0.0,3.6623600863094907e-07,1.0121518930761297e-06,0.25658848881721497,-0.04205882549285889,-0.04103115200996399,-0.04205918684601784,-0.041031211614608765,0.03052803874015808,-0.2797259986400604,0.03052803874015808,-0.5363144874572754
75,front,stay,0.05809163539657537,0.06394722691158197,0.35441141225393513,0.920070558645267,-3.1345207085207307,0,0,0.0,4.617566560227715e-07,1.7009824571090346e-06,0.0,-0.056669287383556366,-0.00942179374396801,-0.056669168174266815,-0.00942134764045477,-0.12061652541160583,0.13426978886127472,-0.12061652541160583,0.13426978886127472
75,front,right,0.05809163539657537,0.06394722691158197,0.35441141225393513,0.920070558645267,-3.1345207085207307,0,0,0.0,4.617566560227715e-07,1.7009824571090346e-06,0.25658848881721497,-0.056669287383556366,-0.00942179374396801,-0.056669168174266815,-0.00942134764045477,-0.12061652541160583,0.13426978886127472,0.13597196340560913,0.13426978886127472
75,front,left,0.05809163539657537,0.06394722691158197,0.35441141225393513,0.920070558645267,-3.1345207085207307,0,0,0.0,4.617566560227715e-07,1.7009824571090346e-06,0.25658848881721497,-0.056669287383556366,-0.00942179374396801,-0.056669168174266815,-0.00942134764045477,-0.12061652541160583,0.13426978886127472,-0.3772050142288208,0.13426978886127472
75,front,forward,0.05809163539657537,0.06394722691158197,0.35441141225393513,0.920070558645267,-3.1345207085207307,0,0,0.0,4.617566560227715e-07,1.7009824571090346e-06,0.25658851861953735,-0.056669287383556366,-0.00942179374396801,-0.056669168174266815,-0.00942134764045477,-0.12061652541160583,0.13426978886127472,-0.12061652541160583,0.3908582925796509
75,front,backward,0.05809163539657537,0.06394722691158197,0.35441141225393513,0.920070558645267,-3.1345207085207307,1,92,21.05400518775962,0.1786898374557495,0.08688036603720928,0.2436232715845108,-0.056669287383556366,-0.00942179374396801,-0.05085611343383789,-0.18801705539226532,-0.12061652541160583,0.13426978886127472,-0.12194381654262543,-0.10934985429048538
76,left,stay,0.10293256227591038,-0.03107771608173976,0.3712763366315842,0.7541922461768631,-1.4653900902007326,0,0,0.0,1.3986914382257964e-06,4.684696030210489e-06,0.0,0.03268684446811676,-0.08672793954610825,0.03268548473715782,-0.08672761172056198,-0.1639387011528015,-0.055650267750024796,-0.1639387011528015,-0.055650267750024796
76,left,right,0.10293256227591038,-0.03107771608173976,0.3712763366315842,0.7541922461768631,-1.4653900902007326,1,70,17.98000269394266,0.13904103636741638,0.008978373217497504,0.24718418717384338,0.03268684446811676,-0.08672793954610825,0.17172594368457794,-0.08746299147605896,-0.1639387011528015,-0.055650267750024796,0.0832454264163971,-0.05548093840479851
76,left,left,0.10293256227591038,-0.03107771608173976,0.3712763366315842,0.7541922461768631,-1.4653900902007326,0,0,0.0,1.3986914382257964e-06,4.684696030210489e-06,0.25658848881721497,0.03268684446811676,-0.08672793954610825,0.03268548473715782,-0.08672761172056198,-0.1639387011528015,-0.055650267750024796,-0.4205271899700165,-0.055650267750024796
76,left,forward,0.10293256227591038,-0.03107771608173976,0.3712763366315842,0.7541922461768631,-1.4653900902007326,0,0,0.0,1.3986914382257964e-06,4.684696030210489e-06,0.25658848881721497,0.03268684446811676,-0.08672793954610825,0.03268548473715782,-0.08672761172056198,-0.1639387011528015,-0.055650267750024796,-0.1639387011528015,0.20093822479248047
76,left,backward,0.10293256227591038,-0.03107771608173976,0.3712763366315842,0.7541922461768631,-1.4653900902007326,0,0,0.0,1.3986914382257964e-06,4.684696030210489e-06,0.25658848881721497,0.03268684446811676,-0.08672793954610825,0.03268548473715782,-0.08672761172056198,-0.1639387011528015,-0.055650267750024796,-0.1639387011528015,-0.31223875284194946
77,right,stay,0.07679614770288665,0.06269217378679148,0.3182122271356174,0.7918209579947256,1.4626827595135241,0,0,0.0,9.743823738972424e-07,8.38707806982697e-07,0.0,-0.08029191941022873,-0.03812591731548309,-0.08029288053512573,-0.03812575712800026,0.09041356295347214,0.0245661623775959,0.09041356295347214,0.0245661623775959
77,right,right,0.07679614770288665,0.06269217378679148,0.3182122271356174,0.7918209579947256,1.4626827595135241,0,0,0.0,9.743823738972424e-07,8.38707806982697e-07,0.25658848881721497,-0.08029191941022873,-0.03812591731548309,-0.08029288053512573,-0.03812575712800026,0.09041356295347214,0.0245661623775959,0.3470020592212677,0.0245661623775959
77,right,left,0.07679614770288665,0.06269217378679148,0.3182122271356174,0.7918209579947256,1.4626827595135241,1,83,19.138174979995274,0.1665640026330948,0.033414729513259855,0.24711087346076965,-0.08029191941022873,-0.03812591731548309,-0.24683623015880585,-0.04068665951490402,0.09041356295347214,0.0245661623775959,-0.15669696033000946,0.024984071031212807
77,right,forward,0.07679614770288665,0.06269217378679148,0.3182122271356174,0.7918209579947256,1.4626827595135241,0,0,0.0,9.743823738972424e-07,8.38707806982697e-07,0.25658848881721497,-0.08029191941022873,-0.03812591731548309,-0.08029288053512573,-0.03812575712800026,0.09041356295347214,0.0245661623775959,0.09041356295347214,0.28115466237068176
77,right,backward,0.07679614770288665,0.06269217378679148,0.3182122271356174,0.7918209579947256,1.4626827595135241,0,0,0.0,9.743823738972424e-07,8.38707806982697e-07,0.25658848881721497,-0.08029191941022873,-0.03812591731548309,-0.08029288053512573,-0.03812575712800026,0.09041356295347214,0.0245661623775959,0.09041356295347214,-0.23202233016490936
78,back,stay,0.03846984599581095,0.13931788583235585,0.3164086527959463,0.806833385635344,-1.6737871742817112,0,0,0.0,1.0166494348595734e-06,9.90244732212986e-07,0.0,0.042594172060489655,-0.09729862958192825,0.04259517416357994,-0.09729880094528198,0.18191175162792206,-0.2649443745613098,0.18191175162792206,-0.2649443745613098
78,back,right,0.03846984599581095,0.13931788583235585,0.3164086527959463,0.806833385635344,-1.6737871742817112,0,0,0.0,1.0166494348595734e-06,9.90244732212986e-07,0.25658851861953735,0.042594172060489655,-0.09729862958192825,0.04259517416357994,-0.09729880094528198,0.18191175162792206,-0.2649443745613098,0.4385002553462982,-0.2649443745613098
78,back,left,0.03846984599581095,0.13931788583235585,0.3164086527959463,0.806833385635344,-1.6737871742817112,0,0,0.0,1.0166494348595734e-06,9.90244732212986e-07,0.25658848881721497,0.042594172060489655,-0.09729862958192825,0.04259517416357994,-0.09729880094528198,0.18191175162792206,-0.2649443745613098,-0.0746767446398735,-0.2649443745613098
78,back,forward,0.03846984599581095,0.13931788583235585,0.3164086527959463,0.806833385635344,-1.6737871742817112,0,0,0.0,1.0166494348595734e-06,9.90244732212986e-07,0.25658848881721497,0.042594172060489655,-0.09729862958192825,0.04259517416357994,-0.09729880094528198,0.18191175162792206,-0.2649443745613098,0.18191175162792206,-0.008355879224836826
78,back,backward,0.03846984599581095,0.13931788583235585,0.3164086527959463,0.806833385635344,-1.6737871742817112,0,0,0.0,1.0166494348595734e-06,9.90244732212986e-07,0.25658851861953735,0.042594172060489655,-0.09729862958192825,0.04259517416357994,-0.09729880094528198,0.18191175162792206,-0.2649443745613098,0.18191175162792206,-0.5215328931808472
79,front,stay,0.1130672515294813,0.04746359885574522,0.30314820981039775,0.8372731491083245,-1.7357057442613841,0,0,0.0,1.952226256207723e-07,9.592835970018143e-08,0.0,0.049857236444950104,-0.022416861727833748,0.049857430160045624,-0.022416885942220688,0.0023932382464408875,0.22188466787338257,0.0023932382464408875,0.22188466787338257
79,front,right,0.1130672515294813,0.04746359885574522,0.30314820981039775,0.8372731491083245,-1.7357057442613841,0,0,0.0,1.952226256207723e-07,9.592835970018143e-08,0.25658848881721497,0.049857236444950104,-0.022416861727833748,0.049857430160045624,-0.022416885942220688,0.0023932382464408875,0.22188466787338257,0.25898173451423645,0.22188466787338257
79,front,left,0.1130672515294813,0.04746359885574522,0.30314820981039775,0.8372731491083245,-1.7357057442613841,0,0,0.0,1.952226256207723e-07,9.592835970018143e-08,0.25658848881721497,0.049857236444950104,-0.022416861727833748,0.049857430160045624,-0.022416885942220688,0.0023932382464408875,0.22188466787338257,-0.2541952431201935,0.22188466787338257
79,front,forward,0.1130672515294813,0.04746359885574522,0.30314820981039775,0.8372731491083245,-1.7357057442613841,0,0,0.0,1.952226256207723e-07,9.592835970018143e-08,0.25658848881721497,0.049857236444950104,-0.022416861727833748,0.049857430160045624,-0.022416885942220688,0.0023932382464408875,0.22188466787338257,0.0023932382464408875,0.47847315669059753
79,front,backward,0.1130672515294813,0.04746359885574522,0.30314820981039775,0.8372731491083245,-1.7357057442613841,1,65,21.278111411297104,0.13003696501255035,0.026170508261578407,0.24865782260894775,0.049857236444950104,-0.022416861727833748,0.05316529795527458,-0.15241174399852753,0.0023932382464408875,0.22188466787338257,0.0022840944584459066,-0.026773126795887947
80,left,stay,0.06634772722596616,0.13961845931628195,0.2576329785253916,1.0334717856593572,0.6365394058141116,0,0,0.0,9.157321301245247e-08,3.362388315553133e-07,0.0,0.09083056449890137,0.01345636323094368,0.09083057194948196,0.013456271961331367,-0.11061935126781464,-0.12616181373596191,-0.11061935126781464,-0.12616181373596191
80,left,right,0.06634772722596616,0.13961845931628195,0.2576329785253916,1.0334717856593572,0.6365394058141116,0,0,0.0,9.157321301245247e-08,3.362388315553133e-07,0.25658848881721497,0.09083056449890137,0.01345636323094368,0.09083057194948196,0.013456271961331367,-0.11061935126781464,-0.12616181373596191,0.14596913754940033,-0.12616181373596191
80,left,left,0.06634772722596616,0.13961845931628195,0.2576329785253916,1.0334717856593572,0.6365394058141116,0,0,0.0,9.157321301245247e-08,3.362388315553133e-07,0.25658851861953735,0.09083056449890137,0.01345636323094368,0.09083057194948196,0.013456271961331367,-0.11061935126781464,-0.12616181373596191,-0.3672078549861908,-0.12616181373596191
80,left,forward,0.06634772722596616,0.13961845931628195,0.2576329785253916,1.0334717856593572,0.6365394058141116,0,0,0.0,9.157321301245247e-08,3.362388315553133e-07,0.25658848881721497,0.09083056449890137,0.01345636323094368,0.09083057194948196,0.013456271961331367,-0.11061935126781464,-0.12616181373596191,-0.11061935126781464,0.13042667508125305
80,left,backward,0.06634772722596616,0.13961845931628195,0.2576329785253916,1.0334717856593572,0.6365394058141116,0,0,0.0,9.157321301245247e-08,3.362388315553133e-07,0.25658848881721497,0.09083056449890137,0.01345636323094368,0.09083057194948196,0.013456271961331367,-0.11061935126781464,-0.12616181373596191,-0.11061935126781464,-0.3827503025531769
81,right,stay,0.034504382943811966,0.13269491772419487,0.32757259078222745,1.0483542343656282,2.0174689716918577,0,0,0.0,4.778873972099973e-07,1.9032117655193304e-06,0.0,0.0898701399564743,0.008054051548242569,0.08987061679363251,0.008054083213210106,0.24167627096176147,0.14074888825416565,0.24167627096176147,0.14074888825416565
81,right,right,0.034504382943811966,0.13269491772419487,0.32757259078222745,1.0483542343656282,2.0174689716918577,0,0,0.0,4.778873972099973e-07,1.9032117655193304e-06,0.25658848881721497,0.0898701399564743,0.008054051548242569,0.08987061679363251,0.008054083213210106,0.24167627096176147,0.14074888825416565,0.49826475977897644,0.14074888825416565
81,right,left,0.034504382943811966,0.13269491772419487,0.32757259078222745,1.0483542343656282,2.0174689716918577,1,30,5.742090401465035,0.016192777082324028,0.17435212984834877,0.25422191619873047,0.0898701399564743,0.008054051548242569,0.07371699810028076,0.006921777501702309,0.24167627096176147,0.14074888825416565,-0.012543165124952793,0.14187125861644745
81,right,forward,0.034504382943811966,0.13269491772419487,0.32757259078222745,1.0483542343656282,2.0174689716918577,0,0,0.0,2.257741869016172e-07,2.7669386781781213e-09,0.25658848881721497,0.0898701399564743,0.008054012432694435,0.08987003564834595,0.008053812198340893,0.24167627096176147,0.14074888825416565,0.24167627096176147,0.3973373770713806
81,right,backward,0.034504382943811966,0.13269491772419487,0.32757259078222745,1.0483542343656282,2.0174689716918577,0,0,0.0,2.257741869016172e-07,2.7669386781781213e-09,0.25658848881721497,0.0898701399564743,0.008054012432694435,0.08987003564834595,0.008053812198340893,0.24167627096176147,0.14074888825416565,0.24167627096176147,-0.11583960801362991
82,back,stay,0.044895017066095805,0.1108258753695032,0.26401366802991266,0.7797383853754364,-0.8430667280952573,0,0,0.0,2.629168420753558e-07,8.898115146926955e-07,0.0,-0.08479449152946472,-0.061356980353593826,-0.08479475229978561,-0.06135694682598114,0.02603182941675186,-0.23965315520763397,0.02603182941675186,-0.23965315520763397
82,back,right,0.044895017066095805,0.1108258753695032,0.26401366802991266,0.7797383853754364,-0.8430667280952573,0,0,0.0,2.629168420753558e-07,8.898115146926955e-07,0.25658848881721497,-0.08479449152946472,-0.061356980353593826,-0.08479475229978561,-0.06135694682598114,0.02603182941675186,-0.23965315520763397,0.28262031078338623,-0.23965315520763397
82,back,left,0.044895017066095805,0.1108258753695032,0.26401366802991266,0.7797383853754364,-0.8430667280952573,0,0,0.0,2.629168420753558e-07,8.898115146926955e-07,0.25658848881721497,-0.08479449152946472,-0.061356980353593826,-0.08479475229978561,-0.06135694682598114,0.02603182941675186,-0.23965315520763397,-0.2305566668510437,-0.23965315520763397
82,back,forward,0.044895017066095805,0.1108258753695032,0.26401366802991266,0.7797383853754364,-0.8430667280952573,1,69,8.930362841023925,0.09436360001564026,0.4739317240148935,0.2510555386543274,-0.08479449152946472,-0.061356980353593826,-0.09801974892616272,0.032075248658657074,0.02603182941675186,-0.23965315520763397,0.02800031378865242,0.01139465905725956
82,back,backward,0.044895017066095805,0.1108258753695032,0.26401366802991266,0.7797383853754364,-0.8430667280952573,0,0,0.0,2.629168420753558e-07,8.898115146926955e-07,0.25658851861953735,-0.08479449152946472,-0.061356980353593826,-0.08479475229978561,-0.06135694682598114,0.02603182941675186,-0.23965315520763397,0.02603182941675186,-0.49624165892601013
83,front,stay,0.04317833049134878,-0.13555332562379374,0.36503453725123247,0.842616552137197,-2.3430823619556054,0,0,0.0,1.3697726330974547e-07,5.614910656426275e-07,0.0,0.09660684317350388,0.03389867767691612,0.09660689532756805,0.03389880433678627,0.23216018080711365,0.20936362445354462,0.23216018080711365,0.20936362445354462
83,front,right,0.04317833049134878,-0.13555332562379374,0.36503453725123247,0.842616552137197,-2.3430823619556054,0,0,0.0,1.3697726330974547e-07,5.614910656426275e-07,0.25658848881721497,0.09660684317350388,0.03389867767691612,0.09660689532756805,0.03389880433678627,0.23216018080711365,0.20936362445354462,0.4887486696243286,0.20936362445354462
83,front,left,0.04317833049134878,-0.13555332562379374,0.36503453725123247,0.842616552137197,-2.3430823619556054,0,0,0.0,1.3697726330974547e-07,5.614910656426275e-07,0.25658848881721497,0.09660684317350388,0.03389867767691612,0.09660689532756805,0.03389880433678627,0.23216018080711365,0.20936362445354462,-0.024428315460681915,0.20936362445354462
83,front,forward,0.04317833049134878,-0.13555332562379374,0.36503453725123247,0.842616552137197,-2.3430823619556054,0,0,0.0,1.3697726330974547e-07,5.614910656426275e-07,0.25658851861953735,0.09660684317350388,0.03389867767691612,0.09660689532756805,0.03389880433678627,0.23216018080711365,0.20936362445354462,0.23216018080711365,0.4659521281719208
83,front,backward,0.04317833049134878,-0.13555332562379374,0.36503453725123247,0.842616552137197,-2.3430823619556054,0,0,0.0,1.3697726330974547e-07,5.614910656426275e-07,0.25658848881721497,0.09660684317350388,0.03389867767691612,0.09660689532756805,0.03389880433678627,0.23216018080711365,0.20936362445354462,0.23216018080711365,-0.047224871814250946
84,left,stay,0.07863433230840333,0.054079290090528975,0.25296021374208,0.7844559656845002,2.2297064309161465,0,0,0.0,2.5586948027012113e-07,8.02169017877219e-07,0.0,0.0009189291740767658,-0.06080259382724762,0.0009191840654239058,-0.06080257147550583,-0.20533736050128937,-0.11488203704357147,-0.20533736050128937,-0.11488203704357147
84,left,right,0.07863433230840333,0.054079290090528975,0.25296021374208,0.7844559656845002,2.2297064309161465,1,55,14.77798302087222,0.1060209795832634,0.025254836755912006,0.25116926431655884,0.0009189291740767658,-0.06080259382724762,0.10680809617042542,-0.0555172823369503,-0.20533736050128937,-0.11488203704357147,0.04583168774843216,-0.11522044986486435
84,left,left,0.07863433230840333,0.054079290090528975,0.25296021374208,0.7844559656845002,2.2297064309161465,0,0,0.0,2.5586948027012113e-07,8.02169017877219e-07,0.25658851861953735,0.0009189291740767658,-0.06080259382724762,0.0009191840654239058,-0.06080257147550583,-0.20533736050128937,-0.11488203704357147,-0.4619258642196655,-0.11488203704357147
84,left,forward,0.07863433230840333,0.054079290090528975,0.25296021374208,0.7844559656845002,2.2297064309161465,0,0,0.0,2.5586948027012113e-07,8.02169017877219e-07,0.25658848881721497,0.0009189291740767658,-0.06080259382724762,0.0009191840654239058,-0.06080257147550583,-0.20533736050128937,-0.11488203704357147,-0.20533736050128937,0.1417064517736435
84,left,backward,0.07863433230840333,0.054079290090528975,0.25296021374208,0.7844559656845002,2.2297064309161465,0,0,0.0,2.5586948027012113e-07,8.02169017877219e-07,0.25658851861953735,0.0009189291740767658,-0.06080259382724762,0.0009191840654239058,-0.06080257147550583,-0.20533736050128937,-0.11488203704357147,-0.20533736050128937,-0.37147054076194763
85,right,stay,0.07515633946277626,0.05618668168365154,0.2365967010709321,0.9046026488654784,-1.4549213130274978,0,0,0.0,1.4547723594660056e-06,4.689308577887629e-06,0.0,-0.034767087548971176,0.0746801495552063,-0.03476850315928459,0.07468048483133316,0.1349150538444519,0.13086678087711334,0.1349150538444519,0.13086678087711334
85,right,right,0.07515633946277626,0.05618668168365154,0.2365967010709321,0.9046026488654784,-1.4549213130274978,0,0,0.0,1.4547723594660056e-06,4.689308577887629e-06,0.25658848881721497,-0.034767087548971176,0.0746801495552063,-0.03476850315928459,0.07468048483133316,0.1349150538444519,0.13086678087711334,0.39150354266166687,0.13086678087711334
85,right,left,0.07515633946277626,0.05618668168365154,0.2365967010709321,0.9046026488654784,-1.4549213130274978,1,78,11.999070465878939,0.15721291303634644,0.021712844758091432,0.24909354746341705,-0.034767087548971176,0.0746801495552063,-0.19197413325309753,0.07332231849431992,0.1349150538444519,0.13086678087711334,-0.11417834460735321,0.13113199174404144
85,right,forward,0.07515633946277626,0.05618668168365154,0.2365967010709321,0.9046026488654784,-1.4549213130274978,0,0,0.0,1.4547723594660056e-06,4.689308577887629e-06,0.25658851861953735,-0.034767087548971176,0.0746801495552063,-0.03476850315928459,0.07468048483133316,0.1349150538444519,0.13086678087711334,0.1349150538444519,0.3874552845954895
85,right,backward,0.07515633946277626,0.05618668168365154,0.2365967010709321,0.9046026488654784,-1.4549213130274978,0,0,0.0,1.4547723594660056e-06,4.689308577887629e-06,0.25658848881721497,-0.034767087548971176,0.0746801495552063,-0.03476850315928459,0.07468048483133316,0.1349150538444519,0.13086678087711334,0.1349150538444519,-0.12572170794010162
86,back,stay,0.10948533740131282,0.13943499853020522,0.36996914559181565,0.7927564067639088,3.0062476762087655,0,0,0.0,3.112345723366161e-07,4.630072991673728e-07,0.0,0.09088826924562454,-0.08345355838537216,0.09088820964097977,-0.08345386385917664,0.2303234487771988,-0.2889958918094635,0.2303234487771988,-0.2889958918094635
86,back,right,0.10948533740131282,0.13943499853020522,0.36996914559181565,0.7927564067639088,3.0062476762087655,0,0,0.0,3.112345723366161e-07,4.630072991673728e-07,0.25658851861953735,0.09088826924562454,-0.08345355838537216,0.09088820964097977,-0.08345386385917664,0.2303234487771988,-0.2889958918094635,0.48691195249557495,-0.2889958918094635
86,back,left,0.10948533740131282,0.13943499853020522,0.36996914559181565,0.7927564067639088,3.0062476762087655,0,0,0.0,3.112345723366161e-07,4.630072991673728e-07,0.25658848881721497,0.09088826924562454,-0.08345355838537216,0.09088820964097977,-0.08345386385917664,0.2303234487771988,-0.2889958918094635,-0.02626504749059677,-0.2889958918094635
86,back,forward,0.10948533740131282,0.13943499853020522,0.36996914559181565,0.7927564067639088,3.0062476762087655,0,0,0.0,3.112345723366161e-07,4.630072991673728e-07,0.25658848881721497,0.09088826924562454,-0.08345355838537216,0.09088820964097977,-0.08345386385917664,0.2303234487771988,-0.2889958918094635,0.2303234487771988,-0.03240739554166794
86,back,backward,0.10948533740131282,0.13943499853020522,0.36996914559181565,0.7927564067639088,3.0062476762087655,0,0,0.0,3.112345723366161e-07,4.630072991673728e-07,0.25658848881721497,0.09088826924562454,-0.08345355838537216,0.09088820964097977,-0.08345386385917664,0.2303234487771988,-0.2889958918094635,0.2303234487771988,-0.5455843806266785
87,front,stay,0.04043808583524311,-0.09009385269560137,0.26402397692296264,0.6697854819129779,0.4680605973116756,0,0,0.0,4.6566128730773926e-08,4.36105517476193e-07,0.0,0.03721736744046211,0.0206791702657938,0.03721736744046211,0.02067912369966507,0.12731118500232697,0.17962589859962463,0.12731118500232697,0.17962589859962463
87,front,right,0.04043808583524311,-0.09009385269560137,0.26402397692296264,0.6697854819129779,0.4680605973116756,0,0,0.0,4.6566128730773926e-08,4.36105517476193e-07,0.25658851861953735,0.03721736744046211,0.0206791702657938,0.03721736744046211,0.02067912369966507,0.12731118500232697,0.17962589859962463,0.3838996887207031,0.17962589859962463
87,front,left,0.04043808583524311,-0.09009385269560137,0.26402397692296264,0.6697854819129779,0.4680605973116756,0,0,0.0,4.6566128730773926e-08,4.36105517476193e-07,0.25658848881721497,0.03721736744046211,0.0206791702657938,0.03721736744046211,0.02067912369966507,0.12731118500232697,0.17962589859962463,-0.129277303814888,0.17962589859962463
87,front,forward,0.04043808583524311,-0.09009385269560137,0.26402397692296264,0.6697854819129779,0.4680605973116756,0,0,0.0,4.6566128730773926e-08,4.36105517476193e-07,0.25658848881721497,0.03721736744046211,0.0206791702657938,0.03721736744046211,0.02067912369966507,0.12731118500232697,0.17962589859962463,0.12731118500232697,0.4362143874168396
87,front,backward,0.04043808583524311,-0.09009385269560137,0.26402397692296264,0.6697854819129779,0.4680605973116756,1,92,10.634695250627976,0.10094856470823288,0.07118127926936096,0.2509830594062805,0.03721736744046211,0.0206791702657938,-0.00433986634016037,-0.07131870836019516,0.12731118500232697,0.17962589859962463,0.13034729659557343,-0.07133878767490387
88,left,stay,0.05737272435389937,-0.013500435388124732,0.3736184231399326,0.7830823988429186,0.8911586671395781,0,0,0.0,3.1016259072202956e-07,9.240224133622021e-07,0.0,-0.0998682901263237,-0.0911233052611351,-0.09986841678619385,-0.09112358838319778,-0.28566545248031616,-0.0776226669549942,-0.28566545248031616,-0.0776226669549942
88,left,right,0.05737272435389937,-0.013500435388124732,0.3736184231399326,0.7830823988429186,0.8911586671395781,1,79,20.649590395535693,0.15674066543579102,0.0010790401894594792,0.24584731459617615,-0.0998682901263237,-0.0911233052611351,0.056859906762838364,-0.0931008830666542,-0.28566545248031616,-0.0776226669549942,-0.03981820121407509,-0.0774378776550293
88,left,left,0.05737272435389937,-0.013500435388124732,0.3736184231399326,0.7830823988429186,0.8911586671395781,0,0,0.0,3.1016259072202956e-07,9.240224133622021e-07,0.25658851861953735,-0.0998682901263237,-0.0911233052611351,-0.09986841678619385,-0.09112358838319778,-0.28566545248031616,-0.0776226669549942,-0.5422539710998535,-0.0776226669549942
88,left,forward,0.05737272435389937,-0.013500435388124732,0.3736184231399326,0.7830823988429186,0.8911586671395781,0,0,0.0,3.1016259072202956e-07,9.240224133622021e-07,0.25658848881721497,-0.0998682901263237,-0.0911233052611351,-0.09986841678619385,-0.09112358838319778,-0.28566545248031616,-0.0776226669549942,-0.28566545248031616,0.17896582186222076
88,left,backward,0.05737272435389937,-0.013500435388124732,0.3736184231399326,0.7830823988429186,0.8911586671395781,0,0,0.0,3.1016259072202956e-07,9.240224133622021e-07,0.25658851861953735,-0.0998682901263237,-0.0911233052611351,-0.09986841678619385,-0.09112358838319778,-0.28566545248031616,-0.0776226669549942,-0.28566545248031616,-0.33421117067337036
89,right,stay,0.029915705918089088,0.07350294017573708,0.2476462393119033,0.7065320663061866,2.3105931650695632,0,0,0.0,2.3357451084393688e-07,8.973503811127159e-07,0.0,-0.051738105714321136,0.019125735387206078,-0.05173787847161293,0.01912568137049675,0.10871615260839462,0.09262856841087341,0.10871615260839462,0.09262856841087341
89,right,right,0.029915705918089088,0.07350294017573708,0.2476462393119033,0.7065320663061866,2.3105931650695632,0,0,0.0,2.3357451084393688e-07,8.973503811127159e-07,0.25658848881721497,-0.051738105714321136,0.019125735387206078,-0.05173787847161293,0.01912568137049675,0.10871615260839462,0.09262856841087341,0.3653046488761902,0.09262856841087341
89,right,left,0.029915705918089088,0.07350294017573708,0.2476462393119033,0.7065320663061866,2.3105931650695632,1,68,10.4303292286385,0.11802490800619125,0.06682553464807128,0.2510828375816345,-0.051738105714321136,0.019125735387206078,-0.16834315657615662,0.0008735868614166975,0.10871615260839462,0.09262856841087341,-0.14236442744731903,0.09369701892137527
89,right,forward,0.029915705918089088,0.07350294017573708,0.2476462393119033,0.7065320663061866,2.3105931650695632,0,0,0.0,2.3357451084393688e-07,8.973503811127159e-07,0.25658848881721497,-0.051738105714321136,0.019125735387206078,-0.05173787847161293,0.01912568137049675,0.10871615260839462,0.09262856841087341,0.10871615260839462,0.3492170572280884
89,right,backward,0.029915705918089088,0.07350294017573708,0.2476462393119033,0.7065320663061866,2.3105931650695632,0,0,0.0,2.3357451084393688e-07,8.973503811127159e-07,0.25658848881721497,-0.051738105714321136,0.019125735387206078,-0.05173787847161293,0.01912568137049675,0.10871615260839462,0.09262856841087341,0.10871615260839462,-0.16395992040634155
90,back,stay,0.07358390872589647,0.123592572856798,0.2498060348562542,0.9564326709427075,3.0011485949820083,0,0,0.0,7.589564887666711e-08,2.487237513726371e-07,0.0,-0.06136516481637955,0.0022698910906910896,-0.06136518344283104,0.002269817516207695,0.06222759932279587,-0.16776876151561737,0.06222759932279587,-0.16776876151561737
90,back,right,0.07358390872589647,0.123592572856798,0.2498060348562542,0.9564326709427075,3.0011485949820083,0,0,0.0,7.589564887666711e-08,2.487237513726371e-07,0.25658848881721497,-0.06136516481637955,0.0022698910906910896,-0.06136518344283104,0.002269817516207695,0.06222759932279587,-0.16776876151561737,0.31881609559059143,-0.16776876151561737
90,back,left,0.07358390872589647,0.123592572856798,0.2498060348562542,0.9564326709427075,3.0011485949820083,0,0,0.0,7.589564887666711e-08,2.487237513726371e-07,0.25658848881721497,-0.06136516481637955,0.0022698910906910896,-0.06136518344283104,0.002269817516207695,0.06222759932279587,-0.16776876151561737,-0.1943608969449997,-0.16776876151561737
90,back,forward,0.07358390872589647,0.123592572856798,0.2498060348562542,0.9564326709427075,3.0011485949820083,1,42,3.826168496863696,0.011954677291214466,0.0679248449826475,0.2544274628162384,-0.06136516481637955,0.0022698910906910896,-0.06407430022954941,0.013913554139435291,0.06222759932279587,-0.16776876151561737,0.06392709910869598,0.08665303140878677
90,back,backward,0.07358390872589647,0.123592572856798,0.2498060348562542,0.9564326709427075,3.0011485949820083,0,0,0.0,7.589564887666711e-08,2.487237513726371e-07,0.25658851861953735,-0.06136516481637955,0.0022698910906910896,-0.06136518344283104,0.002269817516207695,0.06222759932279587,-0.16776876151561737,0.06222759932279587,-0.42435726523399353
91,front,stay,0.10078595536407142,-0.12458752774048924,0.27712356707502844,0.8767516159446223,-1.9825499935372652,0,0,0.0,7.920075972833729e-08,2.449894245248885e-07,0.0,-0.08831857144832611,0.036729808896780014,-0.08831851929426193,0.03672974929213524,0.036268748342990875,0.2734212875366211,0.036268748342990875,0.2734212875366211
91,front,right,0.10078595536407142,-0.12458752774048924,0.27712356707502844,0.8767516159446223,-1.9825499935372652,0,0,0.0,7.920075972833729e-08,2.449894245248885e-07,0.25658848881721497,-0.08831857144832611,0.036729808896780014,-0.08831851929426193,0.03672974929213524,0.036268748342990875,0.2734212875366211,0.29285722970962524,0.2734212875366211
91,front,left,0.10078595536407142,-0.12458752774048924,0.27712356707502844,0.8767516159446223,-1.9825499935372652,0,0,0.0,7.920075972833729e-08,2.449894245248885e-07,0.25658848881721497,-0.08831857144832611,0.036729808896780014,-0.08831851929426193,0.03672974929213524,0.036268748342990875,0.2734212875366211,-0.2203197479248047,0.2734212875366211
91,front,forward,0.10078595536407142,-0.12458752774048924,0.27712356707502844,0.8767516159446223,-1.9825499935372652,0,0,0.0,7.920075972833729e-08,2.449894245248885e-07,0.25658851861953735,-0.08831857144832611,0.036729808896780014,-0.08831851929426193,0.03672974929213524,0.036268748342990875,0.2734212875366211,0.036268748342990875,0.5300098061561584
91,front,backward,0.10078595536407142,-0.12458752774048924,0.27712356707502844,0.8767516159446223,-1.9825499935372652,0,0,0.0,7.920075972833729e-08,2.449894245248885e-07,0.25658848881721497,-0.08831857144832611,0.036729808896780014,-0.08831851929426193,0.03672974929213524,0.036268748342990875,0.2734212875366211,0.036268748342990875,0.01683279126882553
92,left,stay,0.10827818346007584,0.06611593938331714,0.3251911344202981,0.6533508679604316,-0.8711192837738424,0,0,0.0,2.738341891017626e-07,8.421950025150338e-07,0.0,-0.026234176009893417,0.062399622052907944,-0.026234449818730354,0.06239962577819824,-0.26367664337158203,-0.0037161782383918762,-0.26367664337158203,-0.0037161782383918762
92,left,right,0.10827818346007584,0.06611593938331714,0.3251911344202981,0.6533508679604316,-0.8711192837738424,1,35,14.90707769319482,0.060470979660749435,0.052515262807272145,0.2523996829986572,-0.026234176009893417,0.062399622052907944,0.03347034007310867,0.0719970315694809,-0.26367664337158203,-0.0037161782383918762,-0.011278420686721802,-0.004571654833853245
92,left,left,0.10827818346007584,0.06611593938331714,0.3251911344202981,0.6533508679604316,-0.8711192837738424,0,0,0.0,2.738341891017626e-07,8.421950025150338e-07,0.25658851861953735,-0.026234176009893417,0.062399622052907944,-0.026234449818730354,0.06239962577819824,-0.26367664337158203,-0.0037161782383918762,-0.5202651619911194,-0.0037161782383918762
92,left,forward,0.10827818346007584,0.06611593938331714,0.3251911344202981,0.6533508679604316,-0.8711192837738424,0,0,0.0,2.738341891017626e-07,8.421950025150338e-07,0.25658848881721497,-0.026234176009893417,0.062399622052907944,-0.026234449818730354,0.06239962577819824,-0.26367664337158203,-0.0037161782383918762,-0.26367664337158203,0.2528723180294037
92,left,backward,0.10827818346007584,0.06611593938331714,0.3251911344202981,0.6533508679604316,-0.8711192837738424,0,0,0.0,2.738341891017626e-07,8.421950025150338e-07,0.25658848881721497,-0.026234176009893417,0.062399622052907944,-0.026234449818730354,0.06239962577819824,-0.26367664337158203,-0.0037161782383918762,-0.26367664337158203,-0.26030465960502625
93,right,stay,0.08621271167470575,-0.061398642410757265,0.3255410228567678,0.7424463539500538,-0.0010977097209661224,0,0,0.0,7.068241103524997e-08,2.665726042618173e-07,0.0,-0.0690864622592926,-0.0975198894739151,-0.06908643990755081,-0.09751982241868973,0.1421755999326706,-0.15891854465007782,0.1421755999326706,-0.15891854465007782
93,right,right,0.08621271167470575,-0.061398642410757265,0.3255410228567678,0.7424463539500538,-0.0010977097209661224,0,0,0.0,7.068241103524997e-08,2.665726042618173e-07,0.25658851861953735,-0.0690864622592926,-0.0975198894739151,-0.06908643990755081,-0.09751982241868973,0.1421755999326706,-0.15891854465007782,0.39876410365104675,-0.15891854465007782
93,right,left,0.08621271167470575,-0.061398642410757265,0.3255410228567678,0.7424463539500538,-0.0010977097209661224,1,78,18.06772588790416,0.15446853637695312,0.051650051180645105,0.24778413772583008,-0.0690864622592926,-0.0975198894739151,-0.22344420850276947,-0.09167053550481796,0.1421755999326706,-0.15891854465007782,-0.10560844838619232,-0.15912963449954987
93,right,forward,0.08621271167470575,-0.061398642410757265,0.3255410228567678,0.7424463539500538,-0.0010977097209661224,0,0,0.0,7.068241103524997e-08,2.665726042618173e-07,0.25658848881721497,-0.0690864622592926,-0.0975198894739151,-0.06908643990755081,-0.09751982241868973,0.1421755999326706,-0.15891854465007782,0.1421755999326706,0.09766995161771774
93,right,backward,0.08621271167470575,-0.061398642410757265,0.3255410228567678,0.7424463539500538,-0.0010977097209661224,0,0,0.0,7.068241103524997e-08,2.665726042618173e-07,0.25658851861953735,-0.0690864622592926,-0.0975198894739151,-0.06908643990755081,-0.09751982241868973,0.1421755999326706,-0.15891854465007782,0.1421755999326706,-0.415507048368454
94,back,stay,0.07652416696914571,-0.025427331911899984,0.35729876860009846,0.8579381087146264,-2.1148242184097685,0,0,0.0,5.516897658708331e-07,1.264815012724796e-07,0.0,-0.02435551956295967,-0.008301446214318275,-0.024355173110961914,-0.008301016874611378,-0.04978295788168907,-0.22084581851959229,-0.04978295788168907,-0.22084581851959229
94,back,right,0.07652416696914571,-0.025427331911899984,0.35729876860009846,0.8579381087146264,-2.1148242184097685,0,0,0.0,5.516897658708331e-07,1.264815012724796e-07,0.25658848881721497,-0.02435551956295967,-0.008301446214318275,-0.024355173110961914,-0.008301016874611378,-0.04978295788168907,-0.22084581851959229,0.2068055421113968,-0.22084581851959229
94,back,left,0.07652416696914571,-0.025427331911899984,0.35729876860009846,0.8579381087146264,-2.1148242184097685,0,0,0.0,5.516897658708331e-07,1.264815012724796e-07,0.25658848881721497,-0.02435551956295967,-0.008301446214318275,-0.024355173110961914,-0.008301016874611378,-0.04978295788168907,-0.22084581851959229,-0.30637145042419434,-0.22084581851959229
94,back,forward,0.07652416696914571,-0.025427331911899984,0.35729876860009846,0.8579381087146264,-2.1148242184097685,1,82,16.945932844349723,0.16328342258930206,0.00805484823465541,0.24527373909950256,-0.02435551956295967,-0.008301446214318275,-0.02356433868408203,0.15498004853725433,-0.04978295788168907,-0.22084581851959229,-0.049832217395305634,0.02442791499197483
94,back,backward,0.07652416696914571,-0.025427331911899984,0.35729876860009846,0.8579381087146264,-2.1148242184097685,0,0,0.0,5.516897658708331e-07,1.264815012724796e-07,0.25658848881721497,-0.02435551956295967,-0.008301446214318275,-0.024355173110961914,-0.008301016874611378,-0.04978295788168907,-0.22084581851959229,-0.04978295788168907,-0.47743430733680725
95,front,stay,0.029373679837433418,-0.14291846412736567,0.2335119521735584,0.6878580894470694,1.939407431543252,0,0,0.0,5.440964514491498e-07,2.2966734403162548e-06,0.0,-0.07719287276268005,-0.07817437499761581,-0.07719232887029648,-0.07817438989877701,0.06572523713111877,0.08670411258935928,0.06572523713111877,0.08670411258935928
95,front,right,0.029373679837433418,-0.14291846412736567,0.2335119521735584,0.6878580894470694,1.939407431543252,0,0,0.0,5.440964514491498e-07,2.2966734403162548e-06,0.25658848881721497,-0.07719287276268005,-0.07817437499761581,-0.07719232887029648,-0.07817438989877701,0.06572523713111877,0.08670411258935928,0.32231372594833374,0.08670411258935928
95,front,left,0.029373679837433418,-0.14291846412736567,0.2335119521735584,0.6878580894470694,1.939407431543252,0,0,0.0,5.440964514491498e-07,2.2966734403162548e-06,0.25658848881721497,-0.07719287276268005,-0.07817437499761581,-0.07719232887029648,-0.07817438989877701,0.06572523713111877,0.08670411258935928,-0.1908632516860962,0.08670411258935928
95,front,forward,0.029373679837433418,-0.14291846412736567,0.2335119521735584,0.6878580894470694,1.939407431543252,0,0,0.0,5.440964514491498e-07,2.2966734403162548e-06,0.25658848881721497,-0.07719287276268005,-0.07817437499761581,-0.07719232887029648,-0.07817438989877701,0.06572523713111877,0.08670411258935928,0.06572523713111877,0.34329259395599365
95,front,backward,0.029373679837433418,-0.14291846412736567,0.2335119521735584,0.6878580894470694,1.939407431543252,0,0,0.0,5.440964514491498e-07,2.2966734403162548e-06,0.25658848881721497,-0.07719287276268005,-0.07817437499761581,-0.07719232887029648,-0.07817438989877701,0.06572523713111877,0.08670411258935928,0.06572523713111877,-0.16988438367843628
96,left,stay,0.06320648547601786,-0.020589913858497885,0.37895258831865375,0.923539980206208,-1.9563344650740022,0,0,0.0,6.001793906307284e-08,2.135967560601415e-07,0.0,-0.011232877150177956,-0.08890430629253387,-0.011232837103307247,-0.08890435099601746,-0.18810132145881653,-0.06831437349319458,-0.18810132145881653,-0.06831437349319458
96,left,right,0.06320648547601786,-0.020589913858497885,0.37895258831865375,0.923539980206208,-1.9563344650740022,1,76,25.549778239136273,0.1508505493402481,0.0038028138303407566,0.24451735615730286,-0.011232877150177956,-0.08890430629253387,0.13961704075336456,-0.08933866769075394,-0.18810132145881653,-0.06831437349319458,0.05641602352261543,-0.06822431087493896
96,left,left,0.06320648547601786,-0.020589913858497885,0.37895258831865375,0.923539980206208,-1.9563344650740022,0,0,0.0,6.001793906307284e-08,2.135967560601415e-07,0.25658848881721497,-0.011232877150177956,-0.08890430629253387,-0.011232837103307247,-0.08890435099601746,-0.18810132145881653,-0.06831437349319458,-0.4446898102760315,-0.06831437349319458
96,left,forward,0.06320648547601786,-0.020589913858497885,0.37895258831865375,0.923539980206208,-1.9563344650740022,0,0,0.0,6.001793906307284e-08,2.135967560601415e-07,0.25658848881721497,-0.011232877150177956,-0.08890430629253387,-0.011232837103307247,-0.08890435099601746,-0.18810132145881653,-0.06831437349319458,-0.18810132145881653,0.18827411532402039
96,left,backward,0.06320648547601786,-0.020589913858497885,0.37895258831865375,0.923539980206208,-1.9563344650740022,0,0,0.0,6.001793906307284e-08,2.135967560601415e-07,0.25658848881721497,-0.011232877150177956,-0.08890430629253387,-0.011232837103307247,-0.08890435099601746,-0.18810132145881653,-0.06831437349319458,-0.18810132145881653,-0.32490286231040955
97,right,stay,0.03881044941958531,-0.13310718399795293,0.29110632252888546,0.9287280116375887,2.8810168484884313,0,0,0.0,4.114717455649952e-08,2.2886581518832827e-11,0.0,-0.0580354779958725,0.053346581757068634,-0.058035481721162796,0.05334662273526192,0.1144993007183075,-0.0797601118683815,0.1144993007183075,-0.0797601118683815
97,right,right,0.03881044941958531,-0.13310718399795293,0.29110632252888546,0.9287280116375887,2.8810168484884313,0,0,0.0,4.114717455649952e-08,2.2886581518832827e-11,0.25658848881721497,-0.0580354779958725,0.053346581757068634,-0.058035481721162796,0.05334662273526192,0.1144993007183075,-0.0797601118683815,0.37108778953552246,-0.0797601118683815
97,right,left,0.03881044941958531,-0.13310718399795293,0.29110632252888546,0.9287280116375887,2.8810168484884313,0,0,0.0,4.114717455649952e-08,2.2886581518832827e-11,0.25658848881721497,-0.0580354779958725,0.053346581757068634,-0.058035481721162796,0.05334662273526192,0.1144993007183075,-0.0797601118683815,-0.14208918809890747,-0.0797601118683815
97,right,forward,0.03881044941958531,-0.13310718399795293,0.29110632252888546,0.9287280116375887,2.8810168484884313,0,0,0.0,4.114717455649952e-08,2.2886581518832827e-11,0.25658848881721497,-0.0580354779958725,0.053346581757068634,-0.058035481721162796,0.05334662273526192,0.1144993007183075,-0.0797601118683815,0.1144993007183075,0.17682838439941406
97,right,backward,0.03881044941958531,-0.13310718399795293,0.29110632252888546,0.9287280116375887,2.8810168484884313,0,0,0.0,4.114717455649952e-08,2.2886581518832827e-11,0.25658848881721497,-0.0580354779958725,0.053346581757068634,-0.058035481721162796,0.05334662273526192,0.1144993007183075,-0.0797601118683815,0.1144993007183075,-0.33634859323501587
98,back,stay,0.04195650946425972,0.09999356678817631,0.23850971403993226,0.9646302532803646,1.8330233179536641,0,0,0.0,1.5378558373413398e-06,3.380991364432262e-06,0.0,-0.030256247147917747,-0.047283902764320374,-0.030254758894443512,-0.047284290194511414,0.0697370320558548,-0.22300012409687042,0.0697370320558548,-0.22300012409687042
98,back,right,0.04195650946425972,0.09999356678817631,0.23850971403993226,0.9646302532803646,1.8330233179536641,0,0,0.0,1.5378558373413398e-06,3.380991364432262e-06,0.25658851861953735,-0.030256247147917747,-0.047283902764320374,-0.030254758894443512,-0.047284290194511414,0.0697370320558548,-0.22300012409687042,0.32632553577423096,-0.22300012409687042
98,back,left,0.04195650946425972,0.09999356678817631,0.23850971403993226,0.9646302532803646,1.8330233179536641,0,0,0.0,1.5378558373413398e-06,3.380991364432262e-06,0.25658848881721497,-0.030256247147917747,-0.047283902764320374,-0.030254758894443512,-0.047284290194511414,0.0697370320558548,-0.22300012409687042,-0.18685145676136017,-0.22300012409687042
98,back,forward,0.04195650946425972,0.09999356678817631,0.23850971403993226,0.9646302532803646,1.8330233179536641,1,25,10.91579482985098,0.01676567830145359,0.035775278305632874,0.2551398277282715,-0.030256247147917747,-0.047283902764320374,-0.03738538175821304,-0.032109469175338745,0.0697370320558548,-0.22300012409687042,0.07037416100502014,0.032138898968696594
98,back,backward,0.04195650946425972,0.09999356678817631,0.23850971403993226,0.9646302532803646,1.8330233179536641,0,0,0.0,1.5378558373413398e-06,3.380991364432262e-06,0.25658851861953735,-0.030256247147917747,-0.047283902764320374,-0.030254758894443512,-0.047284290194511414,0.0697370320558548,-0.22300012409687042,0.0697370320558548,-0.4795886278152466
99,front,stay,0.0694814579600845,0.08178494556858937,0.2330815213682922,0.8900260976268173,-2.9457644377555896,0,0,0.0,4.975862566425349e-07,4.464399401271635e-07,0.0,0.005679091904312372,0.04410935193300247,0.005679246038198471,0.04410982504487038,-0.07610595971345901,0.21426939964294434,-0.07610595971345901,0.21426939964294434
99,front,right,0.0694814579600845,0.08178494556858937,0.2330815213682922,0.8900260976268173,-2.9457644377555896,0,0,0.0,4.975862566425349e-07,4.464399401271635e-07,0.25658848881721497,0.005679091904312372,0.04410935193300247,0.005679246038198471,0.04410982504487038,-0.07610595971345901,0.21426939964294434,0.18048253655433655,0.21426939964294434
99,front,left,0.0694814579600845,0.08178494556858937,0.2330815213682922,0.8900260976268173,-2.9457644377555896,0,0,0.0,4.975862566425349e-07,4.464399401271635e-07,0.25658848881721497,0.005679091904312372,0.04410935193300247,0.005679246038198471,0.04410982504487038,-0.07610595971345901,0.21426939964294434,-0.3326944410800934,0.21426939964294434
99,front,forward,0.0694814579600845,0.08178494556858937,0.2330815213682922,0.8900260976268173,-2.9457644377555896,0,0,0.0,4.975862566425349e-07,4.464399401271635e-07,0.25658848881721497,0.005679091904312372,0.04410935193300247,0.005679246038198471,0.04410982504487038,-0.07610595971345901,0.21426939964294434,-0.07610595971345901,0.4708578884601593
99,front,backward,0.0694814579600845,0.08178494556858937,0.2330815213682922,0.8900260976268173,-2.9457644377555896,1,74,12.268203942304462,0.14600475132465363,0.04822528373774926,0.24968479573726654,0.005679091904312372,0.04410935193300247,0.008274659514427185,-0.10187233239412308,-0.07610595971345901,0.21426939964294434,-0.0765606090426445,-0.035414982587099075
100,left,stay,0.09557187376624701,-0.09850616332982735,0.3152046818885437,0.8455928270367028,2.4937165974249584,0,0,0.0,2.1699615615489165e-07,7.438851969965299e-07,0.0,0.08097095787525177,0.057346925139427185,0.0809711366891861,0.057346802204847336,-0.14953458309173584,0.15585312247276306,-0.14953458309173584,0.15585312247276306
100,left,right,0.09557187376624701,-0.09850616332982735,0.3152046818885437,0.8455928270367028,2.4937165974249584,1,51,11.701348994790687,0.07596597075462341,0.2944968678724069,0.2505488097667694,0.08097095787525177,0.057346925139427185,0.15540964901447296,0.04219074919819832,-0.14953458309173584,0.15585312247276306,0.1010107696056366,0.1571684330701828
100,left,left,0.09557187376624701,-0.09850616332982735,0.3152046818885437,0.8455928270367028,2.4937165974249584,0,0,0.0,2.1699615615489165e-07,7.438851969965299e-07,0.25658848881721497,0.08097095787525177,0.057346925139427185,0.0809711366891861,0.057346802204847336,-0.14953458309173584,0.15585312247276306,-0.4061230719089508,0.15585312247276306
100,left,forward,0.09557187376624701,-0.09850616332982735,0.3152046818885437,0.8455928270367028,2.4937165974249584,0,0,0.0,2.1699615615489165e-07,7.438851969965299e-07,0.25658848881721497,0.08097095787525177,0.057346925139427185,0.0809711366891861,0.057346802204847336,-0.14953458309173584,0.15585312247276306,-0.14953458309173584,0.412441611289978
100,left,backward,0.09557187376624701,-0.09850616332982735,0.3152046818885437,0.8455928270367028,2.4937165974249584,0,0,0.0,2.1699615615489165e-07,7.438851969965299e-07,0.25658848881721497,0.08097095787525177,0.057346925139427185,0.0809711366891861,0.057346802204847336,-0.14953458309173584,0.15585312247276306,-0.14953458309173584,-0.1007353737950325
101,right,stay,0.025117592693485957,0.013695153610497501,0.2801585094626859,0.866817208429946,0.9901548032361696,0,0,0.0,4.768517101183534e-07,5.647797740593319e-07,0.0,-0.09184329211711884,-0.05903191864490509,-0.09184357523918152,-0.05903230234980583,0.05752704292535782,-0.0453365333378315,0.05752704292535782,-0.0453365333378315
101,right,right,0.025117592693485957,0.013695153610497501,0.2801585094626859,0.866817208429946,0.9901548032361696,0,0,0.0,4.768517101183534e-07,5.647797740593319e-07,0.25658848881721497,-0.09184329211711884,-0.05903191864490509,-0.09184357523918152,-0.05903230234980583,0.05752704292535782,-0.0453365333378315,0.3141155242919922,-0.0453365333378315
101,right,left,0.025117592693485957,0.013695153610497501,0.2801585094626859,0.866817208429946,0.9901548032361696,1,102,16.257842164213773,0.20709486305713654,0.0013984579376692396,0.24577578902244568,-0.09184329211711884,-0.05903191864490509,-0.29893800616264343,-0.05927923321723938,0.05752704292535782,-0.0453365333378315,-0.18824873864650726,-0.04531475529074669
101,right,forward,0.025117592693485957,0.013695153610497501,0.2801585094626859,0.866817208429946,0.9901548032361696,0,0,0.0,4.768517101183534e-07,5.647797740593319e-07,0.25658848881721497,-0.09184329211711884,-0.05903191864490509,-0.09184357523918152,-0.05903230234980583,0.05752704292535782,-0.0453365333378315,0.05752704292535782,0.21125195920467377
101,right,backward,0.025117592693485957,0.013695153610497501,0.2801585094626859,0.866817208429946,0.9901548032361696,0,0,0.0,4.768517101183534e-07,5.647797740593319e-07,0.25658848881721497,-0.09184329211711884,-0.05903191864490509,-0.09184357523918152,-0.05903230234980583,0.05752704292535782,-0.0453365333378315,0.05752704292535782,-0.30192503333091736
102,back,stay,0.08001886826257124,-0.01789242992504514,0.3744989354802466,0.9971060398269855,-1.5352567108408877,0,0,0.0,7.879341410443885e-07,3.0317800545631712e-06,0.0,0.008711742237210274,0.09197580069303513,0.008710980415344238,0.09197600185871124,-0.00918059516698122,-0.11458836495876312,-0.00918059516698122,-0.11458836495876312
102,back,right,0.08001886826257124,-0.01789242992504514,0.3744989354802466,0.9971060398269855,-1.5352567108408877,0,0,0.0,7.879341410443885e-07,3.0317800545631712e-06,0.25658848881721497,0.008711742237210274,0.09197580069303513,0.008710980415344238,0.09197600185871124,-0.00918059516698122,-0.11458836495876312,0.24740789830684662,-0.11458836495876312
102,back,left,0.08001886826257124,-0.01789242992504514,0.3744989354802466,0.9971060398269855,-1.5352567108408877,0,0,0.0,7.879341410443885e-07,3.0317800545631712e-06,0.25658848881721497,0.008711742237210274,0.09197580069303513,0.008710980415344238,0.09197600185871124,-0.00918059516698122,-0.11458836495876312,-0.2657690942287445,-0.11458836495876312
102,back,forward,0.08001886826257124,-0.01789242992504514,0.3744989354802466,0.9971060398269855,-1.5352567108408877,1,82,26.02040233078389,0.1620660275220871,0.0023369505550956404,0.24296757578849792,0.008711742237210274,0.09197580069303513,0.008983162231743336,0.2540416121482849,-0.00918059516698122,-0.11458836495876312,-0.009198487736284733,0.1283792108297348
102,back,backward,0.08001886826257124,-0.01789242992504514,0.3744989354802466,0.9971060398269855,-1.5352567108408877,0,0,0.0,7.879341410443885e-07,3.0317800545631712e-06,0.25658851861953735,0.008711742237210274,0.09197580069303513,0.008710980415344238,0.09197600185871124,-0.00918059516698122,-0.11458836495876312,-0.00918059516698122,-0.3711768686771393
103,front,stay,0.03358150834161419,0.08989316328665742,0.3334404632429343,0.854920441774301,0.004933932941685537,0,0,0.0,3.2444262387798517e-07,1.1899481765281425e-06,0.0,0.04397229477763176,-0.09978542476892471,0.043972209095954895,-0.09978573769330978,-0.04592086002230644,0.019214950501918793,-0.04592086002230644,0.019214950501918793
103,front,right,0.03358150834161419,0.08989316328665742,0.3334404632429343,0.854920441774301,0.004933932941685537,0,0,0.0,3.2444262387798517e-07,1.1899481765281425e-06,0.25658848881721497,0.04397229477763176,-0.09978542476892471,0.043972209095954895,-0.09978573769330978,-0.04592086002230644,0.019214950501918793,0.21066763997077942,0.019214950501918793
103,front,left,0.03358150834161419,0.08989316328665742,0.3334404632429343,0.854920441774301,0.004933932941685537,0,0,0.0,3.2444262387798517e-07,1.1899481765281425e-06,0.25658851861953735,0.04397229477763176,-0.09978542476892471,0.043972209095954895,-0.09978573769330978,-0.04592086002230644,0.019214950501918793,-0.3025093674659729,0.019214950501918793
103,front,forward,0.03358150834161419,0.08989316328665742,0.3334404632429343,0.854920441774301,0.004933932941685537,0,0,0.0,3.2444262387798517e-07,1.1899481765281425e-06,0.25658848881721497,0.04397229477763176,-0.09978542476892471,0.043972209095954895,-0.09978573769330978,-0.04592086002230644,0.019214950501918793,-0.04592086002230644,0.27580344676971436
103,front,backward,0.03358150834161419,0.08989316328665742,0.3334404632429343,0.854920441774301,0.004933932941685537,1,104,12.7657213591,0.19028373062610626,0.20030172302708563,0.24426151812076569,0.04397229477763176,-0.09978542476892471,0.0564308762550354,-0.28966084122657776,-0.04592086002230644,0.019214950501918793,-0.048370666801929474,-0.22503428161144257
104,left,stay,0.043279798040707834,-0.12073849699346888,0.2913072213377698,0.8231159748320992,-2.939413472307983,0,0,0.0,5.642923497362062e-07,5.812097230162294e-07,0.0,0.057587940245866776,-0.030174363404512405,0.0575881153345108,-0.030173826962709427,-0.11799683421850204,0.09056361019611359,-0.11799683421850204,0.09056361019611359
104,left,right,0.043279798040707834,-0.12073849699346888,0.2913072213377698,0.8231159748320992,-2.939413472307983,0,0,0.0,5.642923497362062e-07,5.812097230162294e-07,0.25658848881721497,0.057587940245866776,-0.030174363404512405,0.0575881153345108,-0.030173826962709427,-0.11799683421850204,0.09056361019611359,0.13859166204929352,0.09056361019611359
104,left,left,0.043279798040707834,-0.12073849699346888,0.2913072213377698,0.8231159748320992,-2.939413472307983,0,0,0.0,5.642923497362062e-07,5.812097230162294e-07,0.25658848881721497,0.057587940245866776,-0.030174363404512405,0.0575881153345108,-0.030173826962709427,-0.11799683421850204,0.09056361019611359,-0.3745853304862976,0.09056361019611359
104,left,forward,0.043279798040707834,-0.12073849699346888,0.2913072213377698,0.8231159748320992,-2.939413472307983,0,0,0.0,5.642923497362062e-07,5.812097230162294e-07,0.25658851861953735,0.057587940245866776,-0.030174363404512405,0.0575881153345108,-0.030173826962709427,-0.11799683421850204,0.09056361019611359,-0.11799683421850204,0.34715211391448975
104,left,backward,0.043279798040707834,-0.12073849699346888,0.2913072213377698,0.8231159748320992,-2.939413472307983,0,0,0.0,5.642923497362062e-07,5.812097230162294e-07,0.25658848881721497,0.057587940245866776,-0.030174363404512405,0.0575881153345108,-0.030173826962709427,-0.11799683421850204,0.09056361019611359,-0.11799683421850204,-0.16602487862110138
105,right,stay,0.09078794502982722,-0.10692997735126186,0.26506338110806404,0.8059629220157292,2.6451304577085155,0,0,0.0,1.3123388953317772e-07,3.540352411235403e-07,0.0,0.08800534904003143,-0.05000285804271698,0.0880054235458374,-0.050002966076135635,0.3149656653404236,-0.15693263709545135,0.3149656653404236,-0.15693263709545135
105,right,right,0.09078794502982722,-0.10692997735126186,0.26506338110806404,0.8059629220157292,2.6451304577085155,0,0,0.0,1.3123388953317772e-07,3.540352411235403e-07,0.25658851861953735,0.08800534904003143,-0.05000285804271698,0.0880054235458374,-0.050002966076135635,0.3149656653404236,-0.15693263709545135,0.5715541839599609,-0.15693263709545135
105,right,left,0.09078794502982722,-0.10692997735126186,0.26506338110806404,0.8059629220157292,2.6451304577085155,1,53,10.785258166690252,0.07955313473939896,0.32208354564928365,0.25162479281425476,0.08800534904003143,-0.05000285804271698,0.009472248144447803,-0.037304285913705826,0.3149656653404236,-0.15693263709545135,0.06334347277879715,-0.1580757051706314
105,right,forward,0.09078794502982722,-0.10692997735126186,0.26506338110806404,0.8059629220157292,2.6451304577085155,0,0,0.0,1.3123388953317772e-07,3.540352411235403e-07,0.25658848881721497,0.08800534904003143,-0.05000285804271698,0.0880054235458374,-0.050002966076135635,0.3149656653404236,-0.15693263709545135,0.3149656653404236,0.09965585917234421
105,right,backward,0.09078794502982722,-0.10692997735126186,0.26506338110806404,0.8059629220157292,2.6451304577085155,0,0,0.0,1.3123388953317772e-07,3.540352411235403e-07,0.25658851861953735,0.08800534904003143,-0.05000285804271698,0.0880054235458374,-0.050002966076135635,0.3149656653404236,-0.15693263709545135,0.3149656653404236,-0.4135211408138275
106,back,stay,0.042554133494375465,-0.09708985307048311,0.23711807222291384,0.8750268542318543,-2.4104113114370698,0,0,0.0,9.396671174499716e-08,3.8908599098164137e-07,0.0,-0.043980516493320465,0.02010772004723549,-0.043980494141578674,0.0201078113168478,-0.14107033610343933,-0.1527027040719986,-0.14107033610343933,-0.1527027040719986
106,back,right,0.042554133494375465,-0.09708985307048311,0.23711807222291384,0.8750268542318543,-2.4104113114370698,0,0,0.0,9.396671174499716e-08,3.8908599098164137e-07,0.25658848881721497,-0.043980516493320465,0.02010772004723549,-0.043980494141578674,0.0201078113168478,-0.14107033610343933,-0.1527027040719986,0.11551816016435623,-0.1527027040719986
106,back,left,0.042554133494375465,-0.09708985307048311,0.23711807222291384,0.8750268542318543,-2.4104113114370698,0,0,0.0,9.396671174499716e-08,3.8908599098164137e-07,0.25658848881721497,-0.043980516493320465,0.02010772004723549,-0.043980494141578674,0.0201078113168478,-0.14107033610343933,-0.1527027040719986,-0.3976588249206543,-0.1527027040719986
106,back,forward,0.042554133494375465,-0.09708985307048311,0.23711807222291384,0.8750268542318543,-2.4104113114370698,1,77,12.805824675212664,0.11048778146505356,0.3108989937122022,0.25012823939323425,-0.043980516493320465,0.02010772004723549,-0.0197187177836895,0.12789878249168396,-0.14107033610343933,-0.1527027040719986,-0.14300376176834106,0.09741804748773575
106,back,backward,0.042554133494375465,-0.09708985307048311,0.23711807222291384,0.8750268542318543,-2.4104113114370698,0,0,0.0,9.396671174499716e-08,3.8908599098164137e-07,0.25658851861953735,-0.043980516493320465,0.02010772004723549,-0.043980494141578674,0.0201078113168478,-0.14107033610343933,-0.1527027040719986,-0.14107033610343933,-0.40929120779037476
107,front,stay,0.060196786625562354,-0.0931341305082196,0.349476550255036,0.9985675741538851,-0.8224147136988509,0,0,0.0,2.1146560413853877e-07,9.048798467192755e-07,0.0,0.08388644456863403,-0.030846457928419113,0.08388624340295792,-0.03084639273583889,0.17702102661132812,0.1622580885887146,0.17702102661132812,0.1622580885887146
107,front,right,0.060196786625562354,-0.0931341305082196,0.349476550255036,0.9985675741538851,-0.8224147136988509,0,0,0.0,2.1146560413853877e-07,9.048798467192755e-07,0.25658848881721497,0.08388644456863403,-0.030846457928419113,0.08388624340295792,-0.03084639273583889,0.17702102661132812,0.1622580885887146,0.4336095154285431,0.1622580885887146
107,front,left,0.060196786625562354,-0.0931341305082196,0.349476550255036,0.9985675741538851,-0.8224147136988509,0,0,0.0,2.1146560413853877e-07,9.048798467192755e-07,0.25658848881721497,0.08388644456863403,-0.030846457928419113,0.08388624340295792,-0.03084639273583889,0.17702102661132812,0.1622580885887146,-0.07956746965646744,0.1622580885887146
107,front,forward,0.060196786625562354,-0.0931341305082196,0.349476550255036,0.9985675741538851,-0.8224147136988509,0,0,0.0,2.1146560413853877e-07,9.048798467192755e-07,0.25658848881721497,0.08388644456863403,-0.030846457928419113,0.08388624340295792,-0.03084639273583889,0.17702102661132812,0.1622580885887146,0.17702102661132812,0.41884657740592957
107,front,backward,0.060196786625562354,-0.0931341305082196,0.349476550255036,0.9985675741538851,-0.8224147136988509,1,42,10.704390474076545,0.051502492278814316,0.22219843133248554,0.25032228231430054,0.08388644456863403,-0.030846457928419113,0.07607866823673248,-0.0817536786198616,0.17702102661132812,0.1622580885887146,0.17803052067756653,-0.08806214481592178
108,left,stay,0.06195500520759388,0.02450628958386289,0.2757081117399513,0.6970328096046642,2.1041045449123716,0,0,0.0,3.772672698687529e-07,1.3005006369581906e-06,0.0,-0.06446570158004761,-0.09095702320337296,-0.06446532905101776,-0.09095696359872818,-0.24838483333587646,-0.11546345055103302,-0.24838483333587646,-0.11546345055103302
108,left,right,0.06195500520759388,0.02450628958386289,0.2757081117399513,0.6970328096046642,2.1041045449123716,1,74,15.411848729114187,0.1500379890203476,0.0047732831847318025,0.2498304694890976,-0.06446570158004761,-0.09095702320337296,0.08557192236185074,-0.09061992168426514,-0.24838483333587646,-0.11546345055103302,0.001445634406991303,-0.11548928171396255
108,left,left,0.06195500520759388,0.02450628958386289,0.2757081117399513,0.6970328096046642,2.1041045449123716,0,0,0.0,3.772672698687529e-07,1.3005006369581906e-06,0.25658851861953735,-0.06446570158004761,-0.09095702320337296,-0.06446532905101776,-0.09095696359872818,-0.24838483333587646,-0.11546345055103302,-0.5049733519554138,-0.11546345055103302
108,left,forward,0.06195500520759388,0.02450628958386289,0.2757081117399513,0.6970328096046642,2.1041045449123716,0,0,0.0,3.772672698687529e-07,1.3005006369581906e-06,0.25658848881721497,-0.06446570158004761,-0.09095702320337296,-0.06446532905101776,-0.09095696359872818,-0.24838483333587646,-0.11546345055103302,-0.24838483333587646,0.14112503826618195
108,left,backward,0.06195500520759388,0.02450628958386289,0.2757081117399513,0.6970328096046642,2.1041045449123716,0,0,0.0,3.772672698687529e-07,1.3005006369581906e-06,0.25658851861953735,-0.06446570158004761,-0.09095702320337296,-0.06446532905101776,-0.09095696359872818,-0.24838483333587646,-0.11546345055103302,-0.24838483333587646,-0.3720519542694092
109,right,stay,0.03889941977382408,-0.024461610677024237,0.28943419754524424,0.9391969491225111,0.9548095579016662,0,0,0.0,3.978611857746728e-07,8.078912073772315e-07,0.0,0.02509131282567978,-0.07095711678266525,0.025091098621487617,-0.07095745205879211,0.18982994556427002,-0.09541847556829453,0.18982994556427002,-0.09541847556829453
109,right,right,0.03889941977382408,-0.024461610677024237,0.28943419754524424,0.9391969491225111,0.9548095579016662,0,0,0.0,3.978611857746728e-07,8.078912073772315e-07,0.25658848881721497,0.02509131282567978,-0.07095711678266525,0.025091098621487617,-0.07095745205879211,0.18982994556427002,-0.09541847556829453,0.446418434381485,-0.09541847556829453
109,right,left,0.03889941977382408,-0.024461610677024237,0.28943419754524424,0.9391969491225111,0.9548095579016662,1,84,13.447531058476748,0.16862882673740387,0.006663368088520526,0.2464040368795395,0.02509131282567978,-0.07095711678266525,-0.1435374617576599,-0.07084035128355026,0.18982994556427002,-0.09541847556829453,-0.05657409504055977,-0.09544047713279724
109,right,forward,0.03889941977382408,-0.024461610677024237,0.28943419754524424,0.9391969491225111,0.9548095579016662,0,0,0.0,3.978611857746728e-07,8.078912073772315e-07,0.25658848881721497,0.02509131282567978,-0.07095711678266525,0.025091098621487617,-0.07095745205879211,0.18982994556427002,-0.09541847556829453,0.18982994556427002,0.16117002069950104
109,right,backward,0.03889941977382408,-0.024461610677024237,0.28943419754524424,0.9391969491225111,0.9548095579016662,0,0,0.0,3.978611857746728e-07,8.078912073772315e-07,0.25658848881721497,0.02509131282567978,-0.07095711678266525,0.025091098621487617,-0.07095745205879211,0.18982994556427002,-0.09541847556829453,0.18982994556427002,-0.3520069718360901
110,back,stay,0.055985945893966604,0.1447369044760947,0.3757576409828266,0.756910664406918,0.7657934409854152,0,0,0.0,1.4683696747397335e-07,5.001833617290785e-07,0.0,0.03459320217370987,-0.005874798633158207,0.03459316864609718,-0.00587494159117341,0.17933008074760437,-0.19321230053901672,0.17933008074760437,-0.19321230053901672
110,back,right,0.055985945893966604,0.1447369044760947,0.3757576409828266,0.756910664406918,0.7657934409854152,0,0,0.0,1.4683696747397335e-07,5.001833617290785e-07,0.25658848881721497,0.03459320217370987,-0.005874798633158207,0.03459316864609718,-0.00587494159117341,0.17933008074760437,-0.19321230053901672,0.43591856956481934,-0.19321230053901672
110,back,left,0.055985945893966604,0.1447369044760947,0.3757576409828266,0.756910664406918,0.7657934409854152,0,0,0.0,1.4683696747397335e-07,5.001833617290785e-07,0.25658848881721497,0.03459320217370987,-0.005874798633158207,0.03459316864609718,-0.00587494159117341,0.17933008074760437,-0.19321230053901672,-0.07725841552019119,-0.19321230053901672
110,back,forward,0.055985945893966604,0.1447369044760947,0.3757576409828266,0.756910664406918,0.7657934409854152,0,0,0.0,1.4683696747397335e-07,5.001833617290785e-07,0.25658848881721497,0.03459320217370987,-0.005874798633158207,0.03459316864609718,-0.00587494159117341,0.17933008074760437,-0.19321230053901672,0.17933008074760437,0.06337619572877884
110,back,backward,0.055985945893966604,0.1447369044760947,0.3757576409828266,0.756910664406918,0.7657934409854152,0,0,0.0,1.4683696747397335e-07,5.001833617290785e-07,0.25658848881721497,0.03459320217370987,-0.005874798633158207,0.03459316864609718,-0.00587494159117341,0.17933008074760437,-0.19321230053901672,0.17933008074760437,-0.4498007893562317
111,front,stay,0.11111881719504287,-0.14464091440597393,0.36931403409547053,0.8939101800460417,0.7518349027390725,0,0,0.0,1.188157412457258e-07,4.4480938821145344e-07,0.0,0.023401618003845215,-0.05700303614139557,0.023401590064167976,-0.05700315162539482,0.16804249584674835,0.1850389689207077,0.16804249584674835,0.1850389689207077
111,front,right,0.11111881719504287,-0.14464091440597393,0.36931403409547053,0.8939101800460417,0.7518349027390725,0,0,0.0,1.188157412457258e-07,4.4480938821145344e-07,0.25658851861953735,0.023401618003845215,-0.05700303614139557,0.023401590064167976,-0.05700315162539482,0.16804249584674835,0.1850389689207077,0.4246309995651245,0.1850389689207077
111,front,left,0.11111881719504287,-0.14464091440597393,0.36931403409547053,0.8939101800460417,0.7518349027390725,0,0,0.0,1.188157412457258e-07,4.4480938821145344e-07,0.25658848881721497,0.023401618003845215,-0.05700303614139557,0.023401590064167976,-0.05700315162539482,0.16804249584674835,0.1850389689207077,-0.08854600042104721,0.1850389689207077
111,front,forward,0.11111881719504287,-0.14464091440597393,0.36931403409547053,0.8939101800460417,0.7518349027390725,0,0,0.0,1.188157412457258e-07,4.4480938821145344e-07,0.25658851861953735,0.023401618003845215,-0.05700303614139557,0.023401590064167976,-0.05700315162539482,0.16804249584674835,0.1850389689207077,0.16804249584674835,0.44162747263908386
111,front,backward,0.11111881719504287,-0.14464091440597393,0.36931403409547053,0.8939101800460417,0.7518349027390725,0,0,0.0,1.188157412457258e-07,4.4480938821145344e-07,0.25658848881721497,0.023401618003845215,-0.05700303614139557,0.023401590064167976,-0.05700315162539482,0.16804249584674835,0.1850389689207077,0.16804249584674835,-0.07154952734708786
112,left,stay,0.05994810677519556,0.07669546161024685,0.2754592792190869,0.7160454791631109,-0.7545315784068176,0,0,0.0,1.7889152559291688e-07,9.483491792972031e-07,0.0,0.03434254229068756,-0.05378046631813049,0.034342389553785324,-0.05378037318587303,-0.15835820138454437,-0.13047589361667633,-0.15835820138454437,-0.13047589361667633
112,left,right,0.05994810677519556,0.07669546161024685,0.2754592792190869,0.7160454791631109,-0.7545315784068176,1,50,9.407589499115156,0.07694625854492188,0.08226820076262842,0.25195586681365967,0.03434254229068756,-0.05378046631813049,0.1090463325381279,-0.03533944860100746,-0.15835820138454437,-0.13047589361667633,0.09359487146139145,-0.13166631758213043
112,left,left,0.05994810677519556,0.07669546161024685,0.2754592792190869,0.7160454791631109,-0.7545315784068176,0,0,0.0,1.7889152559291688e-07,9.483491792972031e-07,0.25658851861953735,0.03434254229068756,-0.05378046631813049,0.034342389553785324,-0.05378037318587303,-0.15835820138454437,-0.13047589361667633,-0.41494670510292053,-0.13047589361667633
112,left,forward,0.05994810677519556,0.07669546161024685,0.2754592792190869,0.7160454791631109,-0.7545315784068176,0,0,0.0,1.7889152559291688e-07,9.483491792972031e-07,0.25658848881721497,0.03434254229068756,-0.05378046631813049,0.034342389553785324,-0.05378037318587303,-0.15835820138454437,-0.13047589361667633,-0.15835820138454437,0.12611259520053864
112,left,backward,0.05994810677519556,0.07669546161024685,0.2754592792190869,0.7160454791631109,-0.7545315784068176,0,0,0.0,1.7889152559291688e-07,9.483491792972031e-07,0.25658851861953735,0.03434254229068756,-0.05378046631813049,0.034342389553785324,-0.05378037318587303,-0.15835820138454437,-0.13047589361667633,-0.15835820138454437,-0.3870643973350525
113,right,stay,0.05081203598352317,-0.0547832365053071,0.314558858733089,0.7159191734457059,0.498362241871233,0,0,0.0,1.862645149230957e-08,3.75397265162114e-07,0.0,0.09117923676967621,0.04374711588025093,0.09117923676967621,0.04374709725379944,0.27816182374954224,-0.011035799980163574,0.27816182374954224,-0.011035799980163574
113,right,right,0.05081203598352317,-0.0547832365053071,0.314558858733089,0.7159191734457059,0.498362241871233,0,0,0.0,1.862645149230957e-08,3.75397265162114e-07,0.25658851861953735,0.09117923676967621,0.04374711588025093,0.09117923676967621,0.04374709725379944,0.27816182374954224,-0.011035799980163574,0.5347503423690796,-0.011035799980163574
113,right,left,0.05081203598352317,-0.0547832365053071,0.314558858733089,0.7159191734457059,0.498362241871233,1,69,7.897065991734432,0.0735517293214798,0.0012744188972386161,0.2506834864616394,0.09117923676967621,0.04374711588025093,0.02976769208908081,0.08422525227069855,0.27816182374954224,-0.011035799980163574,0.027492515742778778,-0.013701986521482468
113,right,forward,0.05081203598352317,-0.0547832365053071,0.314558858733089,0.7159191734457059,0.498362241871233,0,0,0.0,1.862645149230957e-08,3.75397265162114e-07,0.25658848881721497,0.09117923676967621,0.04374711588025093,0.09117923676967621,0.04374709725379944,0.27816182374954224,-0.011035799980163574,0.27816182374954224,0.2455526888370514
113,right,backward,0.05081203598352317,-0.0547832365053071,0.314558858733089,0.7159191734457059,0.498362241871233,0,0,0.0,1.862645149230957e-08,3.75397265162114e-07,0.25658848881721497,0.09117923676967621,0.04374711588025093,0.09117923676967621,0.04374709725379944,0.27816182374954224,-0.011035799980163574,0.27816182374954224,-0.26762428879737854
114,back,stay,0.05443830549304826,-0.06555334587207094,0.28165804596027855,0.6653066179567415,-2.945075297082656,0,0,0.0,4.975984779775899e-07,4.4633434503893454e-07,0.0,-0.043634083122015,-0.003945499192923307,-0.04363393038511276,-0.0039450256153941154,-0.1091875284910202,-0.15911485254764557,-0.1091875284910202,-0.15911485254764557
114,back,right,0.05443830549304826,-0.06555334587207094,0.28165804596027855,0.6653066179567415,-2.945075297082656,0,0,0.0,4.975984779775899e-07,4.4633434503893454e-07,0.25658848881721497,-0.043634083122015,-0.003945499192923307,-0.04363393038511276,-0.0039450256153941154,-0.1091875284910202,-0.15911485254764557,0.14740096032619476,-0.15911485254764557
114,back,left,0.05443830549304826,-0.06555334587207094,0.28165804596027855,0.6653066179567415,-2.945075297082656,0,0,0.0,4.975984779775899e-07,4.4633434503893454e-07,0.25658851861953735,-0.043634083122015,-0.003945499192923307,-0.04363393038511276,-0.0039450256153941154,-0.1091875284910202,-0.15911485254764557,-0.36577603220939636,-0.15911485254764557
114,back,forward,0.05443830549304826,-0.06555334587207094,0.28165804596027855,0.6653066179567415,-2.945075297082656,1,94,16.435662865886044,0.19035057723522186,0.04035653334822831,0.2486816942691803,-0.043634083122015,-0.003945499192923307,-0.0409974679350853,0.1863868236541748,-0.1091875284910202,-0.15911485254764557,-0.10948775708675385,0.0895666629076004
114,back,backward,0.05443830549304826,-0.06555334587207094,0.28165804596027855,0.6653066179567415,-2.945075297082656,0,0,0.0,4.975984779775899e-07,4.4633434503893454e-07,0.25658851861953735,-0.043634083122015,-0.003945499192923307,-0.04363393038511276,-0.0039450256153941154,-0.1091875284910202,-0.15911485254764557,-0.1091875284910202,-0.41570335626602173
115,front,stay,0.035970770119761346,0.12937857585969312,0.37257945765634515,0.9513149349365486,1.5949618464384479,0,0,0.0,6.5535004978301e-07,2.543729604065348e-06,0.0,-0.09483011811971664,0.007631361950188875,-0.0948294848203659,0.00763119338080287,-0.2242087572813034,0.1696646809577942,-0.2242087572813034,0.1696646809577942
115,front,right,0.035970770119761346,0.12937857585969312,0.37257945765634515,0.9513149349365486,1.5949618464384479,0,0,0.0,6.5535004978301e-07,2.543729604065348e-06,0.25658848881721497,-0.09483011811971664,0.007631361950188875,-0.0948294848203659,0.00763119338080287,-0.2242087572813034,0.1696646809577942,0.03237973898649216,0.1696646809577942
115,front,left,0.035970770119761346,0.12937857585969312,0.37257945765634515,0.9513149349365486,1.5949618464384479,0,0,0.0,6.5535004978301e-07,2.543729604065348e-06,0.25658851861953735,-0.09483011811971664,0.007631361950188875,-0.0948294848203659,0.00763119338080287,-0.2242087572813034,0.1696646809577942,-0.48079726099967957,0.1696646809577942
115,front,forward,0.035970770119761346,0.12937857585969312,0.37257945765634515,0.9513149349365486,1.5949618464384479,0,0,0.0,6.5535004978301e-07,2.543729604065348e-06,0.25658848881721497,-0.09483011811971664,0.007631361950188875,-0.0948294848203659,0.00763119338080287,-0.2242087572813034,0.1696646809577942,-0.2242087572813034,0.42625316977500916
115,front,backward,0.035970770119761346,0.12937857585969312,0.37257945765634515,0.9513149349365486,1.5949618464384479,0,0,0.0,6.5535004978301e-07,2.543729604065348e-06,0.25658848881721497,-0.09483011811971664,0.007631361950188875,-0.0948294848203659,0.00763119338080287,-0.2242087572813034,0.1696646809577942,-0.2242087572813034,-0.08692381531000137
116,left,stay,0.10708673591403312,0.025778345049648987,0.3579200499275348,0.8490858778649214,1.056442490645031,0,0,0.0,8.032818072933878e-07,5.433868885962312e-07,0.0,-0.051907025277614594,0.06394479423761368,-0.05190754681825638,0.06394418329000473,-0.2799888551235199,0.038166508078575134,-0.2799888551235199,0.038166508078575134
116,left,right,0.10708673591403312,0.025778345049648987,0.3579200499275348,0.8490858778649214,1.056442490645031,1,66,17.073330525249695,0.1312187761068344,0.006203481062130978,0.24716827273368835,-0.051907025277614594,0.06394479423761368,0.07930946350097656,0.06471865624189377,-0.2799888551235199,0.038166508078575134,-0.03282060846686363,0.03805474191904068
116,left,left,0.10708673591403312,0.025778345049648987,0.3579200499275348,0.8490858778649214,1.056442490645031,0,0,0.0,8.032818072933878e-07,5.433868885962312e-07,0.25658848881721497,-0.051907025277614594,0.06394479423761368,-0.05190754681825638,0.06394418329000473,-0.2799888551235199,0.038166508078575134,-0.5365773439407349,0.038166508078575134
116,left,forward,0.10708673591403312,0.025778345049648987,0.3579200499275348,0.8490858778649214,1.056442490645031,0,0,0.0,8.032818072933878e-07,5.433868885962312e-07,0.25658851861953735,-0.051907025277614594,0.06394479423761368,-0.05190754681825638,0.06394418329000473,-0.2799888551235199,0.038166508078575134,-0.2799888551235199,0.2947550117969513
116,left,backward,0.10708673591403312,0.025778345049648987,0.3579200499275348,0.8490858778649214,1.056442490645031,0,0,0.0,8.032818072933878e-07,5.433868885962312e-07,0.25658848881721497,-0.051907025277614594,0.06394479423761368,-0.05190754681825638,0.06394418329000473,-0.2799888551235199,0.038166508078575134,-0.2799888551235199,-0.21842198073863983
117,right,stay,0.09932440380040938,0.14482907676531223,0.2413771574766818,0.7788683435615832,0.9557176776136398,0,0,0.0,3.887554953507788e-07,7.99719200084148e-07,0.0,0.010953525081276894,-0.004720440600067377,0.010953311808407307,-0.004720765631645918,0.2360777109861374,0.1401088982820511,0.2360777109861374,0.1401088982820511
117,right,right,0.09932440380040938,0.14482907676531223,0.2413771574766818,0.7788683435615832,0.9557176776136398,0,0,0.0,3.887554953507788e-07,7.99719200084148e-07,0.25658851861953735,0.010953525081276894,-0.004720440600067377,0.010953311808407307,-0.004720765631645918,0.2360777109861374,0.1401088982820511,0.49266621470451355,0.1401088982820511
117,right,left,0.09932440380040938,0.14482907676531223,0.2413771574766818,0.7788683435615832,0.9557176776136398,0,0,0.0,3.887554953507788e-07,7.99719200084148e-07,0.25658848881721497,0.010953525081276894,-0.004720440600067377,0.010953311808407307,-0.004720765631645918,0.2360777109861374,0.1401088982820511,-0.020510785281658173,0.1401088982820511
117,right,forward,0.09932440380040938,0.14482907676531223,0.2413771574766818,0.7788683435615832,0.9557176776136398,0,0,0.0,3.887554953507788e-07,7.99719200084148e-07,0.25658851861953735,0.010953525081276894,-0.004720440600067377,0.010953311808407307,-0.004720765631645918,0.2360777109861374,0.1401088982820511,0.2360777109861374,0.39669740200042725
117,right,backward,0.09932440380040938,0.14482907676531223,0.2413771574766818,0.7788683435615832,0.9557176776136398,0,0,0.0,3.887554953507788e-07,7.99719200084148e-07,0.25658848881721497,0.010953525081276894,-0.004720440600067377,0.010953311808407307,-0.004720765631645918,0.2360777109861374,0.1401088982820511,0.2360777109861374,-0.11647959798574448
118,back,stay,0.03540357697294952,-0.10467460269370721,0.28654902126391313,0.941058281571099,1.4057228603591172,0,0,0.0,1.954624053723819e-07,9.591079663806568e-08,0.0,-0.06426937133073807,0.05552469938993454,-0.06426956504583359,0.05552472546696663,-0.16894356906414032,-0.11111815273761749,-0.16894356906414032,-0.11111815273761749
118,back,right,0.03540357697294952,-0.10467460269370721,0.28654902126391313,0.941058281571099,1.4057228603591172,0,0,0.0,1.954624053723819e-07,9.591079663806568e-08,0.25658848881721497,-0.06426937133073807,0.05552469938993454,-0.06426956504583359,0.05552472546696663,-0.16894356906414032,-0.11111815273761749,0.08764492720365524,-0.11111815273761749
118,back,left,0.03540357697294952,-0.10467460269370721,0.28654902126391313,0.941058281571099,1.4057228603591172,0,0,0.0,1.954624053723819e-07,9.591079663806568e-08,0.25658851861953735,-0.06426937133073807,0.05552469938993454,-0.06426956504583359,0.05552472546696663,-0.16894356906414032,-0.11111815273761749,-0.4255320727825165,-0.11111815273761749
118,back,forward,0.03540357697294952,-0.10467460269370721,0.28654902126391313,0.941058281571099,1.4057228603591172,0,0,0.0,1.954624053723819e-07,9.591079663806568e-08,0.25658848881721497,-0.06426937133073807,0.05552469938993454,-0.06426956504583359,0.05552472546696663,-0.16894356906414032,-0.11111815273761749,-0.16894356906414032,0.14547033607959747
118,back,backward,0.03540357697294952,-0.10467460269370721,0.28654902126391313,0.941058281571099,1.4057228603591172,0,0,0.0,1.954624053723819e-07,9.591079663806568e-08,0.25658851861953735,-0.06426937133073807,0.05552469938993454,-0.06426956504583359,0.05552472546696663,-0.16894356906414032,-0.11111815273761749,-0.16894356906414032,-0.36770665645599365
119,front,stay,0.1018503288427583,-0.09472528309543828,0.3312738743183297,0.9192223823391825,1.3856645857596384,0,0,0.0,1.3779798280211253e-07,2.0419228596857408e-07,0.0,-0.02371848374605179,-0.06744793057441711,-0.023718619719147682,-0.06744790822267532,0.0710071474313736,0.16623321175575256,0.0710071474313736,0.16623321175575256
119,front,right,0.1018503288427583,-0.09472528309543828,0.3312738743183297,0.9192223823391825,1.3856645857596384,0,0,0.0,1.3779798280211253e-07,2.0419228596857408e-07,0.25658851861953735,-0.02371848374605179,-0.06744793057441711,-0.023718619719147682,-0.06744790822267532,0.0710071474313736,0.16623321175575256,0.32759565114974976,0.16623321175575256
119,front,left,0.1018503288427583,-0.09472528309543828,0.3312738743183297,0.9192223823391825,1.3856645857596384,0,0,0.0,1.3779798280211253e-07,2.0419228596857408e-07,0.25658848881721497,-0.02371848374605179,-0.06744793057441711,-0.023718619719147682,-0.06744790822267532,0.0710071474313736,0.16623321175575256,-0.18558134138584137,0.16623321175575256
119,front,forward,0.1018503288427583,-0.09472528309543828,0.3312738743183297,0.9192223823391825,1.3856645857596384,0,0,0.0,1.3779798280211253e-07,2.0419228596857408e-07,0.25658848881721497,-0.02371848374605179,-0.06744793057441711,-0.023718619719147682,-0.06744790822267532,0.0710071474313736,0.16623321175575256,0.0710071474313736,0.42282170057296753
119,front,backward,0.1018503288427583,-0.09472528309543828,0.3312738743183297,0.9192223823391825,1.3856645857596384,1,23,11.988815170109229,0.014953532256186008,0.038071314279053414,0.25478100776672363,-0.02371848374605179,-0.06744793057441711,-0.0307333804666996,-0.08065396547317505,0.0710071474313736,0.16623321175575256,0.0718030035495758,-0.08854655176401138
120,left,stay,0.07868486333922017,-0.14150013298653968,0.25494537173476817,0.6626721017537658,0.8515389080288589,0,0,0.0,2.3457499764845124e-07,7.893451868801193e-07,0.0,-0.06339489668607712,0.05972693860530853,-0.06339497864246368,0.05972671881318092,-0.27193325757980347,0.20122729241847992,-0.27193325757980347,0.20122729241847992
120,left,right,0.07868486333922017,-0.14150013298653968,0.25494537173476817,0.6626721017537658,0.8515389080288589,0,0,0.0,2.3457499764845124e-07,7.893451868801193e-07,0.25658848881721497,-0.06339489668607712,0.05972693860530853,-0.06339497864246368,0.05972671881318092,-0.27193325757980347,0.20122729241847992,-0.015344762243330479,0.20122729241847992
120,left,left,0.07868486333922017,-0.14150013298653968,0.25494537173476817,0.6626721017537658,0.8515389080288589,0,0,0.0,2.3457499764845124e-07,7.893451868801193e-07,0.25658851861953735,-0.06339489668607712,0.05972693860530853,-0.06339497864246368,0.05972671881318092,-0.27193325757980347,0.20122729241847992,-0.5285217761993408,0.20122729241847992
120,left,forward,0.07868486333922017,-0.14150013298653968,0.25494537173476817,0.6626721017537658,0.8515389080288589,0,0,0.0,2.3457499764845124e-07,7.893451868801193e-07,0.25658851861953735,-0.06339489668607712,0.05972693860530853,-0.06339497864246368,0.05972671881318092,-0.27193325757980347,0.20122729241847992,-0.27193325757980347,0.4578157961368561
120,left,backward,0.07868486333922017,-0.14150013298653968,0.25494537173476817,0.6626721017537658,0.8515389080288589,0,0,0.0,2.3457499764845124e-07,7.893451868801193e-07,0.25658848881721497,-0.06339489668607712,0.05972693860530853,-0.06339497864246368,0.05972671881318092,-0.27193325757980347,0.20122729241847992,-0.27193325757980347,-0.05536120384931564
121,right,stay,0.08722471889399047,0.11702882528774325,0.3438374367124743,0.7837818846707724,-1.4201156502342573,0,0,0.0,1.4846344811303425e-06,4.2600551797278285e-06,0.0,0.07348643988370895,-0.018908262252807617,0.07348499447107315,-0.018907923251390457,0.2579609751701355,0.09812051802873611,0.2579609751701355,0.09812051802873611
121,right,right,0.08722471889399047,0.11702882528774325,0.3438374367124743,0.7837818846707724,-1.4201156502342573,0,0,0.0,1.4846344811303425e-06,4.2600551797278285e-06,0.25658851861953735,0.07348643988370895,-0.018908262252807617,0.07348499447107315,-0.018907923251390457,0.2579609751701355,0.09812051802873611,0.5145494937896729,0.09812051802873611
121,right,left,0.08722471889399047,0.11702882528774325,0.3438374367124743,0.7837818846707724,-1.4201156502342573,1,63,11.731171271058525,0.08197685331106186,0.44166053324600274,0.25011488795280457,0.07348643988370895,-0.018908262252807617,-0.008226584643125534,-0.025479888543486595,0.2579609751701355,0.09812051802873611,0.007853706367313862,0.10007140040397644
121,right,forward,0.08722471889399047,0.11702882528774325,0.3438374367124743,0.7837818846707724,-1.4201156502342573,0,0,0.0,1.4846344811303425e-06,4.2600551797278285e-06,0.25658848881721497,0.07348643988370895,-0.018908262252807617,0.07348499447107315,-0.018907923251390457,0.2579609751701355,0.09812051802873611,0.2579609751701355,0.3547089993953705
121,right,backward,0.08722471889399047,0.11702882528774325,0.3438374367124743,0.7837818846707724,-1.4201156502342573,0,0,0.0,1.4846344811303425e-06,4.2600551797278285e-06,0.25658848881721497,0.07348643988370895,-0.018908262252807617,0.07348499447107315,-0.018907923251390457,0.2579609751701355,0.09812051802873611,0.2579609751701355,-0.15846797823905945
122,back,stay,0.03046364618165754,-0.05228701633676258,0.3642776301274618,1.0250438967943893,2.8251454092968524,0,0,0.0,6.654232720393338e-08,3.146682914234589e-11,0.0,-0.018564440310001373,0.007403010036796331,-0.01856444776058197,0.007403076160699129,-0.0708513855934143,-0.13227716088294983,-0.0708513855934143,-0.13227716088294983
122,back,right,0.03046364618165754,-0.05228701633676258,0.3642776301274618,1.0250438967943893,2.8251454092968524,0,0,0.0,6.654232720393338e-08,3.146682914234589e-11,0.25658848881721497,-0.018564440310001373,0.007403010036796331,-0.01856444776058197,0.007403076160699129,-0.0708513855934143,-0.13227716088294983,0.18573710322380066,-0.13227716088294983
122,back,left,0.03046364618165754,-0.05228701633676258,0.3642776301274618,1.0250438967943893,2.8251454092968524,0,0,0.0,6.654232720393338e-08,3.146682914234589e-11,0.25658848881721497,-0.018564440310001373,0.007403010036796331,-0.01856444776058197,0.007403076160699129,-0.0708513855934143,-0.13227716088294983,-0.3274398744106293,-0.13227716088294983
122,back,forward,0.03046364618165754,-0.05228701633676258,0.3642776301274618,1.0250438967943893,2.8251454092968524,1,89,18.586723105423033,0.17232608795166016,0.04834468318030671,0.2421717643737793,-0.018564440310001373,0.007403010036796331,-0.016148775815963745,0.179712176322937,-0.0708513855934143,-0.13227716088294983,-0.07155284285545349,0.10989359766244888
122,back,backward,0.03046364618165754,-0.05228701633676258,0.3642776301274618,1.0250438967943893,2.8251454092968524,0,0,0.0,6.654232720393338e-08,3.146682914234589e-11,0.25658848881721497,-0.018564440310001373,0.007403010036796331,-0.01856444776058197,0.007403076160699129,-0.0708513855934143,-0.13227716088294983,-0.0708513855934143,-0.3888656497001648
123,front,stay,0.09411441625016465,0.13090008322899413,0.2411171197308779,0.66443692441952,2.2856458781153286,0,0,0.0,2.3204701449230924e-07,8.398118294117296e-07,0.0,-0.06163414940237999,-0.06414977461099625,-0.061633918434381485,-0.06414979696273804,-0.1925347000360489,0.16365349292755127,-0.1925347000360489,0.16365349292755127
123,front,right,0.09411441625016465,0.13090008322899413,0.2411171197308779,0.66443692441952,2.2856458781153286,0,0,0.0,2.3204701449230924e-07,8.398118294117296e-07,0.25658848881721497,-0.06163414940237999,-0.06414977461099625,-0.061633918434381485,-0.06414979696273804,-0.1925347000360489,0.16365349292755127,0.06405379623174667,0.16365349292755127
123,front,left,0.09411441625016465,0.13090008322899413,0.2411171197308779,0.66443692441952,2.2856458781153286,0,0,0.0,2.3204701449230924e-07,8.398118294117296e-07,0.25658851861953735,-0.06163414940237999,-0.06414977461099625,-0.061633918434381485,-0.06414979696273804,-0.1925347000360489,0.16365349292755127,-0.44912320375442505,0.16365349292755127
123,front,forward,0.09411441625016465,0.13090008322899413,0.2411171197308779,0.66443692441952,2.2856458781153286,0,0,0.0,2.3204701449230924e-07,8.398118294117296e-07,0.25658848881721497,-0.06163414940237999,-0.06414977461099625,-0.061633918434381485,-0.06414979696273804,-0.1925347000360489,0.16365349292755127,-0.1925347000360489,0.42024198174476624
123,front,backward,0.09411441625016465,0.13090008322899413,0.2411171197308779,0.66443692441952,2.2856458781153286,0,0,0.0,2.3204701449230924e-07,8.398118294117296e-07,0.25658848881721497,-0.06163414940237999,-0.06414977461099625,-0.061633918434381485,-0.06414979696273804,-0.1925347000360489,0.16365349292755127,-0.1925347000360489,-0.0929350033402443
124,left,stay,0.08926862000341622,0.0860632581519882,0.27275588713555415,1.004573328348106,0.3925035057282358,0,0,0.0,5.8220699372668605e-08,1.8239537558084606e-07,0.0,-0.029133455827832222,-0.027021978050470352,-0.02913346327841282,-0.027021920308470726,-0.2541508376598358,-0.11308486014604568,-0.2541508376598358,-0.11308486014604568
124,left,right,0.08926862000341622,0.0860632581519882,0.27275588713555415,1.004573328348106,0.3925035057282358,1,62,15.016498390795771,0.10735274106264114,0.1864906757883215,0.2490665763616562,-0.029133455827832222,-0.027021978050470352,0.07710279524326324,-0.011579496785998344,-0.2541508376598358,-0.11308486014604568,-0.005087120924144983,-0.11427726596593857
124,left,left,0.08926862000341622,0.0860632581519882,0.27275588713555415,1.004573328348106,0.3925035057282358,0,0,0.0,5.8220699372668605e-08,1.8239537558084606e-07,0.25658848881721497,-0.029133455827832222,-0.027021978050470352,-0.02913346327841282,-0.027021920308470726,-0.2541508376598358,-0.11308486014604568,-0.5107393264770508,-0.11308486014604568
124,left,forward,0.08926862000341622,0.0860632581519882,0.27275588713555415,1.004573328348106,0.3925035057282358,0,0,0.0,5.8220699372668605e-08,1.8239537558084606e-07,0.25658848881721497,-0.029133455827832222,-0.027021978050470352,-0.02913346327841282,-0.027021920308470726,-0.2541508376598358,-0.11308486014604568,-0.2541508376598358,0.14350363612174988
124,left,backward,0.08926862000341622,0.0860632581519882,0.27275588713555415,1.004573328348106,0.3925035057282358,0,0,0.0,5.8220699372668605e-08,1.8239537558084606e-07,0.25658848881721497,-0.029133455827832222,-0.027021978050470352,-0.02913346327841282,-0.027021920308470726,-0.2541508376598358,-0.11308486014604568,-0.2541508376598358,-0.36967334151268005
125,right,stay,0.07217869587419232,-0.09163697222668367,0.2863152295092808,0.8643076516842648,2.932446779961005,0,0,0.0,1.7670602758812493e-08,9.568021930306259e-10,0.0,-0.029219921678304672,-0.003276327857747674,-0.02921992726624012,-0.003276311093941331,0.17544975876808167,-0.09491270035505295,0.17544975876808167,-0.09491270035505295
125,right,right,0.07217869587419232,-0.09163697222668367,0.2863152295092808,0.8643076516842648,2.932446779961005,0,0,0.0,1.7670602758812493e-08,9.568021930306259e-10,0.25658848881721497,-0.029219921678304672,-0.003276327857747674,-0.02921992726624012,-0.003276311093941331,0.17544975876808167,-0.09491270035505295,0.43203824758529663,-0.09491270035505295
125,right,left,0.07217869587419232,-0.09163697222668367,0.2863152295092808,0.8643076516842648,2.932446779961005,1,33,14.515178013127459,0.028991958126425743,0.04148950922608474,0.2542056143283844,-0.029219921678304672,-0.003276327857747674,-0.055578287690877914,0.00879720225930214,0.17544975876808167,-0.09491270035505295,-0.0787544995546341,-0.09573403000831604
125,right,forward,0.07217869587419232,-0.09163697222668367,0.2863152295092808,0.8643076516842648,2.932446779961005,0,0,0.0,1.7670602758812493e-08,9.568021930306259e-10,0.25658848881721497,-0.029219921678304672,-0.003276327857747674,-0.02921992726624012,-0.003276311093941331,0.17544975876808167,-0.09491270035505295,0.17544975876808167,0.16167579591274261
125,right,backward,0.07217869587419232,-0.09163697222668367,0.2863152295092808,0.8643076516842648,2.932446779961005,0,0,0.0,1.7670602758812493e-08,9.568021930306259e-10,0.25658848881721497,-0.029219921678304672,-0.003276327857747674,-0.02921992726624012,-0.003276311093941331,0.17544975876808167,-0.09491270035505295,0.17544975876808167,-0.3515011966228485
126,back,stay,0.05207638745434133,-0.04632637092802887,0.3064243867727532,0.7241742622113699,1.9034215162754764,0,0,0.0,6.705522537231445e-08,5.04505508702735e-07,0.0,-0.06839168071746826,0.09569577127695084,-0.06839161366224289,0.09569577127695084,-0.11471837759017944,-0.09141528606414795,-0.11471837759017944,-0.09141528606414795
126,back,right,0.05207638745434133,-0.04632637092802887,0.3064243867727532,0.7241742622113699,1.9034215162754764,0,0,0.0,6.705522537231445e-08,5.04505508702735e-07,0.25658848881721497,-0.06839168071746826,0.09569577127695084,-0.06839161366224289,0.09569577127695084,-0.11471837759017944,-0.09141528606414795,0.14187011122703552,-0.09141528606414795
126,back,left,0.05207638745434133,-0.04632637092802887,0.3064243867727532,0.7241742622113699,1.9034215162754764,0,0,0.0,6.705522537231445e-08,5.04505508702735e-07,0.25658848881721497,-0.06839168071746826,0.09569577127695084,-0.06839161366224289,0.09569577127695084,-0.11471837759017944,-0.09141528606414795,-0.3713068664073944,-0.09141528606414795
126,back,forward,0.05207638745434133,-0.04632637092802887,0.3064243867727532,0.7241742622113699,1.9034215162754764,1,89,12.47212230942939,0.06897646933794022,0.00017290741787934216,0.2498731017112732,-0.06839168071746826,0.09569577127695084,-0.025578223168849945,0.14977683126926422,-0.11471837759017944,-0.09141528606414795,-0.118478924036026,0.15842951834201813
126,back,backward,0.05207638745434133,-0.04632637092802887,0.3064243867727532,0.7241742622113699,1.9034215162754764,0,0,0.0,6.705522537231445e-08,5.04505508702735e-07,0.25658848881721497,-0.06839168071746826,0.09569577127695084,-0.06839161366224289,0.09569577127695084,-0.11471837759017944,-0.09141528606414795,-0.11471837759017944,-0.3480037748813629
127,front,stay,0.07028802260597465,0.07734133344218153,0.2223475857635841,0.8974389085030439,-2.902651109424825,0,0,0.0,5.964653837509104e-07,5.69397287097928e-07,0.0,-0.09040425717830658,-0.07423035055398941,-0.09040404856204987,-0.07422979176044464,-0.1677456796169281,0.09989596158266068,-0.1677456796169281,0.09989596158266068
127,front,right,0.07028802260597465,0.07734133344218153,0.2223475857635841,0.8974389085030439,-2.902651109424825,0,0,0.0,5.964653837509104e-07,5.69397287097928e-07,0.25658848881721497,-0.09040425717830658,-0.07423035055398941,-0.09040404856204987,-0.07422979176044464,-0.1677456796169281,0.09989596158266068,0.08884281665086746,0.09989596158266068
127,front,left,0.07028802260597465,0.07734133344218153,0.2223475857635841,0.8974389085030439,-2.902651109424825,0,0,0.0,5.964653837509104e-07,5.69397287097928e-07,0.25658848881721497,-0.09040425717830658,-0.07423035055398941,-0.09040404856204987,-0.07422979176044464,-0.1677456796169281,0.09989596158266068,-0.42433416843414307,0.09989596158266068
127,front,forward,0.07028802260597465,0.07734133344218153,0.2223475857635841,0.8974389085030439,-2.902651109424825,0,0,0.0,5.964653837509104e-07,5.69397287097928e-07,0.25658848881721497,-0.09040425717830658,-0.07423035055398941,-0.09040404856204987,-0.07422979176044464,-0.1677456796169281,0.09989596158266068,-0.1677456796169281,0.35648444294929504
127,front,backward,0.07028802260597465,0.07734133344218153,0.2223475857635841,0.8974389085030439,-2.902651109424825,1,71,9.766958756599617,0.14138716459274292,0.04244078945948493,0.25015920400619507,-0.09040425717830658,-0.07423035055398941,-0.08808165788650513,-0.2155984342098236,-0.1677456796169281,0.09989596158266068,-0.16811393201351166,-0.1502629667520523
128,left,stay,0.047212724283310234,-0.11046457751657726,0.33539384427190383,0.8785776052697581,-3.0534548786995206,0,0,0.0,4.2284915480195195e-07,1.0481130092721003e-06,0.0,0.052479762583971024,0.05089253559708595,0.05247986689209938,0.050892945379018784,-0.12336418032646179,0.16135674715042114,-0.12336418032646179,0.16135674715042114
128,left,right,0.047212724283310234,-0.11046457751657726,0.33539384427190383,0.8785776052697581,-3.0534548786995206,0,0,0.0,4.2284915480195195e-07,1.0481130092721003e-06,0.25658848881721497,0.052479762583971024,0.05089253559708595,0.05247986689209938,0.050892945379018784,-0.12336418032646179,0.16135674715042114,0.13322430849075317,0.16135674715042114
128,left,left,0.047212724283310234,-0.11046457751657726,0.33539384427190383,0.8785776052697581,-3.0534548786995206,0,0,0.0,4.2284915480195195e-07,1.0481130092721003e-06,0.25658848881721497,0.052479762583971024,0.05089253559708595,0.05247986689209938,0.050892945379018784,-0.12336418032646179,0.16135674715042114,-0.37995266914367676,0.16135674715042114
128,left,forward,0.047212724283310234,-0.11046457751657726,0.33539384427190383,0.8785776052697581,-3.0534548786995206,0,0,0.0,4.2284915480195195e-07,1.0481130092721003e-06,0.25658848881721497,0.052479762583971024,0.05089253559708595,0.05247986689209938,0.050892945379018784,-0.12336418032646179,0.16135674715042114,-0.12336418032646179,0.4179452359676361
128,left,backward,0.047212724283310234,-0.11046457751657726,0.33539384427190383,0.8785776052697581,-3.0534548786995206,0,0,0.0,4.2284915480195195e-07,1.0481130092721003e-06,0.25658848881721497,0.052479762583971024,0.05089253559708595,0.05247986689209938,0.050892945379018784,-0.12336418032646179,0.16135674715042114,-0.12336418032646179,-0.09523174911737442
129,right,stay,0.0641824052204521,0.060862358097185126,0.26658113509718606,0.7959787988362745,2.863672153777034,0,0,0.0,4.99192367442447e-08,2.7150726111813128e-11,0.0,0.06493426114320755,0.01085283886641264,0.06493425369262695,0.010852888226509094,0.26320120692253113,0.07171567529439926,0.26320120692253113,0.07171567529439926
129,right,right,0.0641824052204521,0.060862358097185126,0.26658113509718606,0.7959787988362745,2.863672153777034,0,0,0.0,4.99192367442447e-08,2.7150726111813128e-11,0.25658848881721497,0.06493426114320755,0.01085283886641264,0.06493425369262695,0.010852888226509094,0.26320120692253113,0.07171567529439926,0.5197896957397461,0.07171567529439926
129,right,left,0.0641824052204521,0.060862358097185126,0.26658113509718606,0.7959787988362745,2.863672153777034,1,74,5.210352355192242,0.04079233855009079,0.002499033144264029,0.2516196668148041,0.06493426114320755,0.01085283886641264,0.03974628075957298,-0.021234242245554924,0.26320120692253113,0.07171567529439926,0.011603464372456074,0.07503898441791534
129,right,forward,0.0641824052204521,0.060862358097185126,0.26658113509718606,0.7959787988362745,2.863672153777034,0,0,0.0,4.99192367442447e-08,2.7150726111813128e-11,0.25658848881721497,0.06493426114320755,0.01085283886641264,0.06493425369262695,0.010852888226509094,0.26320120692253113,0.07171567529439926,0.26320120692253113,0.3283041715621948
129,right,backward,0.0641824052204521,0.060862358097185126,0.26658113509718606,0.7959787988362745,2.863672153777034,0,0,0.0,4.99192367442447e-08,2.7150726111813128e-11,0.25658848881721497,0.06493426114320755,0.01085283886641264,0.06493425369262695,0.010852888226509094,0.26320120692253113,0.07171567529439926,0.26320120692253113,-0.1848728209733963
130,back,stay,0.04306176561757996,-0.12732969914937367,0.2845360056768448,0.8121869469163304,-0.9500209313470402,0,0,0.0,2.9319360805857286e-07,8.786081783229704e-07,0.0,-0.09531436115503311,-0.020969070494174957,-0.09531465172767639,-0.02096910960972309,-0.22264352440834045,-0.19934700429439545,-0.22264352440834045,-0.19934700429439545
130,back,right,0.04306176561757996,-0.12732969914937367,0.2845360056768448,0.8121869469163304,-0.9500209313470402,0,0,0.0,2.9319360805857286e-07,8.786081783229704e-07,0.25658848881721497,-0.09531436115503311,-0.020969070494174957,-0.09531465172767639,-0.02096910960972309,-0.22264352440834045,-0.19934700429439545,0.03394497185945511,-0.19934700429439545
130,back,left,0.04306176561757996,-0.12732969914937367,0.2845360056768448,0.8121869469163304,-0.9500209313470402,0,0,0.0,2.9319360805857286e-07,8.786081783229704e-07,0.25658848881721497,-0.09531436115503311,-0.020969070494174957,-0.09531465172767639,-0.02096910960972309,-0.22264352440834045,-0.19934700429439545,-0.4792320132255554,-0.19934700429439545
130,back,forward,0.04306176561757996,-0.12732969914937367,0.2845360056768448,0.8121869469163304,-0.9500209313470402,0,0,0.0,2.9319360805857286e-07,8.786081783229704e-07,0.25658848881721497,-0.09531436115503311,-0.020969070494174957,-0.09531465172767639,-0.02096910960972309,-0.22264352440834045,-0.19934700429439545,-0.22264352440834045,0.057241491973400116
130,back,backward,0.04306176561757996,-0.12732969914937367,0.2845360056768448,0.8121869469163304,-0.9500209313470402,0,0,0.0,2.9319360805857286e-07,8.786081783229704e-07,0.25658851861953735,-0.09531436115503311,-0.020969070494174957,-0.09531465172767639,-0.02096910960972309,-0.22264352440834045,-0.19934700429439545,-0.22264352440834045,-0.4559355080127716
131,front,stay,0.06534879048833499,-0.007735010669112891,0.37447945262023924,0.7658873596601723,1.8457223088362786,0,0,0.0,1.4873195368636516e-06,3.1979564598660914e-06,0.0,-0.07611013948917389,-0.0785815566778183,-0.07610870152711868,-0.07858193665742874,-0.06837543845176697,0.12079151719808578,-0.06837543845176697,0.12079151719808578
131,front,right,0.06534879048833499,-0.007735010669112891,0.37447945262023924,0.7658873596601723,1.8457223088362786,0,0,0.0,1.4873195368636516e-06,3.1979564598660914e-06,0.25658848881721497,-0.07611013948917389,-0.0785815566778183,-0.07610870152711868,-0.07858193665742874,-0.06837543845176697,0.12079151719808578,0.188213050365448,0.12079151719808578
131,front,left,0.06534879048833499,-0.007735010669112891,0.37447945262023924,0.7658873596601723,1.8457223088362786,0,0,0.0,1.4873195368636516e-06,3.1979564598660914e-06,0.25658848881721497,-0.07611013948917389,-0.0785815566778183,-0.07610870152711868,-0.07858193665742874,-0.06837543845176697,0.12079151719808578,-0.32496392726898193,0.12079151719808578
131,front,forward,0.06534879048833499,-0.007735010669112891,0.37447945262023924,0.7658873596601723,1.8457223088362786,0,0,0.0,1.4873195368636516e-06,3.1979564598660914e-06,0.25658848881721497,-0.07611013948917389,-0.0785815566778183,-0.07610870152711868,-0.07858193665742874,-0.06837543845176697,0.12079151719808578,-0.06837543845176697,0.37738001346588135
131,front,backward,0.06534879048833499,-0.007735010669112891,0.37447945262023924,0.7658873596601723,1.8457223088362786,1,89,18.663342193247896,0.17780262231826782,0.0007596614965927895,0.24502943456172943,-0.07611013948917389,-0.0785815566778183,-0.07632274925708771,-0.2563840448856354,-0.06837543845176697,0.12079151719808578,-0.06836296617984772,-0.12423791736364365
132,left,stay,0.03327741890369643,0.10871167950374586,0.22711099279957905,1.0089349855362615,1.63113739778664,0,0,0.0,9.378561571793398e-07,3.468142224960502e-06,0.0,-0.029801703989505768,-0.06429847329854965,-0.029800795018672943,-0.06429870426654816,-0.15312325954437256,-0.17301011085510254,-0.15312325954437256,-0.17301011085510254
132,left,right,0.03327741890369643,0.10871167950374586,0.22711099279957905,1.0089349855362615,1.63113739778664,1,97,9.435338976822363,0.17046484351158142,0.24378902855050336,0.24755273759365082,-0.029801703989505768,-0.06429847329854965,0.14027638733386993,-0.052822213619947433,-0.15312325954437256,-0.17301011085510254,0.09442080557346344,-0.17508220672607422
132,left,left,0.03327741890369643,0.10871167950374586,0.22711099279957905,1.0089349855362615,1.63113739778664,0,0,0.0,9.378561571793398e-07,3.468142224960502e-06,0.25658848881721497,-0.029801703989505768,-0.06429847329854965,-0.029800795018672943,-0.06429870426654816,-0.15312325954437256,-0.17301011085510254,-0.4097117483615875,-0.17301011085510254
132,left,forward,0.03327741890369643,0.10871167950374586,0.22711099279957905,1.0089349855362615,1.63113739778664,0,0,0.0,9.378561571793398e-07,3.468142224960502e-06,0.25658848881721497,-0.029801703989505768,-0.06429847329854965,-0.029800795018672943,-0.06429870426654816,-0.15312325954437256,-0.17301011085510254,-0.15312325954437256,0.08357838541269302
132,left,backward,0.03327741890369643,0.10871167950374586,0.22711099279957905,1.0089349855362615,1.63113739778664,0,0,0.0,9.378561571793398e-07,3.468142224960502e-06,0.25658848881721497,-0.029801703989505768,-0.06429847329854965,-0.029800795018672943,-0.06429870426654816,-0.15312325954437256,-0.17301011085510254,-0.15312325954437256,-0.4295985996723175
133,right,stay,0.086354809284641,-0.09167727540670229,0.2617299402491903,0.6837606711781448,1.172724387431118,0,0,0.0,6.749358050228693e-08,2.247190780124697e-07,0.0,-0.013921140693128109,-0.08323143422603607,-0.013921183533966541,-0.0832313820719719,0.18686489760875702,-0.17490872740745544,0.18686489760875702,-0.17490872740745544
133,right,right,0.086354809284641,-0.09167727540670229,0.2617299402491903,0.6837606711781448,1.172724387431118,0,0,0.0,6.749358050228693e-08,2.247190780124697e-07,0.25658851861953735,-0.013921140693128109,-0.08323143422603607,-0.013921183533966541,-0.0832313820719719,0.18686489760875702,-0.17490872740745544,0.4434534013271332,-0.17490872740745544
133,right,left,0.086354809284641,-0.09167727540670229,0.2617299402491903,0.6837606711781448,1.172724387431118,1,51,13.694853154345221,0.09519124031066895,0.11230381003205525,0.25208351016044617,-0.013921140693128109,-0.08323143422603607,-0.10904715955257416,-0.07970819622278214,0.18686489760875702,-0.17490872740745544,-0.06521816551685333,-0.17538243532180786
133,right,forward,0.086354809284641,-0.09167727540670229,0.2617299402491903,0.6837606711781448,1.172724387431118,0,0,0.0,6.749358050228693e-08,2.247190780124697e-07,0.25658848881721497,-0.013921140693128109,-0.08323143422603607,-0.013921183533966541,-0.0832313820719719,0.18686489760875702,-0.17490872740745544,0.18686489760875702,0.08167976886034012
133,right,backward,0.086354809284641,-0.09167727540670229,0.2617299402491903,0.6837606711781448,1.172724387431118,0,0,0.0,6.749358050228693e-08,2.247190780124697e-07,0.25658848881721497,-0.013921140693128109,-0.08323143422603607,-0.013921183533966541,-0.0832313820719719,0.18686489760875702,-0.17490872740745544,0.18686489760875702,-0.4314972162246704
134,back,stay,0.05269205667104146,-0.14402067313710396,0.2694023560622623,0.7958019101955642,0.6965456798294034,0,0,0.0,7.951226166369452e-08,3.398758506856225e-07,0.0,-0.06655173748731613,0.015073881484568119,-0.06655174493789673,0.015073802322149277,-0.21057245135307312,-0.16666938364505768,-0.21057245135307312,-0.16666938364505768
134,back,right,0.05269205667104146,-0.14402067313710396,0.2694023560622623,0.7958019101955642,0.6965456798294034,0,0,0.0,7.951226166369452e-08,3.398758506856225e-07,0.25658848881721497,-0.06655173748731613,0.015073881484568119,-0.06655174493789673,0.015073802322149277,-0.21057245135307312,-0.16666938364505768,0.04601604491472244,-0.16666938364505768
134,back,left,0.05269205667104146,-0.14402067313710396,0.2694023560622623,0.7958019101955642,0.6965456798294034,0,0,0.0,7.951226166369452e-08,3.398758506856225e-07,0.25658848881721497,-0.06655173748731613,0.015073881484568119,-0.06655174493789673,0.015073802322149277,-0.21057245135307312,-0.16666938364505768,-0.4671609401702881,-0.16666938364505768
134,back,forward,0.05269205667104146,-0.14402067313710396,0.2694023560622623,0.7958019101955642,0.6965456798294034,0,0,0.0,7.951226166369452e-08,3.398758506856225e-07,0.25658848881721497,-0.06655173748731613,0.015073881484568119,-0.06655174493789673,0.015073802322149277,-0.21057245135307312,-0.16666938364505768,-0.21057245135307312,0.08991911262273788
134,back,backward,0.05269205667104146,-0.14402067313710396,0.2694023560622623,0.7958019101955642,0.6965456798294034,0,0,0.0,7.951226166369452e-08,3.398758506856225e-07,0.25658851861953735,-0.06655173748731613,0.015073881484568119,-0.06655174493789673,0.015073802322149277,-0.21057245135307312,-0.16666938364505768,-0.21057245135307312,-0.42325788736343384
135,front,stay,0.047890751561172396,-0.10852762901687521,0.2895499241087821,1.0341650154694741,0.6280811505295669,0,0,0.0,1.0352353285725258e-07,3.489035707016086e-07,0.0,-0.03564462438225746,0.023397300392389297,-0.03564460948109627,0.02339719794690609,0.07288295030593872,0.19764578342437744,0.07288295030593872,0.19764578342437744
135,front,right,0.047890751561172396,-0.10852762901687521,0.2895499241087821,1.0341650154694741,0.6280811505295669,0,0,0.0,1.0352353285725258e-07,3.489035707016086e-07,0.25658848881721497,-0.03564462438225746,0.023397300392389297,-0.03564460948109627,0.02339719794690609,0.07288295030593872,0.19764578342437744,0.3294714391231537,0.19764578342437744
135,front,left,0.047890751561172396,-0.10852762901687521,0.2895499241087821,1.0341650154694741,0.6280811505295669,0,0,0.0,1.0352353285725258e-07,3.489035707016086e-07,0.25658848881721497,-0.03564462438225746,0.023397300392389297,-0.03564460948109627,0.02339719794690609,0.07288295030593872,0.19764578342437744,-0.18370553851127625,0.19764578342437744
135,front,forward,0.047890751561172396,-0.10852762901687521,0.2895499241087821,1.0341650154694741,0.6280811505295669,0,0,0.0,1.0352353285725258e-07,3.489035707016086e-07,0.25658848881721497,-0.03564462438225746,0.023397300392389297,-0.03564460948109627,0.02339719794690609,0.07288295030593872,0.19764578342437744,0.07288295030593872,0.4542342722415924
135,front,backward,0.047890751561172396,-0.10852762901687521,0.2895499241087821,1.0341650154694741,0.6280811505295669,1,69,12.644570338499937,0.09297044575214386,0.4141330873484369,0.24871382117271423,-0.03564462438225746,0.023397300392389297,-0.04797976091504097,-0.06875120848417282,0.07288295030593872,0.19764578342437744,0.07608161121606827,-0.051047470420598984
136,left,stay,0.06738674465866845,0.03444155745196423,0.2369400042212372,1.0257097191561382,-0.593881659581299,0,0,0.0,2.0851645388120232e-07,4.179820688454683e-07,0.0,-0.035661108791828156,0.047823406755924225,-0.03566126525402069,0.04782354459166527,-0.23867471516132355,0.013381760567426682,-0.23867471516132355,0.013381760567426682
136,left,right,0.06738674465866845,0.03444155745196423,0.2369400042212372,1.0257097191561382,-0.593881659581299,1,73,10.60687322632194,0.11227148026227951,0.0010172572601214738,0.24904203414916992,-0.035661108791828156,0.047823406755924225,0.0740458145737648,0.07168291509151459,-0.23867471516132355,0.013381760567426682,0.010364052839577198,0.012108038179576397
136,left,left,0.06738674465866845,0.03444155745196423,0.2369400042212372,1.0257097191561382,-0.593881659581299,0,0,0.0,2.0851645388120232e-07,4.179820688454683e-07,0.25658851861953735,-0.035661108791828156,0.047823406755924225,-0.03566126525402069,0.04782354459166527,-0.23867471516132355,0.013381760567426682,-0.4952632188796997,0.013381760567426682
136,left,forward,0.06738674465866845,0.03444155745196423,0.2369400042212372,1.0257097191561382,-0.593881659581299,0,0,0.0,2.0851645388120232e-07,4.179820688454683e-07,0.25658851861953735,-0.035661108791828156,0.047823406755924225,-0.03566126525402069,0.04782354459166527,-0.23867471516132355,0.013381760567426682,-0.23867471516132355,0.26997026801109314
136,left,backward,0.06738674465866845,0.03444155745196423,0.2369400042212372,1.0257097191561382,-0.593881659581299,0,0,0.0,2.0851645388120232e-07,4.179820688454683e-07,0.25658848881721497,-0.035661108791828156,0.047823406755924225,-0.03566126525402069,0.04782354459166527,-0.23867471516132355,0.013381760567426682,-0.23867471516132355,-0.24320673942565918
137,right,stay,0.02163411466830349,-0.10408289377352989,0.28869009129765943,0.9133542929465421,1.8654116812926667,0,0,0.0,1.3337371456145775e-06,2.9486310340054445e-06,0.0,-0.02255197986960411,-0.07890097051858902,-0.022550690919160843,-0.07890131324529648,0.10682453215122223,-0.18298384547233582,0.10682453215122223,-0.18298384547233582
137,right,right,0.02163411466830349,-0.10408289377352989,0.28869009129765943,0.9133542929465421,1.8654116812926667,0,0,0.0,1.3337371456145775e-06,2.9486310340054445e-06,0.25658851861953735,-0.02255197986960411,-0.07890097051858902,-0.022550690919160843,-0.07890131324529648,0.10682453215122223,-0.18298384547233582,0.3634130358695984,-0.18298384547233582
137,right,left,0.02163411466830349,-0.10408289377352989,0.28869009129765943,0.9133542929465421,1.8654116812926667,1,100,10.875995442045397,0.08635496348142624,0.16908697813372187,0.24831469357013702,-0.02255197986960411,-0.07890097051858902,-0.10641199350357056,-0.05829324200749397,0.10682453215122223,-0.18298384547233582,-0.1414356380701065,-0.18818721175193787
137,right,forward,0.02163411466830349,-0.10408289377352989,0.28869009129765943,0.9133542929465421,1.8654116812926667,0,0,0.0,1.3337371456145775e-06,2.9486310340054445e-06,0.25658848881721497,-0.02255197986960411,-0.07890097051858902,-0.022550690919160843,-0.07890131324529648,0.10682453215122223,-0.18298384547233582,0.10682453215122223,0.07360465079545975
137,right,backward,0.02163411466830349,-0.10408289377352989,0.28869009129765943,0.9133542929465421,1.8654116812926667,0,0,0.0,1.3337371456145775e-06,2.9486310340054445e-06,0.25658848881721497,-0.02255197986960411,-0.07890097051858902,-0.022550690919160843,-0.07890131324529648,0.10682453215122223,-0.18298384547233582,0.10682453215122223,-0.4395723342895508
138,back,stay,0.034647986476993256,0.14264663817248976,0.27978939060388686,0.8656134227186035,-1.5510162016433953,0,0,0.0,6.090365332056535e-07,2.3489259157738474e-06,0.0,-0.08638206124305725,-0.058734312653541565,-0.08638264983892441,-0.05873415619134903,0.05626463145017624,-0.219255730509758,0.05626463145017624,-0.219255730509758
138,back,right,0.034647986476993256,0.14264663817248976,0.27978939060388686,0.8656134227186035,-1.5510162016433953,0,0,0.0,6.090365332056535e-07,2.3489259157738474e-06,0.25658848881721497,-0.08638206124305725,-0.058734312653541565,-0.08638264983892441,-0.05873415619134903,0.05626463145017624,-0.219255730509758,0.3128531277179718,-0.219255730509758
138,back,left,0.034647986476993256,0.14264663817248976,0.27978939060388686,0.8656134227186035,-1.5510162016433953,0,0,0.0,6.090365332056535e-07,2.3489259157738474e-06,0.25658848881721497,-0.08638206124305725,-0.058734312653541565,-0.08638264983892441,-0.05873415619134903,0.05626463145017624,-0.219255730509758,-0.20032386481761932,-0.219255730509758
138,back,forward,0.034647986476993256,0.14264663817248976,0.27978939060388686,0.8656134227186035,-1.5510162016433953,0,0,0.0,6.090365332056535e-07,2.3489259157738474e-06,0.25658848881721497,-0.08638206124305725,-0.058734312653541565,-0.08638264983892441,-0.05873415619134903,0.05626463145017624,-0.219255730509758,0.05626463145017624,0.03733276575803757
138,back,backward,0.034647986476993256,0.14264663817248976,0.27978939060388686,0.8656134227186035,-1.5510162016433953,0,0,0.0,6.090365332056535e-07,2.3489259157738474e-06,0.25658851861953735,-0.08638206124305725,-0.058734312653541565,-0.08638264983892441,-0.05873415619134903,0.05626463145017624,-0.219255730509758,0.05626463145017624,-0.47584423422813416
139,front,stay,0.08553710104412562,-0.126389396320791,0.3040651340604727,1.0319061863226724,0.40850965431937825,0,0,0.0,7.48774056091861e-08,1.7730053275544222e-07,0.0,0.038040757179260254,-0.03603210672736168,0.03804074972867966,-0.03603203222155571,0.1644301414489746,0.16456808149814606,0.1644301414489746,0.16456808149814606
139,front,right,0.08553710104412562,-0.126389396320791,0.3040651340604727,1.0319061863226724,0.40850965431937825,0,0,0.0,7.48774056091861e-08,1.7730053275544222e-07,0.25658848881721497,0.038040757179260254,-0.03603210672736168,0.03804074972867966,-0.03603203222155571,0.1644301414489746,0.16456808149814606,0.4210186302661896,0.16456808149814606
139,front,left,0.08553710104412562,-0.126389396320791,0.3040651340604727,1.0319061863226724,0.40850965431937825,0,0,0.0,7.48774056091861e-08,1.7730053275544222e-07,0.25658848881721497,0.038040757179260254,-0.03603210672736168,0.03804074972867966,-0.03603203222155571,0.1644301414489746,0.16456808149814606,-0.09215835481882095,0.16456808149814606
139,front,forward,0.08553710104412562,-0.126389396320791,0.3040651340604727,1.0319061863226724,0.40850965431937825,0,0,0.0,7.48774056091861e-08,1.7730053275544222e-07,0.25658851861953735,0.038040757179260254,-0.03603210672736168,0.03804074972867966,-0.03603203222155571,0.1644301414489746,0.16456808149814606,0.1644301414489746,0.4211565852165222
139,front,backward,0.08553710104412562,-0.126389396320791,0.3040651340604727,1.0319061863226724,0.40850965431937825,1,38,5.603481269998664,0.0408080630004406,0.2999577900450293,0.25255459547042847,0.038040757179260254,-0.03603210672736168,0.03952750191092491,-0.07681307941675186,0.1644301414489746,0.16456808149814606,0.16647747159004211,-0.08797820657491684
140,left,stay,0.028211877966534245,-0.13194040929847048,0.37373397182042345,0.9683357715707201,1.0889096056746697,0,0,0.0,1.316166731157864e-07,3.2508266278874487e-07,0.0,0.019650056958198547,-0.09540067613124847,0.019649939611554146,-0.0954006165266037,-0.1278306096792221,0.03653976321220398,-0.1278306096792221,0.03653976321220398
140,left,right,0.028211877966534245,-0.13194040929847048,0.37373397182042345,0.9683357715707201,1.0889096056746697,1,30,6.419778317178153,0.015400934033095837,0.16603759924937633,0.25397709012031555,0.019650056958198547,-0.09540067613124847,0.034985095262527466,-0.09682383388280869,-0.1278306096792221,0.03653976321220398,0.12614363431930542,0.03773994743824005
140,left,left,0.028211877966534245,-0.13194040929847048,0.37373397182042345,0.9683357715707201,1.0889096056746697,0,0,0.0,1.316166731157864e-07,3.2508266278874487e-07,0.25658851861953735,0.019650056958198547,-0.09540067613124847,0.019649939611554146,-0.0954006165266037,-0.1278306096792221,0.03653976321220398,-0.38441911339759827,0.03653976321220398
140,left,forward,0.028211877966534245,-0.13194040929847048,0.37373397182042345,0.9683357715707201,1.0889096056746697,0,0,0.0,1.316166731157864e-07,3.2508266278874487e-07,0.25658848881721497,0.019650056958198547,-0.09540067613124847,0.019649939611554146,-0.0954006165266037,-0.1278306096792221,0.03653976321220398,-0.1278306096792221,0.29312825202941895
140,left,backward,0.028211877966534245,-0.13194040929847048,0.37373397182042345,0.9683357715707201,1.0889096056746697,0,0,0.0,1.316166731157864e-07,3.2508266278874487e-07,0.25658848881721497,0.019650056958198547,-0.09540067613124847,0.019649939611554146,-0.0954006165266037,-0.1278306096792221,0.03653976321220398,-0.1278306096792221,-0.220048725605011
141,right,stay,0.09546519763629419,0.059958468018258576,0.32708175359309544,0.7212755878989986,1.0297956083711544,0,0,0.0,5.492529453476891e-07,8.339593104977894e-08,0.0,-0.03007412515580654,0.07478755712509155,-0.030074473470449448,0.07478713244199753,0.18773940205574036,0.1347462236881256,0.18773940205574036,0.1347462236881256
141,right,right,0.09546519763629419,0.059958468018258576,0.32708175359309544,0.7212755878989986,1.0297956083711544,0,0,0.0,5.492529453476891e-07,8.339593104977894e-08,0.25658848881721497,-0.03007412515580654,0.07478755712509155,-0.030074473470449448,0.07478713244199753,0.18773940205574036,0.1347462236881256,0.4443278908729553,0.1347462236881256
141,right,left,0.09546519763629419,0.059958468018258576,0.32708175359309544,0.7212755878989986,1.0297956083711544,1,75,16.461879158766035,0.14890748262405396,0.0369378850007438,0.2483237087726593,-0.03007412515580654,0.07478755712509155,-0.17893384397029877,0.07101619243621826,0.18773940205574036,0.1347462236881256,-0.06058400869369507,0.13512718677520752
141,right,forward,0.09546519763629419,0.059958468018258576,0.32708175359309544,0.7212755878989986,1.0297956083711544,0,0,0.0,5.492529453476891e-07,8.339593104977894e-08,0.25658848881721497,-0.03007412515580654,0.07478755712509155,-0.030074473470449448,0.07478713244199753,0.18773940205574036,0.1347462236881256,0.18773940205574036,0.3913347125053406
141,right,backward,0.09546519763629419,0.059958468018258576,0.32708175359309544,0.7212755878989986,1.0297956083711544,0,0,0.0,5.492529453476891e-07,8.339593104977894e-08,0.25658848881721497,-0.03007412515580654,0.07478755712509155,-0.030074473470449448,0.07478713244199753,0.18773940205574036,0.1347462236881256,0.18773940205574036,-0.12184227257966995
142,back,stay,0.11331551309677783,-0.11059276149504385,0.28341907678818584,0.7373763551675317,1.4928827212549205,0,0,0.0,9.28457154714124e-07,1.2878364921142804e-06,0.0,-0.08173319697380066,-0.06463176012039185,-0.08173411339521408,-0.06463161110877991,-0.19232572615146637,-0.3061920404434204,-0.19232572615146637,-0.3061920404434204
142,back,right,0.11331551309677783,-0.11059276149504385,0.28341907678818584,0.7373763551675317,1.4928827212549205,0,0,0.0,9.28457154714124e-07,1.2878364921142804e-06,0.25658848881721497,-0.08173319697380066,-0.06463176012039185,-0.08173411339521408,-0.06463161110877991,-0.19232572615146637,-0.3061920404434204,0.0642627701163292,-0.3061920404434204
142,back,left,0.11331551309677783,-0.11059276149504385,0.28341907678818584,0.7373763551675317,1.4928827212549205,0,0,0.0,9.28457154714124e-07,1.2878364921142804e-06,0.25658851861953735,-0.08173319697380066,-0.06463176012039185,-0.08173411339521408,-0.06463161110877991,-0.19232572615146637,-0.3061920404434204,-0.44891422986984253,-0.3061920404434204
142,back,forward,0.11331551309677783,-0.11059276149504385,0.28341907678818584,0.7373763551675317,1.4928827212549205,0,0,0.0,9.28457154714124e-07,1.2878364921142804e-06,0.25658848881721497,-0.08173319697380066,-0.06463176012039185,-0.08173411339521408,-0.06463161110877991,-0.19232572615146637,-0.3061920404434204,-0.19232572615146637,-0.04960354417562485
142,back,backward,0.11331551309677783,-0.11059276149504385,0.28341907678818584,0.7373763551675317,1.4928827212549205,0,0,0.0,9.28457154714124e-07,1.2878364921142804e-06,0.25658851861953735,-0.08173319697380066,-0.06463176012039185,-0.08173411339521408,-0.06463161110877991,-0.19232572615146637,-0.3061920404434204,-0.19232572615146637,-0.5627805590629578
143,front,stay,0.033525150962213375,-0.04516861192019664,0.37048217271647654,0.7262703118257994,-1.590896792868249,0,0,0.0,6.081365313548304e-07,2.0282168220475683e-06,0.0,0.003506269073113799,-0.0628872662782669,0.0035068567376583815,-0.06288742274045944,0.048674821853637695,0.09652519226074219,0.048674821853637695,0.09652519226074219
143,front,right,0.033525150962213375,-0.04516861192019664,0.37048217271647654,0.7262703118257994,-1.590896792868249,0,0,0.0,6.081365313548304e-07,2.0282168220475683e-06,0.25658848881721497,0.003506269073113799,-0.0628872662782669,0.0035068567376583815,-0.06288742274045944,0.048674821853637695,0.09652519226074219,0.30526331067085266,0.09652519226074219
143,front,left,0.033525150962213375,-0.04516861192019664,0.37048217271647654,0.7262703118257994,-1.590896792868249,0,0,0.0,6.081365313548304e-07,2.0282168220475683e-06,0.25658848881721497,0.003506269073113799,-0.0628872662782669,0.0035068567376583815,-0.06288742274045944,0.048674821853637695,0.09652519226074219,-0.20791366696357727,0.09652519226074219
143,front,forward,0.033525150962213375,-0.04516861192019664,0.37048217271647654,0.7262703118257994,-1.590896792868249,0,0,0.0,6.081365313548304e-07,2.0282168220475683e-06,0.25658848881721497,0.003506269073113799,-0.0628872662782669,0.0035068567376583815,-0.06288742274045944,0.048674821853637695,0.09652519226074219,0.048674821853637695,0.35311368107795715
143,front,backward,0.033525150962213375,-0.04516861192019664,0.37048217271647654,0.7262703118257994,-1.590896792868249,1,104,18.39337330555485,0.2073962688446045,0.02290915034232066,0.24375098943710327,0.003506269073113799,-0.0628872662782669,0.0007975660846568644,-0.2702658474445343,0.048674821853637695,0.09652519226074219,0.0487845353782177,-0.1472257673740387
144,left,stay,0.10481679851855744,0.08914440624779305,0.2912679067480447,0.7997066835453006,-1.2212216633920423,0,0,0.0,6.935446208444773e-07,2.7899048780088975e-06,0.0,0.03305349498987198,0.0701485127210617,0.033052802085876465,0.0701485425233841,-0.18315362930297852,-0.018995873630046844,-0.18315362930297852,-0.018995873630046844
144,left,right,0.10481679851855744,0.08914440624779305,0.2912679067480447,0.7997066835453006,-1.2212216633920423,1,46,15.024646323651709,0.0840987116098404,0.09904525755039173,0.25130295753479004,0.03305349498987198,0.0701485127210617,0.11702977865934372,0.07468465715646744,-0.18315362930297852,-0.018995873630046844,0.06814827769994736,-0.01971842534840107
144,left,left,0.10481679851855744,0.08914440624779305,0.2912679067480447,0.7997066835453006,-1.2212216633920423,0,0,0.0,6.935446208444773e-07,2.7899048780088975e-06,0.25658848881721497,0.03305349498987198,0.0701485127210617,0.033052802085876465,0.0701485425233841,-0.18315362930297852,-0.018995873630046844,-0.4397421181201935,-0.018995873630046844
144,left,forward,0.10481679851855744,0.08914440624779305,0.2912679067480447,0.7997066835453006,-1.2212216633920423,0,0,0.0,6.935446208444773e-07,2.7899048780088975e-06,0.25658848881721497,0.03305349498987198,0.0701485127210617,0.033052802085876465,0.0701485425233841,-0.18315362930297852,-0.018995873630046844,-0.18315362930297852,0.23759262263774872
144,left,backward,0.10481679851855744,0.08914440624779305,0.2912679067480447,0.7997066835453006,-1.2212216633920423,0,0,0.0,6.935446208444773e-07,2.7899048780088975e-06,0.25658848881721497,0.03305349498987198,0.0701485127210617,0.033052802085876465,0.0701485425233841,-0.18315362930297852,-0.018995873630046844,-0.18315362930297852,-0.2755843698978424
145,right,stay,0.042101088215617116,-0.08537295731994216,0.30013748094090253,0.9575695490413877,2.93601201735646,0,0,0.0,1.5914446649389902e-08,1.0893721480442764e-09,0.0,-0.00966367032378912,0.06775902211666107,-0.009663675911724567,0.06775903701782227,0.16483379900455475,-0.017613336443901062,0.16483379900455475,-0.017613336443901062
145,right,right,0.042101088215617116,-0.08537295731994216,0.30013748094090253,0.9575695490413877,2.93601201735646,0,0,0.0,1.5914446649389902e-08,1.0893721480442764e-09,0.25658851861953735,-0.00966367032378912,0.06775902211666107,-0.009663675911724567,0.06775903701782227,0.16483379900455475,-0.017613336443901062,0.4214223027229309,-0.017613336443901062
145,right,left,0.042101088215617116,-0.08537295731994216,0.30013748094090253,0.9575695490413877,2.93601201735646,1,88,14.584568939411039,0.15217727422714233,0.21944726921622593,0.2459295094013214,-0.00966367032378912,0.06775902211666107,-0.16002362966537476,0.09120699018239975,0.16483379900455475,-0.017613336443901062,-0.08109185099601746,-0.018991123884916306
145,right,forward,0.042101088215617116,-0.08537295731994216,0.30013748094090253,0.9575695490413877,2.93601201735646,0,0,0.0,1.5914446649389902e-08,1.0893721480442764e-09,0.25658848881721497,-0.00966367032378912,0.06775902211666107,-0.009663675911724567,0.06775903701782227,0.16483379900455475,-0.017613336443901062,0.16483379900455475,0.2389751523733139
145,right,backward,0.042101088215617116,-0.08537295731994216,0.30013748094090253,0.9575695490413877,2.93601201735646,0,0,0.0,1.5914446649389902e-08,1.0893721480442764e-09,0.25658851861953735,-0.00966367032378912,0.06775902211666107,-0.009663675911724567,0.06775903701782227,0.16483379900455475,-0.017613336443901062,0.16483379900455475,-0.2742018401622772
146,back,stay,0.10267923286781236,-0.07867703002152805,0.34761919520458545,0.8579957332100209,-1.7000182514880595,0,0,0.0,6.381564503499249e-07,4.5347346788737747e-07,0.0,-0.05062762275338173,-0.07903087139129639,-0.05062699317932129,-0.07903097569942474,-0.12930500507354736,-0.31180012226104736,-0.12930500507354736,-0.31180012226104736
146,back,right,0.10267923286781236,-0.07867703002152805,0.34761919520458545,0.8579957332100209,-1.7000182514880595,0,0,0.0,6.381564503499249e-07,4.5347346788737747e-07,0.25658848881721497,-0.05062762275338173,-0.07903087139129639,-0.05062699317932129,-0.07903097569942474,-0.12930500507354736,-0.31180012226104736,0.1272834837436676,-0.31180012226104736
146,back,left,0.10267923286781236,-0.07867703002152805,0.34761919520458545,0.8579957332100209,-1.7000182514880595,0,0,0.0,6.381564503499249e-07,4.5347346788737747e-07,0.25658848881721497,-0.05062762275338173,-0.07903087139129639,-0.05062699317932129,-0.07903097569942474,-0.12930500507354736,-0.31180012226104736,-0.38589349389076233,-0.31180012226104736
146,back,forward,0.10267923286781236,-0.07867703002152805,0.34761919520458545,0.8579957332100209,-1.7000182514880595,1,63,18.712590204034722,0.10837272554636002,0.2197880332848201,0.24811537563800812,-0.05062762275338173,-0.07903087139129639,-0.0297174584120512,0.027305444702506065,-0.12930500507354736,-0.31180012226104736,-0.13054054975509644,-0.06368783116340637
146,back,backward,0.10267923286781236,-0.07867703002152805,0.34761919520458545,0.8579957332100209,-1.7000182514880595,0,0,0.0,6.381564503499249e-07,4.5347346788737747e-07,0.25658851861953735,-0.05062762275338173,-0.07903087139129639,-0.05062699317932129,-0.07903097569942474,-0.12930500507354736,-0.31180012226104736,-0.12930500507354736,-0.5683886408805847
147,front,stay,0.0225406343500384,0.021534040645271812,0.25835928750148857,0.8849193460197915,1.598226174306034,0,0,0.0,7.011863090156112e-07,2.706670390484334e-06,0.0,0.08122991770505905,0.04442058131098747,0.08123059570789337,0.044420402497053146,0.05969580262899399,0.1931634545326233,0.05969580262899399,0.1931634545326233
147,front,right,0.0225406343500384,0.021534040645271812,0.25835928750148857,0.8849193460197915,1.598226174306034,0,0,0.0,7.011863090156112e-07,2.706670390484334e-06,0.25658848881721497,0.08122991770505905,0.04442058131098747,0.08123059570789337,0.044420402497053146,0.05969580262899399,0.1931634545326233,0.31628429889678955,0.1931634545326233
147,front,left,0.0225406343500384,0.021534040645271812,0.25835928750148857,0.8849193460197915,1.598226174306034,0,0,0.0,7.011863090156112e-07,2.706670390484334e-06,0.25658848881721497,0.08122991770505905,0.04442058131098747,0.08123059570789337,0.044420402497053146,0.05969580262899399,0.1931634545326233,-0.19689269363880157,0.1931634545326233
147,front,forward,0.0225406343500384,0.021534040645271812,0.25835928750148857,0.8849193460197915,1.598226174306034,0,0,0.0,7.011863090156112e-07,2.706670390484334e-06,0.25658848881721497,0.08122991770505905,0.04442058131098747,0.08123059570789337,0.044420402497053146,0.05969580262899399,0.1931634545326233,0.05969580262899399,0.44975194334983826
147,front,backward,0.0225406343500384,0.021534040645271812,0.25835928750148857,0.8849193460197915,1.598226174306034,1,109,13.76023573645489,0.22146427631378174,0.0030478308349073395,0.2458263635635376,0.08122991770505905,0.04442058131098747,0.08157577365636826,-0.17704342305660248,0.05969580262899399,0.1931634545326233,0.059679072350263596,-0.052662912756204605
148,left,stay,0.0956645733310762,-0.10930045274211846,0.3450346198710551,0.6771600457667865,3.062034480354285,0,0,0.0,9.018223181556095e-07,1.2384259253650498e-06,0.0,0.027662664651870728,0.05593056604266167,0.027662521228194237,0.055929675698280334,-0.19630926847457886,0.16523146629333496,-0.19630926847457886,0.16523146629333496
148,left,right,0.0956645733310762,-0.10930045274211846,0.3450346198710551,0.6771600457667865,3.062034480354285,0,0,0.0,9.018223181556095e-07,1.2384259253650498e-06,0.25658848881721497,0.027662664651870728,0.05593056604266167,0.027662521228194237,0.055929675698280334,-0.19630926847457886,0.16523146629333496,0.060279227793216705,0.16523146629333496
148,left,left,0.0956645733310762,-0.10930045274211846,0.3450346198710551,0.6771600457667865,3.062034480354285,0,0,0.0,9.018223181556095e-07,1.2384259253650498e-06,0.25658848881721497,0.027662664651870728,0.05593056604266167,0.027662521228194237,0.055929675698280334,-0.19630926847457886,0.16523146629333496,-0.4528977572917938,0.16523146629333496
148,left,forward,0.0956645733310762,-0.10930045274211846,0.3450346198710551,0.6771600457667865,3.062034480354285,0,0,0.0,9.018223181556095e-07,1.2384259253650498e-06,0.25658848881721497,0.027662664651870728,0.05593056604266167,0.027662521228194237,0.055929675698280334,-0.19630926847457886,0.16523146629333496,-0.19630926847457886,0.4218199551105499
148,left,backward,0.0956645733310762,-0.10930045274211846,0.3450346198710551,0.6771600457667865,3.062034480354285,0,0,0.0,9.018223181556095e-07,1.2384259253650498e-06,0.25658848881721497,0.027662664651870728,0.05593056604266167,0.027662521228194237,0.055929675698280334,-0.19630926847457886,0.16523146629333496,-0.19630926847457886,-0.0913570299744606
149,right,stay,0.03395555340329545,-0.12518688126974892,0.3223703604136194,1.0470479788431735,0.7929177238919642,0,0,0.0,1.4290567662555986e-07,5.60045348763083e-07,0.0,-0.012335441075265408,0.0811464935541153,-0.012335490435361862,0.08114635944366455,0.15332868695259094,-0.04404015094041824,0.15332868695259094,-0.04404015094041824
149,right,right,0.03395555340329545,-0.12518688126974892,0.3223703604136194,1.0470479788431735,0.7929177238919642,0,0,0.0,1.4290567662555986e-07,5.60045348763083e-07,0.25658848881721497,-0.012335441075265408,0.0811464935541153,-0.012335490435361862,0.08114635944366455,0.15332868695259094,-0.04404015094041824,0.4099171757698059,-0.04404015094041824
149,right,left,0.03395555340329545,-0.12518688126974892,0.3223703604136194,1.0470479788431735,0.7929177238919642,1,26,5.734885342399781,0.008879556320607662,0.10306441663088073,0.25471141934394836,-0.012335441075265408,0.0811464935541153,-0.020812321454286575,0.08379016816616058,0.15332868695259094,-0.04404015094041824,-0.10138203948736191,-0.04464079067111015
149,right,forward,0.03395555340329545,-0.12518688126974892,0.3223703604136194,1.0470479788431735,0.7929177238919642,0,0,0.0,7.774708592478419e-07,4.972778995249172e-07,0.25658848881721497,-0.012335497885942459,0.08114677667617798,-0.012335997074842453,0.08114737272262573,0.15332868695259094,-0.04404015094041824,0.15332868695259094,0.21254834532737732
149,right,backward,0.03395555340329545,-0.12518688126974892,0.3223703604136194,1.0470479788431735,0.7929177238919642,0,0,0.0,7.774708592478419e-07,4.972778995249172e-07,0.25658848881721497,-0.012335497885942459,0.08114677667617798,-0.012335997074842453,0.08114737272262573,0.15332868695259094,-0.04404015094041824,0.15332868695259094,-0.3006286323070526
150,back,stay,0.093841387770992,0.11407435177152456,0.23518600571052337,0.7997075311315051,-1.1842921855399242,0,0,0.0,1.1644139874533721e-07,6.898352464812518e-07,0.0,0.05666949972510338,-0.06256597489118576,0.056669384241104126,-0.06256598979234695,0.1707441806793213,-0.2920999526977539,0.1707441806793213,-0.2920999526977539
150,back,right,0.093841387770992,0.11407435177152456,0.23518600571052337,0.7997075311315051,-1.1842921855399242,0,0,0.0,1.1644139874533721e-07,6.898352464812518e-07,0.25658848881721497,0.05666949972510338,-0.06256597489118576,0.056669384241104126,-0.06256598979234695,0.1707441806793213,-0.2920999526977539,0.42733266949653625,-0.2920999526977539
150,back,left,0.093841387770992,0.11407435177152456,0.23518600571052337,0.7997075311315051,-1.1842921855399242,0,0,0.0,1.1644139874533721e-07,6.898352464812518e-07,0.25658848881721497,0.05666949972510338,-0.06256597489118576,0.056669384241104126,-0.06256598979234695,0.1707441806793213,-0.2920999526977539,-0.08584431558847427,-0.2920999526977539
150,back,forward,0.093841387770992,0.11407435177152456,0.23518600571052337,0.7997075311315051,-1.1842921855399242,1,7,0.0,1.1644139874533721e-07,6.898352464812518e-07,0.25658848881721497,0.05666949972510338,-0.06256597489118576,0.056669384241104126,-0.06256598979234695,0.1707441806793213,-0.2920999526977539,0.1707441806793213,-0.035511456429958344
150,back,backward,0.093841387770992,0.11407435177152456,0.23518600571052337,0.7997075311315051,-1.1842921855399242,0,0,0.0,1.1644139874533721e-07,6.898352464812518e-07,0.25658851861953735,0.05666949972510338,-0.06256597489118576,0.056669384241104126,-0.06256598979234695,0.1707441806793213,-0.2920999526977539,0.1707441806793213,-0.5486884713172913
151,front,stay,0.0926188326393631,0.07919265159608191,0.2816973398160362,0.8359344783575255,0.1868121794621791,0,0,0.0,4.913571842735109e-07,4.6313968352085233e-07,0.0,-0.01938994787633419,-0.0895044356584549,-0.01939009316265583,-0.0895049050450325,-0.09858249127864838,0.10311881452798843,-0.09858249127864838,0.10311881452798843
151,front,right,0.0926188326393631,0.07919265159608191,0.2816973398160362,0.8359344783575255,0.1868121794621791,0,0,0.0,4.913571842735109e-07,4.6313968352085233e-07,0.25658848881721497,-0.01938994787633419,-0.0895044356584549,-0.01939009316265583,-0.0895049050450325,-0.09858249127864838,0.10311881452798843,0.1580059975385666,0.10311881452798843
151,front,left,0.0926188326393631,0.07919265159608191,0.2816973398160362,0.8359344783575255,0.1868121794621791,0,0,0.0,4.913571842735109e-07,4.6313968352085233e-07,0.25658851861953735,-0.01938994787633419,-0.0895044356584549,-0.01939009316265583,-0.0895049050450325,-0.09858249127864838,0.10311881452798843,-0.35517099499702454,0.10311881452798843
151,front,forward,0.0926188326393631,0.07919265159608191,0.2816973398160362,0.8359344783575255,0.1868121794621791,0,0,0.0,4.913571842735109e-07,4.6313968352085233e-07,0.25658848881721497,-0.01938994787633419,-0.0895044356584549,-0.01939009316265583,-0.0895049050450325,-0.09858249127864838,0.10311881452798843,-0.09858249127864838,0.3597072958946228
151,front,backward,0.0926188326393631,0.07919265159608191,0.2816973398160362,0.8359344783575255,0.1868121794621791,1,64,14.047470933614562,0.12363843619823456,0.061123519954463794,0.24960170686244965,-0.01938994787633419,-0.0895044356584549,-0.016009347513318062,-0.21309664845466614,-0.09858249127864838,0.10311881452798843,-0.09918557852506638,-0.1464821696281433
152,left,stay,0.07880470206102345,0.0448909477334766,0.27789201121749557,0.9384403491228792,0.8785484292292578,0,0,0.0,2.753944556843635e-07,8.76241712632897e-07,0.0,-0.04181985929608345,0.09487616270780563,-0.041819967329502106,0.09487590938806534,-0.2495190054178238,0.04998542368412018,-0.2495190054178238,0.04998542368412018
152,left,right,0.07880470206102345,0.0448909477334766,0.27789201121749557,0.9384403491228792,0.8785484292292578,1,83,15.404546986218978,0.16599126160144806,0.019454561478897348,0.24693234264850616,-0.04181985929608345,0.09487616270780563,0.12415666878223419,0.09708837419748306,-0.2495190054178238,0.04998542368412018,-0.0025867244694381952,0.049803148955106735
152,left,left,0.07880470206102345,0.0448909477334766,0.27789201121749557,0.9384403491228792,0.8785484292292578,0,0,0.0,2.753944556843635e-07,8.76241712632897e-07,0.25658851861953735,-0.04181985929608345,0.09487616270780563,-0.041819967329502106,0.09487590938806534,-0.2495190054178238,0.04998542368412018,-0.5061075091362,0.04998542368412018
152,left,forward,0.07880470206102345,0.0448909477334766,0.27789201121749557,0.9384403491228792,0.8785484292292578,0,0,0.0,2.753944556843635e-07,8.76241712632897e-07,0.25658851861953735,-0.04181985929608345,0.09487616270780563,-0.041819967329502106,0.09487590938806534,-0.2495190054178238,0.04998542368412018,-0.2495190054178238,0.30657392740249634
152,left,backward,0.07880470206102345,0.0448909477334766,0.27789201121749557,0.9384403491228792,0.8785484292292578,0,0,0.0,2.753944556843635e-07,8.76241712632897e-07,0.25658848881721497,-0.04181985929608345,0.09487616270780563,-0.041819967329502106,0.09487590938806534,-0.2495190054178238,0.04998542368412018,-0.2495190054178238,-0.2066030651330948
153,right,stay,0.02656296147476482,-0.034795121541014176,0.2288210783547084,0.7916434938863991,-0.5474141043808145,0,0,0.0,1.7434398102977866e-07,7.674551316672051e-08,0.0,0.09486973285675049,-0.02052352949976921,0.09486962854862213,-0.02052338980138302,0.25743380188941956,-0.05531877279281616,0.25743380188941956,-0.05531877279281616
153,right,right,0.02656296147476482,-0.034795121541014176,0.2288210783547084,0.7916434938863991,-0.5474141043808145,0,0,0.0,1.7434398102977866e-07,7.674551316672051e-08,0.25658848881721497,0.09486973285675049,-0.02052352949976921,0.09486962854862213,-0.02052338980138302,0.25743380188941956,-0.05531877279281616,0.5140222907066345,-0.05531877279281616
153,right,left,0.02656296147476482,-0.034795121541014176,0.2288210783547084,0.7916434938863991,-0.5474141043808145,1,103,11.75717017428678,0.21025100350379944,0.009097278919517837,0.24813160300254822,0.09486973285675049,-0.02052352949976921,-0.11537684500217438,-0.019158951938152313,0.25743380188941956,-0.05531877279281616,0.009302202612161636,-0.055364493280649185
153,right,forward,0.02656296147476482,-0.034795121541014176,0.2288210783547084,0.7916434938863991,-0.5474141043808145,0,0,0.0,1.7434398102977866e-07,7.674551316672051e-08,0.25658848881721497,0.09486973285675049,-0.02052352949976921,0.09486962854862213,-0.02052338980138302,0.25743380188941956,-0.05531877279281616,0.25743380188941956,0.2012697160243988
153,right,backward,0.02656296147476482,-0.034795121541014176,0.2288210783547084,0.7916434938863991,-0.5474141043808145,0,0,0.0,1.7434398102977866e-07,7.674551316672051e-08,0.25658848881721497,0.09486973285675049,-0.02052352949976921,0.09486962854862213,-0.02052338980138302,0.25743380188941956,-0.05531877279281616,0.25743380188941956,-0.31190726161003113
154,back,stay,0.02859610407305945,-0.038602796969045644,0.25362554632106254,0.9927810422015343,-1.7759654502482773,0,0,0.0,8.33000246558413e-09,4.0902126130504257e-10,0.0,-0.07919734716415405,-0.062458258122205734,-0.07919735461473465,-0.06245826184749603,-0.11780057847499847,-0.22343948483467102,-0.11780057847499847,-0.22343948483467102
154,back,right,0.02859610407305945,-0.038602796969045644,0.25362554632106254,0.9927810422015343,-1.7759654502482773,0,0,0.0,8.33000246558413e-09,4.0902126130504257e-10,0.25658848881721497,-0.07919734716415405,-0.062458258122205734,-0.07919735461473465,-0.06245826184749603,-0.11780057847499847,-0.22343948483467102,0.1387879103422165,-0.22343948483467102
154,back,left,0.02859610407305945,-0.038602796969045644,0.25362554632106254,0.9927810422015343,-1.7759654502482773,0,0,0.0,8.33000246558413e-09,4.0902126130504257e-10,0.25658851861953735,-0.07919734716415405,-0.062458258122205734,-0.07919735461473465,-0.06245826184749603,-0.11780057847499847,-0.22343948483467102,-0.37438908219337463,-0.22343948483467102
154,back,forward,0.02859610407305945,-0.038602796969045644,0.25362554632106254,0.9927810422015343,-1.7759654502482773,1,101,13.82854454625919,0.20363450050354004,0.015052780966181789,0.24554386734962463,-0.07919734716415405,-0.062458258122205734,-0.07759938389062881,0.1411699801683426,-0.11780057847499847,-0.22343948483467102,-0.11787854880094528,0.022104371339082718
154,back,backward,0.02859610407305945,-0.038602796969045644,0.25362554632106254,0.9927810422015343,-1.7759654502482773,0,0,0.0,8.33000246558413e-09,4.0902126130504257e-10,0.25658848881721497,-0.07919734716415405,-0.062458258122205734,-0.07919735461473465,-0.06245826184749603,-0.11780057847499847,-0.22343948483467102,-0.11780057847499847,-0.480027973651886
155,front,stay,0.05566152932324864,0.06541665435998478,0.36187341579733634,0.6994596993228375,-0.593008637432086,0,0,0.0,2.2871128635415516e-07,4.3259050208632743e-07,0.0,0.029988111928105354,0.029055440798401833,0.029987936839461327,0.029055587947368622,-0.03542834147810936,0.20953670144081116,-0.03542834147810936,0.20953670144081116
155,front,right,0.05566152932324864,0.06541665435998478,0.36187341579733634,0.6994596993228375,-0.593008637432086,0,0,0.0,2.2871128635415516e-07,4.3259050208632743e-07,0.25658848881721497,0.029988111928105354,0.029055440798401833,0.029987936839461327,0.029055587947368622,-0.03542834147810936,0.20953670144081116,0.2211601585149765,0.20953670144081116
155,front,left,0.05566152932324864,0.06541665435998478,0.36187341579733634,0.6994596993228375,-0.593008637432086,0,0,0.0,2.2871128635415516e-07,4.3259050208632743e-07,0.25658848881721497,0.029988111928105354,0.029055440798401833,0.029987936839461327,0.029055587947368622,-0.03542834147810936,0.20953670144081116,-0.2920168340206146,0.20953670144081116
155,front,forward,0.05566152932324864,0.06541665435998478,0.36187341579733634,0.6994596993228375,-0.593008637432086,0,0,0.0,2.2871128635415516e-07,4.3259050208632743e-07,0.25658848881721497,0.029988111928105354,0.029055440798401833,0.029987936839461327,0.029055587947368622,-0.03542834147810936,0.20953670144081116,-0.03542834147810936,0.4661251902580261
155,front,backward,0.05566152932324864,0.06541665435998478,0.36187341579733634,0.6994596993228375,-0.593008637432086,1,92,19.630210785182346,0.18146976828575134,0.050355084946675066,0.2460671216249466,0.029988111928105354,0.029055440798401833,0.03511841967701912,-0.1523417979478836,-0.03542834147810936,0.20953670144081116,-0.03582330793142319,-0.03653009980916977
156,left,stay,0.050294971457359824,0.10067424994290575,0.30944327034978886,0.9249637587888786,-0.8699326220703889,0,0,0.0,2.682209014892578e-07,8.417608609034843e-07,0.0,-0.09651229530572891,-0.09524287283420563,-0.0965125635266304,-0.09524287283420563,-0.2760142683982849,-0.19591698050498962,-0.2760142683982849,-0.19591698050498962
156,left,right,0.050294971457359824,0.10067424994290575,0.30944327034978886,0.9249637587888786,-0.8699326220703889,1,49,9.148188934402533,0.05411059409379959,0.33420903008263636,0.2509906589984894,-0.09651229530572891,-0.09524287283420563,-0.043010611087083817,-0.08714804798364639,-0.2760142683982849,-0.19591698050498962,-0.02502475492656231,-0.19666866958141327
156,left,left,0.050294971457359824,0.10067424994290575,0.30944327034978886,0.9249637587888786,-0.8699326220703889,0,0,0.0,2.682209014892578e-07,8.417608609034843e-07,0.25658851861953735,-0.09651229530572891,-0.09524287283420563,-0.0965125635266304,-0.09524287283420563,-0.2760142683982849,-0.19591698050498962,-0.5326027870178223,-0.19591698050498962
156,left,forward,0.050294971457359824,0.10067424994290575,0.30944327034978886,0.9249637587888786,-0.8699326220703889,0,0,0.0,2.682209014892578e-07,8.417608609034843e-07,0.25658848881721497,-0.09651229530572891,-0.09524287283420563,-0.0965125635266304,-0.09524287283420563,-0.2760142683982849,-0.19591698050498962,-0.2760142683982849,0.06067151576280594
156,left,backward,0.050294971457359824,0.10067424994290575,0.30944327034978886,0.9249637587888786,-0.8699326220703889,0,0,0.0,2.682209014892578e-07,8.417608609034843e-07,0.25658848881721497,-0.09651229530572891,-0.09524287283420563,-0.0965125635266304,-0.09524287283420563,-0.2760142683982849,-0.19591698050498962,-0.2760142683982849,-0.4525054693222046
157,right,stay,0.051105737232363266,-0.010209418309256674,0.34747514171158983,0.7215099112924102,-0.889683688854868,0,0,0.0,2.608767317724414e-07,8.10777492143977e-07,0.0,-0.09041590988636017,0.09842149913311005,-0.09041617065668106,0.09842149168252945,0.08917053043842316,0.08821222931146622,0.08917053043842316,0.08821222931146622
157,right,right,0.051105737232363266,-0.010209418309256674,0.34747514171158983,0.7215099112924102,-0.889683688854868,0,0,0.0,2.608767317724414e-07,8.10777492143977e-07,0.25658851861953735,-0.09041590988636017,0.09842149913311005,-0.09041617065668106,0.09842149168252945,0.08917053043842316,0.08821222931146622,0.3457590341567993,0.08821222931146622
157,right,left,0.051105737232363266,-0.010209418309256674,0.34747514171158983,0.7215099112924102,-0.889683688854868,1,91,16.435154361074463,0.1770610362291336,0.01289365131900766,0.24611780047416687,-0.09041590988636017,0.09842149913311005,-0.2673347294330597,0.09132642298936844,0.08917053043842316,0.08821222931146622,-0.15694688260555267,0.08864898979663849
157,right,forward,0.051105737232363266,-0.010209418309256674,0.34747514171158983,0.7215099112924102,-0.889683688854868,0,0,0.0,2.608767317724414e-07,8.10777492143977e-07,0.25658848881721497,-0.09041590988636017,0.09842149913311005,-0.09041617065668106,0.09842149168252945,0.08917053043842316,0.08821222931146622,0.08917053043842316,0.3448007106781006
157,right,backward,0.051105737232363266,-0.010209418309256674,0.34747514171158983,0.7215099112924102,-0.889683688854868,0,0,0.0,2.608767317724414e-07,8.10777492143977e-07,0.25658848881721497,-0.09041590988636017,0.09842149913311005,-0.09041617065668106,0.09842149168252945,0.08917053043842316,0.08821222931146622,0.08917053043842316,-0.16837626695632935
158,back,stay,0.02363352578983275,-0.0649594511930063,0.35235044693499873,0.6763542383032441,2.7797635611823113,0,0,0.0,1.0829003116441527e-07,4.8690385057170715e-11,0.0,0.0827471986413002,-0.04365570843219757,0.0827471911907196,-0.043655600398778915,0.017787791788578033,-0.17946384847164154,0.017787791788578033,-0.17946384847164154
158,back,right,0.02363352578983275,-0.0649594511930063,0.35235044693499873,0.6763542383032441,2.7797635611823113,0,0,0.0,1.0829003116441527e-07,4.8690385057170715e-11,0.25658848881721497,0.0827471986413002,-0.04365570843219757,0.0827471911907196,-0.043655600398778915,0.017787791788578033,-0.17946384847164154,0.2743762731552124,-0.17946384847164154
158,back,left,0.02363352578983275,-0.0649594511930063,0.35235044693499873,0.6763542383032441,2.7797635611823113,0,0,0.0,1.0829003116441527e-07,4.8690385057170715e-11,0.25658848881721497,0.0827471986413002,-0.04365570843219757,0.0827471911907196,-0.043655600398778915,0.017787791788578033,-0.17946384847164154,-0.23880070447921753,-0.17946384847164154
158,back,forward,0.02363352578983275,-0.0649594511930063,0.35235044693499873,0.6763542383032441,2.7797635611823113,1,88,15.793294373352007,0.1745503544807434,0.04584576856267031,0.24695195257663727,0.0827471986413002,-0.04365570843219757,0.08496865630149841,0.13088051974773407,0.017787791788578033,-0.17946384847164154,0.017391901463270187,0.06748779118061066
158,back,backward,0.02363352578983275,-0.0649594511930063,0.35235044693499873,0.6763542383032441,2.7797635611823113,0,0,0.0,1.0829003116441527e-07,4.8690385057170715e-11,0.25658851861953735,0.0827471986413002,-0.04365570843219757,0.0827471911907196,-0.043655600398778915,0.017787791788578033,-0.17946384847164154,0.017787791788578033,-0.4360523521900177
159,front,stay,0.10120457101770693,0.08378323324134165,0.26507209081506033,0.9062201223186477,-2.7178008340714745,0,0,0.0,8.229434911299904e-08,1.7077404823595543e-07,0.0,0.07693316787481308,0.09176909923553467,0.07693317532539368,0.0917690172791481,-0.006850041449069977,0.30894607305526733,-0.006850041449069977,0.30894607305526733
159,front,right,0.10120457101770693,0.08378323324134165,0.26507209081506033,0.9062201223186477,-2.7178008340714745,0,0,0.0,8.229434911299904e-08,1.7077404823595543e-07,0.25658848881721497,0.07693316787481308,0.09176909923553467,0.07693317532539368,0.0917690172791481,-0.006850041449069977,0.30894607305526733,0.24973845481872559,0.30894607305526733
159,front,left,0.10120457101770693,0.08378323324134165,0.26507209081506033,0.9062201223186477,-2.7178008340714745,0,0,0.0,8.229434911299904e-08,1.7077404823595543e-07,0.25658848881721497,0.07693316787481308,0.09176909923553467,0.07693317532539368,0.0917690172791481,-0.006850041449069977,0.30894607305526733,-0.26343852281570435,0.30894607305526733
159,front,forward,0.10120457101770693,0.08378323324134165,0.26507209081506033,0.9062201223186477,-2.7178008340714745,0,0,0.0,8.229434911299904e-08,1.7077404823595543e-07,0.25658851861953735,0.07693316787481308,0.09176909923553467,0.07693317532539368,0.0917690172791481,-0.006850041449069977,0.30894607305526733,-0.006850041449069977,0.5655345916748047
159,front,backward,0.10120457101770693,0.08378323324134165,0.26507209081506033,0.9062201223186477,-2.7178008340714745,1,45,12.825724436748663,0.08165912330150604,0.09591720802309878,0.25133442878723145,0.07693316787481308,0.09176909923553467,0.08083304017782211,0.01020315196365118,-0.006850041449069977,0.30894607305526733,-0.0074434769339859486,0.057612344622612
160,left,stay,0.06609754749843157,-0.12288177195160895,0.33120023053089226,0.9458442749962015,-0.7555969662711726,0,0,0.0,1.7572159549672506e-07,9.483622100958654e-07,0.0,-0.06056943163275719,-0.037022754549980164,-0.060569580644369125,-0.0370226614177227,-0.25939247012138367,0.08585905283689499,-0.25939247012138367,0.08585905283689499
160,left,right,0.06609754749843157,-0.12288177195160895,0.33120023053089226,0.9458442749962015,-0.7555969662711726,1,53,8.47314875474119,0.0628427043557167,0.4098025407518515,0.25013965368270874,-0.06056943163275719,-0.037022754549980164,0.001973883481696248,-0.04314965754747391,-0.25939247012138367,0.08585905283689499,-0.009262395091354847,0.08804536610841751
160,left,left,0.06609754749843157,-0.12288177195160895,0.33120023053089226,0.9458442749962015,-0.7555969662711726,0,0,0.0,1.7572159549672506e-07,9.483622100958654e-07,0.25658848881721497,-0.06056943163275719,-0.037022754549980164,-0.060569580644369125,-0.0370226614177227,-0.25939247012138367,0.08585905283689499,-0.5159809589385986,0.08585905283689499
160,left,forward,0.06609754749843157,-0.12288177195160895,0.33120023053089226,0.9458442749962015,-0.7555969662711726,0,0,0.0,1.7572159549672506e-07,9.483622100958654e-07,0.25658848881721497,-0.06056943163275719,-0.037022754549980164,-0.060569580644369125,-0.0370226614177227,-0.25939247012138367,0.08585905283689499,-0.25939247012138367,0.34244754910469055
160,left,backward,0.06609754749843157,-0.12288177195160895,0.33120023053089226,0.9458442749962015,-0.7555969662711726,0,0,0.0,1.7572159549672506e-07,9.483622100958654e-07,0.25658848881721497,-0.06056943163275719,-0.037022754549980164,-0.060569580644369125,-0.0370226614177227,-0.25939247012138367,0.08585905283689499,-0.25939247012138367,-0.17072944343090057
161,right,stay,0.11277075839313423,-0.12978191387619836,0.3452349649499644,0.8293767502234921,-1.919140312193543,0,0,0.0,6.064333035737945e-08,2.0021973967665474e-07,0.0,0.0773991197347641,-0.05107850953936577,0.07739916443824768,-0.05107855051755905,0.3014809787273407,-0.18086038529872894,0.3014809787273407,-0.18086038529872894
161,right,right,0.11277075839313423,-0.12978191387619836,0.3452349649499644,0.8293767502234921,-1.919140312193543,0,0,0.0,6.064333035737945e-08,2.0021973967665474e-07,0.25658848881721497,0.0773991197347641,-0.05107850953936577,0.07739916443824768,-0.05107855051755905,0.3014809787273407,-0.18086038529872894,0.5580694675445557,-0.18086038529872894
161,right,left,0.11277075839313423,-0.12978191387619836,0.3452349649499644,0.8293767502234921,-1.919140312193543,1,31,6.884912054833135,0.028632089495658875,0.2527540319093285,0.25340551137924194,0.0773991197347641,-0.05107850953936577,0.048877354711294174,-0.048567429184913635,0.3014809787273407,-0.18086038529872894,0.048080019652843475,-0.18237943947315216
161,right,forward,0.11277075839313423,-0.12978191387619836,0.3452349649499644,0.8293767502234921,-1.919140312193543,0,0,0.0,6.064333035737945e-08,2.0021973967665474e-07,0.25658848881721497,0.0773991197347641,-0.05107850953936577,0.07739916443824768,-0.05107855051755905,0.3014809787273407,-0.18086038529872894,0.3014809787273407,0.07572811096906662
161,right,backward,0.11277075839313423,-0.12978191387619836,0.3452349649499644,0.8293767502234921,-1.919140312193543,0,0,0.0,6.064333035737945e-08,2.0021973967665474e-07,0.25658851861953735,0.0773991197347641,-0.05107850953936577,0.07739916443824768,-0.05107855051755905,0.3014809787273407,-0.18086038529872894,0.3014809787273407,-0.4374488890171051
162,back,stay,0.07993210860529039,0.12241724023578351,0.3695956664950446,0.8349109607939585,-0.4790616941515715,0,0,0.0,1.4082385746405635e-07,5.131672823344147e-07,0.0,0.04660063609480858,0.080760657787323,0.046600550413131714,0.08076076954603195,0.16901801526546478,-0.11828642338514328,0.16901801526546478,-0.11828642338514328
162,back,right,0.07993210860529039,0.12241724023578351,0.3695956664950446,0.8349109607939585,-0.4790616941515715,0,0,0.0,1.4082385746405635e-07,5.131672823344147e-07,0.25658851861953735,0.04660063609480858,0.080760657787323,0.046600550413131714,0.08076076954603195,0.16901801526546478,-0.11828642338514328,0.42560651898384094,-0.11828642338514328
162,back,left,0.07993210860529039,0.12241724023578351,0.3695956664950446,0.8349109607939585,-0.4790616941515715,0,0,0.0,1.4082385746405635e-07,5.131672823344147e-07,0.25658848881721497,0.04660063609480858,0.080760657787323,0.046600550413131714,0.08076076954603195,0.16901801526546478,-0.11828642338514328,-0.08757048100233078,-0.11828642338514328
162,back,forward,0.07993210860529039,0.12241724023578351,0.3695956664950446,0.8349109607939585,-0.4790616941515715,1,44,7.607705934593566,0.04228460416197777,0.2802540702349591,0.2520343065261841,0.04660063609480858,0.080760657787323,0.04190787672996521,0.12278405576944351,0.16901801526546478,-0.11828642338514328,0.17161977291107178,0.13373443484306335
162,back,backward,0.07993210860529039,0.12241724023578351,0.3695956664950446,0.8349109607939585,-0.4790616941515715,0,0,0.0,1.4082385746405635e-07,5.131672823344147e-07,0.25658848881721497,0.04660063609480858,0.080760657787323,0.046600550413131714,0.08076076954603195,0.16901801526546478,-0.11828642338514328,0.16901801526546478,-0.37487491965293884
163,front,stay,0.04884041040333134,-0.017667278693675903,0.2248562427660508,1.0044316780648623,2.714203899234459,0,0,0.0,6.264172469627738e-08,2.347711109962347e-07,0.0,0.02968336082994938,-0.00037394172977656126,0.029683342203497887,-0.00037388192140497267,0.04735058918595314,0.1646513044834137,0.04735058918595314,0.1646513044834137
163,front,right,0.04884041040333134,-0.017667278693675903,0.2248562427660508,1.0044316780648623,2.714203899234459,0,0,0.0,6.264172469627738e-08,2.347711109962347e-07,0.25658848881721497,0.02968336082994938,-0.00037394172977656126,0.029683342203497887,-0.00037388192140497267,0.04735058918595314,0.1646513044834137,0.3039390742778778,0.1646513044834137
163,front,left,0.04884041040333134,-0.017667278693675903,0.2248562427660508,1.0044316780648623,2.714203899234459,0,0,0.0,6.264172469627738e-08,2.347711109962347e-07,0.25658848881721497,0.02968336082994938,-0.00037394172977656126,0.029683342203497887,-0.00037388192140497267,0.04735058918595314,0.1646513044834137,-0.20923790335655212,0.1646513044834137
163,front,forward,0.04884041040333134,-0.017667278693675903,0.2248562427660508,1.0044316780648623,2.714203899234459,0,0,0.0,6.264172469627738e-08,2.347711109962347e-07,0.25658848881721497,0.02968336082994938,-0.00037394172977656126,0.029683342203497887,-0.00037388192140497267,0.04735058918595314,0.1646513044834137,0.04735058918595314,0.42123979330062866
163,front,backward,0.04884041040333134,-0.017667278693675903,0.2248562427660508,1.0044316780648623,2.714203899234459,1,83,14.030455575846721,0.16860437393188477,0.0024063808195133873,0.24823403358459473,0.02968336082994938,-0.00037394172977656126,0.02969452738761902,-0.16897831857204437,0.04735058918595314,0.1646513044834137,0.047358009964227676,-0.08358272165060043
164,left,stay,0.10134187758914155,-0.0895628434379734,0.22599207663494963,0.7444298242284709,-1.0295327026065295,0,0,0.0,3.5588223568083777e-07,1.237342990512147e-06,0.0,0.021796103566884995,0.03189006820321083,0.02179575152695179,0.03189001604914665,-0.2019065022468567,0.12145304679870605,-0.2019065022468567,0.12145304679870605
164,left,right,0.10134187758914155,-0.0895628434379734,0.22599207663494963,0.7444298242284709,-1.0295327026065295,1,60,11.658170306178585,0.08584314584732056,0.037029299372097535,0.25243446230888367,0.021796103566884995,0.03189006820321083,0.10491742193698883,0.010444975458085537,-0.2019065022468567,0.12145304679870605,0.05052200332283974,0.12318681180477142
164,left,left,0.10134187758914155,-0.0895628434379734,0.22599207663494963,0.7444298242284709,-1.0295327026065295,0,0,0.0,3.5588223568083777e-07,1.237342990512147e-06,0.25658848881721497,0.021796103566884995,0.03189006820321083,0.02179575152695179,0.03189001604914665,-0.2019065022468567,0.12145304679870605,-0.45849499106407166,0.12145304679870605
164,left,forward,0.10134187758914155,-0.0895628434379734,0.22599207663494963,0.7444298242284709,-1.0295327026065295,0,0,0.0,3.5588223568083777e-07,1.237342990512147e-06,0.25658848881721497,0.021796103566884995,0.03189006820321083,0.02179575152695179,0.03189001604914665,-0.2019065022468567,0.12145304679870605,-0.2019065022468567,0.378041535615921
164,left,backward,0.10134187758914155,-0.0895628434379734,0.22599207663494963,0.7444298242284709,-1.0295327026065295,0,0,0.0,3.5588223568083777e-07,1.237342990512147e-06,0.25658848881721497,0.021796103566884995,0.03189006820321083,0.02179575152695179,0.03189001604914665,-0.2019065022468567,0.12145304679870605,-0.2019065022468567,-0.1351354420185089
165,right,stay,0.059259725070333405,-0.10955737693108406,0.37231936369638674,0.870705278341462,0.7117811484130954,0,0,0.0,1.2316014874613757e-07,3.8651949707535493e-07,0.0,0.08034290373325348,-0.042068660259246826,0.08034289628267288,-0.042068783193826675,0.2733578085899353,-0.15162581205368042,0.2733578085899353,-0.15162581205368042
165,right,right,0.059259725070333405,-0.10955737693108406,0.37231936369638674,0.870705278341462,0.7117811484130954,0,0,0.0,1.2316014874613757e-07,3.8651949707535493e-07,0.25658851861953735,0.08034290373325348,-0.042068660259246826,0.08034289628267288,-0.042068783193826675,0.2733578085899353,-0.15162581205368042,0.5299463272094727,-0.15162581205368042
165,right,left,0.059259725070333405,-0.10955737693108406,0.37231936369638674,0.870705278341462,0.7117811484130954,1,32,7.794944133805862,0.02147994562983513,0.21234152372241039,0.25295719504356384,0.08034290373325348,-0.042068660259246826,0.060183506458997726,-0.034653354436159134,0.2733578085899353,-0.15162581205368042,0.02040194533765316,-0.1524495631456375
165,right,forward,0.059259725070333405,-0.10955737693108406,0.37231936369638674,0.870705278341462,0.7117811484130954,0,0,0.0,1.2316014874613757e-07,3.8651949707535493e-07,0.25658848881721497,0.08034290373325348,-0.042068660259246826,0.08034289628267288,-0.042068783193826675,0.2733578085899353,-0.15162581205368042,0.2733578085899353,0.10496268421411514
165,right,backward,0.059259725070333405,-0.10955737693108406,0.37231936369638674,0.870705278341462,0.7117811484130954,0,0,0.0,1.2316014874613757e-07,3.8651949707535493e-07,0.25658848881721497,0.08034290373325348,-0.042068660259246826,0.08034289628267288,-0.042068783193826675,0.2733578085899353,-0.15162581205368042,0.2733578085899353,-0.4082143008708954
166,back,stay,0.05009681680233351,0.020189855715148697,0.2745902678430919,0.7675368816849635,0.07264421372961527,0,0,0.0,4.246545017849712e-07,1.1880947806269804e-06,0.0,0.021787405014038086,0.023944977670907974,0.02178730070590973,0.023944566026329994,0.04197734221816063,-0.11720216274261475,0.04197734221816063,-0.11720216274261475
166,back,right,0.05009681680233351,0.020189855715148697,0.2745902678430919,0.7675368816849635,0.07264421372961527,0,0,0.0,4.246545017849712e-07,1.1880947806269804e-06,0.25658848881721497,0.021787405014038086,0.023944977670907974,0.02178730070590973,0.023944566026329994,0.04197734221816063,-0.11720216274261475,0.2985658347606659,-0.11720216274261475
166,back,left,0.05009681680233351,0.020189855715148697,0.2745902678430919,0.7675368816849635,0.07264421372961527,0,0,0.0,4.246545017849712e-07,1.1880947806269804e-06,0.25658848881721497,0.021787405014038086,0.023944977670907974,0.02178730070590973,0.023944566026329994,0.04197734221816063,-0.11720216274261475,-0.21461115777492523,-0.11720216274261475
166,back,forward,0.05009681680233351,0.020189855715148697,0.2745902678430919,0.7675368816849635,0.07264421372961527,1,93,21.972734312826002,0.1902122050523758,0.003770025750096037,0.24769189953804016,0.021787405014038086,0.023944977670907974,0.021506844088435173,0.21415697038173676,0.04197734221816063,-0.11720216274261475,0.04203247278928757,0.13048973679542542
166,back,backward,0.05009681680233351,0.020189855715148697,0.2745902678430919,0.7675368816849635,0.07264421372961527,0,0,0.0,4.246545017849712e-07,1.1880947806269804e-06,0.25658848881721497,0.021787405014038086,0.023944977670907974,0.02178730070590973,0.023944566026329994,0.04197734221816063,-0.11720216274261475,0.04197734221816063,-0.3737906515598297
167,front,stay,0.10428789319092738,-0.041682139291688305,0.24228946371771407,0.6635678558984867,0.8589909043493877,0,0,0.0,2.511464742838143e-07,8.264634263621672e-07,0.0,-0.09213744103908539,-0.06009363755583763,-0.09213753044605255,-0.060093872249126434,-0.050455279648303986,0.1779491901397705,-0.050455279648303986,0.1779491901397705
167,front,right,0.10428789319092738,-0.041682139291688305,0.24228946371771407,0.6635678558984867,0.8589909043493877,0,0,0.0,2.511464742838143e-07,8.264634263621672e-07,0.25658848881721497,-0.09213744103908539,-0.06009363755583763,-0.09213753044605255,-0.060093872249126434,-0.050455279648303986,0.1779491901397705,0.20613321661949158,0.1779491901397705
167,front,left,0.10428789319092738,-0.041682139291688305,0.24228946371771407,0.6635678558984867,0.8589909043493877,0,0,0.0,2.511464742838143e-07,8.264634263621672e-07,0.25658848881721497,-0.09213744103908539,-0.06009363755583763,-0.09213753044605255,-0.060093872249126434,-0.050455279648303986,0.1779491901397705,-0.30704376101493835,0.1779491901397705
167,front,forward,0.10428789319092738,-0.041682139291688305,0.24228946371771407,0.6635678558984867,0.8589909043493877,0,0,0.0,2.511464742838143e-07,8.264634263621672e-07,0.25658848881721497,-0.09213744103908539,-0.06009363755583763,-0.09213753044605255,-0.060093872249126434,-0.050455279648303986,0.1779491901397705,-0.050455279648303986,0.4345376789569855
167,front,backward,0.10428789319092738,-0.041682139291688305,0.24228946371771407,0.6635678558984867,0.8589909043493877,1,69,12.024292123058148,0.1365531086921692,0.011478404879798343,0.2511700987815857,-0.09213744103908539,-0.06009363755583763,-0.09945469349622726,-0.19645056128501892,-0.050455279648303986,0.1779491901397705,-0.050186559557914734,-0.07322075217962265
168,left,stay,0.10122643214218495,-0.06494368849582187,0.32961878825153845,0.9660596869667559,0.37815451630114705,0,0,0.0,1.3431724710244453e-07,2.003303078979002e-11,0.0,0.030316410586237907,0.03980198875069618,0.03031640313565731,0.03980212286114693,-0.20651882886886597,0.10474611073732376,-0.20651882886886597,0.10474611073732376
168,left,right,0.10122643214218495,-0.06494368849582187,0.32961878825153845,0.9660596869667559,0.37815451630114705,1,42,8.840722353693963,0.03434186801314354,0.006974449020318962,0.2515154480934143,0.030316410586237907,0.03980198875069618,0.05921228229999542,0.021244172006845474,-0.20651882886886597,0.10474611073732376,0.04498731344938278,0.10690874606370926
168,left,left,0.10122643214218495,-0.06494368849582187,0.32961878825153845,0.9660596869667559,0.37815451630114705,0,0,0.0,1.3431724710244453e-07,2.003303078979002e-11,0.25658848881721497,0.030316410586237907,0.03980198875069618,0.03031640313565731,0.03980212286114693,-0.20651882886886597,0.10474611073732376,-0.46310731768608093,0.10474611073732376
168,left,forward,0.10122643214218495,-0.06494368849582187,0.32961878825153845,0.9660596869667559,0.37815451630114705,0,0,0.0,1.3431724710244453e-07,2.003303078979002e-11,0.25658848881721497,0.030316410586237907,0.03980198875069618,0.03031640313565731,0.03980212286114693,-0.20651882886886597,0.10474611073732376,-0.20651882886886597,0.36133459210395813
168,left,backward,0.10122643214218495,-0.06494368849582187,0.32961878825153845,0.9660596869667559,0.37815451630114705,0,0,0.0,1.3431724710244453e-07,2.003303078979002e-11,0.25658848881721497,0.030316410586237907,0.03980198875069618,0.03031640313565731,0.03980212286114693,-0.20651882886886597,0.10474611073732376,-0.20651882886886597,-0.1518423855304718
169,right,stay,0.06612838820568856,0.13504028179380825,0.3170523092090647,0.6818942947953163,1.3604134719426924,0,0,0.0,7.450580596923828e-09,4.2459813442974337e-10,0.0,0.0741269662976265,-0.08858982473611832,0.07412697374820709,-0.08858982473611832,0.24201448261737823,0.04645034670829773,0.24201448261737823,0.04645034670829773
169,right,right,0.06612838820568856,0.13504028179380825,0.3170523092090647,0.6818942947953163,1.3604134719426924,0,0,0.0,7.450580596923828e-09,4.2459813442974337e-10,0.25658851861953735,0.0741269662976265,-0.08858982473611832,0.07412697374820709,-0.08858982473611832,0.24201448261737823,0.04645034670829773,0.4986029863357544,0.04645034670829773
169,right,left,0.06612838820568856,0.13504028179380825,0.3170523092090647,0.6818942947953163,1.3604134719426924,0,0,0.0,7.450580596923828e-09,4.2459813442974337e-10,0.25658848881721497,0.0741269662976265,-0.08858982473611832,0.07412697374820709,-0.08858982473611832,0.24201448261737823,0.04645034670829773,-0.014574012719094753,0.04645034670829773
169,right,forward,0.06612838820568856,0.13504028179380825,0.3170523092090647,0.6818942947953163,1.3604134719426924,0,0,0.0,7.450580596923828e-09,4.2459813442974337e-10,0.25658848881721497,0.0741269662976265,-0.08858982473611832,0.07412697374820709,-0.08858982473611832,0.24201448261737823,0.04645034670829773,0.24201448261737823,0.3030388355255127
169,right,backward,0.06612838820568856,0.13504028179380825,0.3170523092090647,0.6818942947953163,1.3604134719426924,0,0,0.0,7.450580596923828e-09,4.2459813442974337e-10,0.25658848881721497,0.0741269662976265,-0.08858982473611832,0.07412697374820709,-0.08858982473611832,0.24201448261737823,0.04645034670829773,0.24201448261737823,-0.21013814210891724
170,back,stay,0.09490702404688797,-0.06897968576770354,0.36019205413575606,0.9007620154357123,0.6072828336971008,0,0,0.0,5.615805775960325e-08,3.23107336441808e-07,0.0,-0.01130661740899086,-0.02819148823618889,-0.011306611821055412,-0.028191544115543365,-0.08028636872768402,-0.24855655431747437,-0.08028636872768402,-0.24855655431747437
170,back,right,0.09490702404688797,-0.06897968576770354,0.36019205413575606,0.9007620154357123,0.6072828336971008,0,0,0.0,5.615805775960325e-08,3.23107336441808e-07,0.25658848881721497,-0.01130661740899086,-0.02819148823618889,-0.011306611821055412,-0.028191544115543365,-0.08028636872768402,-0.24855655431747437,0.17630212008953094,-0.24855655431747437
170,back,left,0.09490702404688797,-0.06897968576770354,0.36019205413575606,0.9007620154357123,0.6072828336971008,0,0,0.0,5.615805775960325e-08,3.23107336441808e-07,0.25658851861953735,-0.01130661740899086,-0.02819148823618889,-0.011306611821055412,-0.028191544115543365,-0.08028636872768402,-0.24855655431747437,-0.3368748724460602,-0.24855655431747437
170,back,forward,0.09490702404688797,-0.06897968576770354,0.36019205413575606,0.9007620154357123,0.6072828336971008,1,72,17.32558158507636,0.1333068162202835,0.13279807621299955,0.2462581843137741,-0.01130661740899086,-0.02819148823618889,0.0011330636916682124,0.10453364253044128,-0.08028636872768402,-0.24855655431747437,-0.08212780952453613,-0.002305249683558941
170,back,backward,0.09490702404688797,-0.06897968576770354,0.36019205413575606,0.9007620154357123,0.6072828336971008,0,0,0.0,5.615805775960325e-08,3.23107336441808e-07,0.25658851861953735,-0.01130661740899086,-0.02819148823618889,-0.011306611821055412,-0.028191544115543365,-0.08028636872768402,-0.24855655431747437,-0.08028636872768402,-0.5051450729370117
171,front,stay,0.03829780422834269,0.022316131871065764,0.2735966057476884,0.864321191956708,2.84639075303129,0,0,0.0,5.637387090473567e-08,2.998268300302698e-11,0.0,-0.07325942069292068,0.050746578723192215,-0.07325942814350128,0.05074663460254669,-0.09557546675205231,0.19682759046554565,-0.09557546675205231,0.19682759046554565
171,front,right,0.03829780422834269,0.022316131871065764,0.2735966057476884,0.864321191956708,2.84639075303129,0,0,0.0,5.637387090473567e-08,2.998268300302698e-11,0.25658848881721497,-0.07325942069292068,0.050746578723192215,-0.07325942814350128,0.05074663460254669,-0.09557546675205231,0.19682759046554565,0.16101302206516266,0.19682759046554565
171,front,left,0.03829780422834269,0.022316131871065764,0.2735966057476884,0.864321191956708,2.84639075303129,0,0,0.0,5.637387090473567e-08,2.998268300302698e-11,0.25658851861953735,-0.07325942069292068,0.050746578723192215,-0.07325942814350128,0.05074663460254669,-0.09557546675205231,0.19682759046554565,-0.35216397047042847,0.19682759046554565
171,front,forward,0.03829780422834269,0.022316131871065764,0.2735966057476884,0.864321191956708,2.84639075303129,0,0,0.0,5.637387090473567e-08,2.998268300302698e-11,0.25658848881721497,-0.07325942069292068,0.050746578723192215,-0.07325942814350128,0.05074663460254669,-0.09557546675205231,0.19682759046554565,-0.09557546675205231,0.4534160792827606
171,front,backward,0.03829780422834269,0.022316131871065764,0.2735966057476884,0.864321191956708,2.84639075303129,1,97,15.302679899172633,0.19599135220050812,0.00707692193040188,0.24651409685611725,-0.07325942069292068,0.050746578723192215,-0.072382353246212,-0.1452428251504898,-0.09557546675205231,0.19682759046554565,-0.09571613371372223,-0.049686454236507416
172,left,stay,0.1086871114518345,0.07536785885273539,0.277324016414287,1.0269349843918452,2.728079408855833,0,0,0.0,7.778634625310588e-08,1.790526598099973e-07,0.0,0.0456022247672081,0.037515994161367416,0.04560220241546631,0.037516068667173386,-0.19900298118591309,-0.03785145282745361,-0.19900298118591309,-0.03785145282745361
172,left,right,0.1086871114518345,0.07536785885273539,0.277324016414287,1.0269349843918452,2.728079408855833,1,25,9.14081118815395,0.02102404460310936,0.03225647581731339,0.25364047288894653,0.0456022247672081,0.037515994161367416,0.06304583698511124,0.049251873046159744,-0.19900298118591309,-0.03785145282745361,0.05463512986898422,-0.03894196078181267
172,left,left,0.1086871114518345,0.07536785885273539,0.277324016414287,1.0269349843918452,2.728079408855833,0,0,0.0,7.778634625310588e-08,1.790526598099973e-07,0.25658848881721497,0.0456022247672081,0.037515994161367416,0.04560220241546631,0.037516068667173386,-0.19900298118591309,-0.03785145282745361,-0.45559147000312805,-0.03785145282745361
172,left,forward,0.1086871114518345,0.07536785885273539,0.277324016414287,1.0269349843918452,2.728079408855833,0,0,0.0,7.778634625310588e-08,1.790526598099973e-07,0.25658848881721497,0.0456022247672081,0.037515994161367416,0.04560220241546631,0.037516068667173386,-0.19900298118591309,-0.03785145282745361,-0.19900298118591309,0.21873703598976135
172,left,backward,0.1086871114518345,0.07536785885273539,0.277324016414287,1.0269349843918452,2.728079408855833,0,0,0.0,7.778634625310588e-08,1.790526598099973e-07,0.25658848881721497,0.0456022247672081,0.037515994161367416,0.04560220241546631,0.037516068667173386,-0.19900298118591309,-0.03785145282745361,-0.19900298118591309,-0.2944399416446686
173,right,stay,0.09383124471706555,-0.12315889844336202,0.3275226190650994,0.8585663826229573,-2.0048194639091905,0,0,0.0,9.483041196745035e-08,2.667333784955872e-07,0.0,0.03579435124993324,0.09889137744903564,0.035794418305158615,0.09889131039381027,0.2461976408958435,-0.0242675319314003,0.2461976408958435,-0.0242675319314003
173,right,right,0.09383124471706555,-0.12315889844336202,0.3275226190650994,0.8585663826229573,-2.0048194639091905,0,0,0.0,9.483041196745035e-08,2.667333784955872e-07,0.25658851861953735,0.03579435124993324,0.09889137744903564,0.035794418305158615,0.09889131039381027,0.2461976408958435,-0.0242675319314003,0.5027861595153809,-0.0242675319314003
173,right,left,0.09383124471706555,-0.12315889844336202,0.3275226190650994,0.8585663826229573,-2.0048194639091905,1,38,8.039073526321227,0.0335046760737896,0.3305254421427492,0.252622127532959,0.03579435124993324,0.09889137744903564,0.0025398158468306065,0.10297785699367523,0.2461976408958435,-0.0242675319314003,-0.00642268406227231,-0.025214428082108498
173,right,forward,0.09383124471706555,-0.12315889844336202,0.3275226190650994,0.8585663826229573,-2.0048194639091905,0,0,0.0,9.483041196745035e-08,2.667333784955872e-07,0.25658848881721497,0.03579435124993324,0.09889137744903564,0.035794418305158615,0.09889131039381027,0.2461976408958435,-0.0242675319314003,0.2461976408958435,0.23232096433639526
173,right,backward,0.09383124471706555,-0.12315889844336202,0.3275226190650994,0.8585663826229573,-2.0048194639091905,0,0,0.0,9.483041196745035e-08,2.667333784955872e-07,0.25658848881721497,0.03579435124993324,0.09889137744903564,0.035794418305158615,0.09889131039381027,0.2461976408958435,-0.0242675319314003,0.2461976408958435,-0.28085601329803467
174,back,stay,0.0585896442945405,0.09049147697556675,0.23562095953078976,0.9427566486371135,-2.8770512205008942,0,0,0.0,5.185785880712501e-07,3.762595177647654e-07,0.0,-0.05554243549704552,-0.04613969847559929,-0.055542223155498505,-0.046139225363731384,0.034948959946632385,-0.2103891372680664,0.034948959946632385,-0.2103891372680664
174,back,right,0.0585896442945405,0.09049147697556675,0.23562095953078976,0.9427566486371135,-2.8770512205008942,0,0,0.0,5.185785880712501e-07,3.762595177647654e-07,0.25658851861953735,-0.05554243549704552,-0.04613969847559929,-0.055542223155498505,-0.046139225363731384,0.034948959946632385,-0.2103891372680664,0.29153746366500854,-0.2103891372680664
174,back,left,0.0585896442945405,0.09049147697556675,0.23562095953078976,0.9427566486371135,-2.8770512205008942,0,0,0.0,5.185785880712501e-07,3.762595177647654e-07,0.25658848881721497,-0.05554243549704552,-0.04613969847559929,-0.055542223155498505,-0.046139225363731384,0.034948959946632385,-0.2103891372680664,-0.22163952887058258,-0.2103891372680664
174,back,forward,0.0585896442945405,0.09049147697556675,0.23562095953078976,0.9427566486371135,-2.8770512205008942,1,73,12.352216539809204,0.1383873075246811,0.11162336617215285,0.24943894147872925,-0.05554243549704552,-0.04613969847559929,-0.061161886900663376,0.09213346242904663,0.034948959946632385,-0.2103891372680664,0.035790879279375076,0.039048388600349426
174,back,backward,0.0585896442945405,0.09049147697556675,0.23562095953078976,0.9427566486371135,-2.8770512205008942,0,0,0.0,5.185785880712501e-07,3.762595177647654e-07,0.25658848881721497,-0.05554243549704552,-0.04613969847559929,-0.055542223155498505,-0.046139225363731384,0.034948959946632385,-0.2103891372680664,0.034948959946632385,-0.46697762608528137
175,front,stay,0.10652640844946171,0.017507386765849703,0.30043113205030325,0.8347412056628698,0.865129330804268,0,0,0.0,2.3848406272009015e-07,8.15142927601542e-07,0.0,0.08175329118967056,-0.023066524416208267,0.0817531943321228,-0.023066742345690727,0.06424592435359955,0.21734470129013062,0.06424592435359955,0.21734470129013062
175,front,right,0.10652640844946171,0.017507386765849703,0.30043113205030325,0.8347412056628698,0.865129330804268,0,0,0.0,2.3848406272009015e-07,8.15142927601542e-07,0.25658851861953735,0.08175329118967056,-0.023066524416208267,0.0817531943321228,-0.023066742345690727,0.06424592435359955,0.21734470129013062,0.3208344280719757,0.21734470129013062
175,front,left,0.10652640844946171,0.017507386765849703,0.30043113205030325,0.8347412056628698,0.865129330804268,0,0,0.0,2.3848406272009015e-07,8.15142927601542e-07,0.25658848881721497,0.08175329118967056,-0.023066524416208267,0.0817531943321228,-0.023066742345690727,0.06424592435359955,0.21734470129013062,-0.19234256446361542,0.21734470129013062
175,front,forward,0.10652640844946171,0.017507386765849703,0.30043113205030325,0.8347412056628698,0.865129330804268,0,0,0.0,2.3848406272009015e-07,8.15142927601542e-07,0.25658848881721497,0.08175329118967056,-0.023066524416208267,0.0817531943321228,-0.023066742345690727,0.06424592435359955,0.21734470129013062,0.06424592435359955,0.4739331901073456
175,front,backward,0.10652640844946171,0.017507386765849703,0.30043113205030325,0.8347412056628698,0.865129330804268,1,60,13.177190044084938,0.0966058000922203,2.0752942844537436e-05,0.2497178018093109,0.08175329118967056,-0.023066524416208267,0.10231250524520874,-0.11745931953191757,0.06424592435359955,0.21734470129013062,0.06315533071756363,-0.032370712608098984
176,left,stay,0.0671819000112675,-0.020678430702801245,0.31721961998312614,1.0393519553271742,-1.0678543263566094,0,0,0.0,3.6758348187504453e-07,1.4389744298348717e-06,0.0,-0.0612831749022007,-0.02163076587021351,-0.06128353998064995,-0.02163080871105194,-0.24886253476142883,-0.0009522140026092529,-0.24886253476142883,-0.0009522140026092529
176,left,right,0.0671819000112675,-0.020678430702801245,0.31721961998312614,1.0393519553271742,-1.0678543263566094,1,83,19.166877275949147,0.16519629955291748,0.004712251279188173,0.2444716989994049,-0.0612831749022007,-0.02163076587021351,0.10391242802143097,-0.02211044542491436,-0.24886253476142883,-0.0009522140026092529,-0.00439084880053997,-0.0008748999680392444
176,left,left,0.0671819000112675,-0.020678430702801245,0.31721961998312614,1.0393519553271742,-1.0678543263566094,0,0,0.0,3.6758348187504453e-07,1.4389744298348717e-06,0.25658848881721497,-0.0612831749022007,-0.02163076587021351,-0.06128353998064995,-0.02163080871105194,-0.24886253476142883,-0.0009522140026092529,-0.5054510235786438,-0.0009522140026092529
176,left,forward,0.0671819000112675,-0.020678430702801245,0.31721961998312614,1.0393519553271742,-1.0678543263566094,0,0,0.0,3.6758348187504453e-07,1.4389744298348717e-06,0.25658848881721497,-0.0612831749022007,-0.02163076587021351,-0.06128353998064995,-0.02163080871105194,-0.24886253476142883,-0.0009522140026092529,-0.24886253476142883,0.2556362748146057
176,left,backward,0.0671819000112675,-0.020678430702801245,0.31721961998312614,1.0393519553271742,-1.0678543263566094,0,0,0.0,3.6758348187504453e-07,1.4389744298348717e-06,0.25658848881721497,-0.0612831749022007,-0.02163076587021351,-0.06128353998064995,-0.02163080871105194,-0.24886253476142883,-0.0009522140026092529,-0.24886253476142883,-0.2575407028198242
177,right,stay,0.11105154126026372,-0.08884100454530428,0.27859451362344567,0.8815628200949438,-2.5359773655203717,0,0,0.0,5.600339392231035e-08,3.2605649691319627e-07,0.0,-0.042053405195474625,-0.03225145861506462,-0.04205340892076492,-0.032251402735710144,0.20449818670749664,-0.12109275162220001,0.20449818670749664,-0.12109275162220001
177,right,right,0.11105154126026372,-0.08884100454530428,0.27859451362344567,0.8815628200949438,-2.5359773655203717,0,0,0.0,5.600339392231035e-08,3.2605649691319627e-07,0.25658851861953735,-0.042053405195474625,-0.03225145861506462,-0.04205340892076492,-0.032251402735710144,0.20449818670749664,-0.12109275162220001,0.4610866904258728,-0.12109275162220001
177,right,left,0.11105154126026372,-0.08884100454530428,0.27859451362344567,0.8815628200949438,-2.5359773655203717,1,15,6.559159414593714,0.016192516312003136,0.07920390529300825,0.25448235869407654,-0.042053405195474625,-0.03225145861506462,-0.05761772766709328,-0.027784978970885277,0.20449818670749664,-0.12109275162220001,-0.049983564764261246,-0.12164865434169769
177,right,forward,0.11105154126026372,-0.08884100454530428,0.27859451362344567,0.8815628200949438,-2.5359773655203717,0,0,0.0,5.600339392231035e-08,3.2605649691319627e-07,0.25658848881721497,-0.042053405195474625,-0.03225145861506462,-0.04205340892076492,-0.032251402735710144,0.20449818670749664,-0.12109275162220001,0.20449818670749664,0.13549573719501495
177,right,backward,0.11105154126026372,-0.08884100454530428,0.27859451362344567,0.8815628200949438,-2.5359773655203717,0,0,0.0,5.600339392231035e-08,3.2605649691319627e-07,0.25658851861953735,-0.042053405195474625,-0.03225145861506462,-0.04205340892076492,-0.032251402735710144,0.20449818670749664,-0.12109275162220001,0.20449818670749664,-0.37768125534057617
178,back,stay,0.06669344416138707,0.08058806992350434,0.23351484802048084,0.8606223721728086,-1.5996599968538794,0,0,0.0,6.433436965380679e-07,1.8937920482908766e-06,0.0,-0.04555925354361534,-0.09264194965362549,-0.0455586276948452,-0.09264209866523743,0.03502873331308365,-0.28559866547584534,0.03502873331308365,-0.28559866547584534
178,back,right,0.06669344416138707,0.08058806992350434,0.23351484802048084,0.8606223721728086,-1.5996599968538794,0,0,0.0,6.433436965380679e-07,1.8937920482908766e-06,0.25658848881721497,-0.04555925354361534,-0.09264194965362549,-0.0455586276948452,-0.09264209866523743,0.03502873331308365,-0.28559866547584534,0.291617214679718,-0.28559866547584534
178,back,left,0.06669344416138707,0.08058806992350434,0.23351484802048084,0.8606223721728086,-1.5996599968538794,0,0,0.0,6.433436965380679e-07,1.8937920482908766e-06,0.25658848881721497,-0.04555925354361534,-0.09264194965362549,-0.0455586276948452,-0.09264209866523743,0.03502873331308365,-0.28559866547584534,-0.22155976295471191,-0.28559866547584534
178,back,forward,0.06669344416138707,0.08058806992350434,0.23351484802048084,0.8606223721728086,-1.5996599968538794,1,77,4.059257447802942,0.002930831629782915,0.0007132900296691336,0.2526223957538605,-0.04555925354361534,-0.09264194965362549,-0.04774440824985504,-0.0906887799501419,0.03502873331308365,-0.28559866547584534,0.03890213742852211,-0.03300595283508301
178,back,backward,0.06669344416138707,0.08058806992350434,0.23351484802048084,0.8606223721728086,-1.5996599968538794,0,0,0.0,6.433436965380679e-07,1.8937920482908766e-06,0.25658848881721497,-0.04555925354361534,-0.09264194965362549,-0.0455586276948452,-0.09264209866523743,0.03502873331308365,-0.28559866547584534,0.03502873331308365,-0.5421871542930603
179,front,stay,0.09108778722989784,-0.054324321376316737,0.24328267441442286,0.77481594538151,-1.0927482281835377,0,0,0.0,4.267459985385358e-07,1.6462695249241932e-06,0.0,-0.04866040125489235,0.012065711431205273,-0.048660825937986374,0.012065669521689415,0.00566444918513298,0.23932674527168274,0.00566444918513298,0.23932674527168274
179,front,right,0.09108778722989784,-0.054324321376316737,0.24328267441442286,0.77481594538151,-1.0927482281835377,0,0,0.0,4.267459985385358e-07,1.6462695249241932e-06,0.25658851861953735,-0.04866040125489235,0.012065711431205273,-0.048660825937986374,0.012065669521689415,0.00566444918513298,0.23932674527168274,0.26225295662879944,0.23932674527168274
179,front,left,0.09108778722989784,-0.054324321376316737,0.24328267441442286,0.77481594538151,-1.0927482281835377,0,0,0.0,4.267459985385358e-07,1.6462695249241932e-06,0.25658848881721497,-0.04866040125489235,0.012065711431205273,-0.048660825937986374,0.012065669521689415,0.00566444918513298,0.23932674527168274,-0.2509240508079529,0.23932674527168274
179,front,forward,0.09108778722989784,-0.054324321376316737,0.24328267441442286,0.77481594538151,-1.0927482281835377,0,0,0.0,4.267459985385358e-07,1.6462695249241932e-06,0.25658848881721497,-0.04866040125489235,0.012065711431205273,-0.048660825937986374,0.012065669521689415,0.00566444918513298,0.23932674527168274,0.00566444918513298,0.4959152340888977
179,front,backward,0.09108778722989784,-0.054324321376316737,0.24328267441442286,0.77481594538151,-1.0927482281835377,1,52,9.430667428194688,0.057129207998514175,0.0005590199728255918,0.25263386964797974,-0.04866040125489235,0.012065711431205273,-0.07529766857624054,-0.038473404943943024,0.00566444918513298,0.23932674527168274,0.0073708477430045605,-0.013301371596753597
180,left,stay,0.07324079714413916,0.02559413100103211,0.2973071306320491,0.7316901412715944,0.727274336136853,0,0,0.0,9.829755498458326e-08,3.882710226665864e-07,0.0,0.026698654517531395,0.07062540203332901,0.026698637753725052,0.07062530517578125,-0.17995388805866241,0.04503148794174194,-0.17995388805866241,0.04503148794174194
180,left,right,0.07324079714413916,0.02559413100103211,0.2973071306320491,0.7316901412715944,0.727274336136853,1,86,16.54662085283422,0.17397893965244293,0.0047157082883538814,0.24785137176513672,0.026698654517531395,0.07062540203332901,0.20067648589611053,0.07124371081590652,-0.17995388805866241,0.04503148794174194,0.06789747625589371,0.04498900845646858
180,left,left,0.07324079714413916,0.02559413100103211,0.2973071306320491,0.7316901412715944,0.727274336136853,0,0,0.0,9.829755498458326e-08,3.882710226665864e-07,0.25658851861953735,0.026698654517531395,0.07062540203332901,0.026698637753725052,0.07062530517578125,-0.17995388805866241,0.04503148794174194,-0.4365423917770386,0.04503148794174194
180,left,forward,0.07324079714413916,0.02559413100103211,0.2973071306320491,0.7316901412715944,0.727274336136853,0,0,0.0,9.829755498458326e-08,3.882710226665864e-07,0.25658848881721497,0.026698654517531395,0.07062540203332901,0.026698637753725052,0.07062530517578125,-0.17995388805866241,0.04503148794174194,-0.17995388805866241,0.3016199767589569
180,left,backward,0.07324079714413916,0.02559413100103211,0.2973071306320491,0.7316901412715944,0.727274336136853,0,0,0.0,9.829755498458326e-08,3.882710226665864e-07,0.25658848881721497,0.026698654517531395,0.07062540203332901,0.026698637753725052,0.07062530517578125,-0.17995388805866241,0.04503148794174194,-0.17995388805866241,-0.21155700087547302
181,right,stay,0.09485489986616381,-0.0025933096371656417,0.23643046213148594,1.0088043218153468,1.669974734547214,0,0,0.0,1.3878293430025224e-06,4.751911040878909e-06,0.0,0.06626056879758835,0.06426061689853668,0.06626191735267639,0.06426028907299042,0.2543104887008667,0.06166735291481018,0.2543104887008667,0.06166735291481018
181,right,right,0.09485489986616381,-0.0025933096371656417,0.23643046213148594,1.0088043218153468,1.669974734547214,0,0,0.0,1.3878293430025224e-06,4.751911040878909e-06,0.25658851861953735,0.06626056879758835,0.06426061689853668,0.06626191735267639,0.06426028907299042,0.2543104887008667,0.06166735291481018,0.510899007320404,0.06166735291481018
181,right,left,0.09485489986616381,-0.0025933096371656417,0.23643046213148594,1.0088043218153468,1.669974734547214,1,72,21.08807869976407,0.1463926136493683,9.247542688339827e-05,0.2487765997648239,0.06626056879758835,0.06426061689853668,-0.08013203740119934,0.06423799693584442,0.2543104887008667,0.06166735291481018,0.005533895455300808,0.06167003884911537
181,right,forward,0.09485489986616381,-0.0025933096371656417,0.23643046213148594,1.0088043218153468,1.669974734547214,0,0,0.0,1.3878293430025224e-06,4.751911040878909e-06,0.25658848881721497,0.06626056879758835,0.06426061689853668,0.06626191735267639,0.06426028907299042,0.2543104887008667,0.06166735291481018,0.2543104887008667,0.31825584173202515
181,right,backward,0.09485489986616381,-0.0025933096371656417,0.23643046213148594,1.0088043218153468,1.669974734547214,0,0,0.0,1.3878293430025224e-06,4.751911040878909e-06,0.25658848881721497,0.06626056879758835,0.06426061689853668,0.06626191735267639,0.06426028907299042,0.2543104887008667,0.06166735291481018,0.2543104887008667,-0.19492113590240479
182,back,stay,0.07315471485793645,-0.0057000466732014254,0.2728296469168367,0.850666888912623,0.6490042927400252,0,0,0.0,7.450580596923828e-08,3.206954285461805e-07,0.0,0.0914352685213089,-0.058052677661180496,0.0914352685213089,-0.058052752166986465,0.08573516458272934,-0.25843143463134766,0.08573516458272934,-0.25843143463134766
182,back,right,0.07315471485793645,-0.0057000466732014254,0.2728296469168367,0.850666888912623,0.6490042927400252,0,0,0.0,7.450580596923828e-08,3.206954285461805e-07,0.25658848881721497,0.0914352685213089,-0.058052677661180496,0.0914352685213089,-0.058052752166986465,0.08573516458272934,-0.25843143463134766,0.3423236608505249,-0.25843143463134766
182,back,left,0.07315471485793645,-0.0057000466732014254,0.2728296469168367,0.850666888912623,0.6490042927400252,0,0,0.0,7.450580596923828e-08,3.206954285461805e-07,0.25658848881721497,0.0914352685213089,-0.058052677661180496,0.0914352685213089,-0.058052752166986465,0.08573516458272934,-0.25843143463134766,-0.17085333168506622,-0.25843143463134766
182,back,forward,0.07315471485793645,-0.0057000466732014254,0.2728296469168367,0.850666888912623,0.6490042927400252,1,79,15.722080915718813,0.15877175331115723,0.00017192012897049302,0.2481289654970169,0.0914352685213089,-0.058052677661180496,0.09147246181964874,0.10071906447410583,0.08573516458272934,-0.25843143463134766,0.08572783321142197,-0.010302472859621048
182,back,backward,0.07315471485793645,-0.0057000466732014254,0.2728296469168367,0.850666888912623,0.6490042927400252,0,0,0.0,7.450580596923828e-08,3.206954285461805e-07,0.25658851861953735,0.0914352685213089,-0.058052677661180496,0.0914352685213089,-0.058052752166986465,0.08573516458272934,-0.25843143463134766,0.08573516458272934,-0.515019953250885
183,front,stay,0.06193312777520517,0.0683840980233871,0.34055817218247103,0.7167219125343647,-1.9269399755813785,0,0,0.0,4.3443975528134615e-08,1.6960152460221423e-07,0.0,-0.05323149263858795,-0.07625321298837662,-0.05323147028684616,-0.0762532502412796,-0.12161583453416824,0.1210358738899231,-0.12161583453416824,0.1210358738899231
183,front,right,0.06193312777520517,0.0683840980233871,0.34055817218247103,0.7167219125343647,-1.9269399755813785,0,0,0.0,4.3443975528134615e-08,1.6960152460221423e-07,0.25658848881721497,-0.05323149263858795,-0.07625321298837662,-0.05323147028684616,-0.0762532502412796,-0.12161583453416824,0.1210358738899231,0.13497266173362732,0.1210358738899231
183,front,left,0.06193312777520517,0.0683840980233871,0.34055817218247103,0.7167219125343647,-1.9269399755813785,0,0,0.0,4.3443975528134615e-08,1.6960152460221423e-07,0.25658848881721497,-0.05323149263858795,-0.07625321298837662,-0.05323147028684616,-0.0762532502412796,-0.12161583453416824,0.1210358738899231,-0.3782043159008026,0.1210358738899231
183,front,forward,0.06193312777520517,0.0683840980233871,0.34055817218247103,0.7167219125343647,-1.9269399755813785,0,0,0.0,4.3443975528134615e-08,1.6960152460221423e-07,0.25658848881721497,-0.05323149263858795,-0.07625321298837662,-0.05323147028684616,-0.0762532502412796,-0.12161583453416824,0.1210358738899231,-0.12161583453416824,0.37762436270713806
183,front,backward,0.06193312777520517,0.0683840980233871,0.34055817218247103,0.7167219125343647,-1.9269399755813785,1,57,7.159182059825711,0.040116243064403534,0.007320092639423237,0.2519444525241852,-0.05323149263858795,-0.07625321298837662,-0.02436932362616062,-0.10411515831947327,-0.12161583453416824,0.1210358738899231,-0.12454630434513092,-0.13089153170585632
184,left,stay,0.037146933954326125,0.13212604230075212,0.2716468654779019,0.6577679611288617,-2.7770690694342917,0,0,0.0,1.1944189282075968e-07,2.544986443808739e-11,0.0,-0.055654771625995636,-0.05212406441569328,-0.05565476417541504,-0.052124183624982834,-0.2282593697309494,-0.18425053358078003,-0.2282593697309494,-0.18425053358078003
184,left,right,0.037146933954326125,0.13212604230075212,0.2716468654779019,0.6577679611288617,-2.7770690694342917,0,0,0.0,1.1944189282075968e-07,2.544986443808739e-11,0.25658848881721497,-0.055654771625995636,-0.05212406441569328,-0.05565476417541504,-0.052124183624982834,-0.2282593697309494,-0.18425053358078003,0.02832912653684616,-0.18425053358078003
184,left,left,0.037146933954326125,0.13212604230075212,0.2716468654779019,0.6577679611288617,-2.7770690694342917,0,0,0.0,1.1944189282075968e-07,2.544986443808739e-11,0.25658851861953735,-0.055654771625995636,-0.05212406441569328,-0.05565476417541504,-0.052124183624982834,-0.2282593697309494,-0.18425053358078003,-0.48484787344932556,-0.18425053358078003
184,left,forward,0.037146933954326125,0.13212604230075212,0.2716468654779019,0.6577679611288617,-2.7770690694342917,0,0,0.0,1.1944189282075968e-07,2.544986443808739e-11,0.25658848881721497,-0.055654771625995636,-0.05212406441569328,-0.05565476417541504,-0.052124183624982834,-0.2282593697309494,-0.18425053358078003,-0.2282593697309494,0.07233796268701553
184,left,backward,0.037146933954326125,0.13212604230075212,0.2716468654779019,0.6577679611288617,-2.7770690694342917,0,0,0.0,1.1944189282075968e-07,2.544986443808739e-11,0.25658848881721497,-0.055654771625995636,-0.05212406441569328,-0.05565476417541504,-0.052124183624982834,-0.2282593697309494,-0.18425053358078003,-0.2282593697309494,-0.440839022397995
185,right,stay,0.0676051383925397,-0.03681324474528069,0.3148859315601301,0.9132560441190485,-2.589034937482437,0,0,0.0,4.485843518864385e-08,3.614551089548001e-07,0.0,-0.058998867869377136,-0.09724391251802444,-0.058998871594667435,-0.09724386781454086,0.14457601308822632,-0.13405746221542358,0.14457601308822632,-0.13405746221542358
185,right,right,0.0676051383925397,-0.03681324474528069,0.3148859315601301,0.9132560441190485,-2.589034937482437,0,0,0.0,4.485843518864385e-08,3.614551089548001e-07,0.25658848881721497,-0.058998867869377136,-0.09724391251802444,-0.058998871594667435,-0.09724386781454086,0.14457601308822632,-0.13405746221542358,0.4011645019054413,-0.13405746221542358
185,right,left,0.0676051383925397,-0.03681324474528069,0.3148859315601301,0.9132560441190485,-2.589034937482437,1,73,8.96058889651943,0.09937937557697296,0.000429378282735815,0.24794138967990875,-0.058998867869377136,-0.09724391251802444,-0.15387018024921417,-0.06765177845954895,0.14457601308822632,-0.13405746221542358,-0.10335475951433182,-0.13635364174842834
185,right,forward,0.0676051383925397,-0.03681324474528069,0.3148859315601301,0.9132560441190485,-2.589034937482437,0,0,0.0,4.485843518864385e-08,3.614551089548001e-07,0.25658848881721497,-0.058998867869377136,-0.09724391251802444,-0.058998871594667435,-0.09724386781454086,0.14457601308822632,-0.13405746221542358,0.14457601308822632,0.12253103405237198
185,right,backward,0.0676051383925397,-0.03681324474528069,0.3148859315601301,0.9132560441190485,-2.589034937482437,0,0,0.0,4.485843518864385e-08,3.614551089548001e-07,0.25658848881721497,-0.058998867869377136,-0.09724391251802444,-0.058998871594667435,-0.09724386781454086,0.14457601308822632,-0.13405746221542358,0.14457601308822632,-0.39064595103263855
186,back,stay,0.09651629238359934,0.014589803874200169,0.28314946423828646,0.8484135320040841,-2.5700415015435434,0,0,0.0,2.2351741790771484e-08,3.1989022009071277e-07,0.0,0.08657067269086838,-0.05283556133508682,0.08657067269086838,-0.05283553898334503,0.10116053372621536,-0.27317965030670166,0.10116053372621536,-0.27317965030670166
186,back,right,0.09651629238359934,0.014589803874200169,0.28314946423828646,0.8484135320040841,-2.5700415015435434,0,0,0.0,2.2351741790771484e-08,3.1989022009071277e-07,0.25658848881721497,0.08657067269086838,-0.05283556133508682,0.08657067269086838,-0.05283553898334503,0.10116053372621536,-0.27317965030670166,0.35774901509284973,-0.27317965030670166
186,back,left,0.09651629238359934,0.014589803874200169,0.28314946423828646,0.8484135320040841,-2.5700415015435434,0,0,0.0,2.2351741790771484e-08,3.1989022009071277e-07,0.25658848881721497,0.08657067269086838,-0.05283556133508682,0.08657067269086838,-0.05283553898334503,0.10116053372621536,-0.27317965030670166,-0.1554279625415802,-0.27317965030670166
186,back,forward,0.09651629238359934,0.014589803874200169,0.28314946423828646,0.8484135320040841,-2.5700415015435434,1,60,16.24911351070352,0.12113086879253387,0.0020661860288067047,0.2497275471687317,0.08657067269086838,-0.05283556133508682,0.08656430244445801,0.06829530745744705,0.10116053372621536,-0.27317965030670166,0.10116595774888992,-0.02345210500061512
186,back,backward,0.09651629238359934,0.014589803874200169,0.28314946423828646,0.8484135320040841,-2.5700415015435434,0,0,0.0,2.2351741790771484e-08,3.1989022009071277e-07,0.25658851861953735,0.08657067269086838,-0.05283556133508682,0.08657067269086838,-0.05283553898334503,0.10116053372621536,-0.27317965030670166,0.10116053372621536,-0.529768168926239
187,front,stay,0.08167993640091983,0.1322111167064878,0.31672868675279664,0.8020956311162128,1.4091879488164505,0,0,0.0,2.38920080164462e-07,1.3069290938361178e-07,0.0,-0.012655293568968773,0.004780250135809183,-0.012655530124902725,0.004780283663421869,-0.14486601948738098,0.2175932675600052,-0.14486601948738098,0.2175932675600052
187,front,right,0.08167993640091983,0.1322111167064878,0.31672868675279664,0.8020956311162128,1.4091879488164505,0,0,0.0,2.38920080164462e-07,1.3069290938361178e-07,0.25658848881721497,-0.012655293568968773,0.004780250135809183,-0.012655530124902725,0.004780283663421869,-0.14486601948738098,0.2175932675600052,0.11172247678041458,0.2175932675600052
187,front,left,0.08167993640091983,0.1322111167064878,0.31672868675279664,0.8020956311162128,1.4091879488164505,0,0,0.0,2.38920080164462e-07,1.3069290938361178e-07,0.25658848881721497,-0.012655293568968773,0.004780250135809183,-0.012655530124902725,0.004780283663421869,-0.14486601948738098,0.2175932675600052,-0.40145450830459595,0.2175932675600052
187,front,forward,0.08167993640091983,0.1322111167064878,0.31672868675279664,0.8020956311162128,1.4091879488164505,0,0,0.0,2.38920080164462e-07,1.3069290938361178e-07,0.25658851861953735,-0.012655293568968773,0.004780250135809183,-0.012655530124902725,0.004780283663421869,-0.14486601948738098,0.2175932675600052,-0.14486601948738098,0.47418177127838135
187,front,backward,0.08167993640091983,0.1322111167064878,0.31672868675279664,0.8020956311162128,1.4091879488164505,0,0,0.0,2.38920080164462e-07,1.3069290938361178e-07,0.25658848881721497,-0.012655293568968773,0.004780250135809183,-0.012655530124902725,0.004780283663421869,-0.14486601948738098,0.2175932675600052,-0.14486601948738098,-0.038995228707790375
188,left,stay,0.08232304931278343,-0.025191708067494475,0.22766734609362194,0.7407228406276282,-1.2820227561924333,0,0,0.0,1.3317277307578479e-06,2.9374051013775215e-06,0.0,0.00448244484141469,0.001811265479773283,0.004481157753616571,0.0018116073915734887,-0.18518303334712982,0.027002958580851555,-0.18518303334712982,0.027002958580851555
188,left,right,0.08232304931278343,-0.025191708067494475,0.22766734609362194,0.7407228406276282,-1.2820227561924333,1,76,17.845002143940246,0.15676520764827728,0.005291251528197982,0.2504645884037018,0.00448244484141469,0.001811265479773283,0.1612473428249359,0.0014969647163525224,-0.18518303334712982,0.027002958580851555,0.06528154760599136,0.027046717703342438
188,left,left,0.08232304931278343,-0.025191708067494475,0.22766734609362194,0.7407228406276282,-1.2820227561924333,0,0,0.0,1.3317277307578479e-06,2.9374051013775215e-06,0.25658851861953735,0.00448244484141469,0.001811265479773283,0.004481157753616571,0.0018116073915734887,-0.18518303334712982,0.027002958580851555,-0.441771537065506,0.027002958580851555
188,left,forward,0.08232304931278343,-0.025191708067494475,0.22766734609362194,0.7407228406276282,-1.2820227561924333,0,0,0.0,1.3317277307578479e-06,2.9374051013775215e-06,0.25658848881721497,0.00448244484141469,0.001811265479773283,0.004481157753616571,0.0018116073915734887,-0.18518303334712982,0.027002958580851555,-0.18518303334712982,0.28359144926071167
188,left,backward,0.08232304931278343,-0.025191708067494475,0.22766734609362194,0.7407228406276282,-1.2820227561924333,0,0,0.0,1.3317277307578479e-06,2.9374051013775215e-06,0.25658848881721497,0.00448244484141469,0.001811265479773283,0.004481157753616571,0.0018116073915734887,-0.18518303334712982,0.027002958580851555,-0.18518303334712982,-0.22958554327487946
189,right,stay,0.04239907982173299,-0.005361891310503214,0.3760701521451187,0.8106031224734839,-1.5268095019495214,0,0,0.0,7.842598961360636e-07,2.9614496870333795e-06,0.0,-0.060510989278554916,0.07516932487487793,-0.0605117492377758,0.07516951858997345,0.07058236002922058,0.06980740278959274,0.07058236002922058,0.06980740278959274
189,right,right,0.04239907982173299,-0.005361891310503214,0.3760701521451187,0.8106031224734839,-1.5268095019495214,0,0,0.0,7.842598961360636e-07,2.9614496870333795e-06,0.25658848881721497,-0.060510989278554916,0.07516932487487793,-0.0605117492377758,0.07516951858997345,0.07058236002922058,0.06980740278959274,0.32717084884643555,0.06980740278959274
189,right,left,0.04239907982173299,-0.005361891310503214,0.3760701521451187,0.8106031224734839,-1.5268095019495214,1,99,19.316348236954838,0.19755521416664124,0.00010418761991259906,0.24333998560905457,-0.060510989278554916,0.07516932487487793,-0.25806620717048645,0.07519826292991638,0.07058236002922058,0.06980740278959274,-0.17275762557983398,0.06979725509881973
189,right,forward,0.04239907982173299,-0.005361891310503214,0.3760701521451187,0.8106031224734839,-1.5268095019495214,0,0,0.0,7.842598961360636e-07,2.9614496870333795e-06,0.25658848881721497,-0.060510989278554916,0.07516932487487793,-0.0605117492377758,0.07516951858997345,0.07058236002922058,0.06980740278959274,0.07058236002922058,0.3263958990573883
189,right,backward,0.04239907982173299,-0.005361891310503214,0.3760701521451187,0.8106031224734839,-1.5268095019495214,0,0,0.0,7.842598961360636e-07,2.9614496870333795e-06,0.25658848881721497,-0.060510989278554916,0.07516932487487793,-0.0605117492377758,0.07516951858997345,0.07058236002922058,0.06980740278959274,0.07058236002922058,-0.18678109347820282
190,back,stay,0.03830807381921603,0.0704888351878448,0.23789874097761352,0.9886453833659895,-2.495452448389338,0,0,0.0,7.858508155322852e-08,3.239241030961182e-07,0.0,-0.07339203357696533,-0.022880125790834427,-0.07339204102754593,-0.02288004755973816,-0.0029031410813331604,-0.1882963627576828,-0.0029031410813331604,-0.1882963627576828
190,back,right,0.03830807381921603,0.0704888351878448,0.23789874097761352,0.9886453833659895,-2.495452448389338,0,0,0.0,7.858508155322852e-08,3.239241030961182e-07,0.25658848881721497,-0.07339203357696533,-0.022880125790834427,-0.07339204102754593,-0.02288004755973816,-0.0029031410813331604,-0.1882963627576828,0.2536853551864624,-0.1882963627576828
190,back,left,0.03830807381921603,0.0704888351878448,0.23789874097761352,0.9886453833659895,-2.495452448389338,0,0,0.0,7.858508155322852e-08,3.239241030961182e-07,0.25658848881721497,-0.07339203357696533,-0.022880125790834427,-0.07339204102754593,-0.02288004755973816,-0.0029031410813331604,-0.1882963627576828,-0.25949162244796753,-0.1882963627576828
190,back,forward,0.03830807381921603,0.0704888351878448,0.23789874097761352,0.9886453833659895,-2.495452448389338,1,68,10.725953874476577,0.1330212503671646,0.06295691321813113,0.2493027150630951,-0.07339203357696533,-0.022880125790834427,-0.07593154162168503,0.1101168766617775,-0.0029031410813331604,-0.1882963627576828,-0.0026541573461145163,0.061006221920251846
190,back,backward,0.03830807381921603,0.0704888351878448,0.23789874097761352,0.9886453833659895,-2.495452448389338,0,0,0.0,7.858508155322852e-08,3.239241030961182e-07,0.25658851861953735,-0.07339203357696533,-0.022880125790834427,-0.07339204102754593,-0.02288004755973816,-0.0029031410813331604,-0.1882963627576828,-0.0029031410813331604,-0.44488486647605896
191,front,stay,0.05772609272638363,-0.00440589559683624,0.24803028076625694,0.9398580910882672,-2.423429505727361,0,0,0.0,1.1214608974796647e-07,3.868723217337333e-07,0.0,-0.004446069244295359,0.07599538564682007,-0.0044460599310696125,0.07599549740552902,-4.01325523853302e-05,0.2635371685028076,-4.01325523853302e-05,0.2635371685028076
191,front,right,0.05772609272638363,-0.00440589559683624,0.24803028076625694,0.9398580910882672,-2.423429505727361,0,0,0.0,1.1214608974796647e-07,3.868723217337333e-07,0.25658851861953735,-0.004446069244295359,0.07599538564682007,-0.0044460599310696125,0.07599549740552902,-4.01325523853302e-05,0.2635371685028076,0.25654837489128113,0.2635371685028076
191,front,left,0.05772609272638363,-0.00440589559683624,0.24803028076625694,0.9398580910882672,-2.423429505727361,0,0,0.0,1.1214608974796647e-07,3.868723217337333e-07,0.25658848881721497,-0.004446069244295359,0.07599538564682007,-0.0044460599310696125,0.07599549740552902,-4.01325523853302e-05,0.2635371685028076,-0.2566286325454712,0.2635371685028076
191,front,forward,0.05772609272638363,-0.00440589559683624,0.24803028076625694,0.9398580910882672,-2.423429505727361,0,0,0.0,1.1214608974796647e-07,3.868723217337333e-07,0.25658851861953735,-0.004446069244295359,0.07599538564682007,-0.0044460599310696125,0.07599549740552902,-4.01325523853302e-05,0.2635371685028076,-4.01325523853302e-05,0.520125687122345
191,front,backward,0.05772609272638363,-0.00440589559683624,0.24803028076625694,0.9398580910882672,-2.423429505727361,1,87,13.555385164094496,0.17676810920238495,0.0001021127210374395,0.24752551317214966,-0.004446069244295359,0.07599538564682007,-0.004509825259447098,-0.10077271610498428,-4.01325523853302e-05,0.2635371685028076,-3.7318157410481945e-05,0.016011659055948257
192,left,stay,0.0321838589960001,0.040918521021420184,0.34401132935013257,0.7750175264843535,0.02044398007299808,0,0,0.0,5.087306362838717e-07,1.856801238601241e-06,0.0,0.05646528676152229,-0.0927567407488823,0.05646515637636185,-0.09275723248720169,-0.10162070393562317,-0.13367515802383423,-0.10162070393562317,-0.13367515802383423
192,left,right,0.0321838589960001,0.040918521021420184,0.34401132935013257,0.7750175264843535,0.02044398007299808,1,104,23.31250315626371,0.20930533111095428,0.019590760961672622,0.24402585625648499,0.05646528676152229,-0.0927567407488823,0.2657570242881775,-0.09037142246961594,-0.10162070393562317,-0.13367515802383423,0.14240513741970062,-0.13376536965370178
192,left,left,0.0321838589960001,0.040918521021420184,0.34401132935013257,0.7750175264843535,0.02044398007299808,0,0,0.0,5.087306362838717e-07,1.856801238601241e-06,0.25658848881721497,0.05646528676152229,-0.0927567407488823,0.05646515637636185,-0.09275723248720169,-0.10162070393562317,-0.13367515802383423,-0.35820919275283813,-0.13367515802383423
192,left,forward,0.0321838589960001,0.040918521021420184,0.34401132935013257,0.7750175264843535,0.02044398007299808,0,0,0.0,5.087306362838717e-07,1.856801238601241e-06,0.25658848881721497,0.05646528676152229,-0.0927567407488823,0.05646515637636185,-0.09275723248720169,-0.10162070393562317,-0.13367515802383423,-0.10162070393562317,0.12291333824396133
192,left,backward,0.0321838589960001,0.040918521021420184,0.34401132935013257,0.7750175264843535,0.02044398007299808,0,0,0.0,5.087306362838717e-07,1.856801238601241e-06,0.25658848881721497,0.05646528676152229,-0.0927567407488823,0.05646515637636185,-0.09275723248720169,-0.10162070393562317,-0.13367515802383423,-0.10162070393562317,-0.3902636468410492
193,right,stay,0.09423567223817804,0.13107201716080805,0.3444554013752153,0.9913290512578743,0.26794928838287246,0,0,0.0,5.151821937943168e-07,3.7572422856291254e-07,0.0,0.03955814614892006,0.09380043298006058,0.03955793380737305,0.09379996359348297,0.26767468452453613,0.22487300634384155,0.26767468452453613,0.22487300634384155
193,right,right,0.09423567223817804,0.13107201716080805,0.3444554013752153,0.9913290512578743,0.26794928838287246,0,0,0.0,5.151821937943168e-07,3.7572422856291254e-07,0.25658851861953735,0.03955814614892006,0.09380043298006058,0.03955793380737305,0.09379996359348297,0.26767468452453613,0.22487300634384155,0.5242632031440735,0.22487300634384155
193,right,left,0.09423567223817804,0.13107201716080805,0.3444554013752153,0.9913290512578743,0.26794928838287246,0,0,0.0,5.151821937943168e-07,3.7572422856291254e-07,0.25658848881721497,0.03955814614892006,0.09380043298006058,0.03955793380737305,0.09379996359348297,0.26767468452453613,0.22487300634384155,0.011086189188063145,0.22487300634384155
193,right,forward,0.09423567223817804,0.13107201716080805,0.3444554013752153,0.9913290512578743,0.26794928838287246,0,0,0.0,5.151821937943168e-07,3.7572422856291254e-07,0.25658848881721497,0.03955814614892006,0.09380043298006058,0.03955793380737305,0.09379996359348297,0.26767468452453613,0.22487300634384155,0.26767468452453613,0.4814614951610565
193,right,backward,0.09423567223817804,0.13107201716080805,0.3444554013752153,0.9913290512578743,0.26794928838287246,0,0,0.0,5.151821937943168e-07,3.7572422856291254e-07,0.25658848881721497,0.03955814614892006,0.09380043298006058,0.03955793380737305,0.09379996359348297,0.26767468452453613,0.22487300634384155,0.26767468452453613,-0.03171548992395401
194,back,stay,0.08339459168181095,0.08112268259108824,0.2567717597687704,0.822605264239795,-0.5221605181562059,0,0,0.0,1.6793013912774768e-07,1.0122276683510734e-07,0.0,0.008631435222923756,0.04981064423918724,0.008631344884634018,0.04981078580021858,0.08975432813167572,-0.15498162806034088,0.08975432813167572,-0.15498162806034088
194,back,right,0.08339459168181095,0.08112268259108824,0.2567717597687704,0.822605264239795,-0.5221605181562059,0,0,0.0,1.6793013912774768e-07,1.0122276683510734e-07,0.25658851861953735,0.008631435222923756,0.04981064423918724,0.008631344884634018,0.04981078580021858,0.08975432813167572,-0.15498162806034088,0.3463428318500519,-0.15498162806034088
194,back,left,0.08339459168181095,0.08112268259108824,0.2567717597687704,0.822605264239795,-0.5221605181562059,0,0,0.0,1.6793013912774768e-07,1.0122276683510734e-07,0.25658848881721497,0.008631435222923756,0.04981064423918724,0.008631344884634018,0.04981078580021858,0.08975432813167572,-0.15498162806034088,-0.16683416068553925,-0.15498162806034088
194,back,forward,0.08339459168181095,0.08112268259108824,0.2567717597687704,0.822605264239795,-0.5221605181562059,1,75,10.611335642434888,0.10850120335817337,0.03432732424556745,0.2502981722354889,0.008631435222923756,0.04981064423918724,-0.01786600984632969,0.1550265997648239,0.08975432813167572,-0.15498162806034088,0.09194155782461166,0.09530697017908096
194,back,backward,0.08339459168181095,0.08112268259108824,0.2567717597687704,0.822605264239795,-0.5221605181562059,0,0,0.0,1.6793013912774768e-07,1.0122276683510734e-07,0.25658851861953735,0.008631435222923756,0.04981064423918724,0.008631344884634018,0.04981078580021858,0.08975432813167572,-0.15498162806034088,0.08975432813167572,-0.41157013177871704
195,front,stay,0.06509979986242719,-0.12757356626148927,0.26514068047957395,0.9129308846525352,3.02193710106937,0,0,0.0,6.284157052505179e-07,6.531014631327992e-07,0.0,-0.0988122969865799,-0.09021292626857758,-0.09881240874528885,-0.09021354466676712,0.02876143902540207,0.06971221417188644,0.02876143902540207,0.06971221417188644
195,front,right,0.06509979986242719,-0.12757356626148927,0.26514068047957395,0.9129308846525352,3.02193710106937,0,0,0.0,6.284157052505179e-07,6.531014631327992e-07,0.25658848881721497,-0.0988122969865799,-0.09021292626857758,-0.09881240874528885,-0.09021354466676712,0.02876143902540207,0.06971221417188644,0.28534993529319763,0.06971221417188644
195,front,left,0.06509979986242719,-0.12757356626148927,0.26514068047957395,0.9129308846525352,3.02193710106937,0,0,0.0,6.284157052505179e-07,6.531014631327992e-07,0.25658848881721497,-0.0988122969865799,-0.09021292626857758,-0.09881240874528885,-0.09021354466676712,0.02876143902540207,0.06971221417188644,-0.2278270572423935,0.06971221417188644
195,front,forward,0.06509979986242719,-0.12757356626148927,0.26514068047957395,0.9129308846525352,3.02193710106937,0,0,0.0,6.284157052505179e-07,6.531014631327992e-07,0.25658848881721497,-0.0988122969865799,-0.09021292626857758,-0.09881240874528885,-0.09021354466676712,0.02876143902540207,0.06971221417188644,0.02876143902540207,0.326300710439682
195,front,backward,0.06509979986242719,-0.12757356626148927,0.26514068047957395,0.9129308846525352,3.02193710106937,1,22,7.455364120738111,0.013648956082761288,0.05664601698366089,0.2552829384803772,-0.0988122969865799,-0.09021292626857758,-0.10196297615766525,-0.10349325835704803,0.02876143902540207,0.06971221417188644,0.02954080142080784,-0.18556953966617584
196,left,stay,0.10946825900720925,0.10192610005162295,0.3135976402829707,0.8909469279244044,1.4245932421775862,0,0,0.0,4.030378590869077e-07,2.2579501557373763e-07,0.0,-0.042306236922740936,-0.07611718028783798,-0.04230663552880287,-0.0761171206831932,-0.24867704510688782,-0.178043395280838,-0.24867704510688782,-0.178043395280838
196,left,right,0.10946825900720925,0.10192610005162295,0.3135976402829707,0.8909469279244044,1.4245932421775862,1,65,11.69174628941606,0.11213955283164978,0.17658913718317137,0.24886704981327057,-0.042306236922740936,-0.07611718028783798,0.06926097720861435,-0.06480191648006439,-0.24867704510688782,-0.178043395280838,0.00017926639702636749,-0.18035592138767242
196,left,left,0.10946825900720925,0.10192610005162295,0.3135976402829707,0.8909469279244044,1.4245932421775862,0,0,0.0,4.030378590869077e-07,2.2579501557373763e-07,0.25658848881721497,-0.042306236922740936,-0.07611718028783798,-0.04230663552880287,-0.0761171206831932,-0.24867704510688782,-0.178043395280838,-0.5052655339241028,-0.178043395280838
196,left,forward,0.10946825900720925,0.10192610005162295,0.3135976402829707,0.8909469279244044,1.4245932421775862,0,0,0.0,4.030378590869077e-07,2.2579501557373763e-07,0.25658848881721497,-0.042306236922740936,-0.07611718028783798,-0.04230663552880287,-0.0761171206831932,-0.24867704510688782,-0.178043395280838,-0.24867704510688782,0.07854510098695755
196,left,backward,0.10946825900720925,0.10192610005162295,0.3135976402829707,0.8909469279244044,1.4245932421775862,0,0,0.0,4.030378590869077e-07,2.2579501557373763e-07,0.25658848881721497,-0.042306236922740936,-0.07611718028783798,-0.04230663552880287,-0.0761171206831932,-0.24867704510688782,-0.178043395280838,-0.24867704510688782,-0.434631884098053
197,right,stay,0.08416129799114458,-0.008212866091828003,0.3280535852037529,0.7030934683508613,-3.100659571802292,0,0,0.0,4.7706993200336e-07,1.6231026194191147e-06,0.0,-0.05843525007367134,-0.031732670962810516,-0.05843513086438179,-0.03173220902681351,0.15249627828598022,-0.03994573652744293,0.15249627828598022,-0.03994573652744293
197,right,right,0.08416129799114458,-0.008212866091828003,0.3280535852037529,0.7030934683508613,-3.100659571802292,0,0,0.0,4.7706993200336e-07,1.6231026194191147e-06,0.25658848881721497,-0.05843525007367134,-0.031732670962810516,-0.05843513086438179,-0.03173220902681351,0.15249627828598022,-0.03994573652744293,0.4090847671031952,-0.03994573652744293
197,right,left,0.08416129799114458,-0.008212866091828003,0.3280535852037529,0.7030934683508613,-3.100659571802292,1,80,23.58375802261537,0.16210095584392548,0.00014536611526549947,0.24760288000106812,-0.05843525007367134,-0.031732670962810516,-0.22053620219230652,-0.03172372654080391,0.15249627828598022,-0.03994573652744293,-0.09510660916566849,-0.03994615748524666
197,right,forward,0.08416129799114458,-0.008212866091828003,0.3280535852037529,0.7030934683508613,-3.100659571802292,0,0,0.0,4.7706993200336e-07,1.6231026194191147e-06,0.25658848881721497,-0.05843525007367134,-0.031732670962810516,-0.05843513086438179,-0.03173220902681351,0.15249627828598022,-0.03994573652744293,0.15249627828598022,0.21664275228977203
197,right,backward,0.08416129799114458,-0.008212866091828003,0.3280535852037529,0.7030934683508613,-3.100659571802292,0,0,0.0,4.7706993200336e-07,1.6231026194191147e-06,0.25658851861953735,-0.05843525007367134,-0.031732670962810516,-0.05843513086438179,-0.03173220902681351,0.15249627828598022,-0.03994573652744293,0.15249627828598022,-0.2965342402458191
198,back,stay,0.048419366196271824,0.01485003113225622,0.3305166946532889,0.6575070223834937,-1.9900284615478439,0,0,0.0,8.429369557916289e-08,2.481096708084607e-07,0.0,-0.08576253801584244,0.03380826115608215,-0.08576247841119766,0.03380820155143738,-0.07091270387172699,-0.1505679190158844,-0.07091270387172699,-0.1505679190158844
198,back,right,0.048419366196271824,0.01485003113225622,0.3305166946532889,0.6575070223834937,-1.9900284615478439,0,0,0.0,8.429369557916289e-08,2.481096708084607e-07,0.25658848881721497,-0.08576253801584244,0.03380826115608215,-0.08576247841119766,0.03380820155143738,-0.07091270387172699,-0.1505679190158844,0.18567578494548798,-0.1505679190158844
198,back,left,0.048419366196271824,0.01485003113225622,0.3305166946532889,0.6575070223834937,-1.9900284615478439,0,0,0.0,8.429369557916289e-08,2.481096708084607e-07,0.25658851861953735,-0.08576253801584244,0.03380826115608215,-0.08576247841119766,0.03380820155143738,-0.07091270387172699,-0.1505679190158844,-0.32750120759010315,-0.1505679190158844
198,back,forward,0.048419366196271824,0.01485003113225622,0.3305166946532889,0.6575070223834937,-1.9900284615478439,1,97,17.66060247691115,0.19728155434131622,0.0013304986334385926,0.24699518084526062,-0.08576253801584244,0.03380826115608215,-0.0858306959271431,0.23108980059623718,-0.07091270387172699,-0.1505679190158844,-0.07090839743614197,0.09642726182937622
198,back,backward,0.048419366196271824,0.01485003113225622,0.3305166946532889,0.6575070223834937,-1.9900284615478439,0,0,0.0,8.429369557916289e-08,2.481096708084607e-07,0.25658848881721497,-0.08576253801584244,0.03380826115608215,-0.08576247841119766,0.03380820155143738,-0.07091270387172699,-0.1505679190158844,-0.07091270387172699,-0.40715640783309937
199,front,stay,0.02064195264752729,-0.10613307363438665,0.22902759589573646,0.7923198160847212,1.4952396750233854,0,0,0.0,9.156411806543474e-07,1.3004257464199753e-06,0.0,-0.09855802357196808,0.02741321176290512,-0.0985589250922203,0.027413371950387955,0.007575273513793945,0.17620940506458282,0.007575273513793945,0.17620940506458282
199,front,right,0.02064195264752729,-0.10613307363438665,0.22902759589573646,0.7923198160847212,1.4952396750233854,0,0,0.0,9.156411806543474e-07,1.3004257464199753e-06,0.25658848881721497,-0.09855802357196808,0.02741321176290512,-0.0985589250922203,0.027413371950387955,0.007575273513793945,0.17620940506458282,0.2641637623310089,0.17620940506458282
199,front,left,0.02064195264752729,-0.10613307363438665,0.22902759589573646,0.7923198160847212,1.4952396750233854,0,0,0.0,9.156411806543474e-07,1.3004257464199753e-06,0.25658848881721497,-0.09855802357196808,0.02741321176290512,-0.0985589250922203,0.027413371950387955,0.007575273513793945,0.17620940506458282,-0.24901321530342102,0.17620940506458282
199,front,forward,0.02064195264752729,-0.10613307363438665,0.22902759589573646,0.7923198160847212,1.4952396750233854,0,0,0.0,9.156411806543474e-07,1.3004257464199753e-06,0.25658851861953735,-0.09855802357196808,0.02741321176290512,-0.0985589250922203,0.027413371950387955,0.007575273513793945,0.17620940506458282,0.007575273513793945,0.432797908782959
199,front,backward,0.02064195264752729,-0.10613307363438665,0.22902759589573646,0.7923198160847212,1.4952396750233854,0,0,0.0,9.156411806543474e-07,1.3004257464199753e-06,0.25658848881721497,-0.09855802357196808,0.02741321176290512,-0.0985589250922203,0.027413371950387955,0.007575273513793945,0.17620940506458282,0.007575273513793945,-0.08037909120321274
200,left,stay,0.05069823369432169,-0.08035234823568844,0.33378456281838104,0.8587356967452703,-1.153233047918705,0,0,0.0,6.039107915967179e-07,2.280006896171472e-06,0.0,0.052945204079151154,-0.047793880105018616,0.0529446005821228,-0.047793902456760406,-0.11335667967796326,0.03255852684378624,-0.11335667967796326,0.03255852684378624
200,left,right,0.05069823369432169,-0.08035234823568844,0.33378456281838104,0.8587356967452703,-1.153233047918705,1,94,17.658827065840683,0.17419233918190002,0.1675183974881318,0.24513693153858185,0.052945204079151154,-0.047793880105018616,0.22655043005943298,-0.06208347901701927,-0.11335667967796326,0.03255852684378624,0.13176992535591125,0.034808799624443054
200,left,left,0.05069823369432169,-0.08035234823568844,0.33378456281838104,0.8587356967452703,-1.153233047918705,0,0,0.0,6.039107915967179e-07,2.280006896171472e-06,0.25658848881721497,0.052945204079151154,-0.047793880105018616,0.0529446005821228,-0.047793902456760406,-0.11335667967796326,0.03255852684378624,-0.3699451684951782,0.03255852684378624
200,left,forward,0.05069823369432169,-0.08035234823568844,0.33378456281838104,0.8587356967452703,-1.153233047918705,0,0,0.0,6.039107915967179e-07,2.280006896171472e-06,0.25658848881721497,0.052945204079151154,-0.047793880105018616,0.0529446005821228,-0.047793902456760406,-0.11335667967796326,0.03255852684378624,-0.11335667967796326,0.2891470193862915
200,left,backward,0.05069823369432169,-0.08035234823568844,0.33378456281838104,0.8587356967452703,-1.153233047918705,0,0,0.0,6.039107915967179e-07,2.280006896171472e-06,0.25658848881721497,0.052945204079151154,-0.047793880105018616,0.0529446005821228,-0.047793902456760406,-0.11335667967796326,0.03255852684378624,-0.11335667967796326,-0.22402997314929962
201,right,stay,0.1134011776038458,0.03584438046514582,0.34008218541233975,0.9022586389503022,1.0899775277827164,0,0,0.0,1.299587211178732e-07,3.2348308320884195e-07,0.0,-0.029986102133989334,-0.02582377754151821,-0.029986217617988586,-0.025823717936873436,0.20262587070465088,0.010020636022090912,0.20262587070465088,0.010020636022090912
201,right,right,0.1134011776038458,0.03584438046514582,0.34008218541233975,0.9022586389503022,1.0899775277827164,0,0,0.0,1.299587211178732e-07,3.2348308320884195e-07,0.25658848881721497,-0.029986102133989334,-0.02582377754151821,-0.029986217617988586,-0.025823717936873436,0.20262587070465088,0.010020636022090912,0.45921435952186584,0.010020636022090912
201,right,left,0.1134011776038458,0.03584438046514582,0.34008218541233975,0.9022586389503022,1.0899775277827164,1,65,16.069988470469383,0.12872625887393951,0.015107600167373114,0.24730184674263,-0.029986102133989334,-0.02582377754151821,-0.1587025225162506,-0.027415456250309944,0.20262587070465088,0.010020636022090912,-0.044675882905721664,0.01023019663989544
201,right,forward,0.1134011776038458,0.03584438046514582,0.34008218541233975,0.9022586389503022,1.0899775277827164,0,0,0.0,1.299587211178732e-07,3.2348308320884195e-07,0.25658848881721497,-0.029986102133989334,-0.02582377754151821,-0.029986217617988586,-0.025823717936873436,0.20262587070465088,0.010020636022090912,0.20262587070465088,0.2666091322898865
201,right,backward,0.1134011776038458,0.03584438046514582,0.34008218541233975,0.9022586389503022,1.0899775277827164,0,0,0.0,1.299587211178732e-07,3.2348308320884195e-07,0.25658848881721497,-0.029986102133989334,-0.02582377754151821,-0.029986217617988586,-0.025823717936873436,0.20262587070465088,0.010020636022090912,0.20262587070465088,-0.24656786024570465
202,back,stay,0.09124156548908494,0.07538424638965546,0.33413922052870104,0.7198629072038065,-2.2454896016040617,0,0,0.0,3.336163274525461e-07,9.472931887799518e-07,0.0,0.08147866278886795,0.06484819948673248,0.0814787968993187,0.06484850496053696,0.15686285495758057,-0.16087953746318817,0.15686285495758057,-0.16087953746318817
202,back,right,0.09124156548908494,0.07538424638965546,0.33413922052870104,0.7198629072038065,-2.2454896016040617,0,0,0.0,3.336163274525461e-07,9.472931887799518e-07,0.25658848881721497,0.08147866278886795,0.06484819948673248,0.0814787968993187,0.06484850496053696,0.15686285495758057,-0.16087953746318817,0.41345134377479553,-0.16087953746318817
202,back,left,0.09124156548908494,0.07538424638965546,0.33413922052870104,0.7198629072038065,-2.2454896016040617,0,0,0.0,3.336163274525461e-07,9.472931887799518e-07,0.25658848881721497,0.08147866278886795,0.06484819948673248,0.0814787968993187,0.06484850496053696,0.15686285495758057,-0.16087953746318817,-0.099725641310215,-0.16087953746318817
202,back,forward,0.09124156548908494,0.07538424638965546,0.33413922052870104,0.7198629072038065,-2.2454896016040617,1,35,13.413933773539862,0.04581907019019127,0.062132478760336785,0.25264403223991394,0.08147866278886795,0.06484819948673248,0.0654444769024849,0.10777013003826141,0.15686285495758057,-0.16087953746318817,0.15807047486305237,0.09176158905029297
202,back,backward,0.09124156548908494,0.07538424638965546,0.33413922052870104,0.7198629072038065,-2.2454896016040617,0,0,0.0,3.336163274525461e-07,9.472931887799518e-07,0.25658851861953735,0.08147866278886795,0.06484819948673248,0.0814787968993187,0.06484850496053696,0.15686285495758057,-0.16087953746318817,0.15686285495758057,-0.41746804118156433
203,front,stay,0.08215052244354096,-0.003305577868386478,0.31589455603317623,0.8876052525436986,1.9815898979219648,0,0,0.0,5.778524609922897e-07,2.2390882001843693e-06,0.0,0.04569561406970024,-0.07880154252052307,0.0456961914896965,-0.07880152016878128,0.04900084063410759,0.13924744725227356,0.04900084063410759,0.13924744725227356
203,front,right,0.08215052244354096,-0.003305577868386478,0.31589455603317623,0.8876052525436986,1.9815898979219648,0,0,0.0,5.778524609922897e-07,2.2390882001843693e-06,0.25658851861953735,0.04569561406970024,-0.07880154252052307,0.0456961914896965,-0.07880152016878128,0.04900084063410759,0.13924744725227356,0.30558934807777405,0.13924744725227356
203,front,left,0.08215052244354096,-0.003305577868386478,0.31589455603317623,0.8876052525436986,1.9815898979219648,0,0,0.0,5.778524609922897e-07,2.2390882001843693e-06,0.25658848881721497,0.04569561406970024,-0.07880154252052307,0.0456961914896965,-0.07880152016878128,0.04900084063410759,0.13924744725227356,-0.20758765935897827,0.13924744725227356
203,front,forward,0.08215052244354096,-0.003305577868386478,0.31589455603317623,0.8876052525436986,1.9815898979219648,0,0,0.0,5.778524609922897e-07,2.2390882001843693e-06,0.25658848881721497,0.04569561406970024,-0.07880154252052307,0.0456961914896965,-0.07880152016878128,0.04900084063410759,0.13924744725227356,0.04900084063410759,0.3958359360694885
203,front,backward,0.08215052244354096,-0.003305577868386478,0.31589455603317623,0.8876052525436986,1.9815898979219648,1,82,19.626819599686613,0.16363494098186493,0.0002508597297907755,0.24624760448932648,0.04569561406970024,-0.07880154252052307,0.04559839889407158,-0.2424364537000656,0.04900084063410759,0.13924744725227356,0.049013327807188034,-0.10700015723705292
204,left,stay,0.09472453399497238,0.12796553022623294,0.2761686364956904,1.0439875526097764,1.6711269901661474,0,0,0.0,1.0381870652054204e-06,3.414184891026295e-06,0.0,-0.05381675437092781,0.04986629635095596,-0.05381574481725693,0.04986605420708656,-0.2418290078639984,-0.07809917628765106,-0.2418290078639984,-0.07809917628765106
204,left,right,0.09472453399497238,0.12796553022623294,0.2761686364956904,1.0439875526097764,1.6711269901661474,1,19,6.350612427540483,0.008172397501766682,0.04160509803191381,0.2555406987667084,-0.05381675437092781,0.04986629635095596,-0.04586029797792435,0.05173254385590553,-0.2418290078639984,-0.07809917628765106,0.013710932806134224,-0.078721784055233
204,left,left,0.09472453399497238,0.12796553022623294,0.2761686364956904,1.0439875526097764,1.6711269901661474,0,0,0.0,1.0381870652054204e-06,3.414184891026295e-06,0.25658848881721497,-0.05381675437092781,0.04986629635095596,-0.05381574481725693,0.04986605420708656,-0.2418290078639984,-0.07809917628765106,-0.4984174966812134,-0.07809917628765106
204,left,forward,0.09472453399497238,0.12796553022623294,0.2761686364956904,1.0439875526097764,1.6711269901661474,0,0,0.0,1.0381870652054204e-06,3.414184891026295e-06,0.25658848881721497,-0.05381675437092781,0.04986629635095596,-0.05381574481725693,0.04986605420708656,-0.2418290078639984,-0.07809917628765106,-0.2418290078639984,0.1784893125295639
204,left,backward,0.09472453399497238,0.12796553022623294,0.2761686364956904,1.0439875526097764,1.6711269901661474,0,0,0.0,1.0381870652054204e-06,3.414184891026295e-06,0.25658851861953735,-0.05381675437092781,0.04986629635095596,-0.05381574481725693,0.04986605420708656,-0.2418290078639984,-0.07809917628765106,-0.2418290078639984,-0.3346876800060272
205,right,stay,0.07115594753327589,0.08567440431156917,0.2696492414053363,0.9246220206269018,-0.7533558196294363,0,0,0.0,1.777240754563536e-07,9.483332754633976e-07,0.0,0.06431491672992706,0.0826796442270279,0.06431476771831512,0.08267974108457565,0.2682540714740753,0.1683540940284729,0.2682540714740753,0.1683540940284729
205,right,right,0.07115594753327589,0.08567440431156917,0.2696492414053363,0.9246220206269018,-0.7533558196294363,0,0,0.0,1.777240754563536e-07,9.483332754633976e-07,0.25658848881721497,0.06431491672992706,0.0826796442270279,0.06431476771831512,0.08267974108457565,0.2682540714740753,0.1683540940284729,0.5248425602912903,0.1683540940284729
205,right,left,0.07115594753327589,0.08567440431156917,0.2696492414053363,0.9246220206269018,-0.7533558196294363,1,40,11.304593024936993,0.05431580916047096,0.18716885189657362,0.25210511684417725,0.06431491672992706,0.0826796442270279,0.011125666089355946,0.07167462259531021,0.2682540714740753,0.1683540940284729,0.016150319948792458,0.1691877394914627
205,right,forward,0.07115594753327589,0.08567440431156917,0.2696492414053363,0.9246220206269018,-0.7533558196294363,0,0,0.0,1.777240754563536e-07,9.483332754633976e-07,0.25658848881721497,0.06431491672992706,0.0826796442270279,0.06431476771831512,0.08267974108457565,0.2682540714740753,0.1683540940284729,0.2682540714740753,0.42494258284568787
205,right,backward,0.07115594753327589,0.08567440431156917,0.2696492414053363,0.9246220206269018,-0.7533558196294363,0,0,0.0,1.777240754563536e-07,9.483332754633976e-07,0.25658848881721497,0.06431491672992706,0.0826796442270279,0.06431476771831512,0.08267974108457565,0.2682540714740753,0.1683540940284729,0.2682540714740753,-0.08823440223932266
206,back,stay,0.03646612219545331,0.054445707251635805,0.32982466139929195,0.6781801570773576,2.629705061249294,0,0,0.0,2.1468146371717012e-07,2.474406013419639e-07,0.0,-0.034504715353250504,-0.013713999651372433,-0.03450458124279976,-0.013714167289435863,0.019940797239542007,-0.17104695737361908,0.019940797239542007,-0.17104695737361908
206,back,right,0.03646612219545331,0.054445707251635805,0.32982466139929195,0.6781801570773576,2.629705061249294,0,0,0.0,2.1468146371717012e-07,2.474406013419639e-07,0.25658848881721497,-0.034504715353250504,-0.013713999651372433,-0.03450458124279976,-0.013714167289435863,0.019940797239542007,-0.17104695737361908,0.2765292823314667,-0.17104695737361908
206,back,left,0.03646612219545331,0.054445707251635805,0.32982466139929195,0.6781801570773576,2.629705061249294,0,0,0.0,2.1468146371717012e-07,2.474406013419639e-07,0.25658848881721497,-0.034504715353250504,-0.013713999651372433,-0.03450458124279976,-0.013714167289435863,0.019940797239542007,-0.17104695737361908,-0.23664769530296326,-0.17104695737361908
206,back,forward,0.03646612219545331,0.054445707251635805,0.32982466139929195,0.6781801570773576,2.629705061249294,1,103,16.149086262382887,0.20785097777843475,0.02481443618698753,0.24615870416164398,-0.034504715353250504,-0.013713999651372433,-0.037282805889844894,0.1941184103488922,0.019940797239542007,-0.17104695737361908,0.020197518169879913,0.07511162012815475
206,back,backward,0.03646612219545331,0.054445707251635805,0.32982466139929195,0.6781801570773576,2.629705061249294,0,0,0.0,2.1468146371717012e-07,2.474406013419639e-07,0.25658851861953735,-0.034504715353250504,-0.013713999651372433,-0.03450458124279976,-0.013714167289435863,0.019940797239542007,-0.17104695737361908,0.019940797239542007,-0.42763546109199524
207,front,stay,0.08754046731416704,0.014787163568233813,0.3058674425372851,1.0069471191465644,-1.925553782832802,0,0,0.0,4.3443975528134615e-08,1.719150328760577e-07,0.0,0.03684702515602112,-0.04457997903227806,0.03684704750776291,-0.044580016285181046,0.022059619426727295,0.1782989799976349,0.022059619426727295,0.1782989799976349
207,front,right,0.08754046731416704,0.014787163568233813,0.3058674425372851,1.0069471191465644,-1.925553782832802,0,0,0.0,4.3443975528134615e-08,1.719150328760577e-07,0.25658848881721497,0.03684702515602112,-0.04457997903227806,0.03684704750776291,-0.044580016285181046,0.022059619426727295,0.1782989799976349,0.27864810824394226,0.1782989799976349
207,front,left,0.08754046731416704,0.014787163568233813,0.3058674425372851,1.0069471191465644,-1.925553782832802,0,0,0.0,4.3443975528134615e-08,1.719150328760577e-07,0.25658848881721497,0.03684702515602112,-0.04457997903227806,0.03684704750776291,-0.044580016285181046,0.022059619426727295,0.1782989799976349,-0.23452886939048767,0.1782989799976349
207,front,forward,0.08754046731416704,0.014787163568233813,0.3058674425372851,1.0069471191465644,-1.925553782832802,0,0,0.0,4.3443975528134615e-08,1.719150328760577e-07,0.25658848881721497,0.03684702515602112,-0.04457997903227806,0.03684704750776291,-0.044580016285181046,0.022059619426727295,0.1782989799976349,0.022059619426727295,0.43488746881484985
207,front,backward,0.08754046731416704,0.014787163568233813,0.3058674425372851,1.0069471191465644,-1.925553782832802,1,79,20.49756670217811,0.15776260197162628,0.0011530955629641682,0.24570366740226746,0.03684702515602112,-0.04457997903227806,0.03698049485683441,-0.20234252512454987,0.022059619426727295,0.1782989799976349,0.022052446380257607,-0.06740467995405197
208,left,stay,0.0923219793130256,0.0053304082376808,0.3653718940322883,0.764055302295345,-0.8250505070098817,0,0,0.0,2.2158432955166063e-07,9.026689734570326e-07,0.0,-0.01980804279446602,-0.04050236940383911,-0.01980825513601303,-0.04050230607390404,-0.24285995960235596,-0.04583267495036125,-0.24285995960235596,-0.04583267495036125
208,left,right,0.0923219793130256,0.0053304082376808,0.3653718940322883,0.764055302295345,-0.8250505070098817,1,68,14.40803353513969,0.12684044241905212,2.5585958202567483e-05,0.24760694801807404,-0.01980804279446602,-0.04050236940383911,0.10673096030950546,-0.031762924045324326,-0.24285995960235596,-0.04583267495036125,0.0047457655891776085,-0.0466109961271286
208,left,left,0.0923219793130256,0.0053304082376808,0.3653718940322883,0.764055302295345,-0.8250505070098817,0,0,0.0,2.2158432955166063e-07,9.026689734570326e-07,0.25658848881721497,-0.01980804279446602,-0.04050236940383911,-0.01980825513601303,-0.04050230607390404,-0.24285995960235596,-0.04583267495036125,-0.4994484484195709,-0.04583267495036125
208,left,forward,0.0923219793130256,0.0053304082376808,0.3653718940322883,0.764055302295345,-0.8250505070098817,0,0,0.0,2.2158432955166063e-07,9.026689734570326e-07,0.25658848881721497,-0.01980804279446602,-0.04050236940383911,-0.01980825513601303,-0.04050230607390404,-0.24285995960235596,-0.04583267495036125,-0.24285995960235596,0.2107558250427246
208,left,backward,0.0923219793130256,0.0053304082376808,0.3653718940322883,0.764055302295345,-0.8250505070098817,0,0,0.0,2.2158432955166063e-07,9.026689734570326e-07,0.25658851861953735,-0.01980804279446602,-0.04050236940383911,-0.01980825513601303,-0.04050230607390404,-0.24285995960235596,-0.04583267495036125,-0.24285995960235596,-0.3024211823940277
209,right,stay,0.04116614533978614,0.10285033989673376,0.28352645243743013,0.6624828649585163,1.2050910350198691,0,0,0.0,5.759912014013935e-08,2.0100687780910675e-07,0.0,0.013843882828950882,0.08442167192697525,0.013843846507370472,0.08442171663045883,0.16743117570877075,0.18727198243141174,0.16743117570877075,0.18727198243141174
209,right,right,0.04116614533978614,0.10285033989673376,0.28352645243743013,0.6624828649585163,1.2050910350198691,0,0,0.0,5.759912014013935e-08,2.0100687780910675e-07,0.25658848881721497,0.013843882828950882,0.08442167192697525,0.013843846507370472,0.08442171663045883,0.16743117570877075,0.18727198243141174,0.4240196645259857,0.18727198243141174
209,right,left,0.04116614533978614,0.10285033989673376,0.28352645243743013,0.6624828649585163,1.2050910350198691,1,87,9.828277940590302,0.08154503256082535,0.12706881779015622,0.25159046053886414,0.013843882828950882,0.08442167192697525,-0.06323591619729996,0.05780782178044319,0.16743117570877075,0.18727198243141174,-0.08413456380367279,0.190797820687294
209,right,forward,0.04116614533978614,0.10285033989673376,0.28352645243743013,0.6624828649585163,1.2050910350198691,0,0,0.0,5.759912014013935e-08,2.0100687780910675e-07,0.25658848881721497,0.013843882828950882,0.08442167192697525,0.013843846507370472,0.08442171663045883,0.16743117570877075,0.18727198243141174,0.16743117570877075,0.4438604712486267
209,right,backward,0.04116614533978614,0.10285033989673376,0.28352645243743013,0.6624828649585163,1.2050910350198691,0,0,0.0,5.759912014013935e-08,2.0100687780910675e-07,0.25658848881721497,0.013843882828950882,0.08442167192697525,0.013843846507370472,0.08442171663045883,0.16743117570877075,0.18727198243141174,0.16743117570877075,-0.06931651383638382
210,back,stay,0.07518458399509588,-0.05328698148723768,0.26507603092417314,0.9102939010999542,-2.770208145181563,0,0,0.0,1.268788167863022e-07,2.2805757282640116e-11,0.0,0.03386390581727028,-0.042400557547807693,0.033863913267850876,-0.04240068420767784,-0.01942307874560356,-0.23036473989486694,-0.01942307874560356,-0.23036473989486694
210,back,right,0.07518458399509588,-0.05328698148723768,0.26507603092417314,0.9102939010999542,-2.770208145181563,0,0,0.0,1.268788167863022e-07,2.2805757282640116e-11,0.25658848881721497,0.03386390581727028,-0.042400557547807693,0.033863913267850876,-0.04240068420767784,-0.01942307874560356,-0.23036473989486694,0.2371654212474823,-0.23036473989486694
210,back,left,0.07518458399509588,-0.05328698148723768,0.26507603092417314,0.9102939010999542,-2.770208145181563,0,0,0.0,1.268788167863022e-07,2.2805757282640116e-11,0.25658851861953735,0.03386390581727028,-0.042400557547807693,0.033863913267850876,-0.04240068420767784,-0.01942307874560356,-0.23036473989486694,-0.27601158618927,-0.23036473989486694
210,back,forward,0.07518458399509588,-0.05328698148723768,0.26507603092417314,0.9102939010999542,-2.770208145181563,1,84,17.71847788811025,0.16968922317028046,0.02585624755165794,0.24760429561138153,0.03386390581727028,-0.042400557547807693,0.03633849695324898,0.1272706240415573,-0.01942307874560356,-0.23036473989486694,-0.019708847627043724,0.017239384353160858
210,back,backward,0.07518458399509588,-0.05328698148723768,0.26507603092417314,0.9102939010999542,-2.770208145181563,0,0,0.0,1.268788167863022e-07,2.2805757282640116e-11,0.25658848881721497,0.03386390581727028,-0.042400557547807693,0.033863913267850876,-0.04240068420767784,-0.01942307874560356,-0.23036473989486694,-0.01942307874560356,-0.4869532287120819
211,front,stay,0.08150699007108031,-0.1313219030434798,0.368980154508312,0.8346152359189264,-0.08444600572739613,0,0,0.0,9.028772183228284e-07,1.144612481948637e-06,0.0,-0.0004196517402306199,0.016466055065393448,-0.00041950182639993727,0.01646694540977478,0.13090212643146515,0.189981609582901,0.13090212643146515,0.189981609582901
211,front,right,0.08150699007108031,-0.1313219030434798,0.368980154508312,0.8346152359189264,-0.08444600572739613,0,0,0.0,9.028772183228284e-07,1.144612481948637e-06,0.25658851861953735,-0.0004196517402306199,0.016466055065393448,-0.00041950182639993727,0.01646694540977478,0.13090212643146515,0.189981609582901,0.3874906301498413,0.189981609582901
211,front,left,0.08150699007108031,-0.1313219030434798,0.368980154508312,0.8346152359189264,-0.08444600572739613,0,0,0.0,9.028772183228284e-07,1.144612481948637e-06,0.25658848881721497,-0.0004196517402306199,0.016466055065393448,-0.00041950182639993727,0.01646694540977478,0.13090212643146515,0.189981609582901,-0.12568636238574982,0.189981609582901
211,front,forward,0.08150699007108031,-0.1313219030434798,0.368980154508312,0.8346152359189264,-0.08444600572739613,0,0,0.0,9.028772183228284e-07,1.144612481948637e-06,0.25658848881721497,-0.0004196517402306199,0.016466055065393448,-0.00041950182639993727,0.01646694540977478,0.13090212643146515,0.189981609582901,0.13090212643146515,0.44657009840011597
211,front,backward,0.08150699007108031,-0.1313219030434798,0.368980154508312,0.8346152359189264,-0.08444600572739613,0,0,0.0,9.028772183228284e-07,1.144612481948637e-06,0.25658848881721497,-0.0004196517402306199,0.016466055065393448,-0.00041950182639993727,0.01646694540977478,0.13090212643146515,0.189981609582901,0.13090212643146515,-0.06660688668489456
212,left,stay,0.01959679144879435,-0.10499113316319346,0.33618070853775534,0.8606676416863573,3.1296008476212034,0,0,0.0,7.374287065431417e-07,2.6198180154146655e-06,0.0,-0.025728028267621994,0.04691927507519722,-0.025728221982717514,0.046918563544750214,-0.17085830867290497,0.1519104689359665,-0.17085830867290497,0.1519104689359665
212,left,right,0.01959679144879435,-0.10499113316319346,0.33618070853775534,0.8606676416863573,3.1296008476212034,0,0,0.0,7.374287065431417e-07,2.6198180154146655e-06,0.25658848881721497,-0.025728028267621994,0.04691927507519722,-0.025728221982717514,0.046918563544750214,-0.17085830867290497,0.1519104689359665,0.0857301875948906,0.1519104689359665
212,left,left,0.01959679144879435,-0.10499113316319346,0.33618070853775534,0.8606676416863573,3.1296008476212034,0,0,0.0,7.374287065431417e-07,2.6198180154146655e-06,0.25658851861953735,-0.025728028267621994,0.04691927507519722,-0.025728221982717514,0.046918563544750214,-0.17085830867290497,0.1519104689359665,-0.42744681239128113,0.1519104689359665
212,left,forward,0.01959679144879435,-0.10499113316319346,0.33618070853775534,0.8606676416863573,3.1296008476212034,0,0,0.0,7.374287065431417e-07,2.6198180154146655e-06,0.25658851861953735,-0.025728028267621994,0.04691927507519722,-0.025728221982717514,0.046918563544750214,-0.17085830867290497,0.1519104689359665,-0.17085830867290497,0.40849897265434265
212,left,backward,0.01959679144879435,-0.10499113316319346,0.33618070853775534,0.8606676416863573,3.1296008476212034,0,0,0.0,7.374287065431417e-07,2.6198180154146655e-06,0.25658848881721497,-0.025728028267621994,0.04691927507519722,-0.025728221982717514,0.046918563544750214,-0.17085830867290497,0.1519104689359665,-0.17085830867290497,-0.10467802733182907
213,right,stay,0.11216245696836787,-0.0058616696462675255,0.3037805358180289,0.6997855992709067,2.5979844612955914,0,0,0.0,1.9082797564351495e-07,5.303141348278473e-08,0.0,0.06794790923595428,0.09805390238761902,0.06794802844524384,0.09805375337600708,0.31613245606422424,0.09219235926866531,0.31613245606422424,0.09219235926866531
213,right,right,0.11216245696836787,-0.0058616696462675255,0.3037805358180289,0.6997855992709067,2.5979844612955914,0,0,0.0,1.9082797564351495e-07,5.303141348278473e-08,0.25658848881721497,0.06794790923595428,0.09805390238761902,0.06794802844524384,0.09805375337600708,0.31613245606422424,0.09219235926866531,0.5727209448814392,0.09219235926866531
213,right,left,0.11216245696836787,-0.0058616696462675255,0.3037805358180289,0.6997855992709067,2.5979844612955914,1,68,18.53608689077743,0.13683485984802246,2.3536793829936897e-05,0.24938008189201355,0.06794790923595428,0.09805390238761902,-0.06888695061206818,0.09805309027433395,0.31613245606422424,0.09219235926866531,0.06675238162279129,0.09219253063201904
213,right,forward,0.11216245696836787,-0.0058616696462675255,0.3037805358180289,0.6997855992709067,2.5979844612955914,0,0,0.0,1.9082797564351495e-07,5.303141348278473e-08,0.25658848881721497,0.06794790923595428,0.09805390238761902,0.06794802844524384,0.09805375337600708,0.31613245606422424,0.09219235926866531,0.31613245606422424,0.3487808406352997
213,right,backward,0.11216245696836787,-0.0058616696462675255,0.3037805358180289,0.6997855992709067,2.5979844612955914,0,0,0.0,1.9082797564351495e-07,5.303141348278473e-08,0.25658848881721497,0.06794790923595428,0.09805390238761902,0.06794802844524384,0.09805375337600708,0.31613245606422424,0.09219235926866531,0.31613245606422424,-0.16439613699913025
214,back,stay,0.025213226195783277,0.09908951224054513,0.24398066480265265,0.8502934422571563,0.9907563400506163,0,0,0.0,4.738592735975544e-07,5.57449824523104e-07,0.0,-0.06467589735984802,0.08335258066654205,-0.0646761804819107,0.08335220068693161,0.03441372513771057,-0.07762046903371811,0.03441372513771057,-0.07762046903371811
214,back,right,0.025213226195783277,0.09908951224054513,0.24398066480265265,0.8502934422571563,0.9907563400506163,0,0,0.0,4.738592735975544e-07,5.57449824523104e-07,0.25658848881721497,-0.06467589735984802,0.08335258066654205,-0.0646761804819107,0.08335220068693161,0.03441372513771057,-0.07762046903371811,0.29100221395492554,-0.07762046903371811
214,back,left,0.025213226195783277,0.09908951224054513,0.24398066480265265,0.8502934422571563,0.9907563400506163,0,0,0.0,4.738592735975544e-07,5.57449824523104e-07,0.25658848881721497,-0.06467589735984802,0.08335258066654205,-0.0646761804819107,0.08335220068693161,0.03441372513771057,-0.07762046903371811,-0.2221747636795044,-0.07762046903371811
214,back,forward,0.025213226195783277,0.09908951224054513,0.24398066480265265,0.8502934422571563,0.9907563400506163,1,47,4.789656473125667,0.024964308366179466,0.21931438576625462,0.25364139676094055,-0.06467589735984802,0.08335258066654205,-0.07627218961715698,0.10546010732650757,0.03441372513771057,-0.07762046903371811,0.03557555377483368,0.17601828277111053
214,back,backward,0.025213226195783277,0.09908951224054513,0.24398066480265265,0.8502934422571563,0.9907563400506163,0,0,0.0,4.738592735975544e-07,5.57449824523104e-07,0.25658848881721497,-0.06467589735984802,0.08335258066654205,-0.0646761804819107,0.08335220068693161,0.03441372513771057,-0.07762046903371811,0.03441372513771057,-0.33420896530151367
215,front,stay,0.025748840591310208,-0.08074432179641303,0.28914831375340017,0.6563081586170675,0.34088410824456705,0,0,0.0,1.304383658862207e-07,5.656508594853449e-11,0.0,-0.040105853229761124,-0.022854231297969818,-0.04010585695505142,-0.022854100912809372,0.04063849151134491,0.11372305452823639,0.04063849151134491,0.11372305452823639
215,front,right,0.025748840591310208,-0.08074432179641303,0.28914831375340017,0.6563081586170675,0.34088410824456705,0,0,0.0,1.304383658862207e-07,5.656508594853449e-11,0.25658851861953735,-0.040105853229761124,-0.022854231297969818,-0.04010585695505142,-0.022854100912809372,0.04063849151134491,0.11372305452823639,0.29722699522972107,0.11372305452823639
215,front,left,0.025748840591310208,-0.08074432179641303,0.28914831375340017,0.6563081586170675,0.34088410824456705,0,0,0.0,1.304383658862207e-07,5.656508594853449e-11,0.25658848881721497,-0.040105853229761124,-0.022854231297969818,-0.04010585695505142,-0.022854100912809372,0.04063849151134491,0.11372305452823639,-0.21594999730587006,0.11372305452823639
215,front,forward,0.025748840591310208,-0.08074432179641303,0.28914831375340017,0.6563081586170675,0.34088410824456705,0,0,0.0,1.304383658862207e-07,5.656508594853449e-11,0.25658851861953735,-0.040105853229761124,-0.022854231297969818,-0.04010585695505142,-0.022854100912809372,0.04063849151134491,0.11372305452823639,0.04063849151134491,0.37031155824661255
215,front,backward,0.025748840591310208,-0.08074432179641303,0.28914831375340017,0.6563081586170675,0.34088410824456705,1,106,18.750811281908593,0.21393539011478424,0.0541288898352405,0.24784326553344727,-0.040105853229761124,-0.022854231297969818,-0.04542231187224388,-0.23672355711460114,0.04063849151134491,0.11372305452823639,0.04107455536723137,-0.13411982357501984
216,left,stay,0.04156267714292913,-0.0953309637985563,0.2699186335563931,0.7014155667109407,-2.4705593316198042,0,0,0.0,1.1944189282075968e-07,3.5188150260268003e-07,0.0,-0.09899766743183136,0.0878446027636528,-0.09899767488241196,0.08784472197294235,-0.2751113772392273,0.18317531049251556,-0.2751113772392273,0.18317531049251556
216,left,right,0.04156267714292913,-0.0953309637985563,0.2699186335563931,0.7014155667109407,-2.4705593316198042,1,46,6.707851287036096,0.032419901341199875,0.2845120217966839,0.2535366714000702,-0.09899766743183136,0.0878446027636528,-0.07020523399114609,0.07294340431690216,-0.2751113772392273,0.18317531049251556,-0.02157769724726677,0.18440470099449158
216,left,left,0.04156267714292913,-0.0953309637985563,0.2699186335563931,0.7014155667109407,-2.4705593316198042,0,0,0.0,1.1944189282075968e-07,3.5188150260268003e-07,0.25658851861953735,-0.09899766743183136,0.0878446027636528,-0.09899767488241196,0.08784472197294235,-0.2751113772392273,0.18317531049251556,-0.5316998958587646,0.18317531049251556
216,left,forward,0.04156267714292913,-0.0953309637985563,0.2699186335563931,0.7014155667109407,-2.4705593316198042,0,0,0.0,1.1944189282075968e-07,3.5188150260268003e-07,0.25658851861953735,-0.09899766743183136,0.0878446027636528,-0.09899767488241196,0.08784472197294235,-0.2751113772392273,0.18317531049251556,-0.2751113772392273,0.4397638142108917
216,left,backward,0.04156267714292913,-0.0953309637985563,0.2699186335563931,0.7014155667109407,-2.4705593316198042,0,0,0.0,1.1944189282075968e-07,3.5188150260268003e-07,0.25658848881721497,-0.09899766743183136,0.0878446027636528,-0.09899767488241196,0.08784472197294235,-0.2751113772392273,0.18317531049251556,-0.2751113772392273,-0.07341318577528
217,right,stay,0.03318063428695384,0.055522369454453796,0.2997123578504548,0.7571504280634604,-2.361784761705744,0,0,0.0,1.2036781527058338e-07,5.053451621606087e-07,0.0,-0.09732519835233688,0.08250870555639267,-0.0973251536488533,0.08250881731510162,0.0679360181093216,0.13803084194660187,0.0679360181093216,0.13803084194660187
217,right,right,0.03318063428695384,0.055522369454453796,0.2997123578504548,0.7571504280634604,-2.361784761705744,0,0,0.0,1.2036781527058338e-07,5.053451621606087e-07,0.25658851861953735,-0.09732519835233688,0.08250870555639267,-0.0973251536488533,0.08250881731510162,0.0679360181093216,0.13803084194660187,0.32452452182769775,0.13803084194660187
217,right,left,0.03318063428695384,0.055522369454453796,0.2997123578504548,0.7571504280634604,-2.361784761705744,1,100,16.39560842726935,0.17350786924362183,0.016423327577695268,0.24676568806171417,-0.09732519835233688,0.08250870555639267,-0.2681388556957245,0.052050888538360596,0.0679360181093216,0.13803084194660187,-0.17882512509822845,0.1395300030708313
217,right,forward,0.03318063428695384,0.055522369454453796,0.2997123578504548,0.7571504280634604,-2.361784761705744,0,0,0.0,1.2036781527058338e-07,5.053451621606087e-07,0.25658851861953735,-0.09732519835233688,0.08250870555639267,-0.0973251536488533,0.08250881731510162,0.0679360181093216,0.13803084194660187,0.0679360181093216,0.394619345664978
217,right,backward,0.03318063428695384,0.055522369454453796,0.2997123578504548,0.7571504280634604,-2.361784761705744,0,0,0.0,1.2036781527058338e-07,5.053451621606087e-07,0.25658848881721497,-0.09732519835233688,0.08250870555639267,-0.0973251536488533,0.08250881731510162,0.0679360181093216,0.13803084194660187,0.0679360181093216,-0.1185576543211937
218,back,stay,0.09626391022646241,0.004537265386369532,0.2690303871071064,0.7441928206778546,1.9522428813195045,0,0,0.0,6.184991434565745e-07,2.218351310423472e-06,0.0,-0.01562817394733429,0.036909010261297226,-0.015627555549144745,0.03690902143716812,-0.011091241613030434,-0.1949976086616516,-0.011091241613030434,-0.1949976086616516
218,back,right,0.09626391022646241,0.004537265386369532,0.2690303871071064,0.7441928206778546,1.9522428813195045,0,0,0.0,6.184991434565745e-07,2.218351310423472e-06,0.25658848881721497,-0.01562817394733429,0.036909010261297226,-0.015627555549144745,0.03690902143716812,-0.011091241613030434,-0.1949976086616516,0.24549725651741028,-0.1949976086616516
218,back,left,0.09626391022646241,0.004537265386369532,0.2690303871071064,0.7441928206778546,1.9522428813195045,0,0,0.0,6.184991434565745e-07,2.218351310423472e-06,0.25658851861953735,-0.01562817394733429,0.036909010261297226,-0.015627555549144745,0.03690902143716812,-0.011091241613030434,-0.1949976086616516,-0.26767975091934204,-0.1949976086616516
218,back,forward,0.09626391022646241,0.004537265386369532,0.2690303871071064,0.7441928206778546,1.9522428813195045,1,74,13.898812958519605,0.15040074288845062,0.0009332878744088281,0.2494010329246521,-0.01562817394733429,0.036909010261297226,-0.015529274009168148,0.18730972707271576,-0.011091241613030434,-0.1949976086616516,-0.011091700755059719,0.05440342053771019
218,back,backward,0.09626391022646241,0.004537265386369532,0.2690303871071064,0.7441928206778546,1.9522428813195045,0,0,0.0,6.184991434565745e-07,2.218351310423472e-06,0.25658848881721497,-0.01562817394733429,0.036909010261297226,-0.015627555549144745,0.03690902143716812,-0.011091241613030434,-0.1949976086616516,-0.011091241613030434,-0.4515860974788666
219,front,stay,0.09726685704318144,-0.0021813506764815638,0.37000364407170194,0.8310043835804066,-0.8619921419557564,0,0,0.0,2.4643998131068656e-07,8.398033936041216e-07,0.0,-0.09683176875114441,0.021550733596086502,-0.09683201462030411,0.021550750359892845,-0.09464994072914124,0.2526363730430603,-0.09464994072914124,0.2526363730430603
219,front,right,0.09726685704318144,-0.0021813506764815638,0.37000364407170194,0.8310043835804066,-0.8619921419557564,0,0,0.0,2.4643998131068656e-07,8.398033936041216e-07,0.25658848881721497,-0.09683176875114441,0.021550733596086502,-0.09683201462030411,0.021550750359892845,-0.09464994072914124,0.2526363730430603,0.16193854808807373,0.2526363730430603
219,front,left,0.09726685704318144,-0.0021813506764815638,0.37000364407170194,0.8310043835804066,-0.8619921419557564,0,0,0.0,2.4643998131068656e-07,8.398033936041216e-07,0.25658848881721497,-0.09683176875114441,0.021550733596086502,-0.09683201462030411,0.021550750359892845,-0.09464994072914124,0.2526363730430603,-0.3512384295463562,0.2526363730430603
219,front,forward,0.09726685704318144,-0.0021813506764815638,0.37000364407170194,0.8310043835804066,-0.8619921419557564,0,0,0.0,2.4643998131068656e-07,8.398033936041216e-07,0.25658851861953735,-0.09683176875114441,0.021550733596086502,-0.09683201462030411,0.021550750359892845,-0.09464994072914124,0.2526363730430603,-0.09464994072914124,0.5092248916625977
219,front,backward,0.09726685704318144,-0.0021813506764815638,0.37000364407170194,0.8310043835804066,-0.8619921419557564,1,71,18.387503408250897,0.14141511917114258,0.0007842438533107733,0.2463565468788147,-0.09683176875114441,0.021550733596086502,-0.09675172716379166,-0.11986437439918518,-0.09464994072914124,0.2526363730430603,-0.09465394169092178,0.006279823835939169
220,left,stay,0.037338219101769966,0.14018075273818967,0.23745776987178754,0.763852735607079,2.9920773573122954,0,0,0.0,8.495734959979018e-08,2.573304498376672e-07,0.0,-0.00017841148655861616,-0.07038158178329468,-0.0001784338674042374,-0.07038166373968124,-0.1682712584733963,-0.2105615884065628,-0.1682712584733963,-0.2105615884065628
220,left,right,0.037338219101769966,0.14018075273818967,0.23745776987178754,0.763852735607079,2.9920773573122954,0,0,0.0,8.495734959979018e-08,2.573304498376672e-07,0.25658848881721497,-0.00017841148655861616,-0.07038158178329468,-0.0001784338674042374,-0.07038166373968124,-0.1682712584733963,-0.2105615884065628,0.08831723779439926,-0.2105615884065628
220,left,left,0.037338219101769966,0.14018075273818967,0.23745776987178754,0.763852735607079,2.9920773573122954,0,0,0.0,8.495734959979018e-08,2.573304498376672e-07,0.25658851861953735,-0.00017841148655861616,-0.07038158178329468,-0.0001784338674042374,-0.07038166373968124,-0.1682712584733963,-0.2105615884065628,-0.42485976219177246,-0.2105615884065628
220,left,forward,0.037338219101769966,0.14018075273818967,0.23745776987178754,0.763852735607079,2.9920773573122954,0,0,0.0,8.495734959979018e-08,2.573304498376672e-07,0.25658848881721497,-0.00017841148655861616,-0.07038158178329468,-0.0001784338674042374,-0.07038166373968124,-0.1682712584733963,-0.2105615884065628,-0.1682712584733963,0.04602690786123276
220,left,backward,0.037338219101769966,0.14018075273818967,0.23745776987178754,0.763852735607079,2.9920773573122954,0,0,0.0,8.495734959979018e-08,2.573304498376672e-07,0.25658851861953735,-0.00017841148655861616,-0.07038158178329468,-0.0001784338674042374,-0.07038166373968124,-0.1682712584733963,-0.2105615884065628,-0.1682712584733963,-0.46715009212493896
221,right,stay,0.07521093094852266,-0.10170471288140667,0.2284736513576749,0.8133608952847653,3.006792956793583,0,0,0.0,3.2553688811276515e-07,4.617577924470595e-07,0.0,-0.029521407559514046,0.06822993606328964,-0.029521465301513672,0.06822961568832397,0.1759662628173828,-0.03347408026456833,0.1759662628173828,-0.03347408026456833
221,right,right,0.07521093094852266,-0.10170471288140667,0.2284736513576749,0.8133608952847653,3.006792956793583,0,0,0.0,3.2553688811276515e-07,4.617577924470595e-07,0.25658848881721497,-0.029521407559514046,0.06822993606328964,-0.029521465301513672,0.06822961568832397,0.1759662628173828,-0.03347408026456833,0.4325547516345978,-0.03347408026456833
221,right,left,0.07521093094852266,-0.10170471288140667,0.2284736513576749,0.8133608952847653,3.006792956793583,0,0,0.0,3.2553688811276515e-07,4.617577924470595e-07,0.25658848881721497,-0.029521407559514046,0.06822993606328964,-0.029521465301513672,0.06822961568832397,0.1759662628173828,-0.03347408026456833,-0.08062223345041275,-0.03347408026456833
221,right,forward,0.07521093094852266,-0.10170471288140667,0.2284736513576749,0.8133608952847653,3.006792956793583,0,0,0.0,3.2553688811276515e-07,4.617577924470595e-07,0.25658848881721497,-0.029521407559514046,0.06822993606328964,-0.029521465301513672,0.06822961568832397,0.1759662628173828,-0.03347408026456833,0.1759662628173828,0.22311441600322723
221,right,backward,0.07521093094852266,-0.10170471288140667,0.2284736513576749,0.8133608952847653,3.006792956793583,0,0,0.0,3.2553688811276515e-07,4.617577924470595e-07,0.25658848881721497,-0.029521407559514046,0.06822993606328964,-0.029521465301513672,0.06822961568832397,0.1759662628173828,-0.03347408026456833,0.1759662628173828,-0.2900625765323639
222,back,stay,0.1053673423168378,0.0880165792458899,0.2722349949608719,0.9111411254162425,-2.7342705149428075,0,0,0.0,7.11715699708293e-08,1.7774334581943663e-07,0.0,-0.06353334337472916,0.05367771536111832,-0.06353333592414856,0.053677644580602646,0.024483248591423035,-0.16668124496936798,0.024483248591423035,-0.16668124496936798
222,back,right,0.1053673423168378,0.0880165792458899,0.2722349949608719,0.9111411254162425,-2.7342705149428075,0,0,0.0,7.11715699708293e-08,1.7774334581943663e-07,0.25658851861953735,-0.06353334337472916,0.05367771536111832,-0.06353333592414856,0.053677644580602646,0.024483248591423035,-0.16668124496936798,0.2810717523097992,-0.16668124496936798
222,back,left,0.1053673423168378,0.0880165792458899,0.2722349949608719,0.9111411254162425,-2.7342705149428075,0,0,0.0,7.11715699708293e-08,1.7774334581943663e-07,0.25658848881721497,-0.06353334337472916,0.05367771536111832,-0.06353333592414856,0.053677644580602646,0.024483248591423035,-0.16668124496936798,-0.23210524022579193,-0.16668124496936798
222,back,forward,0.1053673423168378,0.0880165792458899,0.2722349949608719,0.9111411254162425,-2.7342705149428075,1,43,11.817079629880444,0.07461722940206528,0.12574265900047799,0.25147056579589844,-0.06353334337472916,0.05367771536111832,-0.06853491812944412,0.12812712788581848,0.024483248591423035,-0.16668124496936798,0.025257835164666176,0.08478812128305435
222,back,backward,0.1053673423168378,0.0880165792458899,0.2722349949608719,0.9111411254162425,-2.7342705149428075,0,0,0.0,7.11715699708293e-08,1.7774334581943663e-07,0.25658851861953735,-0.06353334337472916,0.05367771536111832,-0.06353333592414856,0.053677644580602646,0.024483248591423035,-0.16668124496936798,0.024483248591423035,-0.42326974868774414
223,front,stay,0.10761383744906844,-0.018263864166997684,0.2741080672355928,0.9801942972817501,-0.9630423516544866,0,0,0.0,3.301088611351588e-07,9.421535097642321e-07,0.0,0.0061750225722789764,0.09343037754297256,0.006174696609377861,0.09343032538890839,0.024439435452222824,0.3365197777748108,0.024439435452222824,0.3365197777748108
223,front,right,0.10761383744906844,-0.018263864166997684,0.2741080672355928,0.9801942972817501,-0.9630423516544866,0,0,0.0,3.301088611351588e-07,9.421535097642321e-07,0.25658851861953735,0.0061750225722789764,0.09343037754297256,0.006174696609377861,0.09343032538890839,0.024439435452222824,0.3365197777748108,0.2810279428958893,0.3365197777748108
223,front,left,0.10761383744906844,-0.018263864166997684,0.2741080672355928,0.9801942972817501,-0.9630423516544866,0,0,0.0,3.301088611351588e-07,9.421535097642321e-07,0.25658848881721497,0.0061750225722789764,0.09343037754297256,0.006174696609377861,0.09343032538890839,0.024439435452222824,0.3365197777748108,-0.23214906454086304,0.3365197777748108
223,front,forward,0.10761383744906844,-0.018263864166997684,0.2741080672355928,0.9801942972817501,-0.9630423516544866,0,0,0.0,3.301088611351588e-07,9.421535097642321e-07,0.25658851861953735,0.0061750225722789764,0.09343037754297256,0.006174696609377861,0.09343032538890839,0.024439435452222824,0.3365197777748108,0.024439435452222824,0.5931082963943481
223,front,backward,0.10761383744906844,-0.018263864166997684,0.2741080672355928,0.9801942972817501,-0.9630423516544866,1,64,12.718584860976033,0.10771235078573227,0.0008521810092582127,0.2490178495645523,0.0061750225722789764,0.09343037754297256,-0.008062387816607952,-0.013336878269910812,0.024439435452222824,0.3365197777748108,0.02538778819143772,0.08750372380018234
224,left,stay,0.06128647371039263,0.0629517960560578,0.2592879530705464,0.7810781308557053,-1.1597300907367403,0,0,0.0,5.78767526349111e-07,2.237629501911087e-06,0.0,-0.0012047551572322845,-0.03948479890823364,-0.0012053336249664426,-0.039484817534685135,-0.17770706117153168,-0.10243654251098633,-0.17770706117153168,-0.10243654251098633
224,left,right,0.06128647371039263,0.0629517960560578,0.2592879530705464,0.7810781308557053,-1.1597300907367403,1,68,16.83231472563314,0.1364223212003708,0.03742138974449971,0.2500316798686981,-0.0012047551572322845,-0.03948479890823364,0.13520099222660065,-0.03735858574509621,-0.17770706117153168,-0.10243654251098633,0.0723244920372963,-0.10269908607006073
224,left,left,0.06128647371039263,0.0629517960560578,0.2592879530705464,0.7810781308557053,-1.1597300907367403,0,0,0.0,5.78767526349111e-07,2.237629501911087e-06,0.25658851861953735,-0.0012047551572322845,-0.03948479890823364,-0.0012053336249664426,-0.039484817534685135,-0.17770706117153168,-0.10243654251098633,-0.43429556488990784,-0.10243654251098633
224,left,forward,0.06128647371039263,0.0629517960560578,0.2592879530705464,0.7810781308557053,-1.1597300907367403,0,0,0.0,5.78767526349111e-07,2.237629501911087e-06,0.25658848881721497,-0.0012047551572322845,-0.03948479890823364,-0.0012053336249664426,-0.039484817534685135,-0.17770706117153168,-0.10243654251098633,-0.17770706117153168,0.15415194630622864
224,left,backward,0.06128647371039263,0.0629517960560578,0.2592879530705464,0.7810781308557053,-1.1597300907367403,0,0,0.0,5.78767526349111e-07,2.237629501911087e-06,0.25658848881721497,-0.0012047551572322845,-0.03948479890823364,-0.0012053336249664426,-0.039484817534685135,-0.17770706117153168,-0.10243654251098633,-0.17770706117153168,-0.3590250313282013
225,right,stay,0.04681001541458795,0.06726475498173948,0.355055893177,0.6865030408123389,2.018753436641332,0,0,0.0,4.780143854077323e-07,1.8937716723677056e-06,0.0,-0.07778045535087585,-0.01741364598274231,-0.07777997851371765,-0.017413612455129623,0.08640473335981369,0.049851030111312866,0.08640473335981369,0.049851030111312866
225,right,right,0.04681001541458795,0.06726475498173948,0.355055893177,0.6865030408123389,2.018753436641332,0,0,0.0,4.780143854077323e-07,1.8937716723677056e-06,0.25658848881721497,-0.07778045535087585,-0.01741364598274231,-0.07777997851371765,-0.017413612455129623,0.08640473335981369,0.049851030111312866,0.34299322962760925,0.049851030111312866
225,right,left,0.04681001541458795,0.06726475498173948,0.355055893177,0.6865030408123389,2.018753436641332,1,72,19.80502200954874,0.14177046716213226,0.05838060153374869,0.24807988107204437,-0.07778045535087585,-0.01741364598274231,-0.219513937830925,-0.020651623606681824,0.08640473335981369,0.049851030111312866,-0.16167473793029785,0.050296440720558167
225,right,forward,0.04681001541458795,0.06726475498173948,0.355055893177,0.6865030408123389,2.018753436641332,0,0,0.0,4.780143854077323e-07,1.8937716723677056e-06,0.25658848881721497,-0.07778045535087585,-0.01741364598274231,-0.07777997851371765,-0.017413612455129623,0.08640473335981369,0.049851030111312866,0.08640473335981369,0.30643951892852783
225,right,backward,0.04681001541458795,0.06726475498173948,0.355055893177,0.6865030408123389,2.018753436641332,0,0,0.0,4.780143854077323e-07,1.8937716723677056e-06,0.25658848881721497,-0.07778045535087585,-0.01741364598274231,-0.07777997851371765,-0.017413612455129623,0.08640473335981369,0.049851030111312866,0.08640473335981369,-0.2067374587059021
226,back,stay,0.08891918676313332,-0.007502883925999737,0.24665953539899454,0.6518295515147841,-2.698447996174141,0,0,0.0,1.4216022137247819e-08,3.2126051818792694e-07,0.0,0.061306338757276535,-0.015375307761132717,0.06130634620785713,-0.015375319868326187,0.05380348116159439,-0.22139467298984528,0.05380348116159439,-0.22139467298984528
226,back,right,0.08891918676313332,-0.007502883925999737,0.24665953539899454,0.6518295515147841,-2.698447996174141,0,0,0.0,1.4216022137247819e-08,3.2126051818792694e-07,0.25658848881721497,0.061306338757276535,-0.015375307761132717,0.06130634620785713,-0.015375319868326187,0.05380348116159439,-0.22139467298984528,0.31039196252822876,-0.22139467298984528
226,back,left,0.08891918676313332,-0.007502883925999737,0.24665953539899454,0.6518295515147841,-2.698447996174141,0,0,0.0,1.4216022137247819e-08,3.2126051818792694e-07,0.25658848881721497,0.061306338757276535,-0.015375307761132717,0.06130634620785713,-0.015375319868326187,0.05380348116159439,-0.22139467298984528,-0.20278501510620117,-0.22139467298984528
226,back,forward,0.08891918676313332,-0.007502883925999737,0.24665953539899454,0.6518295515147841,-2.698447996174141,1,70,15.042494937086067,0.1428176909685135,0.000296378546624787,0.25115954875946045,0.061306338757276535,-0.015375307761132717,0.06140904128551483,0.1274423450231552,0.05380348116159439,-0.22139467298984528,0.05378977581858635,0.02976488508284092
226,back,backward,0.08891918676313332,-0.007502883925999737,0.24665953539899454,0.6518295515147841,-2.698447996174141,0,0,0.0,1.4216022137247819e-08,3.2126051818792694e-07,0.25658851861953735,0.061306338757276535,-0.015375307761132717,0.06130634620785713,-0.015375319868326187,0.05380348116159439,-0.22139467298984528,0.05380348116159439,-0.47798317670822144
227,front,stay,0.05115718321993881,-0.08385418435374874,0.32703138353733263,0.8078015259578171,2.1294326440794995,0,0,0.0,3.0872746492605074e-07,1.10521526508478e-06,0.0,-0.04266781732439995,-0.08152704685926437,-0.042667511850595474,-0.08152700215578079,0.04118577763438225,0.10555955022573471,0.04118577763438225,0.10555955022573471
227,front,right,0.05115718321993881,-0.08385418435374874,0.32703138353733263,0.8078015259578171,2.1294326440794995,0,0,0.0,3.0872746492605074e-07,1.10521526508478e-06,0.25658851861953735,-0.04266781732439995,-0.08152704685926437,-0.042667511850595474,-0.08152700215578079,0.04118577763438225,0.10555955022573471,0.2977742850780487,0.10555955022573471
227,front,left,0.05115718321993881,-0.08385418435374874,0.32703138353733263,0.8078015259578171,2.1294326440794995,0,0,0.0,3.0872746492605074e-07,1.10521526508478e-06,0.25658848881721497,-0.04266781732439995,-0.08152704685926437,-0.042667511850595474,-0.08152700215578079,0.04118577763438225,0.10555955022573471,-0.2154027223587036,0.10555955022573471
227,front,forward,0.05115718321993881,-0.08385418435374874,0.32703138353733263,0.8078015259578171,2.1294326440794995,0,0,0.0,3.0872746492605074e-07,1.10521526508478e-06,0.25658848881721497,-0.04266781732439995,-0.08152704685926437,-0.042667511850595474,-0.08152700215578079,0.04118577763438225,0.10555955022573471,0.04118577763438225,0.3621480464935303
227,front,backward,0.05115718321993881,-0.08385418435374874,0.32703138353733263,0.8078015259578171,2.1294326440794995,1,45,8.251546772482733,0.04398537427186966,0.12118582720457605,0.25198081135749817,-0.04266781732439995,-0.08152704685926437,-0.06296133995056152,-0.1205512210726738,0.04118577763438225,0.10555955022573471,0.042964160442352295,-0.14641501009464264
228,left,stay,0.07016238062902037,-0.09322316707485429,0.36464184297385493,0.9443478336120279,-2.31138742422271,0,0,0.0,2.0499254560490954e-07,7.100408576654617e-07,0.0,-0.05006403848528862,0.06944338232278824,-0.05006397143006325,0.06944357603788376,-0.25079113245010376,0.16266635060310364,-0.25079113245010376,0.16266635060310364
228,left,right,0.07016238062902037,-0.09322316707485429,0.36464184297385493,0.9443478336120279,-2.31138742422271,1,41,12.436798984420165,0.05079471692442894,0.24900413597867965,0.2503926157951355,-0.05006403848528862,0.06944338232278824,0.00021835710504092276,0.06224728375673294,-0.25079113245010376,0.16266635060310364,-0.0004000188782811165,0.1635308712720871
228,left,left,0.07016238062902037,-0.09322316707485429,0.36464184297385493,0.9443478336120279,-2.31138742422271,0,0,0.0,2.0499254560490954e-07,7.100408576654617e-07,0.25658851861953735,-0.05006403848528862,0.06944338232278824,-0.05006397143006325,0.06944357603788376,-0.25079113245010376,0.16266635060310364,-0.5073796510696411,0.16266635060310364
228,left,forward,0.07016238062902037,-0.09322316707485429,0.36464184297385493,0.9443478336120279,-2.31138742422271,0,0,0.0,2.0499254560490954e-07,7.100408576654617e-07,0.25658848881721497,-0.05006403848528862,0.06944338232278824,-0.05006397143006325,0.06944357603788376,-0.25079113245010376,0.16266635060310364,-0.25079113245010376,0.4192548394203186
228,left,backward,0.07016238062902037,-0.09322316707485429,0.36464184297385493,0.9443478336120279,-2.31138742422271,0,0,0.0,2.0499254560490954e-07,7.100408576654617e-07,0.25658848881721497,-0.05006403848528862,0.06944338232278824,-0.05006397143006325,0.06944357603788376,-0.25079113245010376,0.16266635060310364,-0.25079113245010376,-0.09392214566469193
229,right,stay,0.05631688075217654,0.13017980858395253,0.28493430915085455,0.9618166274491671,-1.8654054521658274,0,0,0.0,5.50525101061794e-08,1.8424034964326097e-07,0.0,0.07027338445186615,-0.00679760379716754,0.07027342915534973,-0.006797635927796364,0.23433229327201843,0.12338227033615112,0.23433229327201843,0.12338227033615112
229,right,right,0.05631688075217654,0.13017980858395253,0.28493430915085455,0.9618166274491671,-1.8654054521658274,0,0,0.0,5.50525101061794e-08,1.8424034964326097e-07,0.25658848881721497,0.07027338445186615,-0.00679760379716754,0.07027342915534973,-0.006797635927796364,0.23433229327201843,0.12338227033615112,0.4909207820892334,0.12338227033615112
229,right,left,0.05631688075217654,0.13017980858395253,0.28493430915085455,0.9618166274491671,-1.8654054521658274,1,25,4.536963315372233,0.009642242453992367,0.08208832992934978,0.255301296710968,0.07027338445186615,-0.00679760379716754,0.0607486367225647,-0.008298278786242008,0.23433229327201843,0.12338227033615112,-0.02096792869269848,0.12412276118993759
229,right,forward,0.05631688075217654,0.13017980858395253,0.28493430915085455,0.9618166274491671,-1.8654054521658274,0,0,0.0,1.1137061619592714e-06,3.840531517029788e-06,0.25658848881721497,0.07027319818735123,-0.0067975567653775215,0.07027428597211838,-0.00679779564961791,0.23433229327201843,0.12338227033615112,0.23433229327201843,0.3799707591533661
229,right,backward,0.05631688075217654,0.13017980858395253,0.28493430915085455,0.9618166274491671,-1.8654054521658274,0,0,0.0,1.1137061619592714e-06,3.840531517029788e-06,0.25658848881721497,0.07027319818735123,-0.0067975567653775215,0.07027428597211838,-0.00679779564961791,0.23433229327201843,0.12338227033615112,0.23433229327201843,-0.13320621848106384
230,back,stay,0.037775149675480346,-0.01897140211838913,0.28364278805552845,0.9447552036332538,1.491928498426697,0,0,0.0,9.513357781543164e-07,1.3083625589604964e-06,0.0,0.0015218392945826054,0.007440598215907812,0.0015209022676572204,0.007440762594342232,-0.017449330538511276,-0.15861576795578003,-0.017449330538511276,-0.15861576795578003
230,back,right,0.037775149675480346,-0.01897140211838913,0.28364278805552845,0.9447552036332538,1.491928498426697,0,0,0.0,9.513357781543164e-07,1.3083625589604964e-06,0.25658848881721497,0.0015218392945826054,0.007440598215907812,0.0015209022676572204,0.007440762594342232,-0.017449330538511276,-0.15861576795578003,0.23913916945457458,-0.15861576795578003
230,back,left,0.037775149675480346,-0.01897140211838913,0.28364278805552845,0.9447552036332538,1.491928498426697,0,0,0.0,9.513357781543164e-07,1.3083625589604964e-06,0.25658851861953735,0.0015218392945826054,0.007440598215907812,0.0015209022676572204,0.007440762594342232,-0.017449330538511276,-0.15861576795578003,-0.27403783798217773,-0.15861576795578003
230,back,forward,0.037775149675480346,-0.01897140211838913,0.28364278805552845,0.9447552036332538,1.491928498426697,1,100,22.5895566669743,0.20258398354053497,0.002215693094943072,0.24480655789375305,0.0015218392945826054,0.007440598215907812,0.0018367015291005373,0.21002432703971863,-0.017449330538511276,-0.15861576795578003,-0.01746266335248947,0.08619078993797302
230,back,backward,0.037775149675480346,-0.01897140211838913,0.28364278805552845,0.9447552036332538,1.491928498426697,0,0,0.0,9.513357781543164e-07,1.3083625589604964e-06,0.25658848881721497,0.0015218392945826054,0.007440598215907812,0.0015209022676572204,0.007440762594342232,-0.017449330538511276,-0.15861576795578003,-0.017449330538511276,-0.415204256772995
231,front,stay,0.05578879934941286,0.047638131274956724,0.2695742680995984,0.8825030990640231,-1.6882785585029703,0,0,0.0,8.483528404212848e-07,6.602074529293844e-07,0.0,0.00317607750184834,0.09020965546369553,0.0031769126653671265,0.09020950645208359,-0.04446238651871681,0.27568718791007996,-0.04446238651871681,0.27568718791007996
231,front,right,0.05578879934941286,0.047638131274956724,0.2695742680995984,0.8825030990640231,-1.6882785585029703,0,0,0.0,8.483528404212848e-07,6.602074529293844e-07,0.25658848881721497,0.00317607750184834,0.09020965546369553,0.0031769126653671265,0.09020950645208359,-0.04446238651871681,0.27568718791007996,0.21212610602378845,0.27568718791007996
231,front,left,0.05578879934941286,0.047638131274956724,0.2695742680995984,0.8825030990640231,-1.6882785585029703,0,0,0.0,8.483528404212848e-07,6.602074529293844e-07,0.25658848881721497,0.00317607750184834,0.09020965546369553,0.0031769126653671265,0.09020950645208359,-0.04446238651871681,0.27568718791007996,-0.3010508716106415,0.27568718791007996
231,front,forward,0.05578879934941286,0.047638131274956724,0.2695742680995984,0.8825030990640231,-1.6882785585029703,0,0,0.0,8.483528404212848e-07,6.602074529293844e-07,0.25658848881721497,0.00317607750184834,0.09020965546369553,0.0031769126653671265,0.09020950645208359,-0.04446238651871681,0.27568718791007996,-0.04446238651871681,0.5322756767272949
231,front,backward,0.05578879934941286,0.047638131274956724,0.2695742680995984,0.8825030990640231,-1.6882785585029703,1,93,15.114794896098191,0.18726345896720886,0.02418128447686896,0.24666011333465576,0.00317607750184834,0.09020965546369553,0.005954798776656389,-0.09703318774700165,-0.04446238651871681,0.27568718791007996,-0.04456315562129021,0.029027093201875687
232,left,stay,0.06218674634260703,0.005501243966139657,0.3671998832348427,0.864733824153181,0.18989587239302086,0,0,0.0,4.889221827397705e-07,4.4708126883952204e-07,0.0,-0.07123929262161255,-0.04979074373841286,-0.07123944163322449,-0.049791209399700165,-0.265392005443573,-0.055291470140218735,-0.265392005443573,-0.055291470140218735
232,left,right,0.06218674634260703,0.005501243966139657,0.3671998832348427,0.864733824153181,0.18989587239302086,1,88,25.364082122638212,0.17594607174396515,0.00013334476896861847,0.24389831721782684,-0.07123929262161255,-0.04979074373841286,0.104706771671772,-0.04970254376530647,-0.265392005443573,-0.055291470140218735,-0.021493682637810707,-0.05529385432600975
232,left,left,0.06218674634260703,0.005501243966139657,0.3671998832348427,0.864733824153181,0.18989587239302086,0,0,0.0,4.889221827397705e-07,4.4708126883952204e-07,0.25658851861953735,-0.07123929262161255,-0.04979074373841286,-0.07123944163322449,-0.049791209399700165,-0.265392005443573,-0.055291470140218735,-0.5219805240631104,-0.055291470140218735
232,left,forward,0.06218674634260703,0.005501243966139657,0.3671998832348427,0.864733824153181,0.18989587239302086,0,0,0.0,4.889221827397705e-07,4.4708126883952204e-07,0.25658848881721497,-0.07123929262161255,-0.04979074373841286,-0.07123944163322449,-0.049791209399700165,-0.265392005443573,-0.055291470140218735,-0.265392005443573,0.20129702985286713
232,left,backward,0.06218674634260703,0.005501243966139657,0.3671998832348427,0.864733824153181,0.18989587239302086,0,0,0.0,4.889221827397705e-07,4.4708126883952204e-07,0.25658848881721497,-0.07123929262161255,-0.04979074373841286,-0.07123944163322449,-0.049791209399700165,-0.265392005443573,-0.055291470140218735,-0.265392005443573,-0.311879962682724
233,right,stay,0.019669283011481783,0.07224984081832425,0.3225791525967961,0.738957726671547,2.13323557457187,0,0,0.0,2.976737789595063e-07,1.0786573705345859e-06,0.0,-0.03686320781707764,0.05730189383029938,-0.03686291351914406,0.05730193853378296,0.10619992017745972,0.12955158948898315,0.10619992017745972,0.12955158948898315
233,right,right,0.019669283011481783,0.07224984081832425,0.3225791525967961,0.738957726671547,2.13323557457187,0,0,0.0,2.976737789595063e-07,1.0786573705345859e-06,0.25658848881721497,-0.03686320781707764,0.05730189383029938,-0.03686291351914406,0.05730193853378296,0.10619992017745972,0.12955158948898315,0.3627884089946747,0.12955158948898315
233,right,left,0.019669283011481783,0.07224984081832425,0.3225791525967961,0.738957726671547,2.13323557457187,1,79,13.134947331476795,0.15408071875572205,0.07125971470433523,0.247804656624794,-0.03686320781707764,0.05730189383029938,-0.19089846312999725,0.053559377789497375,0.10619992017745972,0.12955158948898315,-0.14160431921482086,0.13000701367855072
233,right,forward,0.019669283011481783,0.07224984081832425,0.3225791525967961,0.738957726671547,2.13323557457187,0,0,0.0,2.976737789595063e-07,1.0786573705345859e-06,0.25658848881721497,-0.03686320781707764,0.05730189383029938,-0.03686291351914406,0.05730193853378296,0.10619992017745972,0.12955158948898315,0.10619992017745972,0.3861400783061981
233,right,backward,0.019669283011481783,0.07224984081832425,0.3225791525967961,0.738957726671547,2.13323557457187,0,0,0.0,2.976737789595063e-07,1.0786573705345859e-06,0.25658848881721497,-0.03686320781707764,0.05730189383029938,-0.03686291351914406,0.05730193853378296,0.10619992017745972,0.12955158948898315,0.10619992017745972,-0.1270368993282318
234,back,stay,0.03243141132106962,-0.14309388444248922,0.2610819842366211,0.8859474951655845,1.9342339195977925,0,0,0.0,6.709246918035205e-07,2.684466710922706e-06,0.0,0.04438253864645958,0.08230675756931305,0.0443832091987133,0.08230673521757126,-0.09871169924736023,-0.08556953072547913,-0.09871169924736023,-0.08556953072547913
234,back,right,0.03243141132106962,-0.14309388444248922,0.2610819842366211,0.8859474951655845,1.9342339195977925,0,0,0.0,6.709246918035205e-07,2.684466710922706e-06,0.25658848881721497,0.04438253864645958,0.08230675756931305,0.0443832091987133,0.08230673521757126,-0.09871169924736023,-0.08556953072547913,0.15787678956985474,-0.08556953072547913
234,back,left,0.03243141132106962,-0.14309388444248922,0.2610819842366211,0.8859474951655845,1.9342339195977925,0,0,0.0,6.709246918035205e-07,2.684466710922706e-06,0.25658848881721497,0.04438253864645958,0.08230675756931305,0.0443832091987133,0.08230673521757126,-0.09871169924736023,-0.08556953072547913,-0.3553001880645752,-0.08556953072547913
234,back,forward,0.03243141132106962,-0.14309388444248922,0.2610819842366211,0.8859474951655845,1.9342339195977925,0,0,0.0,6.709246918035205e-07,2.684466710922706e-06,0.25658848881721497,0.04438253864645958,0.08230675756931305,0.0443832091987133,0.08230673521757126,-0.09871169924736023,-0.08556953072547913,-0.09871169924736023,0.17101895809173584
234,back,backward,0.03243141132106962,-0.14309388444248922,0.2610819842366211,0.8859474951655845,1.9342339195977925,0,0,0.0,6.709246918035205e-07,2.684466710922706e-06,0.25658848881721497,0.04438253864645958,0.08230675756931305,0.0443832091987133,0.08230673521757126,-0.09871169924736023,-0.08556953072547913,-0.09871169924736023,-0.3421580195426941
235,front,stay,0.06217256813334514,-0.059029448931130574,0.30609290501603736,0.8038301672620666,-2.3616859458478556,0,0,0.0,1.207167912298246e-07,5.053911840136038e-07,0.0,-0.015156613662838936,-0.0976109728217125,-0.01515656802803278,-0.09761086106300354,0.043872859328985214,0.09632853418588638,0.043872859328985214,0.09632853418588638
235,front,right,0.06217256813334514,-0.059029448931130574,0.30609290501603736,0.8038301672620666,-2.3616859458478556,0,0,0.0,1.207167912298246e-07,5.053911840136038e-07,0.25658848881721497,-0.015156613662838936,-0.0976109728217125,-0.01515656802803278,-0.09761086106300354,0.043872859328985214,0.09632853418588638,0.3004613518714905,0.09632853418588638
235,front,left,0.06217256813334514,-0.059029448931130574,0.30609290501603736,0.8038301672620666,-2.3616859458478556,0,0,0.0,1.207167912298246e-07,5.053911840136038e-07,0.25658848881721497,-0.015156613662838936,-0.0976109728217125,-0.01515656802803278,-0.09761086106300354,0.043872859328985214,0.09632853418588638,-0.21271564066410065,0.09632853418588638
235,front,forward,0.06217256813334514,-0.059029448931130574,0.30609290501603736,0.8038301672620666,-2.3616859458478556,0,0,0.0,1.207167912298246e-07,5.053911840136038e-07,0.25658848881721497,-0.015156613662838936,-0.0976109728217125,-0.01515656802803278,-0.09761086106300354,0.043872859328985214,0.09632853418588638,0.043872859328985214,0.35291701555252075
235,front,backward,0.06217256813334514,-0.059029448931130574,0.30609290501603736,0.8038301672620666,-2.3616859458478556,1,85,12.846102852537552,0.15369091928005219,0.021722003581890807,0.24733032286167145,-0.015156613662838936,-0.0976109728217125,-0.032903604209423065,-0.25027382373809814,0.043872859328985214,0.09632853418588638,0.045224450528621674,-0.15099811553955078
236,left,stay,0.028651992828206657,-0.008804290182289232,0.32018986566831714,1.019850532346891,-0.916358475252864,0,0,0.0,2.6915060402643576e-07,8.137801100760456e-07,0.0,0.08571257442235947,0.042027514427900314,0.08571230620145798,0.042027492076158524,-0.07038208097219467,0.05083196237683296,-0.07038208097219467,0.05083196237683296
236,left,right,0.028651992828206657,-0.008804290182289232,0.32018986566831714,1.019850532346891,-0.916358475252864,1,101,16.701138514894403,0.2001493275165558,0.0011265906854737162,0.24231058359146118,0.08571257442235947,0.042027514427900314,0.2858618199825287,0.04184538498520851,-0.07038208097219467,0.05083196237683296,0.1719285100698471,0.05086557939648628
236,left,left,0.028651992828206657,-0.008804290182289232,0.32018986566831714,1.019850532346891,-0.916358475252864,0,0,0.0,2.6915060402643576e-07,8.137801100760456e-07,0.25658848881721497,0.08571257442235947,0.042027514427900314,0.08571230620145798,0.042027492076158524,-0.07038208097219467,0.05083196237683296,-0.32697057723999023,0.05083196237683296
236,left,forward,0.028651992828206657,-0.008804290182289232,0.32018986566831714,1.019850532346891,-0.916358475252864,0,0,0.0,2.6915060402643576e-07,8.137801100760456e-07,0.25658848881721497,0.08571257442235947,0.042027514427900314,0.08571230620145798,0.042027492076158524,-0.07038208097219467,0.05083196237683296,-0.07038208097219467,0.3074204623699188
236,left,backward,0.028651992828206657,-0.008804290182289232,0.32018986566831714,1.019850532346891,-0.916358475252864,0,0,0.0,2.6915060402643576e-07,8.137801100760456e-07,0.25658848881721497,0.08571257442235947,0.042027514427900314,0.08571230620145798,0.042027492076158524,-0.07038208097219467,0.05083196237683296,-0.07038208097219467,-0.2057565301656723
237,right,stay,0.02746394458133226,0.047898121336066135,0.3076054251472584,0.7441320307185909,2.653878813622212,0,0,0.0,1.5200828329398064e-07,4.506905377787973e-07,0.0,0.042420826852321625,0.037197697907686234,0.04242091625928879,0.037197574973106384,0.20606151223182678,0.08509603887796402,0.20606151223182678,0.08509603887796402
237,right,right,0.02746394458133226,0.047898121336066135,0.3076054251472584,0.7441320307185909,2.653878813622212,0,0,0.0,1.5200828329398064e-07,4.506905377787973e-07,0.25658848881721497,0.042420826852321625,0.037197697907686234,0.04242091625928879,0.037197574973106384,0.20606151223182678,0.08509603887796402,0.46265000104904175,0.08509603887796402
237,right,left,0.02746394458133226,0.047898121336066135,0.3076054251472584,0.7441320307185909,2.653878813622212,1,87,10.973247618053016,0.0931042730808258,0.003334084480748789,0.24918757379055023,0.042420826852321625,0.037197697907686234,-0.03745551407337189,-0.010637187398970127,0.20606151223182678,0.08509603887796402,-0.04310450702905655,0.08837412297725677
237,right,forward,0.02746394458133226,0.047898121336066135,0.3076054251472584,0.7441320307185909,2.653878813622212,0,0,0.0,1.5200828329398064e-07,4.506905377787973e-07,0.25658848881721497,0.042420826852321625,0.037197697907686234,0.04242091625928879,0.037197574973106384,0.20606151223182678,0.08509603887796402,0.20606151223182678,0.3416845202445984
237,right,backward,0.02746394458133226,0.047898121336066135,0.3076054251472584,0.7441320307185909,2.653878813622212,0,0,0.0,1.5200828329398064e-07,4.506905377787973e-07,0.25658848881721497,0.042420826852321625,0.037197697907686234,0.04242091625928879,0.037197574973106384,0.20606151223182678,0.08509603887796402,0.20606151223182678,-0.17149245738983154
238,back,stay,0.057719315556512316,0.014915393081269906,0.25770455222467853,0.990559468822714,2.226746446413207,0,0,0.0,2.6536156383372145e-07,8.099238280045995e-07,0.0,-0.051896460354328156,0.009059424512088299,-0.051896195858716965,0.009059445932507515,-0.03698160499334335,-0.18346595764160156,-0.03698160499334335,-0.18346595764160156
238,back,right,0.057719315556512316,0.014915393081269906,0.25770455222467853,0.990559468822714,2.226746446413207,0,0,0.0,2.6536156383372145e-07,8.099238280045995e-07,0.25658848881721497,-0.051896460354328156,0.009059424512088299,-0.051896195858716965,0.009059445932507515,-0.03698160499334335,-0.18346595764160156,0.2196068912744522,-0.18346595764160156
238,back,left,0.057719315556512316,0.014915393081269906,0.25770455222467853,0.990559468822714,2.226746446413207,0,0,0.0,2.6536156383372145e-07,8.099238280045995e-07,0.25658848881721497,-0.051896460354328156,0.009059424512088299,-0.051896195858716965,0.009059445932507515,-0.03698160499334335,-0.18346595764160156,-0.2935701012611389,-0.18346595764160156
238,back,forward,0.057719315556512316,0.014915393081269906,0.25770455222467853,0.990559468822714,2.226746446413207,1,93,17.15895280122907,0.18800105154514313,0.00039635595141884744,0.24616262316703796,-0.051896460354328156,0.009059424512088299,-0.05207667872309685,0.19706039130687714,-0.03698160499334335,-0.18346595764160156,-0.03697047755122185,0.0626966655254364
238,back,backward,0.057719315556512316,0.014915393081269906,0.25770455222467853,0.990559468822714,2.226746446413207,0,0,0.0,2.6536156383372145e-07,8.099238280045995e-07,0.25658848881721497,-0.051896460354328156,0.009059424512088299,-0.051896195858716965,0.009059445932507515,-0.03698160499334335,-0.18346595764160156,-0.03698160499334335,-0.44005444645881653
239,front,stay,0.10770273895185634,0.06526382615166482,0.37516471199816337,1.0046325069384776,-1.523945868064329,0,0,0.0,7.842598961360636e-07,2.945062806514187e-06,0.0,-0.05704008787870407,0.03384979069232941,-0.05704084783792496,0.03384998440742493,-0.1223037913441658,0.26856672763824463,-0.1223037913441658,0.26856672763824463
239,front,right,0.10770273895185634,0.06526382615166482,0.37516471199816337,1.0046325069384776,-1.523945868064329,0,0,0.0,7.842598961360636e-07,2.945062806514187e-06,0.25658848881721497,-0.05704008787870407,0.03384979069232941,-0.05704084783792496,0.03384998440742493,-0.1223037913441658,0.26856672763824463,0.13428470492362976,0.26856672763824463
239,front,left,0.10770273895185634,0.06526382615166482,0.37516471199816337,1.0046325069384776,-1.523945868064329,0,0,0.0,7.842598961360636e-07,2.945062806514187e-06,0.25658848881721497,-0.05704008787870407,0.03384979069232941,-0.05704084783792496,0.03384998440742493,-0.1223037913441658,0.26856672763824463,-0.37889227271080017,0.26856672763824463
239,front,forward,0.10770273895185634,0.06526382615166482,0.37516471199816337,1.0046325069384776,-1.523945868064329,0,0,0.0,7.842598961360636e-07,2.945062806514187e-06,0.25658851861953735,-0.05704008787870407,0.03384979069232941,-0.05704084783792496,0.03384998440742493,-0.1223037913441658,0.26856672763824463,-0.1223037913441658,0.525155246257782
239,front,backward,0.10770273895185634,0.06526382615166482,0.37516471199816337,1.0046325069384776,-1.523945868064329,1,66,20.302521649690167,0.1166427880525589,0.19654221005840022,0.24558860063552856,-0.05704008787870407,0.03384979069232941,-0.03675265982747078,-0.08101517707109451,-0.1223037913441658,0.26856672763824463,-0.12390852719545364,0.022983377799391747
240,left,stay,0.033250942046447116,-0.028902478014261337,0.2507132453683267,0.7866768150202399,-2.244415619500915,0,0,0.0,2.89903226757815e-07,8.992561109089081e-07,0.0,0.031150294467806816,0.08622725307941437,0.031150421127676964,0.08622751384973526,-0.13029590249061584,0.1151295006275177,-0.13029590249061584,0.1151295006275177
240,left,right,0.033250942046447116,-0.028902478014261337,0.2507132453683267,0.7866768150202399,-2.244415619500915,1,85,11.441889489465696,0.17073410749435425,0.006347930739827756,0.24887889623641968,0.031150294467806816,0.08622725307941437,0.2018560767173767,0.0831170603632927,-0.13029590249061584,0.1151295006275177,0.11858293414115906,0.11530157923698425
240,left,left,0.033250942046447116,-0.028902478014261337,0.2507132453683267,0.7866768150202399,-2.244415619500915,0,0,0.0,2.89903226757815e-07,8.992561109089081e-07,0.25658848881721497,0.031150294467806816,0.08622725307941437,0.031150421127676964,0.08622751384973526,-0.13029590249061584,0.1151295006275177,-0.3868843913078308,0.1151295006275177
240,left,forward,0.033250942046447116,-0.028902478014261337,0.2507132453683267,0.7866768150202399,-2.244415619500915,0,0,0.0,2.89903226757815e-07,8.992561109089081e-07,0.25658848881721497,0.031150294467806816,0.08622725307941437,0.031150421127676964,0.08622751384973526,-0.13029590249061584,0.1151295006275177,-0.13029590249061584,0.37171798944473267
240,left,backward,0.033250942046447116,-0.028902478014261337,0.2507132453683267,0.7866768150202399,-2.244415619500915,0,0,0.0,2.89903226757815e-07,8.992561109089081e-07,0.25658848881721497,0.031150294467806816,0.08622725307941437,0.031150421127676964,0.08622751384973526,-0.13029590249061584,0.1151295006275177,-0.13029590249061584,-0.14145898818969727
241,right,stay,0.052391621704300215,0.0936670026291744,0.2583080845605615,0.9937078365273199,1.6014735623708605,0,0,0.0,7.391111012111651e-07,2.8573729904390888e-06,0.0,-0.04371309652924538,-0.0692739263176918,-0.04371238127350807,-0.06927411258220673,0.09626442193984985,0.024393096566200256,0.09626442193984985,0.024393096566200256
241,right,right,0.052391621704300215,0.0936670026291744,0.2583080845605615,0.9937078365273199,1.6014735623708605,0,0,0.0,7.391111012111651e-07,2.8573729904390888e-06,0.25658848881721497,-0.04371309652924538,-0.0692739263176918,-0.04371238127350807,-0.06927411258220673,0.09626442193984985,0.024393096566200256,0.3528529107570648,0.024393096566200256
241,right,left,0.052391621704300215,0.0936670026291744,0.2583080845605615,0.9937078365273199,1.6014735623708605,1,93,10.124982175597607,0.16846993565559387,0.20044325680787,0.24674217402935028,-0.04371309652924538,-0.0692739263176918,-0.2117590606212616,-0.08121845871210098,0.09626442193984985,0.024393096566200256,-0.1504668891429901,0.02670874260365963
241,right,forward,0.052391621704300215,0.0936670026291744,0.2583080845605615,0.9937078365273199,1.6014735623708605,0,0,0.0,7.391111012111651e-07,2.8573729904390888e-06,0.25658851861953735,-0.04371309652924538,-0.0692739263176918,-0.04371238127350807,-0.06927411258220673,0.09626442193984985,0.024393096566200256,0.09626442193984985,0.2809816002845764
241,right,backward,0.052391621704300215,0.0936670026291744,0.2583080845605615,0.9937078365273199,1.6014735623708605,0,0,0.0,7.391111012111651e-07,2.8573729904390888e-06,0.25658848881721497,-0.04371309652924538,-0.0692739263176918,-0.04371238127350807,-0.06927411258220673,0.09626442193984985,0.024393096566200256,0.09626442193984985,-0.2321953922510147
242,back,stay,0.07664582635654064,0.03323806734569143,0.2255786187755754,0.8895143259418775,0.31388285818425565,0,0,0.0,1.1175870895385742e-07,8.370260040635458e-11,0.0,0.04250604659318924,0.01761811226606369,0.04250604659318924,0.017618224024772644,0.07574416697025299,-0.1680726408958435,0.07574416697025299,-0.1680726408958435
242,back,right,0.07664582635654064,0.03323806734569143,0.2255786187755754,0.8895143259418775,0.31388285818425565,0,0,0.0,1.1175870895385742e-07,8.370260040635458e-11,0.25658851861953735,0.04250604659318924,0.01761811226606369,0.04250604659318924,0.017618224024772644,0.07574416697025299,-0.1680726408958435,0.33233267068862915,-0.1680726408958435
242,back,left,0.07664582635654064,0.03323806734569143,0.2255786187755754,0.8895143259418775,0.31388285818425565,0,0,0.0,1.1175870895385742e-07,8.370260040635458e-11,0.25658848881721497,0.04250604659318924,0.01761811226606369,0.04250604659318924,0.017618224024772644,0.07574416697025299,-0.1680726408958435,-0.18084432184696198,-0.1680726408958435
242,back,forward,0.07664582635654064,0.03323806734569143,0.2255786187755754,0.8895143259418775,0.31388285818425565,1,70,16.943738909852364,0.14267373085021973,0.009292091816983705,0.2500877380371094,0.04250604659318924,0.01761811226606369,0.041936591267585754,0.1602907031774521,0.07574416697025299,-0.1680726408958435,0.07583899050951004,0.08201508969068527
242,back,backward,0.07664582635654064,0.03323806734569143,0.2255786187755754,0.8895143259418775,0.31388285818425565,0,0,0.0,1.1175870895385742e-07,8.370260040635458e-11,0.25658848881721497,0.04250604659318924,0.01761811226606369,0.04250604659318924,0.017618224024772644,0.07574416697025299,-0.1680726408958435,0.07574416697025299,-0.42466112971305847
243,front,stay,0.05595679352485951,-0.02919562436206423,0.2633285317965811,0.727323446203225,-0.7727113214430541,0,0,0.0,1.802055038524486e-07,9.442092778755296e-07,0.0,0.07474447786808014,0.07777469605207443,0.0747443214058876,0.0777747854590416,0.10394048690795898,0.26528918743133545,0.10394048690795898,0.26528918743133545
243,front,right,0.05595679352485951,-0.02919562436206423,0.2633285317965811,0.727323446203225,-0.7727113214430541,0,0,0.0,1.802055038524486e-07,9.442092778755296e-07,0.25658848881721497,0.07474447786808014,0.07777469605207443,0.0747443214058876,0.0777747854590416,0.10394048690795898,0.26528918743133545,0.36052897572517395,0.26528918743133545
243,front,left,0.05595679352485951,-0.02919562436206423,0.2633285317965811,0.727323446203225,-0.7727113214430541,0,0,0.0,1.802055038524486e-07,9.442092778755296e-07,0.25658848881721497,0.07474447786808014,0.07777469605207443,0.0747443214058876,0.0777747854590416,0.10394048690795898,0.26528918743133545,-0.15264800190925598,0.26528918743133545
243,front,forward,0.05595679352485951,-0.02919562436206423,0.2633285317965811,0.727323446203225,-0.7727113214430541,0,0,0.0,1.802055038524486e-07,9.442092778755296e-07,0.25658851861953735,0.07474447786808014,0.07777469605207443,0.0747443214058876,0.0777747854590416,0.10394048690795898,0.26528918743133545,0.10394048690795898,0.5218777060508728
243,front,backward,0.05595679352485951,-0.02919562436206423,0.2633285317965811,0.727323446203225,-0.7727113214430541,1,75,11.170081074027012,0.1375662088394165,0.0008759570250637116,0.24994294345378876,0.07474447786808014,0.07777469605207443,0.059239912778139114,-0.05891498550772667,0.10394048690795898,0.26528918743133545,0.1048387885093689,0.015347862616181374
244,left,stay,0.025858453959635257,0.12034574024772701,0.33518156924436016,1.0474073167123246,2.93599552481638,0,0,0.0,1.4601199360697592e-08,1.089178081059572e-09,0.0,0.01811636984348297,9.469307406106964e-05,0.018116364255547523,9.470656368648633e-05,-0.14013859629631042,-0.12025045603513718,-0.14013859629631042,-0.12025045603513718
244,left,right,0.025858453959635257,0.12034574024772701,0.33518156924436016,1.0474073167123246,2.93599552481638,0,0,0.0,1.4601199360697592e-08,1.089178081059572e-09,0.25658848881721497,0.01811636984348297,9.469307406106964e-05,0.018116364255547523,9.470656368648633e-05,-0.14013859629631042,-0.12025045603513718,0.11644989997148514,-0.12025045603513718
244,left,left,0.025858453959635257,0.12034574024772701,0.33518156924436016,1.0474073167123246,2.93599552481638,0,0,0.0,1.4601199360697592e-08,1.089178081059572e-09,0.25658848881721497,0.01811636984348297,9.469307406106964e-05,0.018116364255547523,9.470656368648633e-05,-0.14013859629631042,-0.12025045603513718,-0.3967270851135254,-0.12025045603513718
244,left,forward,0.025858453959635257,0.12034574024772701,0.33518156924436016,1.0474073167123246,2.93599552481638,0,0,0.0,1.4601199360697592e-08,1.089178081059572e-09,0.25658848881721497,0.01811636984348297,9.469307406106964e-05,0.018116364255547523,9.470656368648633e-05,-0.14013859629631042,-0.12025045603513718,-0.14013859629631042,0.1363380402326584
244,left,backward,0.025858453959635257,0.12034574024772701,0.33518156924436016,1.0474073167123246,2.93599552481638,0,0,0.0,1.4601199360697592e-08,1.089178081059572e-09,0.25658848881721497,0.01811636984348297,9.469307406106964e-05,0.018116364255547523,9.470656368648633e-05,-0.14013859629631042,-0.12025045603513718,-0.14013859629631042,-0.37683895230293274
245,right,stay,0.10229843765374176,0.08779360222496968,0.28886504803198954,0.8538073132947682,-2.768435538900726,0,0,0.0,1.3431724710244453e-07,2.2094326368460315e-11,0.0,0.06047264114022255,-0.07632027566432953,0.060472648590803146,-0.07632040977478027,0.2983265221118927,0.011472895741462708,0.2983265221118927,0.011472895741462708
245,right,right,0.10229843765374176,0.08779360222496968,0.28886504803198954,0.8538073132947682,-2.768435538900726,0,0,0.0,1.3431724710244453e-07,2.2094326368460315e-11,0.25658848881721497,0.06047264114022255,-0.07632027566432953,0.060472648590803146,-0.07632040977478027,0.2983265221118927,0.011472895741462708,0.5549150109291077,0.011472895741462708
245,right,left,0.10229843765374176,0.08779360222496968,0.28886504803198954,0.8538073132947682,-2.768435538900726,1,56,14.257949398020278,0.09868112206459045,0.15249316074953168,0.2501511573791504,0.06047264114022255,-0.07632027566432953,-0.03735535219311714,-0.08926815539598465,0.2983265221118927,0.011472895741462708,0.04817687347531319,0.012350386939942837
245,right,forward,0.10229843765374176,0.08779360222496968,0.28886504803198954,0.8538073132947682,-2.768435538900726,0,0,0.0,1.3431724710244453e-07,2.2094326368460315e-11,0.25658851861953735,0.06047264114022255,-0.07632027566432953,0.060472648590803146,-0.07632040977478027,0.2983265221118927,0.011472895741462708,0.2983265221118927,0.26806139945983887
245,right,backward,0.10229843765374176,0.08779360222496968,0.28886504803198954,0.8538073132947682,-2.768435538900726,0,0,0.0,1.3431724710244453e-07,2.2094326368460315e-11,0.25658848881721497,0.06047264114022255,-0.07632027566432953,0.060472648590803146,-0.07632040977478027,0.2983265221118927,0.011472895741462708,0.2983265221118927,-0.24511559307575226
246,back,stay,0.0503441418859228,0.12242588263468004,0.27113717217187544,0.9860889238233901,2.330583233342888,0,0,0.0,1.9754799041038495e-07,9.142166730313761e-07,0.0,0.006751926615834236,-0.08300542086362839,0.006752106361091137,-0.08300550282001495,0.12917737662792206,-0.2659676969051361,0.12917737662792206,-0.2659676969051361
246,back,right,0.0503441418859228,0.12242588263468004,0.27113717217187544,0.9860889238233901,2.330583233342888,0,0,0.0,1.9754799041038495e-07,9.142166730313761e-07,0.25658851861953735,0.006751926615834236,-0.08300542086362839,0.006752106361091137,-0.08300550282001495,0.12917737662792206,-0.2659676969051361,0.3857658803462982,-0.2659676969051361
246,back,left,0.0503441418859228,0.12242588263468004,0.27113717217187544,0.9860889238233901,2.330583233342888,0,0,0.0,1.9754799041038495e-07,9.142166730313761e-07,0.25658848881721497,0.006751926615834236,-0.08300542086362839,0.006752106361091137,-0.08300550282001495,0.12917737662792206,-0.2659676969051361,-0.1274111121892929,-0.2659676969051361
246,back,forward,0.0503441418859228,0.12242588263468004,0.27113717217187544,0.9860889238233901,2.330583233342888,1,61,9.557699423335338,0.07505784928798676,0.48153006049509944,0.2502840459346771,0.006751926615834236,-0.08300542086362839,0.0016310816863551736,-0.00812245812267065,0.12917737662792206,-0.2659676969051361,0.13114042580127716,-0.015691351145505905
246,back,backward,0.0503441418859228,0.12242588263468004,0.27113717217187544,0.9860889238233901,2.330583233342888,0,0,0.0,1.9754799041038495e-07,9.142166730313761e-07,0.25658848881721497,0.006751926615834236,-0.08300542086362839,0.006752106361091137,-0.08300550282001495,0.12917737662792206,-0.2659676969051361,0.12917737662792206,-0.5225561857223511
247,front,stay,0.0791480684953779,-0.09082309871033521,0.34800752159186943,0.9192779094081154,0.8013636559016373,0,0,0.0,1.7343151625937026e-07,6.125969600478953e-07,0.0,-0.00019656671793200076,0.016282683238387108,-0.0001966176787391305,0.016282517462968826,0.09062652289867401,0.22779469192028046,0.09062652289867401,0.22779469192028046
247,front,right,0.0791480684953779,-0.09082309871033521,0.34800752159186943,0.9192779094081154,0.8013636559016373,0,0,0.0,1.7343151625937026e-07,6.125969600478953e-07,0.25658851861953735,-0.00019656671793200076,0.016282683238387108,-0.0001966176787391305,0.016282517462968826,0.09062652289867401,0.22779469192028046,0.34721502661705017,0.22779469192028046
247,front,left,0.0791480684953779,-0.09082309871033521,0.34800752159186943,0.9192779094081154,0.8013636559016373,0,0,0.0,1.7343151625937026e-07,6.125969600478953e-07,0.25658848881721497,-0.00019656671793200076,0.016282683238387108,-0.0001966176787391305,0.016282517462968826,0.09062652289867401,0.22779469192028046,-0.16596196591854095,0.22779469192028046
247,front,forward,0.0791480684953779,-0.09082309871033521,0.34800752159186943,0.9192779094081154,0.8013636559016373,0,0,0.0,1.7343151625937026e-07,6.125969600478953e-07,0.25658851861953735,-0.00019656671793200076,0.016282683238387108,-0.0001966176787391305,0.016282517462968826,0.09062652289867401,0.22779469192028046,0.09062652289867401,0.4843831956386566
247,front,backward,0.0791480684953779,-0.09082309871033521,0.34800752159186943,0.9192779094081154,0.8013636559016373,1,62,15.633624053758252,0.09616278856992722,0.28255639565690027,0.2481016367673874,-0.00019656671793200076,0.016282683238387108,-0.01810968853533268,-0.0781969502568245,0.09062652289867401,0.22779469192028046,0.09276216477155685,-0.020297756418585777
248,left,stay,0.02738749992467908,0.12756493383101683,0.24843960079598687,0.6509373615566206,1.5211897481024321,0,0,0.0,7.335133318520093e-07,1.5374073436547064e-06,0.0,0.04778162017464638,0.04326785355806351,0.047780901193618774,0.04326799884438515,-0.06876520812511444,-0.08429712057113647,-0.06876520812511444,-0.08429712057113647
248,left,right,0.02738749992467908,0.12756493383101683,0.24843960079598687,0.6509373615566206,1.5211897481024321,1,13,0.0,7.335133318520093e-07,1.5374073436547064e-06,0.25658848881721497,0.04778162017464638,0.04326785355806351,0.047780901193618774,0.04326799884438515,-0.06876520812511444,-0.08429712057113647,0.18782328069210052,-0.08429712057113647
248,left,left,0.02738749992467908,0.12756493383101683,0.24843960079598687,0.6509373615566206,1.5211897481024321,0,0,0.0,7.335133318520093e-07,1.5374073436547064e-06,0.25658851861953735,0.04778162017464638,0.04326785355806351,0.047780901193618774,0.04326799884438515,-0.06876520812511444,-0.08429712057113647,-0.3253537118434906,-0.08429712057113647
248,left,forward,0.02738749992467908,0.12756493383101683,0.24843960079598687,0.6509373615566206,1.5211897481024321,0,0,0.0,7.335133318520093e-07,1.5374073436547064e-06,0.25658848881721497,0.04778162017464638,0.04326785355806351,0.047780901193618774,0.04326799884438515,-0.06876520812511444,-0.08429712057113647,-0.06876520812511444,0.1722913682460785
248,left,backward,0.02738749992467908,0.12756493383101683,0.24843960079598687,0.6509373615566206,1.5211897481024321,0,0,0.0,7.335133318520093e-07,1.5374073436547064e-06,0.25658848881721497,0.04778162017464638,0.04326785355806351,0.047780901193618774,0.04326799884438515,-0.06876520812511444,-0.08429712057113647,-0.06876520812511444,-0.34088560938835144
249,right,stay,0.11335794678946015,-0.1386166696820668,0.28155084701169053,0.8480363848651292,1.1496075927288913,0,0,0.0,7.920075972833729e-08,2.4680083221539917e-07,0.0,0.07176901400089264,0.026945525780320168,0.07176896184682846,0.026945585384964943,0.3009462058544159,-0.11167114228010178,0.3009462058544159,-0.11167114228010178
249,right,right,0.11335794678946015,-0.1386166696820668,0.28155084701169053,0.8480363848651292,1.1496075927288913,0,0,0.0,7.920075972833729e-08,2.4680083221539917e-07,0.25658848881721497,0.07176901400089264,0.026945525780320168,0.07176896184682846,0.026945585384964943,0.3009462058544159,-0.11167114228010178,0.5575346946716309,-0.11167114228010178
249,right,left,0.11335794678946015,-0.1386166696820668,0.28155084701169053,0.8480363848651292,1.1496075927288913,0,0,0.0,7.920075972833729e-08,2.4680083221539917e-07,0.25658848881721497,0.07176901400089264,0.026945525780320168,0.07176896184682846,0.026945585384964943,0.3009462058544159,-0.11167114228010178,0.04435770958662033,-0.11167114228010178
249,right,forward,0.11335794678946015,-0.1386166696820668,0.28155084701169053,0.8480363848651292,1.1496075927288913,0,0,0.0,7.920075972833729e-08,2.4680083221539917e-07,0.25658848881721497,0.07176901400089264,0.026945525780320168,0.07176896184682846,0.026945585384964943,0.3009462058544159,-0.11167114228010178,0.3009462058544159,0.1449173539876938
249,right,backward,0.11335794678946015,-0.1386166696820668,0.28155084701169053,0.8480363848651292,1.1496075927288913,0,0,0.0,7.920075972833729e-08,2.4680083221539917e-07,0.25658848881721497,0.07176901400089264,0.026945525780320168,0.07176896184682846,0.026945585384964943,0.3009462058544159,-0.11167114228010178,0.3009462058544159,-0.36825963854789734
250,back,stay,0.020764418753799994,0.04816060048642348,0.3154905053446643,0.722816398212336,-0.38078853022500425,0,0,0.0,3.725290298461914e-08,2.3307497198921112e-07,0.0,0.04645438492298126,0.04973594471812248,0.04645440727472305,0.049735914915800095,0.09461496770381927,-0.0843961238861084,0.09461496770381927,-0.0843961238861084
250,back,right,0.020764418753799994,0.04816060048642348,0.3154905053446643,0.722816398212336,-0.38078853022500425,0,0,0.0,3.725290298461914e-08,2.3307497198921112e-07,0.25658851861953735,0.04645438492298126,0.04973594471812248,0.04645440727472305,0.049735914915800095,0.09461496770381927,-0.0843961238861084,0.35120347142219543,-0.0843961238861084
250,back,left,0.020764418753799994,0.04816060048642348,0.3154905053446643,0.722816398212336,-0.38078853022500425,0,0,0.0,3.725290298461914e-08,2.3307497198921112e-07,0.25658848881721497,0.04645438492298126,0.04973594471812248,0.04645440727472305,0.049735914915800095,0.09461496770381927,-0.0843961238861084,-0.1619735211133957,-0.0843961238861084
250,back,forward,0.020764418753799994,0.04816060048642348,0.3154905053446643,0.722816398212336,-0.38078853022500425,1,109,18.42230017557562,0.2207726091146469,0.026018667336770218,0.24562329053878784,0.04645438492298126,0.04973594471812248,0.044491034001111984,0.2704998254776001,0.09461496770381927,-0.0843961238861084,0.09486052393913269,0.1612270474433899
250,back,backward,0.020764418753799994,0.04816060048642348,0.3154905053446643,0.722816398212336,-0.38078853022500425,0,0,0.0,3.725290298461914e-08,2.3307497198921112e-07,0.25658848881721497,0.04645438492298126,0.04973594471812248,0.04645440727472305,0.049735914915800095,0.09461496770381927,-0.0843961238861084,0.09461496770381927,-0.34098461270332336
251,front,stay,0.11044850180003644,0.003963160900933099,0.33916850146742866,0.9034939089885641,1.7164146882661901,0,0,0.0,1.4782409607505542e-06,4.318303650219235e-06,0.0,0.07190021127462387,-0.08704564720392227,0.07190164923667908,-0.08704598993062973,0.06793680042028427,0.15403297543525696,0.06793680042028427,0.15403297543525696
251,front,right,0.11044850180003644,0.003963160900933099,0.33916850146742866,0.9034939089885641,1.7164146882661901,0,0,0.0,1.4782409607505542e-06,4.318303650219235e-06,0.25658848881721497,0.07190021127462387,-0.08704564720392227,0.07190164923667908,-0.08704598993062973,0.06793680042028427,0.15403297543525696,0.32452529668807983,0.15403297543525696
251,front,left,0.11044850180003644,0.003963160900933099,0.33916850146742866,0.9034939089885641,1.7164146882661901,0,0,0.0,1.4782409607505542e-06,4.318303650219235e-06,0.25658848881721497,0.07190021127462387,-0.08704564720392227,0.07190164923667908,-0.08704598993062973,0.06793680042028427,0.15403297543525696,-0.1886516958475113,0.15403297543525696
251,front,forward,0.11044850180003644,0.003963160900933099,0.33916850146742866,0.9034939089885641,1.7164146882661901,0,0,0.0,1.4782409607505542e-06,4.318303650219235e-06,0.25658848881721497,0.07190021127462387,-0.08704564720392227,0.07190164923667908,-0.08704598993062973,0.06793680042028427,0.15403297543525696,0.06793680042028427,0.4106214642524719
251,front,backward,0.11044850180003644,0.003963160900933099,0.33916850146742866,0.9034939089885641,1.7164146882661901,1,66,24.327180190609333,0.1318584382534027,0.00026333477798834437,0.24719089269638062,0.07190021127462387,-0.08704564720392227,0.07191698253154755,-0.21890407800674438,0.06793680042028427,0.15403297543525696,0.06793640553951263,-0.09315791726112366
252,left,stay,0.054545920661419514,-0.10307869995775984,0.24260365317084356,0.799364977192612,-1.930417487864262,0,0,0.0,4.547296228452069e-08,1.8066232509994506e-07,0.0,0.05743469297885895,0.08930002897977829,0.05743471905589104,0.0892999917268753,-0.10914599895477295,0.19237875938415527,-0.10914599895477295,0.19237875938415527
252,left,right,0.054545920661419514,-0.10307869995775984,0.24260365317084356,0.799364977192612,-1.930417487864262,1,67,9.81441982585554,0.12191671878099442,0.14452933756340247,0.25076135993003845,0.05743469297885895,0.08930002897977829,0.17928898334503174,0.08539899438619614,-0.10914599895477295,0.19237875938415527,0.14161449670791626,0.19303779304027557
252,left,left,0.054545920661419514,-0.10307869995775984,0.24260365317084356,0.799364977192612,-1.930417487864262,0,0,0.0,4.547296228452069e-08,1.8066232509994506e-07,0.25658848881721497,0.05743469297885895,0.08930002897977829,0.05743471905589104,0.0892999917268753,-0.10914599895477295,0.19237875938415527,-0.3657344877719879,0.19237875938415527
252,left,forward,0.054545920661419514,-0.10307869995775984,0.24260365317084356,0.799364977192612,-1.930417487864262,0,0,0.0,4.547296228452069e-08,1.8066232509994506e-07,0.25658848881721497,0.05743469297885895,0.08930002897977829,0.05743471905589104,0.0892999917268753,-0.10914599895477295,0.19237875938415527,-0.10914599895477295,0.44896724820137024
252,left,backward,0.054545920661419514,-0.10307869995775984,0.24260365317084356,0.799364977192612,-1.930417487864262,0,0,0.0,4.547296228452069e-08,1.8066232509994506e-07,0.25658848881721497,0.05743469297885895,0.08930002897977829,0.05743471905589104,0.0892999917268753,-0.10914599895477295,0.19237875938415527,-0.10914599895477295,-0.06420973688364029
253,right,stay,0.05445853106995249,0.10875261200236117,0.37283094064049627,0.7554676363882233,-1.127828933296164,0,0,0.0,4.889221827397705e-07,1.930179029052681e-06,0.0,0.011302043683826923,0.09775165468454361,0.011301555670797825,0.09775162488222122,0.18285073339939117,0.20650434494018555,0.18285073339939117,0.20650434494018555
253,right,right,0.05445853106995249,0.10875261200236117,0.37283094064049627,0.7554676363882233,-1.127828933296164,0,0,0.0,4.889221827397705e-07,1.930179029052681e-06,0.25658851861953735,0.011302043683826923,0.09775165468454361,0.011301555670797825,0.09775162488222122,0.18285073339939117,0.20650434494018555,0.43943923711776733,0.20650434494018555
253,right,left,0.05445853106995249,0.10875261200236117,0.37283094064049627,0.7554676363882233,-1.127828933296164,1,60,10.011907275936926,0.07105852663516998,0.44444530247985287,0.24987123906612396,0.011302043683826923,0.09775165468454361,-0.05949968844652176,0.09171607345342636,0.18285073339939117,0.20650434494018555,-0.06701872497797012,0.2074449211359024
253,right,forward,0.05445853106995249,0.10875261200236117,0.37283094064049627,0.7554676363882233,-1.127828933296164,0,0,0.0,4.889221827397705e-07,1.930179029052681e-06,0.25658848881721497,0.011302043683826923,0.09775165468454361,0.011301555670797825,0.09775162488222122,0.18285073339939117,0.20650434494018555,0.18285073339939117,0.4630928337574005
253,right,backward,0.05445853106995249,0.10875261200236117,0.37283094064049627,0.7554676363882233,-1.127828933296164,0,0,0.0,4.889221827397705e-07,1.930179029052681e-06,0.25658848881721497,0.011302043683826923,0.09775165468454361,0.011301555670797825,0.09775162488222122,0.18285073339939117,0.20650434494018555,0.18285073339939117,-0.050084151327610016
254,back,stay,0.06864470039317054,-0.0066789620689458595,0.2497038405130364,0.930925290713978,-2.405221885005866,0,0,0.0,8.674808782416221e-08,3.9053494083063356e-07,0.0,0.05581895262002945,0.016355281695723534,0.05581897497177124,0.01635536551475525,0.049140024930238724,-0.18271690607070923,0.049140024930238724,-0.18271690607070923
254,back,right,0.06864470039317054,-0.0066789620689458595,0.2497038405130364,0.930925290713978,-2.405221885005866,0,0,0.0,8.674808782416221e-08,3.9053494083063356e-07,0.25658848881721497,0.05581895262002945,0.016355281695723534,0.05581897497177124,0.01635536551475525,0.049140024930238724,-0.18271690607070923,0.3057285249233246,-0.18271690607070923
254,back,left,0.06864470039317054,-0.0066789620689458595,0.2497038405130364,0.930925290713978,-2.405221885005866,0,0,0.0,8.674808782416221e-08,3.9053494083063356e-07,0.25658848881721497,0.05581895262002945,0.016355281695723534,0.05581897497177124,0.01635536551475525,0.049140024930238724,-0.18271690607070923,-0.20744846761226654,-0.18271690607070923
254,back,forward,0.06864470039317054,-0.0066789620689458595,0.2497038405130364,0.930925290713978,-2.405221885005866,1,84,12.996965771380353,0.16958637535572052,3.3853831553187774e-05,0.2478923201560974,0.05581895262002945,0.016355281695723534,0.055899955332279205,0.1859416365623474,0.049140024930238724,-0.18271690607070923,0.04913340136408806,0.06517540663480759
254,back,backward,0.06864470039317054,-0.0066789620689458595,0.2497038405130364,0.930925290713978,-2.405221885005866,0,0,0.0,8.674808782416221e-08,3.9053494083063356e-07,0.25658848881721497,0.05581895262002945,0.016355281695723534,0.05581897497177124,0.01635536551475525,0.049140024930238724,-0.18271690607070923,0.049140024930238724,-0.4393053948879242
255,front,stay,0.09612057968715017,-0.03339908181168054,0.29073629480495744,0.7336712771588265,-2.564280119779672,0,0,0.0,9.24780323430241e-08,3.853242538376378e-07,0.0,0.06964349001646042,-0.01573818549513817,0.06964347511529922,-0.015738094225525856,0.10304263234138489,0.20447984337806702,0.10304263234138489,0.20447984337806702
255,front,right,0.09612057968715017,-0.03339908181168054,0.29073629480495744,0.7336712771588265,-2.564280119779672,0,0,0.0,9.24780323430241e-08,3.853242538376378e-07,0.25658848881721497,0.06964349001646042,-0.01573818549513817,0.06964347511529922,-0.015738094225525856,0.10304263234138489,0.20447984337806702,0.35963112115859985,0.20447984337806702
255,front,left,0.09612057968715017,-0.03339908181168054,0.29073629480495744,0.7336712771588265,-2.564280119779672,0,0,0.0,9.24780323430241e-08,3.853242538376378e-07,0.25658848881721497,0.06964349001646042,-0.01573818549513817,0.06964347511529922,-0.015738094225525856,0.10304263234138489,0.20447984337806702,-0.15354585647583008,0.20447984337806702
255,front,forward,0.09612057968715017,-0.03339908181168054,0.29073629480495744,0.7336712771588265,-2.564280119779672,0,0,0.0,9.24780323430241e-08,3.853242538376378e-07,0.25658848881721497,0.06964349001646042,-0.01573818549513817,0.06964347511529922,-0.015738094225525856,0.10304263234138489,0.20447984337806702,0.10304263234138489,0.461068332195282
255,front,backward,0.09612057968715017,-0.03339908181168054,0.29073629480495744,0.7336712771588265,-2.564280119779672,1,74,17.293411610756568,0.1500961184501648,0.009617782565724653,0.24902109801769257,0.06964349001646042,-0.01573818549513817,0.06850515305995941,-0.16582998633384705,0.10304263234138489,0.20447984337806702,0.10313448309898376,-0.04454124718904495
256,left,stay,0.0735675921437387,0.12542461434617433,0.3789575594335653,0.7981560054925442,0.12032351033728439,0,0,0.0,4.287931290036795e-07,7.696269088974805e-07,0.0,0.07760202884674072,0.007799506187438965,0.07760191708803177,0.007799092214554548,-0.12575240433216095,-0.11762465536594391,-0.12575240433216095,-0.11762465536594391
256,left,right,0.0735675921437387,0.12542461434617433,0.3789575594335653,0.7981560054925442,0.12032351033728439,0,0,0.0,4.287931290036795e-07,7.696269088974805e-07,0.25658848881721497,0.07760202884674072,0.007799506187438965,0.07760191708803177,0.007799092214554548,-0.12575240433216095,-0.11762465536594391,0.13083608448505402,-0.11762465536594391
256,left,left,0.0735675921437387,0.12542461434617433,0.3789575594335653,0.7981560054925442,0.12032351033728439,0,0,0.0,4.287931290036795e-07,7.696269088974805e-07,0.25658851861953735,0.07760202884674072,0.007799506187438965,0.07760191708803177,0.007799092214554548,-0.12575240433216095,-0.11762465536594391,-0.3823409080505371,-0.11762465536594391
256,left,forward,0.0735675921437387,0.12542461434617433,0.3789575594335653,0.7981560054925442,0.12032351033728439,0,0,0.0,4.287931290036795e-07,7.696269088974805e-07,0.25658848881721497,0.07760202884674072,0.007799506187438965,0.07760191708803177,0.007799092214554548,-0.12575240433216095,-0.11762465536594391,-0.12575240433216095,0.13896383345127106
256,left,backward,0.0735675921437387,0.12542461434617433,0.3789575594335653,0.7981560054925442,0.12032351033728439,0,0,0.0,4.287931290036795e-07,7.696269088974805e-07,0.25658851861953735,0.07760202884674072,0.007799506187438965,0.07760191708803177,0.007799092214554548,-0.12575240433216095,-0.11762465536594391,-0.12575240433216095,-0.37421315908432007
257,right,stay,0.063232068643454,-0.14308836008551762,0.30637139366160604,1.0281671327183468,-3.110669399844163,0,0,0.0,4.933724540023832e-07,1.7339998841237045e-06,0.0,-0.04460613429546356,0.022751059383153915,-0.044606007635593414,0.02275153622031212,0.14497657120227814,-0.12033744901418686,0.14497657120227814,-0.12033744901418686
257,right,right,0.063232068643454,-0.14308836008551762,0.30637139366160604,1.0281671327183468,-3.110669399844163,0,0,0.0,4.933724540023832e-07,1.7339998841237045e-06,0.25658851861953735,-0.04460613429546356,0.022751059383153915,-0.044606007635593414,0.02275153622031212,0.14497657120227814,-0.12033744901418686,0.4015650749206543,-0.12033744901418686
257,right,left,0.063232068643454,-0.14308836008551762,0.30637139366160604,1.0281671327183468,-3.110669399844163,0,0,0.0,4.933724540023832e-07,1.7339998841237045e-06,0.25658848881721497,-0.04460613429546356,0.022751059383153915,-0.044606007635593414,0.02275153622031212,0.14497657120227814,-0.12033744901418686,-0.11161192506551743,-0.12033744901418686
257,right,forward,0.063232068643454,-0.14308836008551762,0.30637139366160604,1.0281671327183468,-3.110669399844163,0,0,0.0,4.933724540023832e-07,1.7339998841237045e-06,0.25658848881721497,-0.04460613429546356,0.022751059383153915,-0.044606007635593414,0.02275153622031212,0.14497657120227814,-0.12033744901418686,0.14497657120227814,0.1362510472536087
257,right,backward,0.063232068643454,-0.14308836008551762,0.30637139366160604,1.0281671327183468,-3.110669399844163,0,0,0.0,4.933724540023832e-07,1.7339998841237045e-06,0.25658848881721497,-0.04460613429546356,0.022751059383153915,-0.044606007635593414,0.02275153622031212,0.14497657120227814,-0.12033744901418686,0.14497657120227814,-0.3769259452819824
258,back,stay,0.11392535964757804,-0.03846056592101514,0.33235297477966624,0.9190471498061075,1.4998252045289089,0,0,0.0,8.608895427641983e-07,1.27076826794692e-06,0.0,0.031163793057203293,-0.0012592236744239926,0.031162945553660393,-0.0012590724509209394,-0.007296565920114517,-0.24316167831420898,-0.007296565920114517,-0.24316167831420898
258,back,right,0.11392535964757804,-0.03846056592101514,0.33235297477966624,0.9190471498061075,1.4998252045289089,0,0,0.0,8.608895427641983e-07,1.27076826794692e-06,0.25658848881721497,0.031163793057203293,-0.0012592236744239926,0.031162945553660393,-0.0012590724509209394,-0.007296565920114517,-0.24316167831420898,0.24929192662239075,-0.24316167831420898
258,back,left,0.11392535964757804,-0.03846056592101514,0.33235297477966624,0.9190471498061075,1.4998252045289089,0,0,0.0,8.608895427641983e-07,1.27076826794692e-06,0.25658848881721497,0.031163793057203293,-0.0012592236744239926,0.031162945553660393,-0.0012590724509209394,-0.007296565920114517,-0.24316167831420898,-0.2638850510120392,-0.24316167831420898
258,back,forward,0.11392535964757804,-0.03846056592101514,0.33235297477966624,0.9190471498061075,1.4998252045289089,1,64,23.625815649661895,0.12741048634052277,0.016299096209172248,0.24737580120563507,0.031163793057203293,-0.0012592236744239926,0.03310789912939072,0.1261364370584488,-0.007296565920114517,-0.24316167831420898,-0.007386676035821438,0.004214104730635881
258,back,backward,0.11392535964757804,-0.03846056592101514,0.33235297477966624,0.9190471498061075,1.4998252045289089,0,0,0.0,8.608895427641983e-07,1.27076826794692e-06,0.25658848881721497,0.031163793057203293,-0.0012592236744239926,0.031162945553660393,-0.0012590724509209394,-0.007296565920114517,-0.24316167831420898,-0.007296565920114517,-0.49975016713142395
259,front,stay,0.10782811978551736,0.06633013104116878,0.3021332498639011,0.8370304969869182,-0.746593529360565,0,0,0.0,1.820825019649419e-07,9.472331220505836e-07,0.0,-0.08469536155462265,-0.055468883365392685,-0.08469551801681519,-0.05546879023313522,-0.15102514624595642,0.18311665952205658,-0.15102514624595642,0.18311665952205658
259,front,right,0.10782811978551736,0.06633013104116878,0.3021332498639011,0.8370304969869182,-0.746593529360565,0,0,0.0,1.820825019649419e-07,9.472331220505836e-07,0.25658848881721497,-0.08469536155462265,-0.055468883365392685,-0.08469551801681519,-0.05546879023313522,-0.15102514624595642,0.18311665952205658,0.10556335002183914,0.18311665952205658
259,front,left,0.10782811978551736,0.06633013104116878,0.3021332498639011,0.8370304969869182,-0.746593529360565,0,0,0.0,1.820825019649419e-07,9.472331220505836e-07,0.25658848881721497,-0.08469536155462265,-0.055468883365392685,-0.08469551801681519,-0.05546879023313522,-0.15102514624595642,0.18311665952205658,-0.4076136350631714,0.18311665952205658
259,front,forward,0.10782811978551736,0.06633013104116878,0.3021332498639011,0.8370304969869182,-0.746593529360565,0,0,0.0,1.820825019649419e-07,9.472331220505836e-07,0.25658851861953735,-0.08469536155462265,-0.055468883365392685,-0.08469551801681519,-0.05546879023313522,-0.15102514624595642,0.18311665952205658,-0.15102514624595642,0.43970516324043274
259,front,backward,0.10782811978551736,0.06633013104116878,0.3021332498639011,0.8370304969869182,-0.746593529360565,1,61,17.443430949054918,0.10111315548419952,0.024360503405479572,0.24957725405693054,-0.08469536155462265,-0.055468883365392685,-0.06302034109830856,-0.15423154830932617,-0.15102514624595642,0.18311665952205658,-0.15226919949054718,-0.06645748764276505
260,left,stay,0.09856946496071696,-0.02567540327474989,0.30349009438151153,0.9102619269440879,2.3718224156648438,0,0,0.0,1.8085890474139887e-07,9.45495404192087e-07,0.0,0.01651133969426155,0.07342322170734406,0.016511492431163788,0.0734231248497963,-0.21441316604614258,0.0990985706448555,-0.21441316604614258,0.0990985706448555
260,left,right,0.09856946496071696,-0.02567540327474989,0.30349009438151153,0.9102619269440879,2.3718224156648438,1,74,16.162569952197266,0.14812520146369934,0.005480307861798207,0.24727782607078552,0.01651133969426155,0.07342322170734406,0.16463465988636017,0.07267777621746063,-0.21441316604614258,0.0990985706448555,0.032864660024642944,0.09914002567529678
260,left,left,0.09856946496071696,-0.02567540327474989,0.30349009438151153,0.9102619269440879,2.3718224156648438,0,0,0.0,1.8085890474139887e-07,9.45495404192087e-07,0.25658848881721497,0.01651133969426155,0.07342322170734406,0.016511492431163788,0.0734231248497963,-0.21441316604614258,0.0990985706448555,-0.47100165486335754,0.0990985706448555
260,left,forward,0.09856946496071696,-0.02567540327474989,0.30349009438151153,0.9102619269440879,2.3718224156648438,0,0,0.0,1.8085890474139887e-07,9.45495404192087e-07,0.25658848881721497,0.01651133969426155,0.07342322170734406,0.016511492431163788,0.0734231248497963,-0.21441316604614258,0.0990985706448555,-0.21441316604614258,0.35568705201148987
260,left,backward,0.09856946496071696,-0.02567540327474989,0.30349009438151153,0.9102619269440879,2.3718224156648438,0,0,0.0,1.8085890474139887e-07,9.45495404192087e-07,0.25658848881721497,0.01651133969426155,0.07342322170734406,0.016511492431163788,0.0734231248497963,-0.21441316604614258,0.0990985706448555,-0.21441316604614258,-0.15748992562294006
261,right,stay,0.026900620808079787,-0.03395238512078161,0.2599565843347437,0.7941362350358824,2.341584280323147,0,0,0.0,1.8671101997824735e-07,9.245492531562149e-07,0.0,-0.09048518538475037,0.03748118132352829,-0.09048502147197723,0.03748109191656113,0.06791586428880692,0.0035287141799926758,0.06791586428880692,0.0035287141799926758
261,right,right,0.026900620808079787,-0.03395238512078161,0.2599565843347437,0.7941362350358824,2.341584280323147,0,0,0.0,1.8671101997824735e-07,9.245492531562149e-07,0.25658848881721497,-0.09048518538475037,0.03748118132352829,-0.09048502147197723,0.03748109191656113,0.06791586428880692,0.0035287141799926758,0.3245043456554413,0.0035287141799926758
261,right,left,0.026900620808079787,-0.03395238512078161,0.2599565843347437,0.7941362350358824,2.341584280323147,1,107,20.53160588408488,0.2187817245721817,0.010669600963378212,0.24670358002185822,-0.09048518538475037,0.03748118132352829,-0.30926284193992615,0.03881499171257019,0.06791586428880692,0.0035287141799926758,-0.1787876933813095,0.0034598996862769127
261,right,forward,0.026900620808079787,-0.03395238512078161,0.2599565843347437,0.7941362350358824,2.341584280323147,0,0,0.0,1.8671101997824735e-07,9.245492531562149e-07,0.25658848881721497,-0.09048518538475037,0.03748118132352829,-0.09048502147197723,0.03748109191656113,0.06791586428880692,0.0035287141799926758,0.06791586428880692,0.26011720299720764
261,right,backward,0.026900620808079787,-0.03395238512078161,0.2599565843347437,0.7941362350358824,2.341584280323147,0,0,0.0,1.8671101997824735e-07,9.245492531562149e-07,0.25658848881721497,-0.09048518538475037,0.03748118132352829,-0.09048502147197723,0.03748109191656113,0.06791586428880692,0.0035287141799926758,0.06791586428880692,-0.2530597746372223
262,back,stay,0.08708637154405051,-0.12026148879145428,0.2738469135341124,0.9983094071166382,0.3575202975981826,0,0,0.0,1.3404583398823888e-07,3.723454877757604e-11,0.0,0.006268406752496958,-0.0004668019828386605,0.006268402095884085,-0.00046666801790706813,-0.1139930710196495,-0.1994531750679016,-0.1139930710196495,-0.1994531750679016
262,back,right,0.08708637154405051,-0.12026148879145428,0.2738469135341124,0.9983094071166382,0.3575202975981826,0,0,0.0,1.3404583398823888e-07,3.723454877757604e-11,0.25658848881721497,0.006268406752496958,-0.0004668019828386605,0.006268402095884085,-0.00046666801790706813,-0.1139930710196495,-0.1994531750679016,0.14259542524814606,-0.1994531750679016
262,back,left,0.08708637154405051,-0.12026148879145428,0.2738469135341124,0.9983094071166382,0.3575202975981826,0,0,0.0,1.3404583398823888e-07,3.723454877757604e-11,0.25658848881721497,0.006268406752496958,-0.0004668019828386605,0.006268402095884085,-0.00046666801790706813,-0.1139930710196495,-0.1994531750679016,-0.37058156728744507,-0.1994531750679016
262,back,forward,0.08708637154405051,-0.12026148879145428,0.2738469135341124,0.9983094071166382,0.3575202975981826,1,45,6.165016112254466,0.041434310376644135,0.2421461481520655,0.25276389718055725,0.006268406752496958,-0.0004668019828386605,0.011076788417994976,0.04068756103515625,-0.1139930710196495,-0.1994531750679016,-0.11621547490358353,0.05330093950033188
262,back,backward,0.08708637154405051,-0.12026148879145428,0.2738469135341124,0.9983094071166382,0.3575202975981826,0,0,0.0,1.3404583398823888e-07,3.723454877757604e-11,0.25658848881721497,0.006268406752496958,-0.0004668019828386605,0.006268402095884085,-0.00046666801790706813,-0.1139930710196495,-0.1994531750679016,-0.1139930710196495,-0.4560416638851166
263,front,stay,0.10160555480273825,-0.09472277622188198,0.37436860254202414,0.8356788129151762,-2.498362455987971,0,0,0.0,8.229434911299904e-08,3.2745720712767934e-07,0.0,-0.028334427624940872,-0.06635603308677673,-0.02833443507552147,-0.06635595113039017,0.06638841331005096,0.16223815083503723,0.06638841331005096,0.16223815083503723
263,front,right,0.10160555480273825,-0.09472277622188198,0.37436860254202414,0.8356788129151762,-2.498362455987971,0,0,0.0,8.229434911299904e-08,3.2745720712767934e-07,0.25658851861953735,-0.028334427624940872,-0.06635603308677673,-0.02833443507552147,-0.06635595113039017,0.06638841331005096,0.16223815083503723,0.3229769170284271,0.16223815083503723
263,front,left,0.10160555480273825,-0.09472277622188198,0.37436860254202414,0.8356788129151762,-2.498362455987971,0,0,0.0,8.229434911299904e-08,3.2745720712767934e-07,0.25658848881721497,-0.028334427624940872,-0.06635603308677673,-0.02833443507552147,-0.06635595113039017,0.06638841331005096,0.16223815083503723,-0.190200075507164,0.16223815083503723
263,front,forward,0.10160555480273825,-0.09472277622188198,0.37436860254202414,0.8356788129151762,-2.498362455987971,0,0,0.0,8.229434911299904e-08,3.2745720712767934e-07,0.25658848881721497,-0.028334427624940872,-0.06635603308677673,-0.02833443507552147,-0.06635595113039017,0.06638841331005096,0.16223815083503723,0.06638841331005096,0.4188266396522522
263,front,backward,0.10160555480273825,-0.09472277622188198,0.37436860254202414,0.8356788129151762,-2.498362455987971,1,52,13.350132351281509,0.07767939567565918,0.15366190974516505,0.24974142014980316,-0.028334427624940872,-0.06635603308677673,-0.0434500053524971,-0.14255057275295258,0.06638841331005096,0.16223815083503723,0.06883952021598816,-0.0874912291765213
264,left,stay,0.056425126715644314,0.1254092382550865,0.3070527458696536,0.7607830730300474,-1.2877604007428771,0,0,0.0,1.4244599242374534e-06,3.0301962183898468e-06,0.0,-0.05347704142332077,0.013366582803428173,-0.0534784160554409,0.013366956263780594,-0.21684952080249786,-0.11204268038272858,-0.21684952080249786,-0.11204268038272858
264,left,right,0.056425126715644314,0.1254092382550865,0.3070527458696536,0.7607830730300474,-1.2877604007428771,1,65,9.649941604653721,0.05253060162067413,0.4590495674932768,0.25208473205566406,-0.05347704142332077,0.013366582803428173,-0.001227166154421866,0.018790116533637047,-0.21684952080249786,-0.11204268038272858,0.03522840887308121,-0.11389333009719849
264,left,left,0.056425126715644314,0.1254092382550865,0.3070527458696536,0.7607830730300474,-1.2877604007428771,0,0,0.0,1.4244599242374534e-06,3.0301962183898468e-06,0.25658851861953735,-0.05347704142332077,0.013366582803428173,-0.0534784160554409,0.013366956263780594,-0.21684952080249786,-0.11204268038272858,-0.473438024520874,-0.11204268038272858
264,left,forward,0.056425126715644314,0.1254092382550865,0.3070527458696536,0.7607830730300474,-1.2877604007428771,0,0,0.0,1.4244599242374534e-06,3.0301962183898468e-06,0.25658848881721497,-0.05347704142332077,0.013366582803428173,-0.0534784160554409,0.013366956263780594,-0.21684952080249786,-0.11204268038272858,-0.21684952080249786,0.1445458084344864
264,left,backward,0.056425126715644314,0.1254092382550865,0.3070527458696536,0.7607830730300474,-1.2877604007428771,0,0,0.0,1.4244599242374534e-06,3.0301962183898468e-06,0.25658851861953735,-0.05347704142332077,0.013366582803428173,-0.0534784160554409,0.013366956263780594,-0.21684952080249786,-0.11204268038272858,-0.21684952080249786,-0.36863118410110474
265,right,stay,0.018835887254001576,-0.06543875733600134,0.3482163312508641,0.8954434367392106,-1.5933837232509414,0,0,0.0,6.189141572576773e-07,2.006048424929574e-06,0.0,-0.039983298629522324,-0.04018408805131912,-0.03998269885778427,-0.04018424078822136,0.06576080620288849,-0.10562282800674438,0.06576080620288849,-0.10562282800674438
265,right,right,0.018835887254001576,-0.06543875733600134,0.3482163312508641,0.8954434367392106,-1.5933837232509414,0,0,0.0,6.189141572576773e-07,2.006048424929574e-06,0.25658851861953735,-0.039983298629522324,-0.04018408805131912,-0.03998269885778427,-0.04018424078822136,0.06576080620288849,-0.10562282800674438,0.32234930992126465,-0.10562282800674438
265,right,left,0.018835887254001576,-0.06543875733600134,0.3482163312508641,0.8954434367392106,-1.5933837232509414,1,110,14.438541713404309,0.21440032124519348,0.08026377958743658,0.2420642375946045,-0.039983298629522324,-0.04018408805131912,-0.2543184757232666,-0.03489910438656807,0.06576080620288849,-0.10562282800674438,-0.17630048096179962,-0.10681958496570587
265,right,forward,0.018835887254001576,-0.06543875733600134,0.3482163312508641,0.8954434367392106,-1.5933837232509414,0,0,0.0,6.189141572576773e-07,2.006048424929574e-06,0.25658848881721497,-0.039983298629522324,-0.04018408805131912,-0.03998269885778427,-0.04018424078822136,0.06576080620288849,-0.10562282800674438,0.06576080620288849,0.15096566081047058
265,right,backward,0.018835887254001576,-0.06543875733600134,0.3482163312508641,0.8954434367392106,-1.5933837232509414,0,0,0.0,6.189141572576773e-07,2.006048424929574e-06,0.25658848881721497,-0.039983298629522324,-0.04018408805131912,-0.03998269885778427,-0.04018424078822136,0.06576080620288849,-0.10562282800674438,0.06576080620288849,-0.36221131682395935
266,back,stay,0.06999079983500525,0.14048922542365014,0.30314187916279933,0.7824273575444937,-2.600558342217663,0,0,0.0,5.2286939222767614e-08,3.889272099932839e-07,0.0,0.0525377094745636,0.06267540156841278,0.0525377057492733,0.06267545372247696,0.19302698969841003,-0.12966559827327728,0.19302698969841003,-0.12966559827327728
266,back,right,0.06999079983500525,0.14048922542365014,0.30314187916279933,0.7824273575444937,-2.600558342217663,0,0,0.0,5.2286939222767614e-08,3.889272099932839e-07,0.25658848881721497,0.0525377094745636,0.06267540156841278,0.0525377057492733,0.06267545372247696,0.19302698969841003,-0.12966559827327728,0.449615478515625,-0.12966559827327728
266,back,left,0.06999079983500525,0.14048922542365014,0.30314187916279933,0.7824273575444937,-2.600558342217663,0,0,0.0,5.2286939222767614e-08,3.889272099932839e-07,0.25658848881721497,0.0525377094745636,0.06267540156841278,0.0525377057492733,0.06267545372247696,0.19302698969841003,-0.12966559827327728,-0.06356150656938553,-0.12966559827327728
266,back,forward,0.06999079983500525,0.14048922542365014,0.30314187916279933,0.7824273575444937,-2.600558342217663,0,0,0.0,5.2286939222767614e-08,3.889272099932839e-07,0.25658848881721497,0.0525377094745636,0.06267540156841278,0.0525377057492733,0.06267545372247696,0.19302698969841003,-0.12966559827327728,0.19302698969841003,0.12692289054393768
266,back,backward,0.06999079983500525,0.14048922542365014,0.30314187916279933,0.7824273575444937,-2.600558342217663,0,0,0.0,5.2286939222767614e-08,3.889272099932839e-07,0.25658851861953735,0.0525377094745636,0.06267540156841278,0.0525377057492733,0.06267545372247696,0.19302698969841003,-0.12966559827327728,0.19302698969841003,-0.38625410199165344
267,front,stay,0.10054283268820575,0.14179407735296887,0.3089468409378755,0.8893587465333752,-1.1080377037011875,0,0,0.0,4.485843589918659e-07,1.7730208508037748e-06,0.0,-0.07450326532125473,0.03866032510995865,-0.07450371235609055,0.038660287857055664,-0.21629680693149567,0.2753521502017975,-0.21629680693149567,0.2753521502017975
267,front,right,0.10054283268820575,0.14179407735296887,0.3089468409378755,0.8893587465333752,-1.1080377037011875,0,0,0.0,4.485843589918659e-07,1.7730208508037748e-06,0.25658848881721497,-0.07450326532125473,0.03866032510995865,-0.07450371235609055,0.038660287857055664,-0.21629680693149567,0.2753521502017975,0.040291689336299896,0.2753521502017975
267,front,left,0.10054283268820575,0.14179407735296887,0.3089468409378755,0.8893587465333752,-1.1080377037011875,0,0,0.0,4.485843589918659e-07,1.7730208508037748e-06,0.25658851861953735,-0.07450326532125473,0.03866032510995865,-0.07450371235609055,0.038660287857055664,-0.21629680693149567,0.2753521502017975,-0.4728853106498718,0.2753521502017975
267,front,forward,0.10054283268820575,0.14179407735296887,0.3089468409378755,0.8893587465333752,-1.1080377037011875,0,0,0.0,4.485843589918659e-07,1.7730208508037748e-06,0.25658848881721497,-0.07450326532125473,0.03866032510995865,-0.07450371235609055,0.038660287857055664,-0.21629680693149567,0.2753521502017975,-0.21629680693149567,0.5319406390190125
267,front,backward,0.10054283268820575,0.14179407735296887,0.3089468409378755,0.8893587465333752,-1.1080377037011875,0,0,0.0,4.485843589918659e-07,1.7730208508037748e-06,0.25658848881721497,-0.07450326532125473,0.03866032510995865,-0.07450371235609055,0.038660287857055664,-0.21629680693149567,0.2753521502017975,-0.21629680693149567,0.018763653934001923
268,left,stay,0.0737696869231818,0.1378039434468946,0.36087090713382297,0.7265087516687314,2.126453285147811,0,0,0.0,3.1610136375093134e-07,1.1264684385281498e-06,0.0,0.021563000977039337,-0.09746170789003372,0.021563313901424408,-0.09746166318655014,-0.1752748340368271,-0.2352657914161682,-0.1752748340368271,-0.2352657914161682
268,left,right,0.0737696869231818,0.1378039434468946,0.36087090713382297,0.7265087516687314,2.126453285147811,0,0,0.0,3.1610136375093134e-07,1.1264684385281498e-06,0.25658848881721497,0.021563000977039337,-0.09746170789003372,0.021563313901424408,-0.09746166318655014,-0.1752748340368271,-0.2352657914161682,0.08131366223096848,-0.2352657914161682
268,left,left,0.0737696869231818,0.1378039434468946,0.36087090713382297,0.7265087516687314,2.126453285147811,0,0,0.0,3.1610136375093134e-07,1.1264684385281498e-06,0.25658851861953735,0.021563000977039337,-0.09746170789003372,0.021563313901424408,-0.09746166318655014,-0.1752748340368271,-0.2352657914161682,-0.43186333775520325,-0.2352657914161682
268,left,forward,0.0737696869231818,0.1378039434468946,0.36087090713382297,0.7265087516687314,2.126453285147811,0,0,0.0,3.1610136375093134e-07,1.1264684385281498e-06,0.25658848881721497,0.021563000977039337,-0.09746170789003372,0.021563313901424408,-0.09746166318655014,-0.1752748340368271,-0.2352657914161682,-0.1752748340368271,0.02132270485162735
268,left,backward,0.0737696869231818,0.1378039434468946,0.36087090713382297,0.7265087516687314,2.126453285147811,0,0,0.0,3.1610136375093134e-07,1.1264684385281498e-06,0.25658848881721497,0.021563000977039337,-0.09746170789003372,0.021563313901424408,-0.09746166318655014,-0.1752748340368271,-0.2352657914161682,-0.1752748340368271,-0.4918542802333832
269,right,stay,0.01968583490583827,0.09724022617229311,0.23591660521941152,0.93708385562268,2.686093955202135,0,0,0.0,7.670842450124837e-08,4.962477948566857e-07,0.0,-0.07732417434453964,0.08439432084560394,-0.07732413709163666,0.08439425379037857,0.07849109172821045,0.1816348433494568,0.07849109172821045,0.1816348433494568
269,right,right,0.01968583490583827,0.09724022617229311,0.23591660521941152,0.93708385562268,2.686093955202135,0,0,0.0,7.670842450124837e-08,4.962477948566857e-07,0.25658848881721497,-0.07732417434453964,0.08439432084560394,-0.07732413709163666,0.08439425379037857,0.07849109172821045,0.1816348433494568,0.3350795805454254,0.1816348433494568
269,right,left,0.01968583490583827,0.09724022617229311,0.23591660521941152,0.93708385562268,2.686093955202135,1,44,4.062693941623165,0.017457859590649605,0.15627701729643073,0.25392046570777893,-0.07732417434453964,0.08439432084560394,-0.09203128516674042,0.07498805969953537,0.07849109172821045,0.1816348433494568,-0.17542657256126404,0.18282461166381836
269,right,forward,0.01968583490583827,0.09724022617229311,0.23591660521941152,0.93708385562268,2.686093955202135,0,0,0.0,7.670842450124837e-08,4.962477948566857e-07,0.25658848881721497,-0.07732417434453964,0.08439432084560394,-0.07732413709163666,0.08439425379037857,0.07849109172821045,0.1816348433494568,0.07849109172821045,0.43822333216667175
269,right,backward,0.01968583490583827,0.09724022617229311,0.23591660521941152,0.93708385562268,2.686093955202135,0,0,0.0,7.670842450124837e-08,4.962477948566857e-07,0.25658848881721497,-0.07732417434453964,0.08439432084560394,-0.07732413709163666,0.08439425379037857,0.07849109172821045,0.1816348433494568,0.07849109172821045,-0.07495365291833878
270,back,stay,0.0846168812735666,0.11379386419084389,0.25116390466633337,0.8116563801029953,-2.0915747389761075,0,0,0.0,7.005130555626238e-07,2.658373881025966e-07,0.0,0.08938317745923996,-0.05107639729976654,0.08938360959291458,-0.05107584595680237,0.20317699015140533,-0.27181506156921387,0.20317699015140533,-0.27181506156921387
270,back,right,0.0846168812735666,0.11379386419084389,0.25116390466633337,0.8116563801029953,-2.0915747389761075,0,0,0.0,7.005130555626238e-07,2.658373881025966e-07,0.25658851861953735,0.08938317745923996,-0.05107639729976654,0.08938360959291458,-0.05107584595680237,0.20317699015140533,-0.27181506156921387,0.4597654938697815,-0.27181506156921387
270,back,left,0.0846168812735666,0.11379386419084389,0.25116390466633337,0.8116563801029953,-2.0915747389761075,0,0,0.0,7.005130555626238e-07,2.658373881025966e-07,0.25658848881721497,0.08938317745923996,-0.05107639729976654,0.08938360959291458,-0.05107584595680237,0.20317699015140533,-0.27181506156921387,-0.05341150611639023,-0.27181506156921387
270,back,forward,0.0846168812735666,0.11379386419084389,0.25116390466633337,0.8116563801029953,-2.0915747389761075,1,5,4.364176076011303,0.0017189346253871918,0.028106632314127022,0.25606009364128113,0.08938317745923996,-0.05107639729976654,0.08880755305290222,-0.04945670813322067,0.20317699015140533,-0.27181506156921387,0.2033703625202179,-0.015755021944642067
270,back,backward,0.0846168812735666,0.11379386419084389,0.25116390466633337,0.8116563801029953,-2.0915747389761075,0,0,0.0,7.005130555626238e-07,2.658373881025966e-07,0.25658851861953735,0.0893830731511116,-0.051076531410217285,0.08938264101743698,-0.05107708275318146,0.20317699015140533,-0.27181506156921387,0.20317699015140533,-0.5284035801887512
271,front,stay,0.055064336916211876,0.003505576706969382,0.25934127077186153,0.9086299528526927,0.549818757695657,0,0,0.0,4.470348358154297e-08,3.6784198409467445e-07,0.0,-0.06480221450328827,-0.08126227557659149,-0.06480221450328827,-0.08126232028007507,-0.06830785423517227,0.09658551961183548,-0.06830785423517227,0.09658551961183548
271,front,right,0.055064336916211876,0.003505576706969382,0.25934127077186153,0.9086299528526927,0.549818757695657,0,0,0.0,4.470348358154297e-08,3.6784198409467445e-07,0.25658848881721497,-0.06480221450328827,-0.08126227557659149,-0.06480221450328827,-0.08126232028007507,-0.06830785423517227,0.09658551961183548,0.1882806420326233,0.09658551961183548
271,front,left,0.055064336916211876,0.003505576706969382,0.25934127077186153,0.9086299528526927,0.549818757695657,0,0,0.0,4.470348358154297e-08,3.6784198409467445e-07,0.25658848881721497,-0.06480221450328827,-0.08126227557659149,-0.06480221450328827,-0.08126232028007507,-0.06830785423517227,0.09658551961183548,-0.32489633560180664,0.09658551961183548
271,front,forward,0.055064336916211876,0.003505576706969382,0.25934127077186153,0.9086299528526927,0.549818757695657,0,0,0.0,4.470348358154297e-08,3.6784198409467445e-07,0.25658848881721497,-0.06480221450328827,-0.08126227557659149,-0.06480221450328827,-0.08126232028007507,-0.06830785423517227,0.09658551961183548,-0.06830785423517227,0.35317400097846985
271,front,backward,0.055064336916211876,0.003505576706969382,0.25934127077186153,0.9086299528526927,0.549818757695657,1,83,13.886248558360583,0.16770972311496735,0.0009238888128956235,0.24785923957824707,-0.06480221450328827,-0.08126227557659149,-0.06497848033905029,-0.24897190928459167,-0.06830785423517227,0.09658551961183548,-0.06829189509153366,-0.151273712515831
272,left,stay,0.07504836820974226,-0.018718074310621252,0.3152869171709684,0.8658922095875066,0.0626927633282155,0,0,0.0,4.300734417483909e-07,1.3117048741073667e-06,0.0,0.0839306116104126,-0.09829875826835632,0.08393050730228424,-0.09829917550086975,-0.11877001821994781,-0.0795803964138031,-0.11877001821994781,-0.0795803964138031
272,left,right,0.07504836820974226,-0.018718074310621252,0.3152869171709684,0.8658922095875066,0.0626927633282155,1,84,23.665559981466547,0.1697436422109604,0.00235626310495414,0.24608120322227478,0.0839306116104126,-0.09829875826835632,0.25367408990859985,-0.09853297472000122,-0.11877001821994781,-0.0795803964138031,0.12731118500232697,-0.0795687660574913
272,left,left,0.07504836820974226,-0.018718074310621252,0.3152869171709684,0.8658922095875066,0.0626927633282155,0,0,0.0,4.300734417483909e-07,1.3117048741073667e-06,0.25658851861953735,0.0839306116104126,-0.09829875826835632,0.08393050730228424,-0.09829917550086975,-0.11877001821994781,-0.0795803964138031,-0.375358521938324,-0.0795803964138031
272,left,forward,0.07504836820974226,-0.018718074310621252,0.3152869171709684,0.8658922095875066,0.0626927633282155,0,0,0.0,4.300734417483909e-07,1.3117048741073667e-06,0.25658848881721497,0.0839306116104126,-0.09829875826835632,0.08393050730228424,-0.09829917550086975,-0.11877001821994781,-0.0795803964138031,-0.11877001821994781,0.17700809240341187
272,left,backward,0.07504836820974226,-0.018718074310621252,0.3152869171709684,0.8658922095875066,0.0626927633282155,0,0,0.0,4.300734417483909e-07,1.3117048741073667e-06,0.25658848881721497,0.0839306116104126,-0.09829875826835632,0.08393050730228424,-0.09829917550086975,-0.11877001821994781,-0.0795803964138031,-0.11877001821994781,-0.33616888523101807
273,right,stay,0.05872237527337151,0.05352915985132875,0.2934928949948115,0.9341085092698529,1.6555740739207625,0,0,0.0,1.0426820153952576e-06,3.6218197549953146e-06,0.0,0.052424974739551544,-0.025178225710988045,0.052425988018512726,-0.025178471580147743,0.20318302512168884,0.02835097722709179,0.20318302512168884,0.02835097722709179
273,right,right,0.05872237527337151,0.05352915985132875,0.2934928949948115,0.9341085092698529,1.6555740739207625,0,0,0.0,1.0426820153952576e-06,3.6218197549953146e-06,0.25658848881721497,0.052424974739551544,-0.025178225710988045,0.052425988018512726,-0.025178471580147743,0.20318302512168884,0.02835097722709179,0.4597715139389038,0.02835097722709179
273,right,left,0.05872237527337151,0.05352915985132875,0.2934928949948115,0.9341085092698529,1.6555740739207625,1,87,20.411000905625226,0.1745930165052414,0.027591602110318192,0.24610915780067444,0.052424974739551544,-0.025178225710988045,-0.12215796858072281,-0.0270535908639431,0.20318302512168884,0.02835097722709179,-0.042925816029310226,0.028748242184519768
273,right,forward,0.05872237527337151,0.05352915985132875,0.2934928949948115,0.9341085092698529,1.6555740739207625,0,0,0.0,1.0426820153952576e-06,3.6218197549953146e-06,0.25658848881721497,0.052424974739551544,-0.025178225710988045,0.052425988018512726,-0.025178471580147743,0.20318302512168884,0.02835097722709179,0.20318302512168884,0.2849394679069519
273,right,backward,0.05872237527337151,0.05352915985132875,0.2934928949948115,0.9341085092698529,1.6555740739207625,0,0,0.0,1.0426820153952576e-06,3.6218197549953146e-06,0.25658848881721497,0.052424974739551544,-0.025178225710988045,0.052425988018512726,-0.025178471580147743,0.20318302512168884,0.02835097722709179,0.20318302512168884,-0.22823752462863922
274,back,stay,0.029942652932608248,-0.13412268034979893,0.3356463843658256,0.865043295594883,-1.4800077368935034,0,0,0.0,1.0661622127372539e-06,3.6376396852499937e-06,0.0,-0.025687260553240776,0.07778136432170868,-0.02568829618394375,0.07778161764144897,-0.15980975329875946,-0.08089114725589752,-0.15980975329875946,-0.08089114725589752
274,back,right,0.029942652932608248,-0.13412268034979893,0.3356463843658256,0.865043295594883,-1.4800077368935034,0,0,0.0,1.0661622127372539e-06,3.6376396852499937e-06,0.25658848881721497,-0.025687260553240776,0.07778136432170868,-0.02568829618394375,0.07778161764144897,-0.15980975329875946,-0.08089114725589752,0.0967787429690361,-0.08089114725589752
274,back,left,0.029942652932608248,-0.13412268034979893,0.3356463843658256,0.865043295594883,-1.4800077368935034,0,0,0.0,1.0661622127372539e-06,3.6376396852499937e-06,0.25658851861953735,-0.025687260553240776,0.07778136432170868,-0.02568829618394375,0.07778161764144897,-0.15980975329875946,-0.08089114725589752,-0.4163982570171356,-0.08089114725589752
274,back,forward,0.029942652932608248,-0.13412268034979893,0.3356463843658256,0.865043295594883,-1.4800077368935034,0,0,0.0,1.0661622127372539e-06,3.6376396852499937e-06,0.25658848881721497,-0.025687260553240776,0.07778136432170868,-0.02568829618394375,0.07778161764144897,-0.15980975329875946,-0.08089114725589752,-0.15980975329875946,0.17569734156131744
274,back,backward,0.029942652932608248,-0.13412268034979893,0.3356463843658256,0.865043295594883,-1.4800077368935034,0,0,0.0,1.0661622127372539e-06,3.6376396852499937e-06,0.25658851861953735,-0.025687260553240776,0.07778136432170868,-0.02568829618394375,0.07778161764144897,-0.15980975329875946,-0.08089114725589752,-0.15980975329875946,-0.3374796509742737
275,front,stay,0.02760287026102573,-0.1059679643267466,0.37109719442047207,0.9876586637177579,0.8325255148835495,0,0,0.0,2.369296367987772e-07,7.589900827831286e-07,0.0,-0.07190167158842087,-0.046645160764455795,-0.07190173864364624,-0.046645388007164,0.034066297113895416,0.11411219835281372,0.034066297113895416,0.11411219835281372
275,front,right,0.02760287026102573,-0.1059679643267466,0.37109719442047207,0.9876586637177579,0.8325255148835495,0,0,0.0,2.369296367987772e-07,7.589900827831286e-07,0.25658848881721497,-0.07190167158842087,-0.046645160764455795,-0.07190173864364624,-0.046645388007164,0.034066297113895416,0.11411219835281372,0.2906547784805298,0.11411219835281372
275,front,left,0.02760287026102573,-0.1059679643267466,0.37109719442047207,0.9876586637177579,0.8325255148835495,0,0,0.0,2.369296367987772e-07,7.589900827831286e-07,0.25658848881721497,-0.07190167158842087,-0.046645160764455795,-0.07190173864364624,-0.046645388007164,0.034066297113895416,0.11411219835281372,-0.22252219915390015,0.11411219835281372
275,front,forward,0.02760287026102573,-0.1059679643267466,0.37109719442047207,0.9876586637177579,0.8325255148835495,0,0,0.0,2.369296367987772e-07,7.589900827831286e-07,0.25658848881721497,-0.07190167158842087,-0.046645160764455795,-0.07190173864364624,-0.046645388007164,0.034066297113895416,0.11411219835281372,0.034066297113895416,0.3707006871700287
275,front,backward,0.02760287026102573,-0.1059679643267466,0.37109719442047207,0.9876586637177579,0.8325255148835495,1,79,12.335499312195124,0.09915879368782043,0.5122718974438025,0.245779886841774,-0.07190167158842087,-0.046645160764455795,-0.08964698761701584,-0.14420320093631744,0.034066297113895416,0.11411219835281372,0.037873536348342896,-0.13163819909095764
276,left,stay,0.09372687249410795,-0.03979522390989253,0.2643928289706741,1.0173914191905344,2.042482112730756,0,0,0.0,4.387082981338608e-07,1.697030926006704e-06,0.0,-0.0060531217604875565,-0.03933272138237953,-0.006052684970200062,-0.03933268040418625,-0.21848972141742706,0.0004624016582965851,-0.21848972141742706,0.0004624016582965851
276,left,right,0.09372687249410795,-0.03979522390989253,0.2643928289706741,1.0173914191905344,2.042482112730756,1,75,12.926640036760935,0.15008148550987244,0.014488185831097233,0.24750615656375885,-0.0060531217604875565,-0.03933272138237953,0.144018292427063,-0.04107174277305603,-0.21848972141742706,0.0004624016582965851,0.029016340151429176,0.0006613587029278278
276,left,left,0.09372687249410795,-0.03979522390989253,0.2643928289706741,1.0173914191905344,2.042482112730756,0,0,0.0,4.387082981338608e-07,1.697030926006704e-06,0.25658851861953735,-0.0060531217604875565,-0.03933272138237953,-0.006052684970200062,-0.03933268040418625,-0.21848972141742706,0.0004624016582965851,-0.4750782251358032,0.0004624016582965851
276,left,forward,0.09372687249410795,-0.03979522390989253,0.2643928289706741,1.0173914191905344,2.042482112730756,0,0,0.0,4.387082981338608e-07,1.697030926006704e-06,0.25658848881721497,-0.0060531217604875565,-0.03933272138237953,-0.006052684970200062,-0.03933268040418625,-0.21848972141742706,0.0004624016582965851,-0.21848972141742706,0.25705090165138245
276,left,backward,0.09372687249410795,-0.03979522390989253,0.2643928289706741,1.0173914191905344,2.042482112730756,0,0,0.0,4.387082981338608e-07,1.697030926006704e-06,0.25658851861953735,-0.0060531217604875565,-0.03933272138237953,-0.006052684970200062,-0.03933268040418625,-0.21848972141742706,0.0004624016582965851,-0.21848972141742706,-0.2561261057853699
277,right,stay,0.07018779470064697,-0.012242268684512503,0.28437548067181867,0.8600780926331093,0.6487691569004812,0,0,0.0,7.836956683604512e-08,3.20973926992707e-07,0.0,0.006190816406160593,-0.05149710923433304,0.006190821062773466,-0.051497187465429306,0.21129822731018066,-0.063739113509655,0.21129822731018066,-0.063739113509655
277,right,right,0.07018779470064697,-0.012242268684512503,0.28437548067181867,0.8600780926331093,0.6487691569004812,0,0,0.0,7.836956683604512e-08,3.20973926992707e-07,0.25658848881721497,0.006190816406160593,-0.05149710923433304,0.006190821062773466,-0.051497187465429306,0.21129822731018066,-0.063739113509655,0.46788671612739563,-0.063739113509655
277,right,left,0.07018779470064697,-0.012242268684512503,0.28437548067181867,0.8600780926331093,0.6487691569004812,1,82,13.680823142763396,0.1415613889694214,0.00012442496490128185,0.24791041016578674,0.006190816406160593,-0.05149710923433304,-0.13404284417629242,-0.032154299318790436,0.21129822731018066,-0.063739113509655,-0.036609355360269547,-0.06492507457733154
277,right,forward,0.07018779470064697,-0.012242268684512503,0.28437548067181867,0.8600780926331093,0.6487691569004812,0,0,0.0,7.836956683604512e-08,3.20973926992707e-07,0.25658848881721497,0.006190816406160593,-0.05149710923433304,0.006190821062773466,-0.051497187465429306,0.21129822731018066,-0.063739113509655,0.21129822731018066,0.19284938275814056
277,right,backward,0.07018779470064697,-0.012242268684512503,0.28437548067181867,0.8600780926331093,0.6487691569004812,0,0,0.0,7.836956683604512e-08,3.20973926992707e-07,0.25658848881721497,0.006190816406160593,-0.05149710923433304,0.006190821062773466,-0.051497187465429306,0.21129822731018066,-0.063739113509655,0.21129822731018066,-0.32032760977745056
278,back,stay,0.026974602242249117,-0.07906243616035936,0.2583892582431986,0.6883582379924951,-1.734444479514414,0,0,0.0,2.1811248984704434e-07,1.284452113559098e-07,0.0,0.05649333447217941,-0.06234940141439438,0.056493550539016724,-0.062349431216716766,-0.022569503635168076,-0.22051957249641418,-0.022569503635168076,-0.22051957249641418
278,back,right,0.026974602242249117,-0.07906243616035936,0.2583892582431986,0.6883582379924951,-1.734444479514414,0,0,0.0,2.1811248984704434e-07,1.284452113559098e-07,0.25658848881721497,0.05649333447217941,-0.06234940141439438,0.056493550539016724,-0.062349431216716766,-0.022569503635168076,-0.22051957249641418,0.23401899635791779,-0.22051957249641418
278,back,left,0.026974602242249117,-0.07906243616035936,0.2583892582431986,0.6883582379924951,-1.734444479514414,0,0,0.0,2.1811248984704434e-07,1.284452113559098e-07,0.25658848881721497,0.05649333447217941,-0.06234940141439438,0.056493550539016724,-0.062349431216716766,-0.022569503635168076,-0.22051957249641418,-0.27915799617767334,-0.22051957249641418
278,back,forward,0.026974602242249117,-0.07906243616035936,0.2583892582431986,0.6883582379924951,-1.734444479514414,1,72,11.449918066774528,0.10160263627767563,0.06833615617854628,0.252071350812912,0.05649333447217941,-0.06234940141439438,0.0800807923078537,0.03647734597325325,-0.022569503635168076,-0.22051957249641418,-0.023426901549100876,0.03155030682682991
278,back,backward,0.026974602242249117,-0.07906243616035936,0.2583892582431986,0.6883582379924951,-1.734444479514414,0,0,0.0,2.1811248984704434e-07,1.284452113559098e-07,0.25658848881721497,0.05649333447217941,-0.06234940141439438,0.056493550539016724,-0.062349431216716766,-0.022569503635168076,-0.22051957249641418,-0.022569503635168076,-0.47710806131362915
279,front,stay,0.05947763534004433,0.1415056931423426,0.24062954319254065,0.7491754527775036,2.5670837376605213,0,0,0.0,1.7598054569134547e-07,2.657898447999685e-07,0.0,-0.07808461785316467,-0.011715400964021683,-0.07808449864387512,-0.011715530417859554,-0.21959054470062256,0.1717289537191391,-0.21959054470062256,0.1717289537191391
279,front,right,0.05947763534004433,0.1415056931423426,0.24062954319254065,0.7491754527775036,2.5670837376605213,0,0,0.0,1.7598054569134547e-07,2.657898447999685e-07,0.25658848881721497,-0.07808461785316467,-0.011715400964021683,-0.07808449864387512,-0.011715530417859554,-0.21959054470062256,0.1717289537191391,0.036997951567173004,0.1717289537191391
279,front,left,0.05947763534004433,0.1415056931423426,0.24062954319254065,0.7491754527775036,2.5670837376605213,0,0,0.0,1.7598054569134547e-07,2.657898447999685e-07,0.25658848881721497,-0.07808461785316467,-0.011715400964021683,-0.07808449864387512,-0.011715530417859554,-0.21959054470062256,0.1717289537191391,-0.4761790335178375,0.1717289537191391
279,front,forward,0.05947763534004433,0.1415056931423426,0.24062954319254065,0.7491754527775036,2.5670837376605213,0,0,0.0,1.7598054569134547e-07,2.657898447999685e-07,0.25658851861953735,-0.07808461785316467,-0.011715400964021683,-0.07808449864387512,-0.011715530417859554,-0.21959054470062256,0.1717289537191391,-0.21959054470062256,0.42831745743751526
279,front,backward,0.05947763534004433,0.1415056931423426,0.24062954319254065,0.7491754527775036,2.5670837376605213,0,0,0.0,1.7598054569134547e-07,2.657898447999685e-07,0.25658848881721497,-0.07808461785316467,-0.011715400964021683,-0.07808449864387512,-0.011715530417859554,-0.21959054470062256,0.1717289537191391,-0.21959054470062256,-0.08485954254865646
280,left,stay,0.10236428372857877,-0.028161876711082126,0.31618176504443596,1.037153808179161,0.19452877009739566,0,0,0.0,4.924715426568582e-07,4.4662220197166924e-07,0.0,-0.07839787751436234,-0.06878295540809631,-0.07839802652597427,-0.06878342479467392,-0.3128575384616852,-0.040620557963848114,-0.3128575384616852,-0.040620557963848114
280,left,right,0.10236428372857877,-0.028161876711082126,0.31618176504443596,1.037153808179161,0.19452877009739566,1,72,23.433415753009996,0.14320158958435059,0.0061212524063830875,0.24594110250473022,-0.07839787751436234,-0.06878295540809631,0.06480174511671066,-0.06953347474336624,-0.3128575384616852,-0.040620557963848114,-0.06691644340753555,-0.04058041796088219
280,left,left,0.10236428372857877,-0.028161876711082126,0.31618176504443596,1.037153808179161,0.19452877009739566,0,0,0.0,4.924715426568582e-07,4.4662220197166924e-07,0.25658848881721497,-0.07839787751436234,-0.06878295540809631,-0.07839802652597427,-0.06878342479467392,-0.3128575384616852,-0.040620557963848114,-0.5694460272789001,-0.040620557963848114
280,left,forward,0.10236428372857877,-0.028161876711082126,0.31618176504443596,1.037153808179161,0.19452877009739566,0,0,0.0,4.924715426568582e-07,4.4662220197166924e-07,0.25658848881721497,-0.07839787751436234,-0.06878295540809631,-0.07839802652597427,-0.06878342479467392,-0.3128575384616852,-0.040620557963848114,-0.3128575384616852,0.21596793830394745
280,left,backward,0.10236428372857877,-0.028161876711082126,0.31618176504443596,1.037153808179161,0.19452877009739566,0,0,0.0,4.924715426568582e-07,4.4662220197166924e-07,0.25658848881721497,-0.07839787751436234,-0.06878295540809631,-0.07839802652597427,-0.06878342479467392,-0.3128575384616852,-0.040620557963848114,-0.3128575384616852,-0.2972090542316437
281,right,stay,0.03993210023522123,0.10603895946003819,0.23190033670043744,0.8630556286692216,1.3460949500660453,0,0,0.0,1.834492735497406e-08,1.7287127285214865e-10,0.0,-0.023504432290792465,-0.07230964303016663,-0.023504415526986122,-0.07230963557958603,0.11923608183860779,0.03372921794652939,0.11923608183860779,0.03372921794652939
281,right,right,0.03993210023522123,0.10603895946003819,0.23190033670043744,0.8630556286692216,1.3460949500660453,0,0,0.0,1.834492735497406e-08,1.7287127285214865e-10,0.25658848881721497,-0.023504432290792465,-0.07230964303016663,-0.023504415526986122,-0.07230963557958603,0.11923608183860779,0.03372921794652939,0.37582457065582275,0.03372921794652939
281,right,left,0.03993210023522123,0.10603895946003819,0.23190033670043744,0.8630556286692216,1.3460949500660453,1,93,10.153420583447085,0.07683185487985611,0.0893019208305017,0.25079047679901123,-0.023504432290792465,-0.07230964303016663,-0.09754189848899841,-0.09284225106239319,0.11923608183860779,0.03372921794652939,-0.13152796030044556,0.03737049922347069
281,right,forward,0.03993210023522123,0.10603895946003819,0.23190033670043744,0.8630556286692216,1.3460949500660453,0,0,0.0,1.834492735497406e-08,1.7287127285214865e-10,0.25658848881721497,-0.023504432290792465,-0.07230964303016663,-0.023504415526986122,-0.07230963557958603,0.11923608183860779,0.03372921794652939,0.11923608183860779,0.29031771421432495
281,right,backward,0.03993210023522123,0.10603895946003819,0.23190033670043744,0.8630556286692216,1.3460949500660453,0,0,0.0,1.834492735497406e-08,1.7287127285214865e-10,0.25658848881721497,-0.023504432290792465,-0.07230964303016663,-0.023504415526986122,-0.07230963557958603,0.11923608183860779,0.03372921794652939,0.11923608183860779,-0.22285927832126617
282,back,stay,0.08609186385745353,0.0012730846281946429,0.27875969801161316,0.65743703609764,2.601274371300513,0,0,0.0,2.3713455732377042e-07,3.147285676519118e-08,0.0,-0.06757765263319016,0.05079063028097153,-0.06757748872041702,0.0507904589176178,-0.06630478799343109,-0.15761539340019226,-0.06630478799343109,-0.15761539340019226
282,back,right,0.08609186385745353,0.0012730846281946429,0.27875969801161316,0.65743703609764,2.601274371300513,0,0,0.0,2.3713455732377042e-07,3.147285676519118e-08,0.25658848881721497,-0.06757765263319016,0.05079063028097153,-0.06757748872041702,0.0507904589176178,-0.06630478799343109,-0.15761539340019226,0.19028370082378387,-0.15761539340019226
282,back,left,0.08609186385745353,0.0012730846281946429,0.27875969801161316,0.65743703609764,2.601274371300513,0,0,0.0,2.3713455732377042e-07,3.147285676519118e-08,0.25658851861953735,-0.06757765263319016,0.05079063028097153,-0.06757748872041702,0.0507904589176178,-0.06630478799343109,-0.15761539340019226,-0.32289329171180725,-0.15761539340019226
282,back,forward,0.08609186385745353,0.0012730846281946429,0.27875969801161316,0.65743703609764,2.601274371300513,1,70,16.465541558640044,0.14176753163337708,0.0005332660401560219,0.2502714991569519,-0.06757765263319016,0.05079063028097153,-0.06757918000221252,0.1925581693649292,-0.06630478799343109,-0.15761539340019226,-0.06630221009254456,0.09265609085559845
282,back,backward,0.08609186385745353,0.0012730846281946429,0.27875969801161316,0.65743703609764,2.601274371300513,0,0,0.0,2.3713455732377042e-07,3.147285676519118e-08,0.25658848881721497,-0.06757765263319016,0.05079063028097153,-0.06757748872041702,0.0507904589176178,-0.06630478799343109,-0.15761539340019226,-0.06630478799343109,-0.4142038822174072
283,front,stay,0.03615283398288521,0.13938258691710462,0.3080387529717701,1.0205037503510015,-2.4095705380191172,0,0,0.0,9.215859364530843e-08,3.8931575430112275e-07,0.0,-0.04859165847301483,-0.08402843028306961,-0.04859163612127304,-0.08402834087610245,-0.187974214553833,0.08240815997123718,-0.187974214553833,0.08240815997123718
283,front,right,0.03615283398288521,0.13938258691710462,0.3080387529717701,1.0205037503510015,-2.4095705380191172,0,0,0.0,9.215859364530843e-08,3.8931575430112275e-07,0.25658848881721497,-0.04859165847301483,-0.08402843028306961,-0.04859163612127304,-0.08402834087610245,-0.187974214553833,0.08240815997123718,0.06861428171396255,0.08240815997123718
283,front,left,0.03615283398288521,0.13938258691710462,0.3080387529717701,1.0205037503510015,-2.4095705380191172,0,0,0.0,9.215859364530843e-08,3.8931575430112275e-07,0.25658848881721497,-0.04859165847301483,-0.08402843028306961,-0.04859163612127304,-0.08402834087610245,-0.187974214553833,0.08240815997123718,-0.444562703371048,0.08240815997123718
283,front,forward,0.03615283398288521,0.13938258691710462,0.3080387529717701,1.0205037503510015,-2.4095705380191172,0,0,0.0,9.215859364530843e-08,3.8931575430112275e-07,0.25658848881721497,-0.04859165847301483,-0.08402843028306961,-0.04859163612127304,-0.08402834087610245,-0.187974214553833,0.08240815997123718,-0.187974214553833,0.33899664878845215
283,front,backward,0.03615283398288521,0.13938258691710462,0.3080387529717701,1.0205037503510015,-2.4095705380191172,0,0,0.0,9.215859364530843e-08,3.8931575430112275e-07,0.25658848881721497,-0.04859165847301483,-0.08402843028306961,-0.04859163612127304,-0.08402834087610245,-0.187974214553833,0.08240815997123718,-0.187974214553833,-0.17418032884597778
284,left,stay,0.11439206807681115,-0.09477008504951329,0.274912570050312,0.9352089512487168,-2.1642726122620073,0,0,0.0,4.464912422008638e-07,6.777816237146794e-07,0.0,0.03512018173933029,0.0900588184595108,0.035120438784360886,0.09005918353796005,-0.20411299169063568,0.18482866883277893,-0.20411299169063568,0.18482866883277893
284,left,right,0.11439206807681115,-0.09477008504951329,0.274912570050312,0.9352089512487168,-2.1642726122620073,1,26,12.68659083609715,0.037420712411403656,0.16407017217204967,0.2530848979949951,0.03512018173933029,0.0900588184595108,0.07237367331981659,0.08652512729167938,-0.20411299169063568,0.18482866883277893,0.04897117614746094,0.1854318529367447
284,left,left,0.11439206807681115,-0.09477008504951329,0.274912570050312,0.9352089512487168,-2.1642726122620073,0,0,0.0,4.464912422008638e-07,6.777816237146794e-07,0.25658851861953735,0.03512018173933029,0.0900588184595108,0.035120438784360886,0.09005918353796005,-0.20411299169063568,0.18482866883277893,-0.46070149540901184,0.18482866883277893
284,left,forward,0.11439206807681115,-0.09477008504951329,0.274912570050312,0.9352089512487168,-2.1642726122620073,0,0,0.0,4.464912422008638e-07,6.777816237146794e-07,0.25658848881721497,0.03512018173933029,0.0900588184595108,0.035120438784360886,0.09005918353796005,-0.20411299169063568,0.18482866883277893,-0.20411299169063568,0.4414171576499939
284,left,backward,0.11439206807681115,-0.09477008504951329,0.274912570050312,0.9352089512487168,-2.1642726122620073,0,0,0.0,4.464912422008638e-07,6.777816237146794e-07,0.25658848881721497,0.03512018173933029,0.0900588184595108,0.035120438784360886,0.09005918353796005,-0.20411299169063568,0.18482866883277893,-0.20411299169063568,-0.07175982743501663
285,right,stay,0.10234542117253743,-0.0054252550390315735,0.32402747206607735,0.7733892748312063,0.6757652574963116,0,0,0.0,1.0829003116441527e-07,3.48613400036335e-07,0.0,-0.08462042361497879,-0.03417499363422394,-0.0846204161643982,-0.03417510166764259,0.152191624045372,-0.03959999978542328,0.152191624045372,-0.03959999978542328
285,right,right,0.10234542117253743,-0.0054252550390315735,0.32402747206607735,0.7733892748312063,0.6757652574963116,0,0,0.0,1.0829003116441527e-07,3.48613400036335e-07,0.25658851861953735,-0.08462042361497879,-0.03417499363422394,-0.0846204161643982,-0.03417510166764259,0.152191624045372,-0.03959999978542328,0.40878012776374817,-0.03959999978542328
285,right,left,0.10234542117253743,-0.0054252550390315735,0.32402747206607735,0.7733892748312063,0.6757652574963116,1,69,15.290910779512393,0.13818837702274323,0.00012396251951751755,0.24841374158859253,-0.08462042361497879,-0.03417499363422394,-0.22280879318714142,-0.03423597663640976,0.152191624045372,-0.03959999978542328,-0.09622211009263992,-0.039593856781721115
285,right,forward,0.10234542117253743,-0.0054252550390315735,0.32402747206607735,0.7733892748312063,0.6757652574963116,0,0,0.0,1.0829003116441527e-07,3.48613400036335e-07,0.25658848881721497,-0.08462042361497879,-0.03417499363422394,-0.0846204161643982,-0.03417510166764259,0.152191624045372,-0.03959999978542328,0.152191624045372,0.2169884890317917
285,right,backward,0.10234542117253743,-0.0054252550390315735,0.32402747206607735,0.7733892748312063,0.6757652574963116,0,0,0.0,1.0829003116441527e-07,3.48613400036335e-07,0.25658851861953735,-0.08462042361497879,-0.03417499363422394,-0.0846204161643982,-0.03417510166764259,0.152191624045372,-0.03959999978542328,0.152191624045372,-0.29618850350379944
286,back,stay,0.02990078090282587,-0.05260833887355193,0.2684378211806862,0.7688469581878801,-0.5465358307464538,0,0,0.0,1.687622273038869e-07,7.057731354898067e-08,0.0,0.015799222514033318,0.0680907815694809,0.01579912006855011,0.06809091567993164,-0.036808885633945465,-0.08443210273981094,-0.036808885633945465,-0.08443210273981094
286,back,right,0.02990078090282587,-0.05260833887355193,0.2684378211806862,0.7688469581878801,-0.5465358307464538,0,0,0.0,1.687622273038869e-07,7.057731354898067e-08,0.25658848881721497,0.015799222514033318,0.0680907815694809,0.01579912006855011,0.06809091567993164,-0.036808885633945465,-0.08443210273981094,0.2197796106338501,-0.08443210273981094
286,back,left,0.02990078090282587,-0.05260833887355193,0.2684378211806862,0.7688469581878801,-0.5465358307464538,0,0,0.0,1.687622273038869e-07,7.057731354898067e-08,0.25658848881721497,0.015799222514033318,0.0680907815694809,0.01579912006855011,0.06809091567993164,-0.036808885633945465,-0.08443210273981094,-0.29339736700057983,-0.08443210273981094
286,back,forward,0.02990078090282587,-0.05260833887355193,0.2684378211806862,0.7688469581878801,-0.5465358307464538,1,80,18.353912279291993,0.16191299259662628,0.026192117526292913,0.2489415854215622,0.015799222514033318,0.0680907815694809,0.018250184133648872,0.22998522222042084,-0.036808885633945465,-0.08443210273981094,-0.037035636603832245,0.1645093858242035
286,back,backward,0.02990078090282587,-0.05260833887355193,0.2684378211806862,0.7688469581878801,-0.5465358307464538,0,0,0.0,1.687622273038869e-07,7.057731354898067e-08,0.25658848881721497,0.015799222514033318,0.0680907815694809,0.01579912006855011,0.06809091567993164,-0.036808885633945465,-0.08443210273981094,-0.036808885633945465,-0.3410205841064453
287,front,stay,0.056698639262959954,0.059701333434478254,0.2823118804149413,0.7435280047896826,-2.665542980452754,0,0,0.0,4.0978193283081055e-08,4.2040788361674686e-07,0.0,0.040935251861810684,-0.060624219477176666,0.040935251861810684,-0.06062417849898338,-0.018766045570373535,0.11502374708652496,-0.018766045570373535,0.11502374708652496
287,front,right,0.056698639262959954,0.059701333434478254,0.2823118804149413,0.7435280047896826,-2.665542980452754,0,0,0.0,4.0978193283081055e-08,4.2040788361674686e-07,0.25658848881721497,0.040935251861810684,-0.060624219477176666,0.040935251861810684,-0.06062417849898338,-0.018766045570373535,0.11502374708652496,0.23782244324684143,0.11502374708652496
287,front,left,0.056698639262959954,0.059701333434478254,0.2823118804149413,0.7435280047896826,-2.665542980452754,0,0,0.0,4.0978193283081055e-08,4.2040788361674686e-07,0.25658848881721497,0.040935251861810684,-0.060624219477176666,0.040935251861810684,-0.06062417849898338,-0.018766045570373535,0.11502374708652496,-0.2753545343875885,0.11502374708652496
287,front,forward,0.056698639262959954,0.059701333434478254,0.2823118804149413,0.7435280047896826,-2.665542980452754,0,0,0.0,4.0978193283081055e-08,4.2040788361674686e-07,0.25658851861953735,0.040935251861810684,-0.060624219477176666,0.040935251861810684,-0.06062417849898338,-0.018766045570373535,0.11502374708652496,-0.018766045570373535,0.3716122508049011
287,front,backward,0.056698639262959954,0.059701333434478254,0.2823118804149413,0.7435280047896826,-2.665542980452754,1,68,18.332785355359693,0.136433944106102,0.03825183421388889,0.24968284368515015,0.040935251861810684,-0.060624219477176666,0.04333214834332466,-0.19703710079193115,-0.018766045570373535,0.11502374708652496,-0.01903538592159748,-0.13465896248817444
288,left,stay,0.06893931512225901,-0.04013335524536646,0.32816216018533295,0.8361979533009366,-1.296894391505983,0,0,0.0,1.4873195368636516e-06,3.19532269643652e-06,0.0,-0.0991886630654335,0.09711045026779175,-0.09919010102748871,0.09711083024740219,-0.27444183826446533,0.13724377751350403,-0.27444183826446533,0.13724377751350403
288,left,right,0.06893931512225901,-0.04013335524536646,0.32816216018533295,0.8361979533009366,-1.296894391505983,1,85,14.17123700337136,0.16979603469371796,0.014264446899910688,0.2460053414106369,-0.0991886630654335,0.09711045026779175,0.0706014484167099,0.0956919863820076,-0.27444183826446533,0.13724377751350403,-0.02843661420047283,0.13748294115066528
288,left,left,0.06893931512225901,-0.04013335524536646,0.32816216018533295,0.8361979533009366,-1.296894391505983,0,0,0.0,1.4873195368636516e-06,3.19532269643652e-06,0.25658851861953735,-0.0991886630654335,0.09711045026779175,-0.09919010102748871,0.09711083024740219,-0.27444183826446533,0.13724377751350403,-0.5310303568840027,0.13724377751350403
288,left,forward,0.06893931512225901,-0.04013335524536646,0.32816216018533295,0.8361979533009366,-1.296894391505983,0,0,0.0,1.4873195368636516e-06,3.19532269643652e-06,0.25658848881721497,-0.0991886630654335,0.09711045026779175,-0.09919010102748871,0.09711083024740219,-0.27444183826446533,0.13724377751350403,-0.27444183826446533,0.393832266330719
288,left,backward,0.06893931512225901,-0.04013335524536646,0.32816216018533295,0.8361979533009366,-1.296894391505983,0,0,0.0,1.4873195368636516e-06,3.19532269643652e-06,0.25658848881721497,-0.0991886630654335,0.09711045026779175,-0.09919010102748871,0.09711083024740219,-0.27444183826446533,0.13724377751350403,-0.27444183826446533,-0.11934471875429153
289,right,stay,0.04864404240716623,-0.0428590321281256,0.29209253167800603,0.9392985467732438,2.5994862581289286,0,0,0.0,2.3713455732377042e-07,4.5941733972654226e-08,0.0,0.03631333261728287,-0.08067162334918976,0.036313496530056,-0.08067179471254349,0.22098755836486816,-0.12353052943944931,0.22098755836486816,-0.12353052943944931
289,right,right,0.04864404240716623,-0.0428590321281256,0.29209253167800603,0.9392985467732438,2.5994862581289286,0,0,0.0,2.3713455732377042e-07,4.5941733972654226e-08,0.25658848881721497,0.03631333261728287,-0.08067162334918976,0.036313496530056,-0.08067179471254349,0.22098755836486816,-0.12353052943944931,0.47757604718208313,-0.12353052943944931
289,right,left,0.04864404240716623,-0.0428590321281256,0.29209253167800603,0.9392985467732438,2.5994862581289286,1,90,16.681148231346377,0.18018043041229248,0.022761663936007537,0.24563974142074585,0.03631333261728287,-0.08067162334918976,-0.14385110139846802,-0.0782700926065445,0.22098755836486816,-0.12353052943944931,-0.024652132764458656,-0.12367898225784302
289,right,forward,0.04864404240716623,-0.0428590321281256,0.29209253167800603,0.9392985467732438,2.5994862581289286,0,0,0.0,2.3713455732377042e-07,4.5941733972654226e-08,0.25658848881721497,0.03631333261728287,-0.08067162334918976,0.036313496530056,-0.08067179471254349,0.22098755836486816,-0.12353052943944931,0.22098755836486816,0.13305796682834625
289,right,backward,0.04864404240716623,-0.0428590321281256,0.29209253167800603,0.9392985467732438,2.5994862581289286,0,0,0.0,2.3713455732377042e-07,4.5941733972654226e-08,0.25658848881721497,0.03631333261728287,-0.08067162334918976,0.036313496530056,-0.08067179471254349,0.22098755836486816,-0.12353052943944931,0.22098755836486816,-0.3801190257072449
290,back,stay,0.0949594694234501,0.009970873786177253,0.3665445787605739,0.6939702588196719,2.5035185137826943,0,0,0.0,2.11989970466675e-07,6.938890835250788e-07,0.0,-0.09994781762361526,0.030786719173192978,-0.09994764626026154,0.03078659437596798,-0.08997714519500732,-0.19094891846179962,-0.08997714519500732,-0.19094891846179962
290,back,right,0.0949594694234501,0.009970873786177253,0.3665445787605739,0.6939702588196719,2.5035185137826943,0,0,0.0,2.11989970466675e-07,6.938890835250788e-07,0.25658848881721497,-0.09994781762361526,0.030786719173192978,-0.09994764626026154,0.03078659437596798,-0.08997714519500732,-0.19094891846179962,0.16661134362220764,-0.19094891846179962
290,back,left,0.0949594694234501,0.009970873786177253,0.3665445787605739,0.6939702588196719,2.5035185137826943,0,0,0.0,2.11989970466675e-07,6.938890835250788e-07,0.25658848881721497,-0.09994781762361526,0.030786719173192978,-0.09994764626026154,0.03078659437596798,-0.08997714519500732,-0.19094891846179962,-0.3465656340122223,-0.19094891846179962
290,back,forward,0.0949594694234501,0.009970873786177253,0.3665445787605739,0.6939702588196719,2.5035185137826943,1,70,16.629489115361746,0.13695451617240906,0.002935140142907411,0.2479095757007599,-0.09994781762361526,0.030786719173192978,-0.09723369032144547,0.16771434247493744,-0.08997714519500732,-0.19094891846179962,-0.09020864963531494,0.05696055665612221
290,back,backward,0.0949594694234501,0.009970873786177253,0.3665445787605739,0.6939702588196719,2.5035185137826943,0,0,0.0,2.11989970466675e-07,6.938890835250788e-07,0.25658851861953735,-0.09994781762361526,0.030786719173192978,-0.09994764626026154,0.03078659437596798,-0.08997714519500732,-0.19094891846179962,-0.08997714519500732,-0.4475374221801758
291,front,stay,0.055061594984218726,-0.09599434640475257,0.3046587811039087,0.8995475124104386,-1.5462150731375939,0,0,0.0,6.623163812946586e-07,2.5599349464666687e-06,0.0,0.09930846095085144,-0.044989537447690964,0.0993078202009201,-0.04498936980962753,0.19530287384986877,0.13615241646766663,0.19530287384986877,0.13615241646766663
291,front,right,0.055061594984218726,-0.09599434640475257,0.3046587811039087,0.8995475124104386,-1.5462150731375939,0,0,0.0,6.623163812946586e-07,2.5599349464666687e-06,0.25658848881721497,0.09930846095085144,-0.044989537447690964,0.0993078202009201,-0.04498936980962753,0.19530287384986877,0.13615241646766663,0.45189136266708374,0.13615241646766663
291,front,left,0.055061594984218726,-0.09599434640475257,0.3046587811039087,0.8995475124104386,-1.5462150731375939,0,0,0.0,6.623163812946586e-07,2.5599349464666687e-06,0.25658848881721497,0.09930846095085144,-0.044989537447690964,0.0993078202009201,-0.04498936980962753,0.19530287384986877,0.13615241646766663,-0.06128562241792679,0.13615241646766663
291,front,forward,0.055061594984218726,-0.09599434640475257,0.3046587811039087,0.8995475124104386,-1.5462150731375939,0,0,0.0,6.623163812946586e-07,2.5599349464666687e-06,0.25658848881721497,0.09930846095085144,-0.044989537447690964,0.0993078202009201,-0.04498936980962753,0.19530287384986877,0.13615241646766663,0.19530287384986877,0.3927409052848816
291,front,backward,0.055061594984218726,-0.09599434640475257,0.3046587811039087,0.8995475124104386,-1.5462150731375939,0,0,0.0,6.623163812946586e-07,2.5599349464666687e-06,0.25658848881721497,0.09930846095085144,-0.044989537447690964,0.0993078202009201,-0.04498936980962753,0.19530287384986877,0.13615241646766663,0.19530287384986877,-0.12043607980012894
292,left,stay,0.043860825762416775,0.03968514677439214,0.3080597274524326,0.9333804811481203,2.4650334777641625,0,0,0.0,2.0458594462979818e-07,8.22290036950335e-07,0.0,0.05859164893627167,0.06295310705900192,0.0585918202996254,0.06295299530029297,-0.11972174048423767,0.023267991840839386,-0.11972174048423767,0.023267991840839386
292,left,right,0.043860825762416775,0.03968514677439214,0.3080597274524326,0.9333804811481203,2.4650334777641625,1,78,16.487040032941703,0.1210969090461731,0.011714412140791275,0.24708117544651031,0.05859164893627167,0.06295310705900192,0.17627958953380585,0.0914839506149292,-0.11972174048423767,0.023267991840839386,0.12735533714294434,0.021846245974302292
292,left,left,0.043860825762416775,0.03968514677439214,0.3080597274524326,0.9333804811481203,2.4650334777641625,0,0,0.0,2.0458594462979818e-07,8.22290036950335e-07,0.25658848881721497,0.05859164893627167,0.06295310705900192,0.0585918202996254,0.06295299530029297,-0.11972174048423767,0.023267991840839386,-0.37631022930145264,0.023267991840839386
292,left,forward,0.043860825762416775,0.03968514677439214,0.3080597274524326,0.9333804811481203,2.4650334777641625,0,0,0.0,2.0458594462979818e-07,8.22290036950335e-07,0.25658848881721497,0.05859164893627167,0.06295310705900192,0.0585918202996254,0.06295299530029297,-0.11972174048423767,0.023267991840839386,-0.11972174048423767,0.27985647320747375
292,left,backward,0.043860825762416775,0.03968514677439214,0.3080597274524326,0.9333804811481203,2.4650334777641625,0,0,0.0,2.0458594462979818e-07,8.22290036950335e-07,0.25658848881721497,0.05859164893627167,0.06295310705900192,0.0585918202996254,0.06295299530029297,-0.11972174048423767,0.023267991840839386,-0.11972174048423767,-0.23332050442695618
293,right,stay,0.020117251408302773,-0.09813728524514723,0.31173199285492953,0.6729422262664878,2.7035199862867207,0,0,0.0,2.610300420258227e-08,4.1578322473867507e-07,0.0,0.0007511199219152331,0.02863972820341587,0.0007511210860684514,0.02863970212638378,0.1569305956363678,-0.06949720531702042,0.1569305956363678,-0.06949720531702042
293,right,right,0.020117251408302773,-0.09813728524514723,0.31173199285492953,0.6729422262664878,2.7035199862867207,0,0,0.0,2.610300420258227e-08,4.1578322473867507e-07,0.25658848881721497,0.0007511199219152331,0.02863972820341587,0.0007511210860684514,0.02863970212638378,0.1569305956363678,-0.06949720531702042,0.41351908445358276,-0.06949720531702042
293,right,left,0.020117251408302773,-0.09813728524514723,0.31173199285492953,0.6729422262664878,2.7035199862867207,1,90,12.818900762906008,0.14805957674980164,0.40960701408337247,0.24853457510471344,0.0007511199219152331,0.02863972820341587,-0.14606131613254547,0.047816406935453415,0.1569305956363678,-0.06949720531702042,-0.09160042554140091,-0.07082763314247131
293,right,forward,0.020117251408302773,-0.09813728524514723,0.31173199285492953,0.6729422262664878,2.7035199862867207,0,0,0.0,2.610300420258227e-08,4.1578322473867507e-07,0.25658848881721497,0.0007511199219152331,0.02863972820341587,0.0007511210860684514,0.02863970212638378,0.1569305956363678,-0.06949720531702042,0.1569305956363678,0.18709129095077515
293,right,backward,0.020117251408302773,-0.09813728524514723,0.31173199285492953,0.6729422262664878,2.7035199862867207,0,0,0.0,2.610300420258227e-08,4.1578322473867507e-07,0.25658848881721497,0.0007511199219152331,0.02863972820341587,0.0007511210860684514,0.02863970212638378,0.1569305956363678,-0.06949720531702042,0.1569305956363678,-0.3260856866836548
294,back,stay,0.09987816084981248,-0.01863687158785232,0.26327825317797227,0.8690845715256748,1.5300230079790484,0,0,0.0,7.089420250849798e-07,1.7221733148442553e-06,0.0,0.09186818450689316,-0.006858510430902243,0.09186749160289764,-0.00685836048796773,0.07323142886161804,-0.23350034654140472,0.07323142886161804,-0.23350034654140472
294,back,right,0.09987816084981248,-0.01863687158785232,0.26327825317797227,0.8690845715256748,1.5300230079790484,0,0,0.0,7.089420250849798e-07,1.7221733148442553e-06,0.25658848881721497,0.09186818450689316,-0.006858510430902243,0.09186749160289764,-0.00685836048796773,0.07323142886161804,-0.23350034654140472,0.329819917678833,-0.23350034654140472
294,back,left,0.09987816084981248,-0.01863687158785232,0.26327825317797227,0.8690845715256748,1.5300230079790484,0,0,0.0,7.089420250849798e-07,1.7221733148442553e-06,0.25658848881721497,0.09186818450689316,-0.006858510430902243,0.09186749160289764,-0.00685836048796773,0.07323142886161804,-0.23350034654140472,-0.18335705995559692,-0.23350034654140472
294,back,forward,0.09987816084981248,-0.01863687158785232,0.26327825317797227,0.8690845715256748,1.5300230079790484,1,72,21.30451319592744,0.14649075269699097,0.0019423282487625038,0.2488367259502411,0.09186818450689316,-0.006858510430902243,0.09211758524179459,0.13963203132152557,0.07323142886161804,-0.23350034654140472,0.07322181761264801,0.015336386859416962
294,back,backward,0.09987816084981248,-0.01863687158785232,0.26327825317797227,0.8690845715256748,1.5300230079790484,0,0,0.0,7.089420250849798e-07,1.7221733148442553e-06,0.25658851861953735,0.09186818450689316,-0.006858510430902243,0.09186749160289764,-0.00685836048796773,0.07323142886161804,-0.23350034654140472,0.07323142886161804,-0.4900888502597809
295,front,stay,0.07650300054493654,-0.10188868024896355,0.2244114667275285,0.7415927165473399,-2.9943026300151194,0,0,0.0,4.482748749978782e-07,6.03408498278668e-07,0.0,-0.06384222954511642,-0.06739931553602219,-0.06384211033582687,-0.06739888340234756,0.03804633766412735,0.10609039664268494,0.03804633766412735,0.10609039664268494
295,front,right,0.07650300054493654,-0.10188868024896355,0.2244114667275285,0.7415927165473399,-2.9943026300151194,0,0,0.0,4.482748749978782e-07,6.03408498278668e-07,0.25658848881721497,-0.06384222954511642,-0.06739931553602219,-0.06384211033582687,-0.06739888340234756,0.03804633766412735,0.10609039664268494,0.2946348190307617,0.10609039664268494
295,front,left,0.07650300054493654,-0.10188868024896355,0.2244114667275285,0.7415927165473399,-2.9943026300151194,0,0,0.0,4.482748749978782e-07,6.03408498278668e-07,0.25658848881721497,-0.06384222954511642,-0.06739931553602219,-0.06384211033582687,-0.06739888340234756,0.03804633766412735,0.10609039664268494,-0.2185421586036682,0.10609039664268494
295,front,forward,0.07650300054493654,-0.10188868024896355,0.2244114667275285,0.7415927165473399,-2.9943026300151194,0,0,0.0,4.482748749978782e-07,6.03408498278668e-07,0.25658848881721497,-0.06384222954511642,-0.06739931553602219,-0.06384211033582687,-0.06739888340234756,0.03804633766412735,0.10609039664268494,0.03804633766412735,0.3626788854598999
295,front,backward,0.07650300054493654,-0.10188868024896355,0.2244114667275285,0.7415927165473399,-2.9943026300151194,1,80,13.555722106261289,0.1519101858139038,0.15767243687337576,0.2508370578289032,-0.06384222954511642,-0.06739931553602219,-0.07204362004995346,-0.21908794343471527,0.03804633766412735,0.10609039664268494,0.03897297754883766,-0.14474494755268097
296,left,stay,0.10051512653178912,-0.06195002057150996,0.25688885637497955,0.7023558333587494,1.527947265279801,0,0,0.0,7.072167136357166e-07,1.6642988678317039e-06,0.0,-0.05047880858182907,0.01063764002174139,-0.050479501485824585,0.010637781582772732,-0.23959356546401978,0.07258762419223785,-0.23959356546401978,0.07258762419223785
296,left,right,0.10051512653178912,-0.06195002057150996,0.25688885637497955,0.7023558333587494,1.527947265279801,1,70,17.182632649629888,0.1421889215707779,0.027442136000992212,0.2506104111671448,-0.05047880858182907,0.01063764002174139,0.09169589728116989,0.008626514114439487,-0.23959356546401978,0.07258762419223785,0.011016725562512875,0.07283569872379303
296,left,left,0.10051512653178912,-0.06195002057150996,0.25688885637497955,0.7023558333587494,1.527947265279801,0,0,0.0,7.072167136357166e-07,1.6642988678317039e-06,0.25658848881721497,-0.05047880858182907,0.01063764002174139,-0.050479501485824585,0.010637781582772732,-0.23959356546401978,0.07258762419223785,-0.49618205428123474,0.07258762419223785
296,left,forward,0.10051512653178912,-0.06195002057150996,0.25688885637497955,0.7023558333587494,1.527947265279801,0,0,0.0,7.072167136357166e-07,1.6642988678317039e-06,0.25658851861953735,-0.05047880858182907,0.01063764002174139,-0.050479501485824585,0.010637781582772732,-0.23959356546401978,0.07258762419223785,-0.23959356546401978,0.329176127910614
296,left,backward,0.10051512653178912,-0.06195002057150996,0.25688885637497955,0.7023558333587494,1.527947265279801,0,0,0.0,7.072167136357166e-07,1.6642988678317039e-06,0.25658848881721497,-0.05047880858182907,0.01063764002174139,-0.050479501485824585,0.010637781582772732,-0.23959356546401978,0.07258762419223785,-0.23959356546401978,-0.1840008646249771
297,right,stay,0.0835847460042909,-0.001736357945450434,0.26832532289526906,0.7743091671121011,0.9908230230060315,0,0,0.0,4.727487237232708e-07,5.566370342435789e-07,0.0,0.028719298541545868,-0.0833882987499237,0.028719017282128334,-0.08338867872953415,0.2365257740020752,-0.0851244255900383,0.2365257740020752,-0.0851244255900383
297,right,right,0.0835847460042909,-0.001736357945450434,0.26832532289526906,0.7743091671121011,0.9908230230060315,0,0,0.0,4.727487237232708e-07,5.566370342435789e-07,0.25658848881721497,0.028719298541545868,-0.0833882987499237,0.028719017282128334,-0.08338867872953415,0.2365257740020752,-0.0851244255900383,0.49311426281929016,-0.0851244255900383
297,right,left,0.0835847460042909,-0.001736357945450434,0.26832532289526906,0.7743091671121011,0.9908230230060315,1,70,14.318636494795982,0.14248143136501312,0.00029930786647136554,0.24973145127296448,0.028719298541545868,-0.0833882987499237,-0.11376204341650009,-0.08354577422142029,0.2365257740020752,-0.0851244255900383,-0.01320568472146988,-0.08511347323656082
297,right,forward,0.0835847460042909,-0.001736357945450434,0.26832532289526906,0.7743091671121011,0.9908230230060315,0,0,0.0,4.727487237232708e-07,5.566370342435789e-07,0.25658848881721497,0.028719298541545868,-0.0833882987499237,0.028719017282128334,-0.08338867872953415,0.2365257740020752,-0.0851244255900383,0.2365257740020752,0.17146407067775726
297,right,backward,0.0835847460042909,-0.001736357945450434,0.26832532289526906,0.7743091671121011,0.9908230230060315,0,0,0.0,4.727487237232708e-07,5.566370342435789e-07,0.25658848881721497,0.028719298541545868,-0.0833882987499237,0.028719017282128334,-0.08338867872953415,0.2365257740020752,-0.0851244255900383,0.2365257740020752,-0.34171292185783386
298,back,stay,0.08891352729496665,0.07241230515841715,0.25916069337228936,0.7226461256174089,-2.6904839777185696,0,0,0.0,2.0061301952978283e-08,3.119451794653116e-07,0.0,-0.084503173828125,0.06088932976126671,-0.0845031663775444,0.060889311134815216,-0.012090839445590973,-0.14557981491088867,-0.012090839445590973,-0.14557981491088867
298,back,right,0.08891352729496665,0.07241230515841715,0.25916069337228936,0.7226461256174089,-2.6904839777185696,0,0,0.0,2.0061301952978283e-08,3.119451794653116e-07,0.25658848881721497,-0.084503173828125,0.06088932976126671,-0.0845031663775444,0.060889311134815216,-0.012090839445590973,-0.14557981491088867,0.2444976568222046,-0.14557981491088867
298,back,left,0.08891352729496665,0.07241230515841715,0.25916069337228936,0.7226461256174089,-2.6904839777185696,0,0,0.0,2.0061301952978283e-08,3.119451794653116e-07,0.25658848881721497,-0.084503173828125,0.06088932976126671,-0.0845031663775444,0.060889311134815216,-0.012090839445590973,-0.14557981491088867,-0.26867932081222534,-0.14557981491088867
298,back,forward,0.08891352729496665,0.07241230515841715,0.25916069337228936,0.7226461256174089,-2.6904839777185696,1,51,16.030859071371665,0.10078728199005127,0.050637961182194324,0.2516931891441345,-0.084503173828125,0.06088932976126671,-0.08726682513952255,0.16163872182369232,-0.012090839445590973,-0.14557981491088867,-0.01178615540266037,0.10611321032047272
298,back,backward,0.08891352729496665,0.07241230515841715,0.25916069337228936,0.7226461256174089,-2.6904839777185696,0,0,0.0,2.0061301952978283e-08,3.119451794653116e-07,0.25658848881721497,-0.084503173828125,0.06088932976126671,-0.0845031663775444,0.060889311134815216,-0.012090839445590973,-0.14557981491088867,-0.012090839445590973,-0.40216830372810364
299,front,stay,0.06139295457480955,0.10434480593003506,0.24048858864246458,0.808344853420798,-2.6357370905418955,0,0,0.0,1.1780402431327275e-08,3.6022877569763523e-07,0.0,-0.02940494380891323,0.03895185887813568,-0.029404940083622932,0.03895187005400658,-0.13374970853328705,0.22089597582817078,-0.13374970853328705,0.22089597582817078
299,front,right,0.06139295457480955,0.10434480593003506,0.24048858864246458,0.808344853420798,-2.6357370905418955,0,0,0.0,1.1780402431327275e-08,3.6022877569763523e-07,0.25658848881721497,-0.02940494380891323,0.03895185887813568,-0.029404940083622932,0.03895187005400658,-0.13374970853328705,0.22089597582817078,0.12283878773450851,0.22089597582817078
299,front,left,0.06139295457480955,0.10434480593003506,0.24048858864246458,0.808344853420798,-2.6357370905418955,0,0,0.0,1.1780402431327275e-08,3.6022877569763523e-07,0.25658851861953735,-0.02940494380891323,0.03895185887813568,-0.029404940083622932,0.03895187005400658,-0.13374970853328705,0.22089597582817078,-0.3903382122516632,0.22089597582817078
299,front,forward,0.06139295457480955,0.10434480593003506,0.24048858864246458,0.808344853420798,-2.6357370905418955,0,0,0.0,1.1780402431327275e-08,3.6022877569763523e-07,0.25658848881721497,-0.02940494380891323,0.03895185887813568,-0.029404940083622932,0.03895187005400658,-0.13374970853328705,0.22089597582817078,-0.13374970853328705,0.47748446464538574
299,front,backward,0.06139295457480955,0.10434480593003506,0.24048858864246458,0.808344853420798,-2.6357370905418955,1,54,9.303788603613004,0.0741761177778244,0.36545264429777724,0.2520623505115509,-0.02940494380891323,0.03895185887813568,-0.02653263509273529,-0.03516862541437149,-0.13374970853328705,0.22089597582817078,-0.13424085080623627,-0.03116591088473797
300,left,stay,0.05343264203881179,0.10388430880747293,0.37828540742236694,1.031886420872176,1.4824247350572035,0,0,0.0,1.0779228887258796e-06,1.3888191077171543e-06,0.0,0.03289007768034935,-0.07794886827468872,0.03288901597261429,-0.0779486820101738,-0.11286851763725281,-0.18183325231075287,-0.11286851763725281,-0.18183325231075287
300,left,right,0.05343264203881179,0.10388430880747293,0.37828540742236694,1.031886420872176,1.4824247350572035,1,92,16.90115422775151,0.14336083829402924,0.3422029545383294,0.24307388067245483,0.03289007768034935,-0.07794886827468872,0.1753106713294983,-0.06155666336417198,-0.11286851763725281,-0.18183325231075287,0.13014210760593414,-0.1873786300420761
300,left,left,0.05343264203881179,0.10388430880747293,0.37828540742236694,1.031886420872176,1.4824247350572035,0,0,0.0,1.0779228887258796e-06,1.3888191077171543e-06,0.25658848881721497,0.03289007768034935,-0.07794886827468872,0.03288901597261429,-0.0779486820101738,-0.11286851763725281,-0.18183325231075287,-0.3694570064544678,-0.18183325231075287
300,left,forward,0.05343264203881179,0.10388430880747293,0.37828540742236694,1.031886420872176,1.4824247350572035,0,0,0.0,1.0779228887258796e-06,1.3888191077171543e-06,0.25658848881721497,0.03289007768034935,-0.07794886827468872,0.03288901597261429,-0.0779486820101738,-0.11286851763725281,-0.18183325231075287,-0.11286851763725281,0.0747552439570427
300,left,backward,0.05343264203881179,0.10388430880747293,0.37828540742236694,1.031886420872176,1.4824247350572035,0,0,0.0,1.0779228887258796e-06,1.3888191077171543e-06,0.25658851861953735,0.03289007768034935,-0.07794886827468872,0.03288901597261429,-0.0779486820101738,-0.11286851763725281,-0.18183325231075287,-0.11286851763725281,-0.43842175602912903
301,right,stay,0.04056406786587938,0.018602743285537043,0.2827045326554077,0.8655420046024317,1.1063481112936717,0,0,0.0,1.3193262304866948e-07,3.1957464674547964e-07,0.0,-0.015651170164346695,-0.07299213111400604,-0.015651283785700798,-0.07299206405878067,0.14322014153003693,-0.05438937246799469,0.14322014153003693,-0.05438937246799469
301,right,right,0.04056406786587938,0.018602743285537043,0.2827045326554077,0.8655420046024317,1.1063481112936717,0,0,0.0,1.3193262304866948e-07,3.1957464674547964e-07,0.25658851861953735,-0.015651170164346695,-0.07299213111400604,-0.015651283785700798,-0.07299206405878067,0.14322014153003693,-0.05438937246799469,0.3998086452484131,-0.05438937246799469
301,right,left,0.04056406786587938,0.018602743285537043,0.2827045326554077,0.8655420046024317,1.1063481112936717,1,95,13.407537283761744,0.19187846779823303,0.005026916137635728,0.2463122457265854,-0.015651170164346695,-0.07299213111400604,-0.20752812922000885,-0.07375079393386841,0.14322014153003693,-0.05438937246799469,-0.10309209674596786,-0.05430544540286064
301,right,forward,0.04056406786587938,0.018602743285537043,0.2827045326554077,0.8655420046024317,1.1063481112936717,0,0,0.0,1.3193262304866948e-07,3.1957464674547964e-07,0.25658848881721497,-0.015651170164346695,-0.07299213111400604,-0.015651283785700798,-0.07299206405878067,0.14322014153003693,-0.05438937246799469,0.14322014153003693,0.20219911634922028
301,right,backward,0.04056406786587938,0.018602743285537043,0.2827045326554077,0.8655420046024317,1.1063481112936717,0,0,0.0,1.3193262304866948e-07,3.1957464674547964e-07,0.25658851861953735,-0.015651170164346695,-0.07299213111400604,-0.015651283785700798,-0.07299206405878067,0.14322014153003693,-0.05438937246799469,0.14322014153003693,-0.31097787618637085
302,back,stay,0.09196994934550833,-0.123195221949118,0.25317396977527207,0.6581721379938095,-1.1074043406559717,0,0,0.0,4.487226306082448e-07,1.7680938730890716e-06,0.0,0.08138765394687653,-0.003891293192282319,0.08138720691204071,-0.0038913320749998093,-0.04180704057216644,-0.23201149702072144,-0.04180704057216644,-0.23201149702072144
302,back,right,0.09196994934550833,-0.123195221949118,0.25317396977527207,0.6581721379938095,-1.1074043406559717,0,0,0.0,4.487226306082448e-07,1.7680938730890716e-06,0.25658848881721497,0.08138765394687653,-0.003891293192282319,0.08138720691204071,-0.0038913320749998093,-0.04180704057216644,-0.23201149702072144,0.21478144824504852,-0.23201149702072144
302,back,left,0.09196994934550833,-0.123195221949118,0.25317396977527207,0.6581721379938095,-1.1074043406559717,0,0,0.0,4.487226306082448e-07,1.7680938730890716e-06,0.25658851861953735,0.08138765394687653,-0.003891293192282319,0.08138720691204071,-0.0038913320749998093,-0.04180704057216644,-0.23201149702072144,-0.2983955442905426,-0.23201149702072144
302,back,forward,0.09196994934550833,-0.123195221949118,0.25317396977527207,0.6581721379938095,-1.1074043406559717,0,0,0.0,4.487226306082448e-07,1.7680938730890716e-06,0.25658848881721497,0.08138765394687653,-0.003891293192282319,0.08138720691204071,-0.0038913320749998093,-0.04180704057216644,-0.23201149702072144,-0.04180704057216644,0.024576999247074127
302,back,backward,0.09196994934550833,-0.123195221949118,0.25317396977527207,0.6581721379938095,-1.1074043406559717,0,0,0.0,4.487226306082448e-07,1.7680938730890716e-06,0.25658848881721497,0.08138765394687653,-0.003891293192282319,0.08138720691204071,-0.0038913320749998093,-0.04180704057216644,-0.23201149702072144,-0.04180704057216644,-0.4885999858379364
303,front,stay,0.1130940331843433,-0.051415456351932204,0.26313509900066995,0.6641824367252986,0.1894246671119606,0,0,0.0,4.871484975410567e-07,4.483928749965393e-07,0.0,0.06379792839288712,-0.012318527325987816,0.06379777938127518,-0.012318991124629974,0.11521348357200623,0.20097607374191284,0.11521348357200623,0.20097607374191284
303,front,right,0.1130940331843433,-0.051415456351932204,0.26313509900066995,0.6641824367252986,0.1894246671119606,0,0,0.0,4.871484975410567e-07,4.483928749965393e-07,0.25658848881721497,0.06379792839288712,-0.012318527325987816,0.06379777938127518,-0.012318991124629974,0.11521348357200623,0.20097607374191284,0.3718019723892212,0.20097607374191284
303,front,left,0.1130940331843433,-0.051415456351932204,0.26313509900066995,0.6641824367252986,0.1894246671119606,0,0,0.0,4.871484975410567e-07,4.483928749965393e-07,0.25658848881721497,0.06379792839288712,-0.012318527325987816,0.06379777938127518,-0.012318991124629974,0.11521348357200623,0.20097607374191284,-0.14137500524520874,0.20097607374191284
303,front,forward,0.1130940331843433,-0.051415456351932204,0.26313509900066995,0.6641824367252986,0.1894246671119606,0,0,0.0,4.871484975410567e-07,4.483928749965393e-07,0.25658848881721497,0.06379792839288712,-0.012318527325987816,0.06379777938127518,-0.012318991124629974,0.11521348357200623,0.20097607374191284,0.11521348357200623,0.4575645625591278
303,front,backward,0.1130940331843433,-0.051415456351932204,0.26313509900066995,0.6641824367252986,0.1894246671119606,1,65,17.599164303114,0.1329539567232132,0.022329345633045977,0.2510681748390198,0.06379792839288712,-0.012318527325987816,0.06213991343975067,-0.14526213705539703,0.11521348357200623,0.20097607374191284,0.11539623141288757,-0.05009205639362335
304,left,stay,0.04704174176942305,-0.0866343808406815,0.2916170402872239,0.9818939422174997,-0.18220541227135323,0,0,0.0,1.1175870895385742e-08,7.338580854110432e-10,0.0,-0.04287788271903992,0.09481526911258698,-0.04287787154316902,0.09481526911258698,-0.22166672348976135,0.18144890666007996,-0.22166672348976135,0.18144890666007996
304,left,right,0.04704174176942305,-0.0866343808406815,0.2916170402872239,0.9818939422174997,-0.18220541227135323,1,86,15.643680639049261,0.14032742381095886,0.2043677559110448,0.2468516081571579,-0.04287788271903992,0.09481526911258698,0.09533058851957321,0.07052116096019745,-0.22166672348976135,0.18144890666007996,0.025180166587233543,0.18297605216503143
304,left,left,0.04704174176942305,-0.0866343808406815,0.2916170402872239,0.9818939422174997,-0.18220541227135323,0,0,0.0,1.1175870895385742e-08,7.338580854110432e-10,0.25658848881721497,-0.04287788271903992,0.09481526911258698,-0.04287787154316902,0.09481526911258698,-0.22166672348976135,0.18144890666007996,-0.4782552123069763,0.18144890666007996
304,left,forward,0.04704174176942305,-0.0866343808406815,0.2916170402872239,0.9818939422174997,-0.18220541227135323,0,0,0.0,1.1175870895385742e-08,7.338580854110432e-10,0.25658848881721497,-0.04287788271903992,0.09481526911258698,-0.04287787154316902,0.09481526911258698,-0.22166672348976135,0.18144890666007996,-0.22166672348976135,0.4380373954772949
304,left,backward,0.04704174176942305,-0.0866343808406815,0.2916170402872239,0.9818939422174997,-0.18220541227135323,0,0,0.0,1.1175870895385742e-08,7.338580854110432e-10,0.25658848881721497,-0.04287788271903992,0.09481526911258698,-0.04287787154316902,0.09481526911258698,-0.22166672348976135,0.18144890666007996,-0.22166672348976135,-0.0751395896077156
305,right,stay,0.03225008292882213,-0.08829230367479232,0.2880293652149033,1.0277165834219184,-2.682897410700262,0,0,0.0,5.588711360360321e-08,4.539797817670887e-07,0.0,0.01513678953051567,0.041578441858291626,0.015136788599193096,0.0415784977376461,0.18352557718753815,-0.0467141792178154,0.18352557718753815,-0.0467141792178154
305,right,right,0.03225008292882213,-0.08829230367479232,0.2880293652149033,1.0277165834219184,-2.682897410700262,0,0,0.0,5.588711360360321e-08,4.539797817670887e-07,0.25658851861953735,0.01513678953051567,0.041578441858291626,0.015136788599193096,0.0415784977376461,0.18352557718753815,-0.0467141792178154,0.4401140809059143,-0.0467141792178154
305,right,left,0.03225008292882213,-0.08829230367479232,0.2880293652149033,1.0277165834219184,-2.682897410700262,1,48,6.305034460190838,0.034052927047014236,0.15518682629224,0.2514321506023407,0.01513678953051567,0.041578441858291626,-0.015283456072211266,0.05688238516449928,0.18352557718753815,-0.0467141792178154,-0.06789904087781906,-0.048662301152944565
305,right,forward,0.03225008292882213,-0.08829230367479232,0.2880293652149033,1.0277165834219184,-2.682897410700262,0,0,0.0,5.588711360360321e-08,4.539797817670887e-07,0.25658848881721497,0.01513678953051567,0.041578441858291626,0.015136788599193096,0.0415784977376461,0.18352557718753815,-0.0467141792178154,0.18352557718753815,0.20987431704998016
305,right,backward,0.03225008292882213,-0.08829230367479232,0.2880293652149033,1.0277165834219184,-2.682897410700262,0,0,0.0,5.588711360360321e-08,4.539797817670887e-07,0.25658848881721497,0.01513678953051567,0.041578441858291626,0.015136788599193096,0.0415784977376461,0.18352557718753815,-0.0467141792178154,0.18352557718753815,-0.30330267548561096
306,back,stay,0.055731681858041254,0.11641703099066855,0.2793535816087389,0.762663599819141,0.046772746514457175,0,0,0.0,4.691583228577656e-07,1.5389174614355296e-06,0.0,0.010153775103390217,0.07191738486289978,0.01015365868806839,0.07191693037748337,0.12657086551189423,-0.07273909449577332,0.12657086551189423,-0.07273909449577332
306,back,right,0.055731681858041254,0.11641703099066855,0.2793535816087389,0.762663599819141,0.046772746514457175,0,0,0.0,4.691583228577656e-07,1.5389174614355296e-06,0.25658851861953735,0.010153775103390217,0.07191738486289978,0.01015365868806839,0.07191693037748337,0.12657086551189423,-0.07273909449577332,0.3831593692302704,-0.07273909449577332
306,back,left,0.055731681858041254,0.11641703099066855,0.2793535816087389,0.762663599819141,0.046772746514457175,0,0,0.0,4.691583228577656e-07,1.5389174614355296e-06,0.25658848881721497,0.010153775103390217,0.07191738486289978,0.01015365868806839,0.07191693037748337,0.12657086551189423,-0.07273909449577332,-0.13001762330532074,-0.07273909449577332
306,back,forward,0.055731681858041254,0.11641703099066855,0.2793535816087389,0.762663599819141,0.046772746514457175,1,84,11.087175193582215,0.12448234111070633,0.49712056088151424,0.24965322017669678,0.010153775103390217,0.07191738486289978,0.0015564897330477834,0.19610248506069183,0.12657086551189423,-0.07273909449577332,0.1286812424659729,0.17690519988536835
306,back,backward,0.055731681858041254,0.11641703099066855,0.2793535816087389,0.762663599819141,0.046772746514457175,0,0,0.0,4.691583228577656e-07,1.5389174614355296e-06,0.25658848881721497,0.010153775103390217,0.07191738486289978,0.01015365868806839,0.07191693037748337,0.12657086551189423,-0.07273909449577332,0.12657086551189423,-0.3293275833129883
307,front,stay,0.1004300910172582,-0.12022500699853161,0.2487151151260004,0.6907376914581309,-2.6195054909860453,0,0,0.0,7.48774056091861e-08,4.3703926078109134e-07,0.0,-0.0622548907995224,-0.05801404267549515,-0.062254898250103,-0.05801396816968918,0.05797016620635986,0.16380952298641205,0.05797016620635986,0.16380952298641205
307,front,right,0.1004300910172582,-0.12022500699853161,0.2487151151260004,0.6907376914581309,-2.6195054909860453,0,0,0.0,7.48774056091861e-08,4.3703926078109134e-07,0.25658848881721497,-0.0622548907995224,-0.05801404267549515,-0.062254898250103,-0.05801396816968918,0.05797016620635986,0.16380952298641205,0.31455865502357483,0.16380952298641205
307,front,left,0.1004300910172582,-0.12022500699853161,0.2487151151260004,0.6907376914581309,-2.6195054909860453,0,0,0.0,7.48774056091861e-08,4.3703926078109134e-07,0.25658848881721497,-0.0622548907995224,-0.05801404267549515,-0.062254898250103,-0.05801396816968918,0.05797016620635986,0.16380952298641205,-0.1986183226108551,0.16380952298641205
307,front,forward,0.1004300910172582,-0.12022500699853161,0.2487151151260004,0.6907376914581309,-2.6195054909860453,0,0,0.0,7.48774056091861e-08,4.3703926078109134e-07,0.25658851861953735,-0.0622548907995224,-0.05801404267549515,-0.062254898250103,-0.05801396816968918,0.05797016620635986,0.16380952298641205,0.05797016620635986,0.4203980267047882
307,front,backward,0.1004300910172582,-0.12022500699853161,0.2487151151260004,0.6907376914581309,-2.6195054909860453,1,37,6.343680260212266,0.039121128618717194,0.23501207915731115,0.254217267036438,-0.0622548907995224,-0.05801404267549515,-0.06919965147972107,-0.09651382267475128,0.05797016620635986,0.16380952298641205,0.05932456627488136,-0.09040413796901703
308,left,stay,0.1072060714097617,0.06464814587368978,0.2285603483713411,0.9511694433169559,1.1521718006387482,0,0,0.0,8.429369557916289e-08,2.5421577110051885e-07,0.0,0.05550117790699005,-0.05564018711447716,0.055501118302345276,-0.05564012750983238,-0.1673717498779297,-0.12028833478689194,-0.1673717498779297,-0.12028833478689194
308,left,right,0.1072060714097617,0.06464814587368978,0.2285603483713411,0.9511694433169559,1.1521718006387482,1,70,12.834936249774287,0.13968460261821747,0.031458777346071276,0.24967177212238312,0.05550117790699005,-0.05564018711447716,0.19515039026737213,-0.052495747804641724,-0.1673717498779297,-0.12028833478689194,0.08229976892471313,-0.12063679844141006
308,left,left,0.1072060714097617,0.06464814587368978,0.2285603483713411,0.9511694433169559,1.1521718006387482,0,0,0.0,8.429369557916289e-08,2.5421577110051885e-07,0.25658848881721497,0.05550117790699005,-0.05564018711447716,0.055501118302345276,-0.05564012750983238,-0.1673717498779297,-0.12028833478689194,-0.42396023869514465,-0.12028833478689194
308,left,forward,0.1072060714097617,0.06464814587368978,0.2285603483713411,0.9511694433169559,1.1521718006387482,0,0,0.0,8.429369557916289e-08,2.5421577110051885e-07,0.25658848881721497,0.05550117790699005,-0.05564018711447716,0.055501118302345276,-0.05564012750983238,-0.1673717498779297,-0.12028833478689194,-0.1673717498779297,0.13630016148090363
308,left,backward,0.1072060714097617,0.06464814587368978,0.2285603483713411,0.9511694433169559,1.1521718006387482,0,0,0.0,8.429369557916289e-08,2.5421577110051885e-07,0.25658848881721497,0.05550117790699005,-0.05564018711447716,0.055501118302345276,-0.05564012750983238,-0.1673717498779297,-0.12028833478689194,-0.1673717498779297,-0.3768768310546875
309,right,stay,0.05390786790720879,0.033132484811302265,0.3702282945076938,0.8297545524541873,-2.390871382339657,0,0,0.0,1.2041464003686997e-07,4.4433722390380126e-07,0.0,-0.01062401756644249,-0.0021099115256220102,-0.010623990558087826,-0.0021097941789776087,0.17613311111927032,0.031022369861602783,0.17613311111927032,0.031022369861602783
309,right,right,0.05390786790720879,0.033132484811302265,0.3702282945076938,0.8297545524541873,-2.390871382339657,0,0,0.0,1.2041464003686997e-07,4.4433722390380126e-07,0.25658851861953735,-0.01062401756644249,-0.0021099115256220102,-0.010623990558087826,-0.0021097941789776087,0.17613311111927032,0.031022369861602783,0.4327216148376465,0.031022369861602783
309,right,left,0.05390786790720879,0.033132484811302265,0.3702282945076938,0.8297545524541873,-2.390871382339657,1,94,25.349870746625697,0.18811340630054474,0.012690429787785895,0.24370242655277252,-0.01062401756644249,-0.0021099115256220102,-0.19872936606407166,-0.0038520595990121365,0.17613311111927032,0.031022369861602783,-0.06756928563117981,0.031149284914135933
309,right,forward,0.05390786790720879,0.033132484811302265,0.3702282945076938,0.8297545524541873,-2.390871382339657,0,0,0.0,1.2041464003686997e-07,4.4433722390380126e-07,0.25658848881721497,-0.01062401756644249,-0.0021099115256220102,-0.010623990558087826,-0.0021097941789776087,0.17613311111927032,0.031022369861602783,0.17613311111927032,0.28761085867881775
309,right,backward,0.05390786790720879,0.033132484811302265,0.3702282945076938,0.8297545524541873,-2.390871382339657,0,0,0.0,1.2041464003686997e-07,4.4433722390380126e-07,0.25658848881721497,-0.01062401756644249,-0.0021099115256220102,-0.010623990558087826,-0.0021097941789776087,0.17613311111927032,0.031022369861602783,0.17613311111927032,-0.22556611895561218
310,back,stay,0.031835431684760114,0.020701660384839754,0.34497804117265474,0.7804643546904025,0.5166202710218468,0,0,0.0,3.725290298461914e-09,3.3861447479299756e-07,0.0,-0.019197866320610046,0.01596590131521225,-0.019197870045900345,0.01596590131521225,0.0015037432312965393,-0.13698168098926544,0.0015037432312965393,-0.13698168098926544
310,back,right,0.031835431684760114,0.020701660384839754,0.34497804117265474,0.7804643546904025,0.5166202710218468,0,0,0.0,3.725290298461914e-09,3.3861447479299756e-07,0.25658848881721497,-0.019197866320610046,0.01596590131521225,-0.019197870045900345,0.01596590131521225,0.0015037432312965393,-0.13698168098926544,0.2580922245979309,-0.13698168098926544
310,back,left,0.031835431684760114,0.020701660384839754,0.34497804117265474,0.7804643546904025,0.5166202710218468,0,0,0.0,3.725290298461914e-09,3.3861447479299756e-07,0.25658848881721497,-0.019197866320610046,0.01596590131521225,-0.019197870045900345,0.01596590131521225,0.0015037432312965393,-0.13698168098926544,-0.255084753036499,-0.13698168098926544
310,back,forward,0.031835431684760114,0.020701660384839754,0.34497804117265474,0.7804643546904025,0.5166202710218468,1,89,15.752274924608646,0.1787205934524536,0.005438147029656393,0.24562972784042358,-0.019197866320610046,0.01596590131521225,-0.01934877224266529,0.19468644261360168,0.0015037432312965393,-0.13698168098926544,0.001531975227408111,0.10864804685115814
310,back,backward,0.031835431684760114,0.020701660384839754,0.34497804117265474,0.7804643546904025,0.5166202710218468,0,0,0.0,3.725290298461914e-09,3.3861447479299756e-07,0.25658851861953735,-0.019197866320610046,0.01596590131521225,-0.019197870045900345,0.01596590131521225,0.0015037432312965393,-0.13698168098926544,0.0015037432312965393,-0.3935701847076416
311,front,stay,0.0849846148703366,0.10605923628210343,0.37802745482345107,0.7429617341680896,-1.9504975771172481,0,0,0.0,6.064333035737945e-08,2.1228750068935653e-07,0.0,-0.02733304351568222,0.09567084908485413,-0.027333002537488937,0.09567080438137054,-0.13339249789714813,0.316280335187912,-0.13339249789714813,0.316280335187912
311,front,right,0.0849846148703366,0.10605923628210343,0.37802745482345107,0.7429617341680896,-1.9504975771172481,0,0,0.0,6.064333035737945e-08,2.1228750068935653e-07,0.25658848881721497,-0.02733304351568222,0.09567084908485413,-0.027333002537488937,0.09567080438137054,-0.13339249789714813,0.316280335187912,0.12319599837064743,0.316280335187912
311,front,left,0.0849846148703366,0.10605923628210343,0.37802745482345107,0.7429617341680896,-1.9504975771172481,0,0,0.0,6.064333035737945e-08,2.1228750068935653e-07,0.25658851861953735,-0.02733304351568222,0.09567084908485413,-0.027333002537488937,0.09567080438137054,-0.13339249789714813,0.316280335187912,-0.3899810016155243,0.316280335187912
311,front,forward,0.0849846148703366,0.10605923628210343,0.37802745482345107,0.7429617341680896,-1.9504975771172481,0,0,0.0,6.064333035737945e-08,2.1228750068935653e-07,0.25658848881721497,-0.02733304351568222,0.09567084908485413,-0.027333002537488937,0.09567080438137054,-0.13339249789714813,0.316280335187912,-0.13339249789714813,0.572868824005127
311,front,backward,0.0849846148703366,0.10605923628210343,0.37802745482345107,0.7429617341680896,-1.9504975771172481,1,1,0.0,6.064333035737945e-08,2.1228750068935653e-07,0.25658848881721497,-0.02733304351568222,0.09567084908485413,-0.027333002537488937,0.09567080438137054,-0.13339249789714813,0.316280335187912,-0.13339249789714813,0.059691838920116425
312,left,stay,0.10773069705885248,-0.014194460424361705,0.3212726740321369,1.030913712019585,0.6594806170009448,0,0,0.0,5.960464477539063e-08,3.103321793984648e-07,0.0,-0.06162601709365845,-0.05028253793716431,-0.06162601709365845,-0.05028259754180908,-0.3041049540042877,-0.03608781844377518,-0.3041049540042877,-0.03608781844377518
312,left,right,0.10773069705885248,-0.014194460424361705,0.3212726740321369,1.030913712019585,0.6594806170009448,1,63,13.601609421134365,0.11112891137599945,0.00028322345854137065,0.24724026024341583,-0.06162601709365845,-0.05028253793716431,0.04901052266359329,-0.0607319250702858,-0.3041049540042877,-0.03608781844377518,-0.0568661168217659,-0.03525250032544136
312,left,left,0.10773069705885248,-0.014194460424361705,0.3212726740321369,1.030913712019585,0.6594806170009448,0,0,0.0,5.960464477539063e-08,3.103321793984648e-07,0.25658848881721497,-0.06162601709365845,-0.05028253793716431,-0.06162601709365845,-0.05028259754180908,-0.3041049540042877,-0.03608781844377518,-0.5606934428215027,-0.03608781844377518
312,left,forward,0.10773069705885248,-0.014194460424361705,0.3212726740321369,1.030913712019585,0.6594806170009448,0,0,0.0,5.960464477539063e-08,3.103321793984648e-07,0.25658848881721497,-0.06162601709365845,-0.05028253793716431,-0.06162601709365845,-0.05028259754180908,-0.3041049540042877,-0.03608781844377518,-0.3041049540042877,0.22050067782402039
312,left,backward,0.10773069705885248,-0.014194460424361705,0.3212726740321369,1.030913712019585,0.6594806170009448,0,0,0.0,5.960464477539063e-08,3.103321793984648e-07,0.25658848881721497,-0.06162601709365845,-0.05028253793716431,-0.06162601709365845,-0.05028259754180908,-0.3041049540042877,-0.03608781844377518,-0.3041049540042877,-0.29267629981040955
313,right,stay,0.022611892483404006,-0.1244847734989649,0.3150487394035638,0.7877021081257725,-2.57780691106145,0,0,0.0,2.60770320892334e-08,3.362517162486256e-07,0.0,-0.07725261896848679,0.05001343786716461,-0.07725261896848679,0.0500134639441967,0.08125212043523788,-0.07447163760662079,0.08125212043523788,-0.07447163760662079
313,right,right,0.022611892483404006,-0.1244847734989649,0.3150487394035638,0.7877021081257725,-2.57780691106145,0,0,0.0,2.60770320892334e-08,3.362517162486256e-07,0.25658848881721497,-0.07725261896848679,0.05001343786716461,-0.07725261896848679,0.0500134639441967,0.08125212043523788,-0.07447163760662079,0.33784061670303345,-0.07447163760662079
313,right,left,0.022611892483404006,-0.1244847734989649,0.3150487394035638,0.7877021081257725,-2.57780691106145,0,0,0.0,2.60770320892334e-08,3.362517162486256e-07,0.25658848881721497,-0.07725261896848679,0.05001343786716461,-0.07725261896848679,0.0500134639441967,0.08125212043523788,-0.07447163760662079,-0.17533637583255768,-0.07447163760662079
313,right,forward,0.022611892483404006,-0.1244847734989649,0.3150487394035638,0.7877021081257725,-2.57780691106145,0,0,0.0,2.60770320892334e-08,3.362517162486256e-07,0.25658848881721497,-0.07725261896848679,0.05001343786716461,-0.07725261896848679,0.0500134639441967,0.08125212043523788,-0.07447163760662079,0.08125212043523788,0.18211685121059418
313,right,backward,0.022611892483404006,-0.1244847734989649,0.3150487394035638,0.7877021081257725,-2.57780691106145,0,0,0.0,2.60770320892334e-08,3.362517162486256e-07,0.25658851861953735,-0.07725261896848679,0.05001343786716461,-0.07725261896848679,0.0500134639441967,0.08125212043523788,-0.07447163760662079,0.08125212043523788,-0.33106014132499695
314,back,stay,0.11173395582249009,-0.09260591538114443,0.2255437206787479,0.8341478142704786,2.9689596727752434,0,0,0.0,8.33000246558413e-09,5.981961592738116e-10,0.0,-0.04145507514476776,-0.056782837957143784,-0.04145508259534836,-0.05678284168243408,-0.13406077027320862,-0.2674481272697449,-0.13406077027320862,-0.2674481272697449
314,back,right,0.11173395582249009,-0.09260591538114443,0.2255437206787479,0.8341478142704786,2.9689596727752434,0,0,0.0,8.33000246558413e-09,5.981961592738116e-10,0.25658848881721497,-0.04145507514476776,-0.056782837957143784,-0.04145508259534836,-0.05678284168243408,-0.13406077027320862,-0.2674481272697449,0.12252772599458694,-0.2674481272697449
314,back,left,0.11173395582249009,-0.09260591538114443,0.2255437206787479,0.8341478142704786,2.9689596727752434,0,0,0.0,8.33000246558413e-09,5.981961592738116e-10,0.25658848881721497,-0.04145507514476776,-0.056782837957143784,-0.04145508259534836,-0.05678284168243408,-0.13406077027320862,-0.2674481272697449,-0.3906492590904236,-0.2674481272697449
314,back,forward,0.11173395582249009,-0.09260591538114443,0.2255437206787479,0.8341478142704786,2.9689596727752434,1,54,13.169843952221399,0.1059548482298851,0.05634336190949396,0.2517676055431366,-0.04145507514476776,-0.056782837957143784,-0.038130875676870346,0.049119845032691956,-0.13406077027320862,-0.2674481272697449,-0.13449792563915253,-0.015680916607379913
314,back,backward,0.11173395582249009,-0.09260591538114443,0.2255437206787479,0.8341478142704786,2.9689596727752434,0,0,0.0,8.33000246558413e-09,5.981961592738116e-10,0.25658851861953735,-0.04145507514476776,-0.056782837957143784,-0.04145508259534836,-0.05678284168243408,-0.13406077027320862,-0.2674481272697449,-0.13406077027320862,-0.5240366458892822
315,front,stay,0.10875772172654086,-0.0989696438919114,0.2826771748686584,0.847594595152446,-0.9792041664529743,0,0,0.0,2.9399126333373715e-07,9.668189685507755e-07,0.0,0.09587114304304123,-0.07880429178476334,0.09587085247039795,-0.07880433648824692,0.19484135508537292,0.16560392081737518,0.19484135508537292,0.16560392081737518
315,front,right,0.10875772172654086,-0.0989696438919114,0.2826771748686584,0.847594595152446,-0.9792041664529743,0,0,0.0,2.9399126333373715e-07,9.668189685507755e-07,0.25658848881721497,0.09587114304304123,-0.07880429178476334,0.09587085247039795,-0.07880433648824692,0.19484135508537292,0.16560392081737518,0.4514298439025879,0.16560392081737518
315,front,left,0.10875772172654086,-0.0989696438919114,0.2826771748686584,0.847594595152446,-0.9792041664529743,0,0,0.0,2.9399126333373715e-07,9.668189685507755e-07,0.25658848881721497,0.09587114304304123,-0.07880429178476334,0.09587085247039795,-0.07880433648824692,0.19484135508537292,0.16560392081737518,-0.06174714118242264,0.16560392081737518
315,front,forward,0.10875772172654086,-0.0989696438919114,0.2826771748686584,0.847594595152446,-0.9792041664529743,0,0,0.0,2.9399126333373715e-07,9.668189685507755e-07,0.25658851861953735,0.09587114304304123,-0.07880429178476334,0.09587085247039795,-0.07880433648824692,0.19484135508537292,0.16560392081737518,0.19484135508537292,0.42219242453575134
315,front,backward,0.10875772172654086,-0.0989696438919114,0.2826771748686584,0.847594595152446,-0.9792041664529743,1,9,7.363936201058324,0.006522052921354771,0.06016123397636419,0.25529927015304565,0.09587114304304123,-0.07880429178476334,0.09385436028242111,-0.08500669151544571,0.19484135508537292,0.16560392081737518,0.19520369172096252,-0.08969508111476898
316,left,stay,0.01963133101650483,0.1206468383839712,0.3669591768234537,0.7286897356573389,-2.598222506987733,0,0,0.0,5.029141902923584e-08,3.8323023687780733e-07,0.0,0.06566320359706879,0.008298958651721478,0.06566320359706879,0.008299008943140507,-0.08999167382717133,-0.11234819144010544,-0.08999167382717133,-0.11234819144010544
316,left,right,0.01963133101650483,0.1206468383839712,0.3669591768234537,0.7286897356573389,-2.598222506987733,1,14,7.0282769066998645,0.002393405418843031,0.006540732590380126,0.2559497058391571,0.06566320359706879,0.008298958651721478,0.06760458648204803,0.00969875231385231,-0.08999167382717133,-0.11234819144010544,0.16595758497714996,-0.112838514149189
316,left,left,0.01963133101650483,0.1206468383839712,0.3669591768234537,0.7286897356573389,-2.598222506987733,0,0,0.0,5.029141902923584e-08,3.8323023687780733e-07,0.25658851861953735,0.06566320359706879,0.008298958651721478,0.06566320359706879,0.008299008943140507,-0.08999167382717133,-0.11234819144010544,-0.3465801775455475,-0.11234819144010544
316,left,forward,0.01963133101650483,0.1206468383839712,0.3669591768234537,0.7286897356573389,-2.598222506987733,0,0,0.0,5.029141902923584e-08,3.8323023687780733e-07,0.25658848881721497,0.06566320359706879,0.008298958651721478,0.06566320359706879,0.008299008943140507,-0.08999167382717133,-0.11234819144010544,-0.08999167382717133,0.14424030482769012
316,left,backward,0.01963133101650483,0.1206468383839712,0.3669591768234537,0.7286897356573389,-2.598222506987733,0,0,0.0,5.029141902923584e-08,3.8323023687780733e-07,0.25658848881721497,0.06566320359706879,0.008298958651721478,0.06566320359706879,0.008299008943140507,-0.08999167382717133,-0.11234819144010544,-0.08999167382717133,-0.368936687707901
317,right,stay,0.02170778897836063,0.14305462657607684,0.3516931958034979,0.7702368524263762,2.329285938353112,0,0,0.0,2.0275471968034253e-07,9.130814468960581e-07,0.0,0.06508497148752213,-0.03102383017539978,0.06508515775203705,-0.031023910269141197,0.2179219275712967,0.11203069984912872,0.2179219275712967,0.11203069984912872
317,right,right,0.02170778897836063,0.14305462657607684,0.3516931958034979,0.7702368524263762,2.329285938353112,0,0,0.0,2.0275471968034253e-07,9.130814468960581e-07,0.25658851861953735,0.06508497148752213,-0.03102383017539978,0.06508515775203705,-0.031023910269141197,0.2179219275712967,0.11203069984912872,0.47451043128967285,0.11203069984912872
317,right,left,0.02170778897836063,0.14305462657607684,0.3516931958034979,0.7702368524263762,2.329285938353112,0,0,0.0,2.0275471968034253e-07,9.130814468960581e-07,0.25658848881721497,0.06508497148752213,-0.03102383017539978,0.06508515775203705,-0.031023910269141197,0.2179219275712967,0.11203069984912872,-0.03866656869649887,0.11203069984912872
317,right,forward,0.02170778897836063,0.14305462657607684,0.3516931958034979,0.7702368524263762,2.329285938353112,0,0,0.0,2.0275471968034253e-07,9.130814468960581e-07,0.25658851861953735,0.06508497148752213,-0.03102383017539978,0.06508515775203705,-0.031023910269141197,0.2179219275712967,0.11203069984912872,0.2179219275712967,0.3686192035675049
317,right,backward,0.02170778897836063,0.14305462657607684,0.3516931958034979,0.7702368524263762,2.329285938353112,0,0,0.0,2.0275471968034253e-07,9.130814468960581e-07,0.25658848881721497,0.06508497148752213,-0.03102383017539978,0.06508515775203705,-0.031023910269141197,0.2179219275712967,0.11203069984912872,0.2179219275712967,-0.14455778896808624
318,back,stay,0.030963432177343604,-0.14400476768635234,0.3499785480983456,0.9727579362767508,0.63561263431962,0,0,0.0,9.342980433757475e-08,3.375657432469481e-07,0.0,-0.08324745297431946,0.03387577086687088,-0.08324744552373886,0.03387567773461342,-0.2272522747516632,-0.12376125156879425,-0.2272522747516632,-0.12376125156879425
318,back,right,0.030963432177343604,-0.14400476768635234,0.3499785480983456,0.9727579362767508,0.63561263431962,0,0,0.0,9.342980433757475e-08,3.375657432469481e-07,0.25658848881721497,-0.08324745297431946,0.03387577086687088,-0.08324744552373886,0.03387567773461342,-0.2272522747516632,-0.12376125156879425,0.029336221516132355,-0.12376125156879425
318,back,left,0.030963432177343604,-0.14400476768635234,0.3499785480983456,0.9727579362767508,0.63561263431962,0,0,0.0,9.342980433757475e-08,3.375657432469481e-07,0.25658848881721497,-0.08324745297431946,0.03387577086687088,-0.08324744552373886,0.03387567773461342,-0.2272522747516632,-0.12376125156879425,-0.4838407635688782,-0.12376125156879425
318,back,forward,0.030963432177343604,-0.14400476768635234,0.3499785480983456,0.9727579362767508,0.63561263431962,0,0,0.0,9.342980433757475e-08,3.375657432469481e-07,0.25658848881721497,-0.08324745297431946,0.03387577086687088,-0.08324744552373886,0.03387567773461342,-0.2272522747516632,-0.12376125156879425,-0.2272522747516632,0.13282723724842072
318,back,backward,0.030963432177343604,-0.14400476768635234,0.3499785480983456,0.9727579362767508,0.63561263431962,0,0,0.0,9.342980433757475e-08,3.375657432469481e-07,0.25658851861953735,-0.08324745297431946,0.03387577086687088,-0.08324744552373886,0.03387567773461342,-0.2272522747516632,-0.12376125156879425,-0.2272522747516632,-0.3803497552871704
319,front,stay,0.09152857590304599,0.04814931607074824,0.2428778175825119,0.849606799409157,-0.6111775351693329,0,0,0.0,1.822348707491983e-07,5.06682239831413e-07,0.0,-0.039521098136901855,0.0676775798201561,-0.0395212359726429,0.06767769902944565,-0.08767017722129822,0.2848355770111084,-0.08767017722129822,0.2848355770111084
319,front,right,0.09152857590304599,0.04814931607074824,0.2428778175825119,0.849606799409157,-0.6111775351693329,0,0,0.0,1.822348707491983e-07,5.06682239831413e-07,0.25658848881721497,-0.039521098136901855,0.0676775798201561,-0.0395212359726429,0.06767769902944565,-0.08767017722129822,0.2848355770111084,0.16891831159591675,0.2848355770111084
319,front,left,0.09152857590304599,0.04814931607074824,0.2428778175825119,0.849606799409157,-0.6111775351693329,0,0,0.0,1.822348707491983e-07,5.06682239831413e-07,0.25658848881721497,-0.039521098136901855,0.0676775798201561,-0.0395212359726429,0.06767769902944565,-0.08767017722129822,0.2848355770111084,-0.3442586660385132,0.2848355770111084
319,front,forward,0.09152857590304599,0.04814931607074824,0.2428778175825119,0.849606799409157,-0.6111775351693329,0,0,0.0,1.822348707491983e-07,5.06682239831413e-07,0.25658851861953735,-0.039521098136901855,0.0676775798201561,-0.0395212359726429,0.06767769902944565,-0.08767017722129822,0.2848355770111084,-0.08767017722129822,0.5414240956306458
319,front,backward,0.09152857590304599,0.04814931607074824,0.2428778175825119,0.849606799409157,-0.6111775351693329,1,77,17.036096630577898,0.15628544986248016,0.017167290860451434,0.2493191510438919,-0.039521098136901855,0.0676775798201561,-0.0374564491212368,-0.08859424293041229,-0.08767017722129822,0.2848355770111084,-0.0878177061676979,0.03551647439599037
320,left,stay,0.10767638926096225,0.1160411357794289,0.27015416236426787,1.0107247028627295,2.5083976875355427,0,0,0.0,2.1609895384244737e-07,6.669954024651759e-07,0.0,0.05953406170010567,-0.06368045508861542,0.059534236788749695,-0.06368058174848557,-0.18329207599163055,-0.17972153425216675,-0.18329207599163055,-0.17972153425216675
320,left,right,0.10767638926096225,0.1160411357794289,0.27015416236426787,1.0107247028627295,2.5083976875355427,0,0,0.0,2.1609895384244737e-07,6.669954024651759e-07,0.25658848881721497,0.05953406170010567,-0.06368045508861542,0.059534236788749695,-0.06368058174848557,-0.18329207599163055,-0.17972153425216675,0.07329642027616501,-0.17972153425216675
320,left,left,0.10767638926096225,0.1160411357794289,0.27015416236426787,1.0107247028627295,2.5083976875355427,0,0,0.0,2.1609895384244737e-07,6.669954024651759e-07,0.25658851861953735,0.05953406170010567,-0.06368045508861542,0.059534236788749695,-0.06368058174848557,-0.18329207599163055,-0.17972153425216675,-0.4398805797100067,-0.17972153425216675
320,left,forward,0.10767638926096225,0.1160411357794289,0.27015416236426787,1.0107247028627295,2.5083976875355427,0,0,0.0,2.1609895384244737e-07,6.669954024651759e-07,0.25658848881721497,0.05953406170010567,-0.06368045508861542,0.059534236788749695,-0.06368058174848557,-0.18329207599163055,-0.17972153425216675,-0.18329207599163055,0.07686696201562881
320,left,backward,0.10767638926096225,0.1160411357794289,0.27015416236426787,1.0107247028627295,2.5083976875355427,0,0,0.0,2.1609895384244737e-07,6.669954024651759e-07,0.25658848881721497,0.05953406170010567,-0.06368045508861542,0.059534236788749695,-0.06368058174848557,-0.18329207599163055,-0.17972153425216675,-0.18329207599163055,-0.4363100230693817
321,right,stay,0.02764612797810725,-0.11303450169267708,0.2602445666896196,1.0349626354026842,1.0957275254159047,0,0,0.0,1.2845501373703883e-07,3.1813162237881443e-07,0.0,-0.04301469400525093,-0.035704925656318665,-0.043014805763959885,-0.03570486232638359,0.10352729260921478,-0.14873939752578735,0.10352729260921478,-0.14873939752578735
321,right,right,0.02764612797810725,-0.11303450169267708,0.2602445666896196,1.0349626354026842,1.0957275254159047,0,0,0.0,1.2845501373703883e-07,3.1813162237881443e-07,0.25658851861953735,-0.04301469400525093,-0.035704925656318665,-0.043014805763959885,-0.03570486232638359,0.10352729260921478,-0.14873939752578735,0.36011579632759094,-0.14873939752578735
321,right,left,0.02764612797810725,-0.11303450169267708,0.2602445666896196,1.0349626354026842,1.0957275254159047,1,69,10.479847194140403,0.07763354480266571,0.5165600989338923,0.24969397485256195,-0.04301469400525093,-0.035704925656318665,-0.12051961570978165,-0.031237829476594925,0.10352729260921478,-0.14873939752578735,-0.14616551995277405,-0.14950484037399292
321,right,forward,0.02764612797810725,-0.11303450169267708,0.2602445666896196,1.0349626354026842,1.0957275254159047,0,0,0.0,1.2845501373703883e-07,3.1813162237881443e-07,0.25658848881721497,-0.04301469400525093,-0.035704925656318665,-0.043014805763959885,-0.03570486232638359,0.10352729260921478,-0.14873939752578735,0.10352729260921478,0.10784909874200821
321,right,backward,0.02764612797810725,-0.11303450169267708,0.2602445666896196,1.0349626354026842,1.0957275254159047,0,0,0.0,1.2845501373703883e-07,3.1813162237881443e-07,0.25658848881721497,-0.04301469400525093,-0.035704925656318665,-0.043014805763959885,-0.03570486232638359,0.10352729260921478,-0.14873939752578735,0.10352729260921478,-0.4053278863430023
322,back,stay,0.09190344859693386,-0.02241322719598693,0.22512330958025856,0.6777084670349267,0.8048869056499512,0,0,0.0,1.6614126252534334e-07,6.131201526482499e-07,0.0,-0.03128797188401222,-0.0850808247923851,-0.0312880277633667,-0.08508098125457764,-0.053701210767030716,-0.3094416558742523,-0.053701210767030716,-0.3094416558742523
322,back,right,0.09190344859693386,-0.02241322719598693,0.22512330958025856,0.6777084670349267,0.8048869056499512,0,0,0.0,1.6614126252534334e-07,6.131201526482499e-07,0.25658848881721497,-0.03128797188401222,-0.0850808247923851,-0.0312880277633667,-0.08508098125457764,-0.053701210767030716,-0.3094416558742523,0.20288728177547455,-0.3094416558742523
322,back,left,0.09190344859693386,-0.02241322719598693,0.22512330958025856,0.6777084670349267,0.8048869056499512,0,0,0.0,1.6614126252534334e-07,6.131201526482499e-07,0.25658848881721497,-0.03128797188401222,-0.0850808247923851,-0.0312880277633667,-0.08508098125457764,-0.053701210767030716,-0.3094416558742523,-0.3102897107601166,-0.3094416558742523
322,back,forward,0.09190344859693386,-0.02241322719598693,0.22512330958025856,0.6777084670349267,0.8048869056499512,1,77,13.732074322178754,0.15825827419757843,0.00226599554210849,0.2508358657360077,-0.03128797188401222,-0.0850808247923851,-0.03094068355858326,0.07317706197500229,-0.053701210767030716,-0.3094416558742523,-0.053714822977781296,-0.05860578641295433
322,back,backward,0.09190344859693386,-0.02241322719598693,0.22512330958025856,0.6777084670349267,0.8048869056499512,0,0,0.0,1.6614126252534334e-07,6.131201526482499e-07,0.25658848881721497,-0.03128797188401222,-0.0850808247923851,-0.0312880277633667,-0.08508098125457764,-0.053701210767030716,-0.3094416558742523,-0.053701210767030716,-0.5660301446914673
323,front,stay,0.0775402150084487,-0.13738735925328474,0.2420294923695116,0.8240456664220753,0.565457335271458,0,0,0.0,2.2351741790771484e-08,3.3268926757923367e-07,0.0,0.0475473627448082,0.08440622687339783,0.0475473627448082,0.08440620452165604,0.18493467569351196,0.2854853868484497,0.18493467569351196,0.2854853868484497
323,front,right,0.0775402150084487,-0.13738735925328474,0.2420294923695116,0.8240456664220753,0.565457335271458,0,0,0.0,2.2351741790771484e-08,3.3268926757923367e-07,0.25658848881721497,0.0475473627448082,0.08440622687339783,0.0475473627448082,0.08440620452165604,0.18493467569351196,0.2854853868484497,0.44152316451072693,0.2854853868484497
323,front,left,0.0775402150084487,-0.13738735925328474,0.2420294923695116,0.8240456664220753,0.565457335271458,0,0,0.0,2.2351741790771484e-08,3.3268926757923367e-07,0.25658848881721497,0.0475473627448082,0.08440622687339783,0.0475473627448082,0.08440620452165604,0.18493467569351196,0.2854853868484497,-0.0716538205742836,0.2854853868484497
323,front,forward,0.0775402150084487,-0.13738735925328474,0.2420294923695116,0.8240456664220753,0.565457335271458,0,0,0.0,2.2351741790771484e-08,3.3268926757923367e-07,0.25658851861953735,0.0475473627448082,0.08440622687339783,0.0475473627448082,0.08440620452165604,0.18493467569351196,0.2854853868484497,0.18493467569351196,0.5420739054679871
323,front,backward,0.0775402150084487,-0.13738735925328474,0.2420294923695116,0.8240456664220753,0.565457335271458,0,0,0.0,2.2351741790771484e-08,3.3268926757923367e-07,0.25658848881721497,0.0475473627448082,0.08440622687339783,0.0475473627448082,0.08440620452165604,0.18493467569351196,0.2854853868484497,0.18493467569351196,0.028896890580654144
324,left,stay,0.0922686532603838,0.0737216198783793,0.26147883623452206,0.8978838890663533,2.2756945808895903,0,0,0.0,2.6100968852915685e-07,8.404212299417679e-07,0.0,-0.09975486248731613,0.058641668409109116,-0.09975460171699524,0.05864165723323822,-0.3213757574558258,-0.015080083161592484,-0.3213757574558258,-0.015080083161592484
324,left,right,0.0922686532603838,0.0737216198783793,0.26147883623452206,0.8978838890663533,2.2756945808895903,1,40,13.203135702319702,0.07029402256011963,0.08156686447050188,0.25182002782821655,-0.09975486248731613,0.058641668409109116,-0.02972862869501114,0.06477165222167969,-0.3213757574558258,-0.015080083161592484,-0.06955617666244507,-0.015550301410257816
324,left,left,0.0922686532603838,0.0737216198783793,0.26147883623452206,0.8978838890663533,2.2756945808895903,0,0,0.0,2.6100968852915685e-07,8.404212299417679e-07,0.25658848881721497,-0.09975486248731613,0.058641668409109116,-0.09975460171699524,0.05864165723323822,-0.3213757574558258,-0.015080083161592484,-0.5779642462730408,-0.015080083161592484
324,left,forward,0.0922686532603838,0.0737216198783793,0.26147883623452206,0.8978838890663533,2.2756945808895903,0,0,0.0,2.6100968852915685e-07,8.404212299417679e-07,0.25658848881721497,-0.09975486248731613,0.058641668409109116,-0.09975460171699524,0.05864165723323822,-0.3213757574558258,-0.015080083161592484,-0.3213757574558258,0.24150840938091278
324,left,backward,0.0922686532603838,0.0737216198783793,0.26147883623452206,0.8978838890663533,2.2756945808895903,0,0,0.0,2.6100968852915685e-07,8.404212299417679e-07,0.25658848881721497,-0.09975486248731613,0.058641668409109116,-0.09975460171699524,0.05864165723323822,-0.3213757574558258,-0.015080083161592484,-0.3213757574558258,-0.27166858315467834
325,right,stay,0.08081855173228954,-0.06935808844067766,0.2681097763260538,0.7840963186323218,0.17171417436763203,0,0,0.0,4.7269941205740906e-07,5.032957782757919e-07,0.0,-0.044016387313604355,0.006458140444010496,-0.0440165251493454,0.00645768828690052,0.1682414412498474,-0.06289944052696228,0.1682414412498474,-0.06289944052696228
325,right,right,0.08081855173228954,-0.06935808844067766,0.2681097763260538,0.7840963186323218,0.17171417436763203,0,0,0.0,4.7269941205740906e-07,5.032957782757919e-07,0.25658848881721497,-0.044016387313604355,0.006458140444010496,-0.0440165251493454,0.00645768828690052,0.1682414412498474,-0.06289944052696228,0.4248299300670624,-0.06289944052696228
325,right,left,0.08081855173228954,-0.06935808844067766,0.2681097763260538,0.7840963186323218,0.17171417436763203,1,69,3.117192926541386,0.02118918113410473,0.00024845466595896365,0.25250232219696045,-0.044016387313604355,0.006458140444010496,-0.05394868552684784,0.025175267830491066,0.1682414412498474,-0.06289944052696228,-0.08423734456300735,-0.0663478747010231
325,right,forward,0.08081855173228954,-0.06935808844067766,0.2681097763260538,0.7840963186323218,0.17171417436763203,0,0,0.0,4.7269941205740906e-07,5.032957782757919e-07,0.25658848881721497,-0.044016387313604355,0.006458140444010496,-0.0440165251493454,0.00645768828690052,0.1682414412498474,-0.06289944052696228,0.1682414412498474,0.19368904829025269
325,right,backward,0.08081855173228954,-0.06935808844067766,0.2681097763260538,0.7840963186323218,0.17171417436763203,0,0,0.0,4.7269941205740906e-07,5.032957782757919e-07,0.25658848881721497,-0.044016387313604355,0.006458140444010496,-0.0440165251493454,0.00645768828690052,0.1682414412498474,-0.06289944052696228,0.1682414412498474,-0.31948792934417725
326,back,stay,0.032707182466820715,0.09603185129964631,0.3223004215459544,0.9868440733490944,3.0963675333255445,0,0,0.0,7.847021379348007e-07,1.8482052119850323e-06,0.0,-0.050022292882204056,0.042904652655124664,-0.050022438168525696,0.04290388152003288,0.04600962996482849,-0.07859909534454346,0.04600962996482849,-0.07859909534454346
326,back,right,0.032707182466820715,0.09603185129964631,0.3223004215459544,0.9868440733490944,3.0963675333255445,0,0,0.0,7.847021379348007e-07,1.8482052119850323e-06,0.25658848881721497,-0.050022292882204056,0.042904652655124664,-0.050022438168525696,0.04290388152003288,0.04600962996482849,-0.07859909534454346,0.30259811878204346,-0.07859909534454346
326,back,left,0.032707182466820715,0.09603185129964631,0.3223004215459544,0.9868440733490944,3.0963675333255445,0,0,0.0,7.847021379348007e-07,1.8482052119850323e-06,0.25658848881721497,-0.050022292882204056,0.042904652655124664,-0.050022438168525696,0.04290388152003288,0.04600962996482849,-0.07859909534454346,-0.21057885885238647,-0.07859909534454346
326,back,forward,0.032707182466820715,0.09603185129964631,0.3223004215459544,0.9868440733490944,3.0963675333255445,1,104,14.142198680808706,0.18165765702724457,0.25578695239648064,0.24328014254570007,-0.050022292882204056,0.042904652655124664,-0.06496419757604599,0.22394675016403198,0.04600962996482849,-0.07859909534454346,0.049537450075149536,0.16465546190738678
326,back,backward,0.032707182466820715,0.09603185129964631,0.3223004215459544,0.9868440733490944,3.0963675333255445,0,0,0.0,7.847021379348007e-07,1.8482052119850323e-06,0.25658848881721497,-0.050022292882204056,0.042904652655124664,-0.050022438168525696,0.04290388152003288,0.04600962996482849,-0.07859909534454346,0.04600962996482849,-0.3351875841617584
327,front,stay,0.10096965041432805,-0.0998884786969686,0.2902919749916489,0.811178877528388,-0.1095365984632588,0,0,0.0,8.152835562214023e-07,8.154283198114066e-07,0.0,0.0060721226036548615,-0.03190609812736511,0.006072274874895811,-0.03190529718995094,0.10596044361591339,0.16308526694774628,0.10596044361591339,0.16308526694774628
327,front,right,0.10096965041432805,-0.0998884786969686,0.2902919749916489,0.811178877528388,-0.1095365984632588,0,0,0.0,8.152835562214023e-07,8.154283198114066e-07,0.25658851861953735,0.0060721226036548615,-0.03190609812736511,0.006072274874895811,-0.03190529718995094,0.10596044361591339,0.16308526694774628,0.36254894733428955,0.16308526694774628
327,front,left,0.10096965041432805,-0.0998884786969686,0.2902919749916489,0.811178877528388,-0.1095365984632588,0,0,0.0,8.152835562214023e-07,8.154283198114066e-07,0.25658848881721497,0.0060721226036548615,-0.03190609812736511,0.006072274874895811,-0.03190529718995094,0.10596044361591339,0.16308526694774628,-0.15062804520130157,0.16308526694774628
327,front,forward,0.10096965041432805,-0.0998884786969686,0.2902919749916489,0.811178877528388,-0.1095365984632588,0,0,0.0,8.152835562214023e-07,8.154283198114066e-07,0.25658851861953735,0.0060721226036548615,-0.03190609812736511,0.006072274874895811,-0.03190529718995094,0.10596044361591339,0.16308526694774628,0.10596044361591339,0.41967377066612244
327,front,backward,0.10096965041432805,-0.0998884786969686,0.2902919749916489,0.811178877528388,-0.1095365984632588,1,64,12.964677809915326,0.11754374951124191,0.11001958776686806,0.24979452788829803,0.0060721226036548615,-0.03190609812736511,-9.529298404231668e-05,-0.14928793907165527,0.10596044361591339,0.16308526694774628,0.10699284821748734,-0.08670712262392044
328,left,stay,0.07160941005327696,0.13209898685666546,0.3262295865254772,0.8864903766119182,2.695198039278993,0,0,0.0,3.725290298461914e-09,3.761189266704434e-07,0.0,-0.06223348528146744,0.04152354970574379,-0.06223348155617714,0.04152354970574379,-0.2699410021305084,-0.09057512879371643,-0.2699410021305084,-0.09057512879371643
328,left,right,0.07160941005327696,0.13209898685666546,0.3262295865254772,0.8864903766119182,2.695198039278993,0,0,0.0,3.725290298461914e-09,3.761189266704434e-07,0.25658848881721497,-0.06223348528146744,0.04152354970574379,-0.06223348155617714,0.04152354970574379,-0.2699410021305084,-0.09057512879371643,-0.013352506794035435,-0.09057512879371643
328,left,left,0.07160941005327696,0.13209898685666546,0.3262295865254772,0.8864903766119182,2.695198039278993,0,0,0.0,3.725290298461914e-09,3.761189266704434e-07,0.25658848881721497,-0.06223348528146744,0.04152354970574379,-0.06223348155617714,0.04152354970574379,-0.2699410021305084,-0.09057512879371643,-0.5265294909477234,-0.09057512879371643
328,left,forward,0.07160941005327696,0.13209898685666546,0.3262295865254772,0.8864903766119182,2.695198039278993,0,0,0.0,3.725290298461914e-09,3.761189266704434e-07,0.25658848881721497,-0.06223348528146744,0.04152354970574379,-0.06223348155617714,0.04152354970574379,-0.2699410021305084,-0.09057512879371643,-0.2699410021305084,0.16601336002349854
328,left,backward,0.07160941005327696,0.13209898685666546,0.3262295865254772,0.8864903766119182,2.695198039278993,0,0,0.0,3.725290298461914e-09,3.761189266704434e-07,0.25658848881721497,-0.06223348528146744,0.04152354970574379,-0.06223348155617714,0.04152354970574379,-0.2699410021305084,-0.09057512879371643,-0.2699410021305084,-0.3471636176109314
329,right,stay,0.02806734867938107,0.011778238694652804,0.3540356357105755,0.6644585773602194,-2.886890627961926,0,0,0.0,6.018390763529169e-07,5.669712375144798e-07,0.0,0.03215688839554787,-0.036842189729213715,0.032157111912965775,-0.036841630935668945,0.19381998479366302,-0.02506449446082115,0.19381998479366302,-0.02506449446082115
329,right,right,0.02806734867938107,0.011778238694652804,0.3540356357105755,0.6644585773602194,-2.886890627961926,0,0,0.0,6.018390763529169e-07,5.669712375144798e-07,0.25658851861953735,0.03215688839554787,-0.036842189729213715,0.032157111912965775,-0.036841630935668945,0.19381998479366302,-0.02506449446082115,0.4504084885120392,-0.02506449446082115
329,right,left,0.02806734867938107,0.011778238694652804,0.3540356357105755,0.6644585773602194,-2.886890627961926,1,104,19.650468176151616,0.2095436304807663,0.0018196621486867848,0.24505501985549927,0.03215688839554787,-0.036842189729213715,-0.17738673090934753,-0.03675283491611481,0.19381998479366302,-0.02506449446082115,-0.05123503506183624,-0.025061579421162605
329,right,forward,0.02806734867938107,0.011778238694652804,0.3540356357105755,0.6644585773602194,-2.886890627961926,0,0,0.0,6.018390763529169e-07,5.669712375144798e-07,0.25658848881721497,0.03215688839554787,-0.036842189729213715,0.032157111912965775,-0.036841630935668945,0.19381998479366302,-0.02506449446082115,0.19381998479366302,0.2315240055322647
329,right,backward,0.02806734867938107,0.011778238694652804,0.3540356357105755,0.6644585773602194,-2.886890627961926,0,0,0.0,6.018390763529169e-07,5.669712375144798e-07,0.25658848881721497,0.03215688839554787,-0.036842189729213715,0.032157111912965775,-0.036841630935668945,0.19381998479366302,-0.02506449446082115,0.19381998479366302,-0.2816529870033264
330,back,stay,0.08630853706348346,0.08992042061220695,0.2278040740929044,0.8493082620785404,2.8390165764704287,0,0,0.0,6.376669858809692e-08,3.069233756036738e-11,0.0,-0.09666736423969269,0.03973575681447983,-0.09666737169027328,0.0397358201444149,-0.006746858358383179,-0.15485639870166779,-0.006746858358383179,-0.15485639870166779
330,back,right,0.08630853706348346,0.08992042061220695,0.2278040740929044,0.8493082620785404,2.8390165764704287,0,0,0.0,6.376669858809692e-08,3.069233756036738e-11,0.25658848881721497,-0.09666736423969269,0.03973575681447983,-0.09666737169027328,0.0397358201444149,-0.006746858358383179,-0.15485639870166779,0.2498416304588318,-0.15485639870166779
330,back,left,0.08630853706348346,0.08992042061220695,0.2278040740929044,0.8493082620785404,2.8390165764704287,0,0,0.0,6.376669858809692e-08,3.069233756036738e-11,0.25658848881721497,-0.09666736423969269,0.03973575681447983,-0.09666737169027328,0.0397358201444149,-0.006746858358383179,-0.15485639870166779,-0.26333534717559814,-0.15485639870166779
330,back,forward,0.08630853706348346,0.08992042061220695,0.2278040740929044,0.8493082620785404,2.8390165764704287,1,77,13.728017716380819,0.14794616401195526,0.09769381256845254,0.25004205107688904,-0.09666736423969269,0.03973575681447983,-0.1045817956328392,0.18747006356716156,-0.006746858358383179,-0.15485639870166779,-0.00582039263099432,0.09518393874168396
330,back,backward,0.08630853706348346,0.08992042061220695,0.2278040740929044,0.8493082620785404,2.8390165764704287,0,0,0.0,6.376669858809692e-08,3.069233756036738e-11,0.25658851861953735,-0.09666736423969269,0.03973575681447983,-0.09666737169027328,0.0397358201444149,-0.006746858358383179,-0.15485639870166779,-0.006746858358383179,-0.41144490242004395
331,front,stay,0.038713571515792494,-0.007492230122222027,0.23048539720863867,0.9415634215389326,1.7220102703139926,0,0,0.0,1.4927401252862182e-06,4.263191115905229e-06,0.0,0.09293267875909805,-0.08549492061138153,0.09293413162231445,-0.08549526333808899,0.10042465478181839,0.0840274840593338,0.10042465478181839,0.0840274840593338
331,front,right,0.038713571515792494,-0.007492230122222027,0.23048539720863867,0.9415634215389326,1.7220102703139926,0,0,0.0,1.4927401252862182e-06,4.263191115905229e-06,0.25658848881721497,0.09293267875909805,-0.08549492061138153,0.09293413162231445,-0.08549526333808899,0.10042465478181839,0.0840274840593338,0.35701313614845276,0.0840274840593338
331,front,left,0.038713571515792494,-0.007492230122222027,0.23048539720863867,0.9415634215389326,1.7220102703139926,0,0,0.0,1.4927401252862182e-06,4.263191115905229e-06,0.25658848881721497,0.09293267875909805,-0.08549492061138153,0.09293413162231445,-0.08549526333808899,0.10042465478181839,0.0840274840593338,-0.15616384148597717,0.0840274840593338
331,front,forward,0.038713571515792494,-0.007492230122222027,0.23048539720863867,0.9415634215389326,1.7220102703139926,0,0,0.0,1.4927401252862182e-06,4.263191115905229e-06,0.25658851861953735,0.09293267875909805,-0.08549492061138153,0.09293413162231445,-0.08549526333808899,0.10042465478181839,0.0840274840593338,0.10042465478181839,0.34061598777770996
331,front,backward,0.038713571515792494,-0.007492230122222027,0.23048539720863867,0.9415634215389326,1.7220102703139926,1,101,15.435856856271748,0.20513547956943512,0.0002022771124583489,0.24704745411872864,0.09293267875909805,-0.08549492061138153,0.09274227917194366,-0.2906303107738495,0.10042465478181839,0.0840274840593338,0.10043656080961227,-0.16301997005939484
332,left,stay,0.09237950587242633,-0.007880389470394433,0.3117708913559571,0.7081514936486702,2.4948946498276845,0,0,0.0,2.252491810850188e-07,7.374796058279287e-07,0.0,0.09592439979314804,-0.06738806515932083,0.09592458605766296,-0.06738819181919098,-0.13140687346458435,-0.05950763076543808,-0.13140687346458435,-0.05950763076543808
332,left,right,0.09237950587242633,-0.007880389470394433,0.3117708913559571,0.7081514936486702,2.4948946498276845,1,76,22.932321934602896,0.1552179902791977,3.664212830445379e-05,0.24874214828014374,0.09592439979314804,-0.06738806515932083,0.25114238262176514,-0.06731917709112167,-0.13140687346458435,-0.05950763076543808,0.11733527481555939,-0.05950925126671791
332,left,left,0.09237950587242633,-0.007880389470394433,0.3117708913559571,0.7081514936486702,2.4948946498276845,0,0,0.0,2.252491810850188e-07,7.374796058279287e-07,0.25658848881721497,0.09592439979314804,-0.06738806515932083,0.09592458605766296,-0.06738819181919098,-0.13140687346458435,-0.05950763076543808,-0.3879953622817993,-0.05950763076543808
332,left,forward,0.09237950587242633,-0.007880389470394433,0.3117708913559571,0.7081514936486702,2.4948946498276845,0,0,0.0,2.252491810850188e-07,7.374796058279287e-07,0.25658848881721497,0.09592439979314804,-0.06738806515932083,0.09592458605766296,-0.06738819181919098,-0.13140687346458435,-0.05950763076543808,-0.13140687346458435,0.19708086550235748
332,left,backward,0.09237950587242633,-0.007880389470394433,0.3117708913559571,0.7081514936486702,2.4948946498276845,0,0,0.0,2.252491810850188e-07,7.374796058279287e-07,0.25658848881721497,0.09592439979314804,-0.06738806515932083,0.09592458605766296,-0.06738819181919098,-0.13140687346458435,-0.05950763076543808,-0.13140687346458435,-0.31609612703323364
333,right,stay,0.10950437279005443,-0.09969852283359952,0.24420696837055908,0.9084404197341513,-2.9721626053999977,0,0,0.0,4.702874605300167e-07,5.100282582937155e-07,0.0,-0.0791720524430275,0.0490298755466938,-0.07917191833257675,0.049030326306819916,0.16170302033424377,-0.05066915228962898,0.16170302033424377,-0.05066915228962898
333,right,right,0.10950437279005443,-0.09969852283359952,0.24420696837055908,0.9084404197341513,-2.9721626053999977,0,0,0.0,4.702874605300167e-07,5.100282582937155e-07,0.25658848881721497,-0.0791720524430275,0.0490298755466938,-0.07917191833257675,0.049030326306819916,0.16170302033424377,-0.05066915228962898,0.41829150915145874,-0.05066915228962898
333,right,left,0.10950437279005443,-0.09969852283359952,0.24420696837055908,0.9084404197341513,-2.9721626053999977,0,0,0.0,4.702874605300167e-07,5.100282582937155e-07,0.25658848881721497,-0.0791720524430275,0.0490298755466938,-0.07917191833257675,0.049030326306819916,0.16170302033424377,-0.05066915228962898,-0.09488547593355179,-0.05066915228962898
333,right,forward,0.10950437279005443,-0.09969852283359952,0.24420696837055908,0.9084404197341513,-2.9721626053999977,0,0,0.0,4.702874605300167e-07,5.100282582937155e-07,0.25658848881721497,-0.0791720524430275,0.0490298755466938,-0.07917191833257675,0.049030326306819916,0.16170302033424377,-0.05066915228962898,0.16170302033424377,0.20591934025287628
333,right,backward,0.10950437279005443,-0.09969852283359952,0.24420696837055908,0.9084404197341513,-2.9721626053999977,0,0,0.0,4.702874605300167e-07,5.100282582937155e-07,0.25658848881721497,-0.0791720524430275,0.0490298755466938,-0.07917191833257675,0.049030326306819916,0.16170302033424377,-0.05066915228962898,0.16170302033424377,-0.30725765228271484
334,back,stay,0.02287421717284209,-0.09323787086631234,0.33055904336718134,0.9096602495462061,-0.8389100521641435,0,0,0.0,2.492606085979787e-07,8.920706733306362e-07,0.0,0.05513517186045647,-0.017878029495477676,0.05513492599129677,-0.017877988517284393,-0.03810225427150726,-0.1740572452545166,-0.03810225427150726,-0.1740572452545166
334,back,right,0.02287421717284209,-0.09323787086631234,0.33055904336718134,0.9096602495462061,-0.8389100521641435,0,0,0.0,2.492606085979787e-07,8.920706733306362e-07,0.25658848881721497,0.05513517186045647,-0.017878029495477676,0.05513492599129677,-0.017877988517284393,-0.03810225427150726,-0.1740572452545166,0.2184862345457077,-0.1740572452545166
334,back,left,0.02287421717284209,-0.09323787086631234,0.33055904336718134,0.9096602495462061,-0.8389100521641435,0,0,0.0,2.492606085979787e-07,8.920706733306362e-07,0.25658851861953735,0.05513517186045647,-0.017878029495477676,0.05513492599129677,-0.017877988517284393,-0.03810225427150726,-0.1740572452545166,-0.2946907579898834,-0.1740572452545166
334,back,forward,0.02287421717284209,-0.09323787086631234,0.33055904336718134,0.9096602495462061,-0.8389100521641435,1,58,9.535470226009489,0.05191570147871971,0.3400897506795105,0.25014930963516235,0.05513517186045647,-0.017878029495477676,0.07053767144680023,0.03170022368431091,-0.03810225427150726,-0.1740572452545166,-0.03976599499583244,0.07608652859926224
334,back,backward,0.02287421717284209,-0.09323787086631234,0.33055904336718134,0.9096602495462061,-0.8389100521641435,0,0,0.0,2.492606085979787e-07,8.920706733306362e-07,0.25658848881721497,0.05513517186045647,-0.017878029495477676,0.05513492599129677,-0.017877988517284393,-0.03810225427150726,-0.1740572452545166,-0.03810225427150726,-0.43064573407173157
335,front,stay,0.09807995381278835,0.06996836905906845,0.27635408630668346,1.0240161385187265,2.419157798653747,0,0,0.0,1.9684202356984315e-07,9.275972461253446e-07,0.0,-0.09549401700496674,0.07913900166749954,-0.095493845641613,0.07913890480995178,-0.1654626876115799,0.3071810007095337,-0.1654626876115799,0.3071810007095337
335,front,right,0.09807995381278835,0.06996836905906845,0.27635408630668346,1.0240161385187265,2.419157798653747,0,0,0.0,1.9684202356984315e-07,9.275972461253446e-07,0.25658848881721497,-0.09549401700496674,0.07913900166749954,-0.095493845641613,0.07913890480995178,-0.1654626876115799,0.3071810007095337,0.09112580865621567,0.3071810007095337
335,front,left,0.09807995381278835,0.06996836905906845,0.27635408630668346,1.0240161385187265,2.419157798653747,0,0,0.0,1.9684202356984315e-07,9.275972461253446e-07,0.25658851861953735,-0.09549401700496674,0.07913900166749954,-0.095493845641613,0.07913890480995178,-0.1654626876115799,0.3071810007095337,-0.42205119132995605,0.3071810007095337
335,front,forward,0.09807995381278835,0.06996836905906845,0.27635408630668346,1.0240161385187265,2.419157798653747,0,0,0.0,1.9684202356984315e-07,9.275972461253446e-07,0.25658851861953735,-0.09549401700496674,0.07913900166749954,-0.095493845641613,0.07913890480995178,-0.1654626876115799,0.3071810007095337,-0.1654626876115799,0.563769519329071
335,front,backward,0.09807995381278835,0.06996836905906845,0.27635408630668346,1.0240161385187265,2.419157798653747,1,65,12.193273434812655,0.11856422573328018,0.16608859278489516,0.248551607131958,-0.09549401700496674,0.07913900166749954,-0.0803566575050354,-0.038454942405223846,-0.1654626876115799,0.3071810007095337,-0.16716672480106354,0.05863523483276367
336,left,stay,0.08604456361819277,-0.07332225031204123,0.236187273163027,0.944533953530857,-2.6441671264059092,0,0,0.0,1.862645149230957e-08,3.7732989000005546e-07,0.0,0.044298212975263596,0.008562981151044369,0.044298212975263596,0.008562999777495861,-0.17791789770126343,0.08188491314649582,-0.17791789770126343,0.08188491314649582
336,left,right,0.08604456361819277,-0.07332225031204123,0.236187273163027,0.944533953530857,-2.6441671264059092,1,37,9.057338266664452,0.041430458426475525,0.03518886686113909,0.25306227803230286,0.044298212975263596,0.008562981151044369,0.08207205682992935,-0.008455230854451656,-0.17791789770126343,0.08188491314649582,0.07514171302318573,0.08304725587368011
336,left,left,0.08604456361819277,-0.07332225031204123,0.236187273163027,0.944533953530857,-2.6441671264059092,0,0,0.0,1.862645149230957e-08,3.7732989000005546e-07,0.25658848881721497,0.044298212975263596,0.008562981151044369,0.044298212975263596,0.008562999777495861,-0.17791789770126343,0.08188491314649582,-0.4345063865184784,0.08188491314649582
336,left,forward,0.08604456361819277,-0.07332225031204123,0.236187273163027,0.944533953530857,-2.6441671264059092,0,0,0.0,1.862645149230957e-08,3.7732989000005546e-07,0.25658848881721497,0.044298212975263596,0.008562981151044369,0.044298212975263596,0.008562999777495861,-0.17791789770126343,0.08188491314649582,-0.17791789770126343,0.3384734094142914
336,left,backward,0.08604456361819277,-0.07332225031204123,0.236187273163027,0.944533953530857,-2.6441671264059092,0,0,0.0,1.862645149230957e-08,3.7732989000005546e-07,0.25658848881721497,0.044298212975263596,0.008562981151044369,0.044298212975263596,0.008562999777495861,-0.17791789770126343,0.08188491314649582,-0.17791789770126343,-0.17470358312129974
337,right,stay,0.06613043861523157,-0.13219717751051635,0.2758777936789023,0.8282186944014069,-2.8507140835687212,0,0,0.0,3.3489564543742745e-07,3.1876004058517537e-09,0.0,-0.05579100549221039,0.0017436596099287271,-0.05579081550240517,0.0017439353978261352,0.14467445015907288,-0.13045409321784973,0.14467445015907288,-0.13045409321784973
337,right,right,0.06613043861523157,-0.13219717751051635,0.2758777936789023,0.8282186944014069,-2.8507140835687212,0,0,0.0,3.3489564543742745e-07,3.1876004058517537e-09,0.25658848881721497,-0.05579100549221039,0.0017436596099287271,-0.05579081550240517,0.0017439353978261352,0.14467445015907288,-0.13045409321784973,0.40126293897628784,-0.13045409321784973
337,right,left,0.06613043861523157,-0.13219717751051635,0.2758777936789023,0.8282186944014069,-2.8507140835687212,0,0,0.0,3.3489564543742745e-07,3.1876004058517537e-09,0.25658848881721497,-0.05579100549221039,0.0017436596099287271,-0.05579081550240517,0.0017439353978261352,0.14467445015907288,-0.13045409321784973,-0.11191404610872269,-0.13045409321784973
337,right,forward,0.06613043861523157,-0.13219717751051635,0.2758777936789023,0.8282186944014069,-2.8507140835687212,0,0,0.0,3.3489564543742745e-07,3.1876004058517537e-09,0.25658848881721497,-0.05579100549221039,0.0017436596099287271,-0.05579081550240517,0.0017439353978261352,0.14467445015907288,-0.13045409321784973,0.14467445015907288,0.12613439559936523
337,right,backward,0.06613043861523157,-0.13219717751051635,0.2758777936789023,0.8282186944014069,-2.8507140835687212,0,0,0.0,3.3489564543742745e-07,3.1876004058517537e-09,0.25658848881721497,-0.05579100549221039,0.0017436596099287271,-0.05579081550240517,0.0017439353978261352,0.14467445015907288,-0.13045409321784973,0.14467445015907288,-0.3870425820350647
338,back,stay,0.08878169182326259,-0.09353348067699693,0.30344474313044245,0.714075763210661,2.4601489892888653,0,0,0.0,2.0928871435899055e-07,8.380391518514331e-07,0.0,0.02679825946688652,0.023729246109724045,0.026798436418175697,0.02372913435101509,-0.06673547625541687,-0.19354507327079773,-0.06673547625541687,-0.19354507327079773
338,back,right,0.08878169182326259,-0.09353348067699693,0.30344474313044245,0.714075763210661,2.4601489892888653,0,0,0.0,2.0928871435899055e-07,8.380391518514331e-07,0.25658848881721497,0.02679825946688652,0.023729246109724045,0.026798436418175697,0.02372913435101509,-0.06673547625541687,-0.19354507327079773,0.1898530125617981,-0.19354507327079773
338,back,left,0.08878169182326259,-0.09353348067699693,0.30344474313044245,0.714075763210661,2.4601489892888653,0,0,0.0,2.0928871435899055e-07,8.380391518514331e-07,0.25658848881721497,0.02679825946688652,0.023729246109724045,0.026798436418175697,0.02372913435101509,-0.06673547625541687,-0.19354507327079773,-0.32332396507263184,-0.19354507327079773
338,back,forward,0.08878169182326259,-0.09353348067699693,0.30344474313044245,0.714075763210661,2.4601489892888653,1,34,12.064169903480797,0.04186101630330086,0.24846971768437687,0.2530691921710968,0.02679825946688652,0.023729246109724045,0.034531597048044205,0.06486973911523819,-0.06673547625541687,-0.19354507327079773,-0.06751375645399094,0.05952293053269386
338,back,backward,0.08878169182326259,-0.09353348067699693,0.30344474313044245,0.714075763210661,2.4601489892888653,0,0,0.0,2.0928871435899055e-07,8.380391518514331e-07,0.25658848881721497,0.02679825946688652,0.023729246109724045,0.026798436418175697,0.02372913435101509,-0.06673547625541687,-0.19354507327079773,-0.06673547625541687,-0.4501335620880127
339,front,stay,0.06353493092395822,0.0724359262026793,0.31980135822817407,0.9341286074422412,0.8653965247319206,0,0,0.0,2.3785220548688812e-07,8.146460122038235e-07,0.0,-0.045412272214889526,-0.012664483860135078,-0.04541236534714699,-0.012664702720940113,-0.11784817278385162,0.18476083874702454,-0.11784817278385162,0.18476083874702454
339,front,right,0.06353493092395822,0.0724359262026793,0.31980135822817407,0.9341286074422412,0.8653965247319206,0,0,0.0,2.3785220548688812e-07,8.146460122038235e-07,0.25658848881721497,-0.045412272214889526,-0.012664483860135078,-0.04541236534714699,-0.012664702720940113,-0.11784817278385162,0.18476083874702454,0.13874031603336334,0.18476083874702454
339,front,left,0.06353493092395822,0.0724359262026793,0.31980135822817407,0.9341286074422412,0.8653965247319206,0,0,0.0,2.3785220548688812e-07,8.146460122038235e-07,0.25658851861953735,-0.045412272214889526,-0.012664483860135078,-0.04541236534714699,-0.012664702720940113,-0.11784817278385162,0.18476083874702454,-0.3744366765022278,0.18476083874702454
339,front,forward,0.06353493092395822,0.0724359262026793,0.31980135822817407,0.9341286074422412,0.8653965247319206,0,0,0.0,2.3785220548688812e-07,8.146460122038235e-07,0.25658848881721497,-0.045412272214889526,-0.012664483860135078,-0.04541236534714699,-0.012664702720940113,-0.11784817278385162,0.18476083874702454,-0.11784817278385162,0.4413493275642395
339,front,backward,0.06353493092395822,0.0724359262026793,0.31980135822817407,0.9341286074422412,0.8653965247319206,1,50,13.355620569651082,0.07108496129512787,0.12000589635295544,0.2500324547290802,-0.045412272214889526,-0.012664483860135078,-0.02797304466366768,-0.08157707750797272,-0.11784817278385162,0.18476083874702454,-0.11913174390792847,-0.06526833027601242
340,left,stay,0.0225599146013289,0.042806595161757194,0.2880187331788234,0.8325565516065314,-1.4174542916174464,0,0,0.0,1.4995681567597785e-06,4.2751870159563055e-06,0.0,0.08659350872039795,0.02087506279349327,0.08659204840660095,0.02087540365755558,-0.03342118114233017,-0.02193157933652401,-0.03342118114233017,-0.02193157933652401
340,left,right,0.0225599146013289,0.042806595161757194,0.2880187331788234,0.8325565516065314,-1.4174542916174464,1,101,20.82498324288301,0.20457182824611664,0.017376242852751744,0.245955690741539,0.08659350872039795,0.02087506279349327,0.2911621332168579,0.022022292017936707,-0.03342118114233017,-0.02193157933652401,0.21253439784049988,-0.022155819460749626
340,left,left,0.0225599146013289,0.042806595161757194,0.2880187331788234,0.8325565516065314,-1.4174542916174464,0,0,0.0,1.4995681567597785e-06,4.2751870159563055e-06,0.25658848881721497,0.08659350872039795,0.02087506279349327,0.08659204840660095,0.02087540365755558,-0.03342118114233017,-0.02193157933652401,-0.29000967741012573,-0.02193157933652401
340,left,forward,0.0225599146013289,0.042806595161757194,0.2880187331788234,0.8325565516065314,-1.4174542916174464,0,0,0.0,1.4995681567597785e-06,4.2751870159563055e-06,0.25658848881721497,0.08659350872039795,0.02087506279349327,0.08659204840660095,0.02087540365755558,-0.03342118114233017,-0.02193157933652401,-0.03342118114233017,0.2346569150686264
340,left,backward,0.0225599146013289,0.042806595161757194,0.2880187331788234,0.8325565516065314,-1.4174542916174464,0,0,0.0,1.4995681567597785e-06,4.2751870159563055e-06,0.25658848881721497,0.08659350872039795,0.02087506279349327,0.08659204840660095,0.02087540365755558,-0.03342118114233017,-0.02193157933652401,-0.03342118114233017,-0.2785200774669647
341,right,stay,0.07768580833410615,-0.008158692313561144,0.287094607813076,0.9696770275198405,-2.684430622357559,0,0,0.0,5.21540641784668e-08,4.568444569308383e-07,0.0,0.03646469861268997,0.09348662942647934,0.03646469861268997,0.09348668158054352,0.25028494000434875,0.0853276178240776,0.25028494000434875,0.0853276178240776
341,right,right,0.07768580833410615,-0.008158692313561144,0.287094607813076,0.9696770275198405,-2.684430622357559,0,0,0.0,5.21540641784668e-08,4.568444569308383e-07,0.25658848881721497,0.03646469861268997,0.09348662942647934,0.03646469861268997,0.09348668158054352,0.25028494000434875,0.0853276178240776,0.5068734288215637,0.0853276178240776
341,right,left,0.07768580833410615,-0.008158692313561144,0.287094607813076,0.9696770275198405,-2.684430622357559,1,83,22.747757468479914,0.16780346632003784,5.3678469089657455e-05,0.2462579756975174,0.03646469861268997,0.09348662942647934,-0.13133873045444489,0.09358052164316177,0.25028494000434875,0.0853276178240776,0.004026966635137796,0.08532406389713287
341,right,forward,0.07768580833410615,-0.008158692313561144,0.287094607813076,0.9696770275198405,-2.684430622357559,0,0,0.0,5.21540641784668e-08,4.568444569308383e-07,0.25658848881721497,0.03646469861268997,0.09348662942647934,0.03646469861268997,0.09348668158054352,0.25028494000434875,0.0853276178240776,0.25028494000434875,0.34191611409187317
341,right,backward,0.07768580833410615,-0.008158692313561144,0.287094607813076,0.9696770275198405,-2.684430622357559,0,0,0.0,5.21540641784668e-08,4.568444569308383e-07,0.25658848881721497,0.03646469861268997,0.09348662942647934,0.03646469861268997,0.09348668158054352,0.25028494000434875,0.0853276178240776,0.25028494000434875,-0.17126087844371796
342,back,stay,0.05831875445691233,-0.06170578761299034,0.23616093571052502,0.7729001136237463,1.2671708378487274,0,0,0.0,6.40923190076137e-08,1.987639541844999e-07,0.0,0.01608848385512829,-0.06637883186340332,0.01608843170106411,-0.06637879461050034,-0.04561705142259598,-0.259263813495636,-0.04561705142259598,-0.259263813495636
342,back,right,0.05831875445691233,-0.06170578761299034,0.23616093571052502,0.7729001136237463,1.2671708378487274,0,0,0.0,6.40923190076137e-08,1.987639541844999e-07,0.25658848881721497,0.01608848385512829,-0.06637883186340332,0.01608843170106411,-0.06637879461050034,-0.04561705142259598,-0.259263813495636,0.21097144484519958,-0.259263813495636
342,back,left,0.05831875445691233,-0.06170578761299034,0.23616093571052502,0.7729001136237463,1.2671708378487274,0,0,0.0,6.40923190076137e-08,1.987639541844999e-07,0.25658848881721497,0.01608848385512829,-0.06637883186340332,0.01608843170106411,-0.06637879461050034,-0.04561705142259598,-0.259263813495636,-0.30220553278923035,-0.259263813495636
342,back,forward,0.05831875445691233,-0.06170578761299034,0.23616093571052502,0.7729001136237463,1.2671708378487274,1,82,17.715617280504453,0.16623486578464508,0.033281065039879376,0.2495591789484024,0.01608848385512829,-0.06637883186340332,0.019680524244904518,0.09981721639633179,-0.04561705142259598,-0.259263813495636,-0.04573718085885048,-0.00970466248691082
342,back,backward,0.05831875445691233,-0.06170578761299034,0.23616093571052502,0.7729001136237463,1.2671708378487274,0,0,0.0,6.40923190076137e-08,1.987639541844999e-07,0.25658851861953735,0.01608848385512829,-0.06637883186340332,0.01608843170106411,-0.06637879461050034,-0.04561705142259598,-0.259263813495636,-0.04561705142259598,-0.5158523321151733
343,front,stay,0.10052016344152634,0.0882881686351471,0.3015206561510356,0.9041389870972365,-2.706049198613271,0,0,0.0,8.33000246558413e-09,3.296533837016113e-07,0.0,0.04092409089207649,0.04022889956831932,0.04092409461736679,0.040228892117738724,-0.04736405238509178,0.25740936398506165,-0.04736405238509178,0.25740936398506165
343,front,right,0.10052016344152634,0.0882881686351471,0.3015206561510356,0.9041389870972365,-2.706049198613271,0,0,0.0,8.33000246558413e-09,3.296533837016113e-07,0.25658848881721497,0.04092409089207649,0.04022889956831932,0.04092409461736679,0.040228892117738724,-0.04736405238509178,0.25740936398506165,0.20922444760799408,0.25740936398506165
343,front,left,0.10052016344152634,0.0882881686351471,0.3015206561510356,0.9041389870972365,-2.706049198613271,0,0,0.0,8.33000246558413e-09,3.296533837016113e-07,0.25658848881721497,0.04092409089207649,0.04022889956831932,0.04092409461736679,0.040228892117738724,-0.04736405238509178,0.25740936398506165,-0.30395254492759705,0.25740936398506165
343,front,forward,0.10052016344152634,0.0882881686351471,0.3015206561510356,0.9041389870972365,-2.706049198613271,0,0,0.0,8.33000246558413e-09,3.296533837016113e-07,0.25658848881721497,0.04092409089207649,0.04022889956831932,0.04092409461736679,0.040228892117738724,-0.04736405238509178,0.25740936398506165,-0.04736405238509178,0.5139978528022766
343,front,backward,0.10052016344152634,0.0882881686351471,0.3015206561510356,0.9041389870972365,-2.706049198613271,1,43,15.424590099197033,0.07318688184022903,0.14680205866270146,0.25100284814834595,0.04092409089207649,0.04022889956831932,0.046737633645534515,-0.032726727426052094,-0.04736405238509178,0.25740936398506165,-0.048365138471126556,0.006408515386283398
344,left,stay,0.05401948002134767,-0.0263497718264121,0.2722390712347636,0.906610419072295,0.4053540924436767,0,0,0.0,6.79801672731628e-08,1.7844997118876546e-07,0.0,-0.03944684565067291,0.058482468128204346,-0.03944685682654381,0.05848253518342972,-0.22932367026805878,0.08483262360095978,-0.22932367026805878,0.08483262360095978
344,left,right,0.05401948002134767,-0.0263497718264121,0.2722390712347636,0.906610419072295,0.4053540924436767,1,93,15.356964731967603,0.18746691942214966,0.005452609657291052,0.2463701069355011,-0.03944684565067291,0.058482468128204346,0.14802001416683197,0.05831671506166458,-0.22932367026805878,0.08483262360095978,0.01704644411802292,0.08485125005245209
344,left,left,0.05401948002134767,-0.0263497718264121,0.2722390712347636,0.906610419072295,0.4053540924436767,0,0,0.0,6.79801672731628e-08,1.7844997118876546e-07,0.25658851861953735,-0.03944684565067291,0.058482468128204346,-0.03944685682654381,0.05848253518342972,-0.22932367026805878,0.08483262360095978,-0.48591217398643494,0.08483262360095978
344,left,forward,0.05401948002134767,-0.0263497718264121,0.2722390712347636,0.906610419072295,0.4053540924436767,0,0,0.0,6.79801672731628e-08,1.7844997118876546e-07,0.25658851861953735,-0.03944684565067291,0.058482468128204346,-0.03944685682654381,0.05848253518342972,-0.22932367026805878,0.08483262360095978,-0.22932367026805878,0.34142112731933594
344,left,backward,0.05401948002134767,-0.0263497718264121,0.2722390712347636,0.906610419072295,0.4053540924436767,0,0,0.0,6.79801672731628e-08,1.7844997118876546e-07,0.25658848881721497,-0.03944684565067291,0.058482468128204346,-0.03944685682654381,0.05848253518342972,-0.22932367026805878,0.08483262360095978,-0.22932367026805878,-0.1717558652162552
345,right,stay,0.04839581896725055,-0.12574799083156996,0.22438938261498095,0.7700847465127664,-2.4164052102970275,0,0,0.0,9.799708777791238e-08,3.878209602348192e-07,0.0,-0.08124889433383942,-0.08155886083841324,-0.08124887943267822,-0.08155876398086548,0.10060625523328781,-0.20730707049369812,0.10060625523328781,-0.20730707049369812
345,right,right,0.04839581896725055,-0.12574799083156996,0.22438938261498095,0.7700847465127664,-2.4164052102970275,0,0,0.0,9.799708777791238e-08,3.878209602348192e-07,0.25658848881721497,-0.08124889433383942,-0.08155886083841324,-0.08124887943267822,-0.08155876398086548,0.10060625523328781,-0.20730707049369812,0.3571947515010834,-0.20730707049369812
345,right,left,0.04839581896725055,-0.12574799083156996,0.22438938261498095,0.7700847465127664,-2.4164052102970275,1,19,3.3461547131773863,0.004693944007158279,0.04983926685708039,0.25595343112945557,-0.08124889433383942,-0.08155886083841324,-0.08559604734182358,-0.07978816330432892,0.10060625523328781,-0.20730707049369812,-0.15534690022468567,-0.20768024027347565
345,right,forward,0.04839581896725055,-0.12574799083156996,0.22438938261498095,0.7700847465127664,-2.4164052102970275,0,0,0.0,9.799708777791238e-08,3.878209602348192e-07,0.25658848881721497,-0.08124889433383942,-0.08155886083841324,-0.08124887943267822,-0.08155876398086548,0.10060625523328781,-0.20730707049369812,0.10060625523328781,0.04928142577409744
345,right,backward,0.04839581896725055,-0.12574799083156996,0.22438938261498095,0.7700847465127664,-2.4164052102970275,0,0,0.0,9.799708777791238e-08,3.878209602348192e-07,0.25658848881721497,-0.08124889433383942,-0.08155886083841324,-0.08124887943267822,-0.08155876398086548,0.10060625523328781,-0.20730707049369812,0.10060625523328781,-0.4638955593109131
346,back,stay,0.10982782003787069,-0.011973907703264591,0.2620546924442669,1.0238657777030542,-0.5960897236168261,0,0,0.0,1.817773664924971e-07,4.1176361742500944e-07,0.0,0.04889238625764847,0.06099386513233185,0.04889225587248802,0.060993991792201996,0.03691868484020233,-0.17379315197467804,0.03691868484020233,-0.17379315197467804
346,back,right,0.10982782003787069,-0.011973907703264591,0.2620546924442669,1.0238657777030542,-0.5960897236168261,0,0,0.0,1.817773664924971e-07,4.1176361742500944e-07,0.25658851861953735,0.04889238625764847,0.06099386513233185,0.04889225587248802,0.060993991792201996,0.03691868484020233,-0.17379315197467804,0.2935071885585785,-0.17379315197467804
346,back,left,0.10982782003787069,-0.011973907703264591,0.2620546924442669,1.0238657777030542,-0.5960897236168261,0,0,0.0,1.817773664924971e-07,4.1176361742500944e-07,0.25658848881721497,0.04889238625764847,0.06099386513233185,0.04889225587248802,0.060993991792201996,0.03691868484020233,-0.17379315197467804,-0.21966980397701263,-0.17379315197467804
346,back,forward,0.10982782003787069,-0.011973907703264591,0.2620546924442669,1.0238657777030542,-0.5960897236168261,1,55,13.41901598054662,0.10968092828989029,0.002395281687103123,0.24958187341690063,0.04889238625764847,0.06099386513233185,0.048638965934515,0.17067450284957886,0.03691868484020233,-0.17379315197467804,0.03693167865276337,0.07578872889280319
346,back,backward,0.10982782003787069,-0.011973907703264591,0.2620546924442669,1.0238657777030542,-0.5960897236168261,0,0,0.0,1.817773664924971e-07,4.1176361742500944e-07,0.25658851861953735,0.04889238625764847,0.06099386513233185,0.04889225587248802,0.060993991792201996,0.03691868484020233,-0.17379315197467804,0.03691868484020233,-0.4303816556930542
347,front,stay,0.02744458538674817,0.021495867479218056,0.3512686810118212,0.8195372781219175,1.891695554837403,0,0,0.0,7.450726258184659e-08,5.103992057886586e-07,0.0,-0.06418547034263611,-0.007097678259015083,-0.06418539583683014,-0.007097678724676371,-0.08568166196346283,0.1552017480134964,-0.08568166196346283,0.1552017480134964
347,front,right,0.02744458538674817,0.021495867479218056,0.3512686810118212,0.8195372781219175,1.891695554837403,0,0,0.0,7.450726258184659e-08,5.103992057886586e-07,0.25658848881721497,-0.06418547034263611,-0.007097678259015083,-0.06418539583683014,-0.007097678724676371,-0.08568166196346283,0.1552017480134964,0.17090682685375214,0.1552017480134964
347,front,left,0.02744458538674817,0.021495867479218056,0.3512686810118212,0.8195372781219175,1.891695554837403,0,0,0.0,7.450726258184659e-08,5.103992057886586e-07,0.25658851861953735,-0.06418547034263611,-0.007097678259015083,-0.06418539583683014,-0.007097678724676371,-0.08568166196346283,0.1552017480134964,-0.342270165681839,0.1552017480134964
347,front,forward,0.02744458538674817,0.021495867479218056,0.3512686810118212,0.8195372781219175,1.891695554837403,0,0,0.0,7.450726258184659e-08,5.103992057886586e-07,0.25658851861953735,-0.06418547034263611,-0.007097678259015083,-0.06418539583683014,-0.007097678724676371,-0.08568166196346283,0.1552017480134964,-0.08568166196346283,0.41179025173187256
347,front,backward,0.02744458538674817,0.021495867479218056,0.3512686810118212,0.8195372781219175,1.891695554837403,1,103,19.963782431695254,0.20590099692344666,0.005774568605707574,0.24361182749271393,-0.06418547034263611,-0.007097678259015083,-0.06392649561166763,-0.21299850940704346,-0.08568166196346283,0.1552017480134964,-0.08571035414934158,-0.08841007947921753
348,left,stay,0.023970375591142325,0.022285430167803516,0.22653650699944655,0.7086524353090626,2.5122426699818385,0,0,0.0,1.781749290330481e-07,6.120371365270216e-07,0.0,0.0069125802256166935,0.017539871856570244,0.006912718992680311,0.01753976009786129,-0.15226078033447266,-0.004745475947856903,-0.15226078033447266,-0.004745475947856903
348,left,right,0.023970375591142325,0.022285430167803516,0.22653650699944655,0.7086524353090626,2.5122426699818385,1,99,8.261969858840052,0.1381586194038391,0.002415772269063421,0.25020918250083923,0.0069125802256166935,0.017539871856570244,0.13370946049690247,0.07240656763315201,-0.15226078033447266,-0.004745475947856903,0.09794048964977264,-0.006732944864779711
348,left,left,0.023970375591142325,0.022285430167803516,0.22653650699944655,0.7086524353090626,2.5122426699818385,0,0,0.0,1.781749290330481e-07,6.120371365270216e-07,0.25658848881721497,0.0069125802256166935,0.017539871856570244,0.006912718992680311,0.01753976009786129,-0.15226078033447266,-0.004745475947856903,-0.4088492691516876,-0.004745475947856903
348,left,forward,0.023970375591142325,0.022285430167803516,0.22653650699944655,0.7086524353090626,2.5122426699818385,0,0,0.0,1.781749290330481e-07,6.120371365270216e-07,0.25658848881721497,0.0069125802256166935,0.017539871856570244,0.006912718992680311,0.01753976009786129,-0.15226078033447266,-0.004745475947856903,-0.15226078033447266,0.25184300541877747
348,left,backward,0.023970375591142325,0.022285430167803516,0.22653650699944655,0.7086524353090626,2.5122426699818385,0,0,0.0,1.781749290330481e-07,6.120371365270216e-07,0.25658848881721497,0.0069125802256166935,0.017539871856570244,0.006912718992680311,0.01753976009786129,-0.15226078033447266,-0.004745475947856903,-0.15226078033447266,-0.26133397221565247
349,right,stay,0.0581287936685283,-0.10427652040843373,0.26027226642449314,0.6968264031798311,-1.9477757598748149,0,0,0.0,5.950269255095009e-08,2.0553658242050685e-07,0.0,-0.009807025082409382,-0.014330418780446053,-0.009806986898183823,-0.014330464415252209,0.1614513397216797,-0.11860691756010056,0.1614513397216797,-0.11860691756010056
349,right,right,0.0581287936685283,-0.10427652040843373,0.26027226642449314,0.6968264031798311,-1.9477757598748149,0,0,0.0,5.950269255095009e-08,2.0553658242050685e-07,0.25658848881721497,-0.009807025082409382,-0.014330418780446053,-0.009806986898183823,-0.014330464415252209,0.1614513397216797,-0.11860691756010056,0.41803982853889465,-0.11860691756010056
349,right,left,0.0581287936685283,-0.10427652040843373,0.26027226642449314,0.6968264031798311,-1.9477757598748149,1,64,10.247589477157895,0.10333791375160217,0.29712642457117444,0.2514495849609375,-0.009807025082409382,-0.014330418780446053,-0.11311866343021393,-0.011999980546534061,0.1614513397216797,-0.11860691756010056,-0.08999750018119812,-0.11921980232000351
349,right,forward,0.0581287936685283,-0.10427652040843373,0.26027226642449314,0.6968264031798311,-1.9477757598748149,0,0,0.0,5.950269255095009e-08,2.0553658242050685e-07,0.25658848881721497,-0.009807025082409382,-0.014330418780446053,-0.009806986898183823,-0.014330464415252209,0.1614513397216797,-0.11860691756010056,0.1614513397216797,0.137981578707695
349,right,backward,0.0581287936685283,-0.10427652040843373,0.26027226642449314,0.6968264031798311,-1.9477757598748149,0,0,0.0,5.950269255095009e-08,2.0553658242050685e-07,0.25658848881721497,-0.009807025082409382,-0.014330418780446053,-0.009806986898183823,-0.014330464415252209,0.1614513397216797,-0.11860691756010056,0.1614513397216797,-0.3751954138278961
350,back,stay,0.02784786894429056,-0.09832865454696837,0.322875174459847,0.9473433750378446,-0.8954954052703532,0,0,0.0,2.7607393349171616e-07,8.190164764165786e-07,0.0,-0.03806342929601669,0.05173591151833534,-0.03806370496749878,0.05173589661717415,-0.13639158010482788,-0.11058686673641205,-0.13639158010482788,-0.11058686673641205
350,back,right,0.02784786894429056,-0.09832865454696837,0.322875174459847,0.9473433750378446,-0.8954954052703532,0,0,0.0,2.7607393349171616e-07,8.190164764165786e-07,0.25658848881721497,-0.03806342929601669,0.05173591151833534,-0.03806370496749878,0.05173589661717415,-0.13639158010482788,-0.11058686673641205,0.12019691616296768,-0.11058686673641205
350,back,left,0.02784786894429056,-0.09832865454696837,0.322875174459847,0.9473433750378446,-0.8954954052703532,0,0,0.0,2.7607393349171616e-07,8.190164764165786e-07,0.25658848881721497,-0.03806342929601669,0.05173591151833534,-0.03806370496749878,0.05173589661717415,-0.13639158010482788,-0.11058686673641205,-0.39298006892204285,-0.11058686673641205
350,back,forward,0.02784786894429056,-0.09832865454696837,0.322875174459847,0.9473433750378446,-0.8954954052703532,1,51,7.8422572108258235,0.03775462880730629,0.29446564324486,0.2510855197906494,-0.03806342929601669,0.05173591151833534,-0.025645306333899498,0.08738983422517776,-0.13639158010482788,-0.11058686673641205,-0.13784578442573547,0.1404944509267807
350,back,backward,0.02784786894429056,-0.09832865454696837,0.322875174459847,0.9473433750378446,-0.8954954052703532,0,0,0.0,2.7607393349171616e-07,8.190164764165786e-07,0.25658851861953735,-0.03806342929601669,0.05173591151833534,-0.03806370496749878,0.05173589661717415,-0.13639158010482788,-0.11058686673641205,-0.13639158010482788,-0.3671753704547882
351,front,stay,0.05375881423516486,-0.10511188307914138,0.32702051028700885,0.8654340731698819,-2.884670877798981,0,0,0.0,6.018390763529169e-07,5.666261300163455e-07,0.0,0.04149837791919708,0.09813994914293289,0.04149860143661499,0.09814050793647766,0.14661017060279846,0.2570200562477112,0.14661017060279846,0.2570200562477112
351,front,right,0.05375881423516486,-0.10511188307914138,0.32702051028700885,0.8654340731698819,-2.884670877798981,0,0,0.0,6.018390763529169e-07,5.666261300163455e-07,0.25658848881721497,0.04149837791919708,0.09813994914293289,0.04149860143661499,0.09814050793647766,0.14661017060279846,0.2570200562477112,0.4031986594200134,0.2570200562477112
351,front,left,0.05375881423516486,-0.10511188307914138,0.32702051028700885,0.8654340731698819,-2.884670877798981,0,0,0.0,6.018390763529169e-07,5.666261300163455e-07,0.25658848881721497,0.04149837791919708,0.09813994914293289,0.04149860143661499,0.09814050793647766,0.14661017060279846,0.2570200562477112,-0.1099783256649971,0.2570200562477112
351,front,forward,0.05375881423516486,-0.10511188307914138,0.32702051028700885,0.8654340731698819,-2.884670877798981,0,0,0.0,6.018390763529169e-07,5.666261300163455e-07,0.25658851861953735,0.04149837791919708,0.09813994914293289,0.04149860143661499,0.09814050793647766,0.14661017060279846,0.2570200562477112,0.14661017060279846,0.5136085748672485
351,front,backward,0.05375881423516486,-0.10511188307914138,0.32702051028700885,0.8654340731698819,-2.884670877798981,1,86,10.908012085497546,0.07676547020673752,0.15046557066421773,0.24888171255588531,0.04149837791919708,0.09813994914293289,0.024138756096363068,0.023363078013062477,0.14661017060279846,0.2570200562477112,0.1514655351638794,0.00818572100251913
352,left,stay,0.08024453460801206,0.10790925104096025,0.26118794110588783,0.8906417636927767,-0.8027578031364748,0,0,0.0,1.933206732473991e-07,9.220065603221527e-07,0.0,0.04041071981191635,-0.07146495580673218,0.040410544723272324,-0.07146487385034561,-0.17125244438648224,-0.17937412858009338,-0.17125244438648224,-0.17937412858009338
352,left,right,0.08024453460801206,0.10790925104096025,0.26118794110588783,0.8906417636927767,-0.8027578031364748,1,28,5.63896507228191,0.027304092422127724,0.20900615660391353,0.2538321018218994,0.04041071981191635,-0.07146495580673218,0.06733168661594391,-0.06690699607133865,-0.17125244438648224,-0.17937412858009338,0.08257939666509628,-0.17974592745304108
352,left,left,0.08024453460801206,0.10790925104096025,0.26118794110588783,0.8906417636927767,-0.8027578031364748,0,0,0.0,1.933206732473991e-07,9.220065603221527e-07,0.25658851861953735,0.04041071981191635,-0.07146495580673218,0.040410544723272324,-0.07146487385034561,-0.17125244438648224,-0.17937412858009338,-0.4278409481048584,-0.17937412858009338
352,left,forward,0.08024453460801206,0.10790925104096025,0.26118794110588783,0.8906417636927767,-0.8027578031364748,0,0,0.0,1.933206732473991e-07,9.220065603221527e-07,0.25658848881721497,0.04041071981191635,-0.07146495580673218,0.040410544723272324,-0.07146487385034561,-0.17125244438648224,-0.17937412858009338,-0.17125244438648224,0.07721436768770218
352,left,backward,0.08024453460801206,0.10790925104096025,0.26118794110588783,0.8906417636927767,-0.8027578031364748,0,0,0.0,1.933206732473991e-07,9.220065603221527e-07,0.25658848881721497,0.04041071981191635,-0.07146495580673218,0.040410544723272324,-0.07146487385034561,-0.17125244438648224,-0.17937412858009338,-0.17125244438648224,-0.43596261739730835
353,right,stay,0.07425097323652169,0.08370699252412112,0.37214765908829545,0.6652491070787614,2.0164713998914925,0,0,0.0,4.852038841818285e-07,1.9105681627884503e-06,0.0,-0.07072311639785767,-0.08548843860626221,-0.07072263211011887,-0.08548840880393982,0.12077247351408005,-0.0017815306782722473,0.12077247351408005,-0.0017815306782722473
353,right,right,0.07425097323652169,0.08370699252412112,0.37214765908829545,0.6652491070787614,2.0164713998914925,0,0,0.0,4.852038841818285e-07,1.9105681627884503e-06,0.25658848881721497,-0.07072311639785767,-0.08548843860626221,-0.07072263211011887,-0.08548840880393982,0.12077247351408005,-0.0017815306782722473,0.3773609697818756,-0.0017815306782722473
353,right,left,0.07425097323652169,0.08370699252412112,0.37214765908829545,0.6652491070787614,2.0164713998914925,1,56,13.457931337032276,0.10344505310058594,0.10524204904428469,0.2496129423379898,-0.07072311639785767,-0.08548843860626221,-0.1740778386592865,-0.08981054276227951,0.12077247351408005,-0.0017815306782722473,-0.12883950769901276,-0.001086610951460898
353,right,forward,0.07425097323652169,0.08370699252412112,0.37214765908829545,0.6652491070787614,2.0164713998914925,0,0,0.0,4.852038841818285e-07,1.9105681627884503e-06,0.25658848881721497,-0.07072311639785767,-0.08548843860626221,-0.07072263211011887,-0.08548840880393982,0.12077247351408005,-0.0017815306782722473,0.12077247351408005,0.2548069655895233
353,right,backward,0.07425097323652169,0.08370699252412112,0.37214765908829545,0.6652491070787614,2.0164713998914925,0,0,0.0,4.852038841818285e-07,1.9105681627884503e-06,0.25658848881721497,-0.07072311639785767,-0.08548843860626221,-0.07072263211011887,-0.08548840880393982,0.12077247351408005,-0.0017815306782722473,0.12077247351408005,-0.2583700120449066
354,back,stay,0.03750394912577472,0.06956088660891208,0.3252674207697976,0.9439159980994257,-2.244980834676161,0,0,0.0,3.321363237773767e-07,9.451760027978651e-07,0.0,-0.04337843880057335,-0.08437987416982651,-0.0433783084154129,-0.08437956869602203,0.026182401925325394,-0.2563791275024414,0.026182401925325394,-0.2563791275024414
354,back,right,0.03750394912577472,0.06956088660891208,0.3252674207697976,0.9439159980994257,-2.244980834676161,0,0,0.0,3.321363237773767e-07,9.451760027978651e-07,0.25658848881721497,-0.04337843880057335,-0.08437987416982651,-0.0433783084154129,-0.08437956869602203,0.026182401925325394,-0.2563791275024414,0.28277090191841125,-0.2563791275024414
354,back,left,0.03750394912577472,0.06956088660891208,0.3252674207697976,0.9439159980994257,-2.244980834676161,0,0,0.0,3.321363237773767e-07,9.451760027978651e-07,0.25658848881721497,-0.04337843880057335,-0.08437987416982651,-0.0433783084154129,-0.08437956869602203,0.026182401925325394,-0.2563791275024414,-0.23040609061717987,-0.2563791275024414
354,back,forward,0.03750394912577472,0.06956088660891208,0.3252674207697976,0.9439159980994257,-2.244980834676161,1,63,11.085360842636735,0.08567753434181213,0.15535761720192506,0.24857832491397858,-0.04337843880057335,-0.08437987416982651,-0.06660126149654388,-0.0019096331670880318,0.026182401925325394,-0.2563791275024414,0.027903076261281967,-0.007806761190295219
354,back,backward,0.03750394912577472,0.06956088660891208,0.3252674207697976,0.9439159980994257,-2.244980834676161,0,0,0.0,3.321363237773767e-07,9.451760027978651e-07,0.25658851861953735,-0.04337843880057335,-0.08437987416982651,-0.0433783084154129,-0.08437956869602203,0.026182401925325394,-0.2563791275024414,0.026182401925325394,-0.5129676461219788
355,front,stay,0.10193634490421986,-0.007390473700990163,0.2841086815051113,0.8639520947262427,1.6237990249076075,0,0,0.0,9.297193059865094e-07,3.512264644678353e-06,0.0,-0.09341856092214584,0.03880378231406212,-0.09341765940189362,0.03880355507135391,-0.08602821826934814,0.26800480484962463,-0.08602821826934814,0.26800480484962463
355,front,right,0.10193634490421986,-0.007390473700990163,0.2841086815051113,0.8639520947262427,1.6237990249076075,0,0,0.0,9.297193059865094e-07,3.512264644678353e-06,0.25658848881721497,-0.09341856092214584,0.03880378231406212,-0.09341765940189362,0.03880355507135391,-0.08602821826934814,0.26800480484962463,0.17056027054786682,0.26800480484962463
355,front,left,0.10193634490421986,-0.007390473700990163,0.2841086815051113,0.8639520947262427,1.6237990249076075,0,0,0.0,9.297193059865094e-07,3.512264644678353e-06,0.25658848881721497,-0.09341856092214584,0.03880378231406212,-0.09341765940189362,0.03880355507135391,-0.08602821826934814,0.26800480484962463,-0.3426167070865631,0.26800480484962463
355,front,forward,0.10193634490421986,-0.007390473700990163,0.2841086815051113,0.8639520947262427,1.6237990249076075,0,0,0.0,9.297193059865094e-07,3.512264644678353e-06,0.25658848881721497,-0.09341856092214584,0.03880378231406212,-0.09341765940189362,0.03880355507135391,-0.08602821826934814,0.26800480484962463,-0.08602821826934814,0.5245932936668396
355,front,backward,0.10193634490421986,-0.007390473700990163,0.2841086815051113,0.8639520947262427,1.6237990249076075,1,72,16.22456348750899,0.14481095969676971,0.00011291740884566971,0.24844986200332642,-0.09341856092214584,0.03880378231406212,-0.09346950054168701,-0.1060071587562561,-0.08602821826934814,0.26800480484962463,-0.08602521568536758,0.019554948434233665
356,left,stay,0.0314206620108455,-0.02825153642780001,0.3150330550843321,0.7231483775363912,-2.3436552977595095,0,0,0.0,1.3783888164198288e-07,5.613141453864046e-07,0.0,-0.05249451845884323,-0.004654090851545334,-0.05249446630477905,-0.0046539632603526115,-0.21547716856002808,0.023597219958901405,-0.21547716856002808,0.023597219958901405
356,left,right,0.0314206620108455,-0.02825153642780001,0.3150330550843321,0.7231483775363912,-2.3436552977595095,1,87,13.659444613919762,0.15713241696357727,0.0007536979292606105,0.24767479300498962,-0.05249451845884323,-0.004654090851545334,0.10346196591854095,-0.023841889575123787,-0.21547716856002808,0.023597219958901405,0.0321945920586586,0.02482544258236885
356,left,left,0.0314206620108455,-0.02825153642780001,0.3150330550843321,0.7231483775363912,-2.3436552977595095,0,0,0.0,1.3783888164198288e-07,5.613141453864046e-07,0.25658848881721497,-0.05249451845884323,-0.004654090851545334,-0.05249446630477905,-0.0046539632603526115,-0.21547716856002808,0.023597219958901405,-0.47206565737724304,0.023597219958901405
356,left,forward,0.0314206620108455,-0.02825153642780001,0.3150330550843321,0.7231483775363912,-2.3436552977595095,0,0,0.0,1.3783888164198288e-07,5.613141453864046e-07,0.25658851861953735,-0.05249451845884323,-0.004654090851545334,-0.05249446630477905,-0.0046539632603526115,-0.21547716856002808,0.023597219958901405,-0.21547716856002808,0.280185729265213
356,left,backward,0.0314206620108455,-0.02825153642780001,0.3150330550843321,0.7231483775363912,-2.3436552977595095,0,0,0.0,1.3783888164198288e-07,5.613141453864046e-07,0.25658848881721497,-0.05249451845884323,-0.004654090851545334,-0.05249446630477905,-0.0046539632603526115,-0.21547716856002808,0.023597219958901405,-0.21547716856002808,-0.2329912781715393
357,right,stay,0.05358368545068355,0.11072675791047812,0.37093558103930213,1.0430447255934756,3.0068763156010982,0,0,0.0,3.185504340308398e-07,4.61728932421579e-07,0.0,-0.09186441451311111,0.04492843523621559,-0.09186447411775589,0.04492812231183052,0.09199322760105133,0.1556558907032013,0.09199322760105133,0.1556558907032013
357,right,right,0.05358368545068355,0.11072675791047812,0.37093558103930213,1.0430447255934756,3.0068763156010982,0,0,0.0,3.185504340308398e-07,4.61728932421579e-07,0.25658851861953735,-0.09186441451311111,0.04492843523621559,-0.09186447411775589,0.04492812231183052,0.09199322760105133,0.1556558907032013,0.3485817313194275,0.1556558907032013
357,right,left,0.05358368545068355,0.11072675791047812,0.37093558103930213,1.0430447255934756,3.0068763156010982,0,0,0.0,3.185504340308398e-07,4.61728932421579e-07,0.25658848881721497,-0.09186441451311111,0.04492843523621559,-0.09186447411775589,0.04492812231183052,0.09199322760105133,0.1556558907032013,-0.16459526121616364,0.1556558907032013
357,right,forward,0.05358368545068355,0.11072675791047812,0.37093558103930213,1.0430447255934756,3.0068763156010982,0,0,0.0,3.185504340308398e-07,4.61728932421579e-07,0.25658848881721497,-0.09186441451311111,0.04492843523621559,-0.09186447411775589,0.04492812231183052,0.09199322760105133,0.1556558907032013,0.09199322760105133,0.41224437952041626
357,right,backward,0.05358368545068355,0.11072675791047812,0.37093558103930213,1.0430447255934756,3.0068763156010982,0,0,0.0,3.185504340308398e-07,4.61728932421579e-07,0.25658848881721497,-0.09186441451311111,0.04492843523621559,-0.09186447411775589,0.04492812231183052,0.09199322760105133,0.1556558907032013,0.09199322760105133,-0.10093260556459427
358,back,stay,0.10791816743222767,0.04532421365294151,0.23619032296110365,0.8223799710707532,-2.0283745614818356,0,0,0.0,1.3544901378281793e-07,3.2290758511521744e-07,0.0,0.020805351436138153,-0.038109298795461655,0.020805466920137405,-0.038109369575977325,0.06612943112850189,-0.2821630537509918,0.06612943112850189,-0.2821630537509918
358,back,right,0.10791816743222767,0.04532421365294151,0.23619032296110365,0.8223799710707532,-2.0283745614818356,0,0,0.0,1.3544901378281793e-07,3.2290758511521744e-07,0.25658851861953735,0.020805351436138153,-0.038109298795461655,0.020805466920137405,-0.038109369575977325,0.06612943112850189,-0.2821630537509918,0.32271793484687805,-0.2821630537509918
358,back,left,0.10791816743222767,0.04532421365294151,0.23619032296110365,0.8223799710707532,-2.0283745614818356,0,0,0.0,1.3544901378281793e-07,3.2290758511521744e-07,0.25658848881721497,0.020805351436138153,-0.038109298795461655,0.020805466920137405,-0.038109369575977325,0.06612943112850189,-0.2821630537509918,-0.19045905768871307,-0.2821630537509918
358,back,forward,0.10791816743222767,0.04532421365294151,0.23619032296110365,0.8223799710707532,-2.0283745614818356,1,54,7.110282133699743,0.04977571219205856,2.994161254976646e-05,0.25263336300849915,0.020805351436138153,-0.038109298795461655,-0.013315711170434952,-0.0018687829142436385,0.06612943112850189,-0.2821630537509918,0.0677965059876442,-0.0295352004468441
358,back,backward,0.10791816743222767,0.04532421365294151,0.23619032296110365,0.8223799710707532,-2.0283745614818356,0,0,0.0,1.3544901378281793e-07,3.2290758511521744e-07,0.25658848881721497,0.020805351436138153,-0.038109298795461655,0.020805466920137405,-0.038109369575977325,0.06612943112850189,-0.2821630537509918,0.06612943112850189,-0.5387515425682068
359,front,stay,0.08032162001043627,-0.09618909666402711,0.3778129498087678,0.6974927734016858,3.037016557952559,0,0,0.0,8.403316655858362e-07,7.887961213093319e-07,0.0,-0.01623537950217724,-0.06656670570373535,-0.016235528513789177,-0.06656753271818161,0.0799538716673851,0.10738241672515869,0.0799538716673851,0.10738241672515869
359,front,right,0.08032162001043627,-0.09618909666402711,0.3778129498087678,0.6974927734016858,3.037016557952559,0,0,0.0,8.403316655858362e-07,7.887961213093319e-07,0.25658848881721497,-0.01623537950217724,-0.06656670570373535,-0.016235528513789177,-0.06656753271818161,0.0799538716673851,0.10738241672515869,0.33654236793518066,0.10738241672515869
359,front,left,0.08032162001043627,-0.09618909666402711,0.3778129498087678,0.6974927734016858,3.037016557952559,0,0,0.0,8.403316655858362e-07,7.887961213093319e-07,0.25658848881721497,-0.01623537950217724,-0.06656670570373535,-0.016235528513789177,-0.06656753271818161,0.0799538716673851,0.10738241672515869,-0.17663462460041046,0.10738241672515869
359,front,forward,0.08032162001043627,-0.09618909666402711,0.3778129498087678,0.6974927734016858,3.037016557952559,0,0,0.0,8.403316655858362e-07,7.887961213093319e-07,0.25658848881721497,-0.01623537950217724,-0.06656670570373535,-0.016235528513789177,-0.06656753271818161,0.0799538716673851,0.10738241672515869,0.0799538716673851,0.36397090554237366
359,front,backward,0.08032162001043627,-0.09618909666402711,0.3778129498087678,0.6974927734016858,3.037016557952559,1,74,14.04963142296152,0.1277964860200882,0.21966030014641816,0.24833163619041443,-0.01623537950217724,-0.06656670570373535,-0.027174877002835274,-0.19389411807060242,0.0799538716673851,0.10738241672515869,0.0818096175789833,-0.1409422904253006
360,left,stay,0.055565368098830545,0.07164516827607073,0.3045658254378365,0.9992570610067171,-1.6421788300524287,0,0,0.0,8.77019090239628e-07,1.2740807135980248e-06,0.0,-0.0800512358546257,0.0941108912229538,-0.08005037158727646,0.09411074221134186,-0.22656458616256714,0.022465780377388,-0.22656458616256714,0.022465780377388
360,left,right,0.055565368098830545,0.07164516827607073,0.3045658254378365,0.9992570610067171,-1.6421788300524287,1,94,13.479255476437046,0.17688176035881042,0.1507906752480217,0.2445496916770935,-0.0800512358546257,0.0941108912229538,0.09653585404157639,0.10431671887636185,-0.22656458616256714,0.022465780377388,0.017974387854337692,0.020176343619823456
360,left,left,0.055565368098830545,0.07164516827607073,0.3045658254378365,0.9992570610067171,-1.6421788300524287,0,0,0.0,8.77019090239628e-07,1.2740807135980248e-06,0.25658848881721497,-0.0800512358546257,0.0941108912229538,-0.08005037158727646,0.09411074221134186,-0.22656458616256714,0.022465780377388,-0.4831530749797821,0.022465780377388
360,left,forward,0.055565368098830545,0.07164516827607073,0.3045658254378365,0.9992570610067171,-1.6421788300524287,0,0,0.0,8.77019090239628e-07,1.2740807135980248e-06,0.25658851861953735,-0.0800512358546257,0.0941108912229538,-0.08005037158727646,0.09411074221134186,-0.22656458616256714,0.022465780377388,-0.22656458616256714,0.27905428409576416
360,left,backward,0.055565368098830545,0.07164516827607073,0.3045658254378365,0.9992570610067171,-1.6421788300524287,0,0,0.0,8.77019090239628e-07,1.2740807135980248e-06,0.25658848881721497,-0.0800512358546257,0.0941108912229538,-0.08005037158727646,0.09411074221134186,-0.22656458616256714,0.022465780377388,-0.22656458616256714,-0.23412270843982697
361,right,stay,0.035617882786455064,0.10364985842528276,0.2356662047257304,0.8213582733506145,-0.6435370497889057,0,0,0.0,2.175635245293961e-07,7.219254385404383e-07,0.0,0.0005687195807695389,-0.03769732639193535,0.0005685426876880229,-0.0376971997320652,0.17118626832962036,0.06595249474048615,0.17118626832962036,0.06595249474048615
361,right,right,0.035617882786455064,0.10364985842528276,0.2356662047257304,0.8213582733506145,-0.6435370497889057,0,0,0.0,2.175635245293961e-07,7.219254385404383e-07,0.25658848881721497,0.0005687195807695389,-0.03769732639193535,0.0005685426876880229,-0.0376971997320652,0.17118626832962036,0.06595249474048615,0.4277747571468353,0.06595249474048615
361,right,left,0.035617882786455064,0.10364985842528276,0.2356662047257304,0.8213582733506145,-0.6435370497889057,1,42,5.580947353324305,0.02507486194372177,0.23197100419571498,0.2539134919643402,0.0005687195807695389,-0.03769732639193535,-0.022266460582613945,-0.04805605113506317,0.17118626832962036,0.06595249474048615,-0.08272544294595718,0.06690442562103271
361,right,forward,0.035617882786455064,0.10364985842528276,0.2356662047257304,0.8213582733506145,-0.6435370497889057,0,0,0.0,2.175635245293961e-07,7.219254385404383e-07,0.25658851861953735,0.0005687195807695389,-0.03769732639193535,0.0005685426876880229,-0.0376971997320652,0.17118626832962036,0.06595249474048615,0.17118626832962036,0.3225409984588623
361,right,backward,0.035617882786455064,0.10364985842528276,0.2356662047257304,0.8213582733506145,-0.6435370497889057,0,0,0.0,2.175635245293961e-07,7.219254385404383e-07,0.25658848881721497,0.0005687195807695389,-0.03769732639193535,0.0005685426876880229,-0.0376971997320652,0.17118626832962036,0.06595249474048615,0.17118626832962036,-0.19063599407672882
362,back,stay,0.021080199226867068,0.042247665804207774,0.2792453437450983,0.8630053362882646,2.9875527170737897,0,0,0.0,8.60050022311043e-08,2.6047317280841753e-07,0.0,0.05698762834072113,0.08548775315284729,0.05698760226368904,0.08548767119646072,0.09923549741506577,-0.03310053050518036,0.09923549741506577,-0.03310053050518036
362,back,right,0.021080199226867068,0.042247665804207774,0.2792453437450983,0.8630053362882646,2.9875527170737897,0,0,0.0,8.60050022311043e-08,2.6047317280841753e-07,0.25658848881721497,0.05698762834072113,0.08548775315284729,0.05698760226368904,0.08548767119646072,0.09923549741506577,-0.03310053050518036,0.35582399368286133,-0.03310053050518036
362,back,left,0.021080199226867068,0.042247665804207774,0.2792453437450983,0.8630053362882646,2.9875527170737897,0,0,0.0,8.60050022311043e-08,2.6047317280841753e-07,0.25658848881721497,0.05698762834072113,0.08548775315284729,0.05698760226368904,0.08548767119646072,0.09923549741506577,-0.03310053050518036,-0.1573529988527298,-0.03310053050518036
362,back,forward,0.021080199226867068,0.042247665804207774,0.2792453437450983,0.8630053362882646,2.9875527170737897,1,108,16.621272971058673,0.21872137486934662,0.014423802553936048,0.24534563720226288,0.05698762834072113,0.08548775315284729,0.05578630045056343,0.30420583486557007,0.09923549741506577,-0.03310053050518036,0.0994543507695198,0.21224501729011536
362,back,backward,0.021080199226867068,0.042247665804207774,0.2792453437450983,0.8630053362882646,2.9875527170737897,0,0,0.0,8.60050022311043e-08,2.6047317280841753e-07,0.25658851861953735,0.05698762834072113,0.08548775315284729,0.05698760226368904,0.08548767119646072,0.09923549741506577,-0.03310053050518036,0.09923549741506577,-0.2896890342235565
363,front,stay,0.07047448284584526,0.1338892158569341,0.33396089590809735,0.9475937187144293,1.1501517676338464,0,0,0.0,7.920075972833729e-08,2.4846157375968403e-07,0.0,0.08119314908981323,-0.08002346754074097,0.08119309693574905,-0.08002340793609619,-0.0526958629488945,0.12641692161560059,-0.0526958629488945,0.12641692161560059
363,front,right,0.07047448284584526,0.1338892158569341,0.33396089590809735,0.9475937187144293,1.1501517676338464,0,0,0.0,7.920075972833729e-08,2.4846157375968403e-07,0.25658848881721497,0.08119314908981323,-0.08002346754074097,0.08119309693574905,-0.08002340793609619,-0.0526958629488945,0.12641692161560059,0.20389263331890106,0.12641692161560059
363,front,left,0.07047448284584526,0.1338892158569341,0.33396089590809735,0.9475937187144293,1.1501517676338464,0,0,0.0,7.920075972833729e-08,2.4846157375968403e-07,0.25658848881721497,0.08119314908981323,-0.08002346754074097,0.08119309693574905,-0.08002340793609619,-0.0526958629488945,0.12641692161560059,-0.30928435921669006,0.12641692161560059
363,front,forward,0.07047448284584526,0.1338892158569341,0.33396089590809735,0.9475937187144293,1.1501517676338464,0,0,0.0,7.920075972833729e-08,2.4846157375968403e-07,0.25658848881721497,0.08119314908981323,-0.08002346754074097,0.08119309693574905,-0.08002340793609619,-0.0526958629488945,0.12641692161560059,-0.0526958629488945,0.38300541043281555
363,front,backward,0.07047448284584526,0.1338892158569341,0.33396089590809735,0.9475937187144293,1.1501517676338464,0,0,0.0,7.920075972833729e-08,2.4846157375968403e-07,0.25658848881721497,0.08119314908981323,-0.08002346754074097,0.08119309693574905,-0.08002340793609619,-0.0526958629488945,0.12641692161560059,-0.0526958629488945,-0.13017156720161438
364,left,stay,0.05293548462919406,0.07190916140071632,0.3718768565882128,0.9851737184730112,2.3639643393080014,0,0,0.0,1.802055038524486e-07,9.414497403881229e-07,0.0,-0.058073218911886215,0.06355781108140945,-0.05807306244969368,0.06355772167444229,-0.24314996600151062,-0.008351407945156097,-0.24314996600151062,-0.008351407945156097
364,left,right,0.05293548462919406,0.07190916140071632,0.3718768565882128,0.9851737184730112,2.3639643393080014,1,56,15.586161802778038,0.08244658261537552,0.23392453280700476,0.24777846038341522,-0.058073218911886215,0.06355781108140945,0.02303730510175228,0.0783403217792511,-0.24314996600151062,-0.008351407945156097,0.004624014720320702,-0.009841147810220718
364,left,left,0.05293548462919406,0.07190916140071632,0.3718768565882128,0.9851737184730112,2.3639643393080014,0,0,0.0,1.802055038524486e-07,9.414497403881229e-07,0.25658848881721497,-0.058073218911886215,0.06355781108140945,-0.05807306244969368,0.06355772167444229,-0.24314996600151062,-0.008351407945156097,-0.4997384548187256,-0.008351407945156097
364,left,forward,0.05293548462919406,0.07190916140071632,0.3718768565882128,0.9851737184730112,2.3639643393080014,0,0,0.0,1.802055038524486e-07,9.414497403881229e-07,0.25658848881721497,-0.058073218911886215,0.06355781108140945,-0.05807306244969368,0.06355772167444229,-0.24314996600151062,-0.008351407945156097,-0.24314996600151062,0.24823708832263947
364,left,backward,0.05293548462919406,0.07190916140071632,0.3718768565882128,0.9851737184730112,2.3639643393080014,0,0,0.0,1.802055038524486e-07,9.414497403881229e-07,0.25658848881721497,-0.058073218911886215,0.06355781108140945,-0.05807306244969368,0.06355772167444229,-0.24314996600151062,-0.008351407945156097,-0.24314996600151062,-0.26493990421295166
365,right,stay,0.07345872490555094,-0.09420089555731169,0.226761755290098,0.7331628439329417,-0.8789325464101099,0,0,0.0,2.31088137070401e-07,7.999746227671523e-07,0.0,-0.07701624184846878,0.08310459554195404,-0.07701647281646729,0.08310460299253464,0.1253233551979065,-0.011096157133579254,0.1253233551979065,-0.011096157133579254
365,right,right,0.07345872490555094,-0.09420089555731169,0.226761755290098,0.7331628439329417,-0.8789325464101099,0,0,0.0,2.31088137070401e-07,7.999746227671523e-07,0.25658848881721497,-0.07701624184846878,0.08310459554195404,-0.07701647281646729,0.08310460299253464,0.1253233551979065,-0.011096157133579254,0.38191184401512146,-0.011096157133579254
365,right,left,0.07345872490555094,-0.09420089555731169,0.226761755290098,0.7331628439329417,-0.8789325464101099,1,64,10.70512022400117,0.09153954684734344,0.12199640999985373,0.2521339952945709,-0.07701624184846878,0.08310459554195404,-0.1638169139623642,0.11217576265335083,0.1253233551979065,-0.011096157133579254,-0.12680639326572418,-0.012560548260807991
365,right,forward,0.07345872490555094,-0.09420089555731169,0.226761755290098,0.7331628439329417,-0.8789325464101099,0,0,0.0,2.31088137070401e-07,7.999746227671523e-07,0.25658848881721497,-0.07701624184846878,0.08310459554195404,-0.07701647281646729,0.08310460299253464,0.1253233551979065,-0.011096157133579254,0.1253233551979065,0.2454923391342163
365,right,backward,0.07345872490555094,-0.09420089555731169,0.226761755290098,0.7331628439329417,-0.8789325464101099,0,0,0.0,2.31088137070401e-07,7.999746227671523e-07,0.25658848881721497,-0.07701624184846878,0.08310459554195404,-0.07701647281646729,0.08310460299253464,0.1253233551979065,-0.011096157133579254,0.1253233551979065,-0.2676846385002136
366,back,stay,0.034537534686385735,0.08058008204007733,0.2669600808839918,0.9930999997103395,2.335248990782766,0,0,0.0,1.9825580466203974e-07,9.186277885042671e-07,0.0,-0.03003714233636856,-0.07234007865190506,-0.030036965385079384,-0.07234016805887222,0.05054251104593277,-0.2393738031387329,0.05054251104593277,-0.2393738031387329
366,back,right,0.034537534686385735,0.08058008204007733,0.2669600808839918,0.9930999997103395,2.335248990782766,0,0,0.0,1.9825580466203974e-07,9.186277885042671e-07,0.25658848881721497,-0.03003714233636856,-0.07234007865190506,-0.030036965385079384,-0.07234016805887222,0.05054251104593277,-0.2393738031387329,0.30713099241256714,-0.2393738031387329
366,back,left,0.034537534686385735,0.08058008204007733,0.2669600808839918,0.9930999997103395,2.335248990782766,0,0,0.0,1.9825580466203974e-07,9.186277885042671e-07,0.25658848881721497,-0.03003714233636856,-0.07234007865190506,-0.030036965385079384,-0.07234016805887222,0.05054251104593277,-0.2393738031387329,-0.2060459852218628,-0.2393738031387329
366,back,forward,0.034537534686385735,0.08058008204007733,0.2669600808839918,0.9930999997103395,2.335248990782766,1,87,12.519401842000482,0.15039491653442383,0.2755978793898288,0.24693013727664948,-0.03003714233636856,-0.07234007865190506,-0.0522359237074852,0.0764075219631195,0.05054251104593277,-0.2393738031387329,0.052279796451330185,0.007550224661827087
366,back,backward,0.034537534686385735,0.08058008204007733,0.2669600808839918,0.9930999997103395,2.335248990782766,0,0,0.0,1.9825580466203974e-07,9.186277885042671e-07,0.25658848881721497,-0.03003714233636856,-0.07234007865190506,-0.030036965385079384,-0.07234016805887222,0.05054251104593277,-0.2393738031387329,0.05054251104593277,-0.4959622919559479
367,front,stay,0.10516076274074333,0.045137731639081385,0.37583392045843333,1.0391767380928476,1.1139039851245904,0,0,0.0,1.323494700500305e-07,3.188547705867961e-07,0.0,-0.005412769038230181,0.0013616714859381318,-0.005412880796939135,0.0013617423828691244,-0.05055036395788193,0.24265606701374054,-0.05055036395788193,0.24265606701374054
367,front,right,0.10516076274074333,0.045137731639081385,0.37583392045843333,1.0391767380928476,1.1139039851245904,0,0,0.0,1.323494700500305e-07,3.188547705867961e-07,0.25658848881721497,-0.005412769038230181,0.0013616714859381318,-0.005412880796939135,0.0013617423828691244,-0.05055036395788193,0.24265606701374054,0.20603813230991364,0.24265606701374054
367,front,left,0.10516076274074333,0.045137731639081385,0.37583392045843333,1.0391767380928476,1.1139039851245904,0,0,0.0,1.323494700500305e-07,3.188547705867961e-07,0.25658848881721497,-0.005412769038230181,0.0013616714859381318,-0.005412880796939135,0.0013617423828691244,-0.05055036395788193,0.24265606701374054,-0.3071388602256775,0.24265606701374054
367,front,forward,0.10516076274074333,0.045137731639081385,0.37583392045843333,1.0391767380928476,1.1139039851245904,0,0,0.0,1.323494700500305e-07,3.188547705867961e-07,0.25658851861953735,-0.005412769038230181,0.0013616714859381318,-0.005412880796939135,0.0013617423828691244,-0.05055036395788193,0.24265606701374054,-0.05055036395788193,0.4992445707321167
367,front,backward,0.10516076274074333,0.045137731639081385,0.37583392045843333,1.0391767380928476,1.1139039851245904,1,55,10.52172282316369,0.0517725795507431,0.0001261798168610273,0.2481030374765396,-0.005412769038230181,0.0013616714859381318,0.024048540741205215,-0.04121098667383194,-0.05055036395788193,0.24265606701374054,-0.053068045526742935,-0.005434186197817326
368,left,stay,0.0987317700120169,0.06748181607839004,0.36596482100373706,0.6688585794402234,1.175645870139646,0,0,0.0,6.869095869888042e-08,2.3110285241045858e-07,0.0,0.08192633092403412,-0.029481306672096252,0.08192628622055054,-0.029481254518032074,-0.1310579478740692,-0.09696313738822937,-0.1310579478740692,-0.09696313738822937
368,left,right,0.0987317700120169,0.06748181607839004,0.36596482100373706,0.6688585794402234,1.175645870139646,1,74,18.35415320537528,0.14539232850074768,0.04338850263897331,0.2479640394449234,0.08192633092403412,-0.029481306672096252,0.22725769877433777,-0.025271151214838028,-0.1310579478740692,-0.09696313738822937,0.11690562218427658,-0.09744264930486679
368,left,left,0.0987317700120169,0.06748181607839004,0.36596482100373706,0.6688585794402234,1.175645870139646,0,0,0.0,6.869095869888042e-08,2.3110285241045858e-07,0.25658848881721497,0.08192633092403412,-0.029481306672096252,0.08192628622055054,-0.029481254518032074,-0.1310579478740692,-0.09696313738822937,-0.3876464366912842,-0.09696313738822937
368,left,forward,0.0987317700120169,0.06748181607839004,0.36596482100373706,0.6688585794402234,1.175645870139646,0,0,0.0,6.869095869888042e-08,2.3110285241045858e-07,0.25658848881721497,0.08192633092403412,-0.029481306672096252,0.08192628622055054,-0.029481254518032074,-0.1310579478740692,-0.09696313738822937,-0.1310579478740692,0.1596253514289856
368,left,backward,0.0987317700120169,0.06748181607839004,0.36596482100373706,0.6688585794402234,1.175645870139646,0,0,0.0,6.869095869888042e-08,2.3110285241045858e-07,0.25658848881721497,0.08192633092403412,-0.029481306672096252,0.08192628622055054,-0.029481254518032074,-0.1310579478740692,-0.09696313738822937,-0.1310579478740692,-0.35355162620544434
369,right,stay,0.03833703718273824,-0.1433118420560211,0.37635694979866363,0.769143319489046,-3.128323647157796,0,0,0.0,5.332242380973184e-07,1.943230702128318e-06,0.0,0.08283784985542297,-0.09723573923110962,0.08283799141645432,-0.09723522514104843,0.24676448106765747,-0.24054765701293945,0.24676448106765747,-0.24054765701293945
369,right,right,0.03833703718273824,-0.1433118420560211,0.37635694979866363,0.769143319489046,-3.128323647157796,0,0,0.0,5.332242380973184e-07,1.943230702128318e-06,0.25658851861953735,0.08283784985542297,-0.09723573923110962,0.08283799141645432,-0.09723522514104843,0.24676448106765747,-0.24054765701293945,0.5033529996871948,-0.24054765701293945
369,right,left,0.03833703718273824,-0.1433118420560211,0.37635694979866363,0.769143319489046,-3.128323647157796,0,0,0.0,5.332242380973184e-07,1.943230702128318e-06,0.25658848881721497,0.08283784985542297,-0.09723573923110962,0.08283799141645432,-0.09723522514104843,0.24676448106765747,-0.24054765701293945,-0.009824014268815517,-0.24054765701293945
369,right,forward,0.03833703718273824,-0.1433118420560211,0.37635694979866363,0.769143319489046,-3.128323647157796,0,0,0.0,5.332242380973184e-07,1.943230702128318e-06,0.25658848881721497,0.08283784985542297,-0.09723573923110962,0.08283799141645432,-0.09723522514104843,0.24676448106765747,-0.24054765701293945,0.24676448106765747,0.01604083925485611
369,right,backward,0.03833703718273824,-0.1433118420560211,0.37635694979866363,0.769143319489046,-3.128323647157796,0,0,0.0,5.332242380973184e-07,1.943230702128318e-06,0.25658848881721497,0.08283784985542297,-0.09723573923110962,0.08283799141645432,-0.09723522514104843,0.24676448106765747,-0.24054765701293945,0.24676448106765747,-0.4971361458301544
370,back,stay,0.04590047619480716,-0.05722008518025068,0.37301343252874086,0.9591713836715398,-0.8135157567073317,0,0,0.0,2.0202617179165827e-07,9.119955467484786e-07,0.0,-0.02466203272342682,0.041956495493650436,-0.024662218987941742,0.041956573724746704,-0.08188167959451675,-0.13662661612033844,-0.08188167959451675,-0.13662661612033844
370,back,right,0.04590047619480716,-0.05722008518025068,0.37301343252874086,0.9591713836715398,-0.8135157567073317,0,0,0.0,2.0202617179165827e-07,9.119955467484786e-07,0.25658848881721497,-0.02466203272342682,0.041956495493650436,-0.024662218987941742,0.041956573724746704,-0.08188167959451675,-0.13662661612033844,0.1747068166732788,-0.13662661612033844
370,back,left,0.04590047619480716,-0.05722008518025068,0.37301343252874086,0.9591713836715398,-0.8135157567073317,0,0,0.0,2.0202617179165827e-07,9.119955467484786e-07,0.25658848881721497,-0.02466203272342682,0.041956495493650436,-0.024662218987941742,0.041956573724746704,-0.08188167959451675,-0.13662661612033844,-0.3384701609611511,-0.13662661612033844
370,back,forward,0.04590047619480716,-0.05722008518025068,0.37301343252874086,0.9591713836715398,-0.8135157567073317,1,66,18.997031369636254,0.11392026394605637,0.05904259093711527,0.24601863324642181,-0.02466203272342682,0.041956495493650436,-0.01050702203065157,0.154993936419487,-0.08188167959451675,-0.13662661612033844,-0.08318808674812317,0.1093885600566864
370,back,backward,0.04590047619480716,-0.05722008518025068,0.37301343252874086,0.9591713836715398,-0.8135157567073317,0,0,0.0,2.0202617179165827e-07,9.119955467484786e-07,0.25658851861953735,-0.02466203272342682,0.041956495493650436,-0.024662218987941742,0.041956573724746704,-0.08188167959451675,-0.13662661612033844,-0.08188167959451675,-0.3932151198387146
371,front,stay,0.0975069802616222,0.017447427580267433,0.29455031872802717,0.8057584395605305,0.44545933212101074,0,0,0.0,1.5914446649389902e-08,3.1859734150874175e-07,0.0,0.009745798073709011,-0.07751528173685074,0.009745792485773563,-0.07751526683568954,-0.007701655849814415,0.13722474873065948,-0.007701655849814415,0.13722474873065948
371,front,right,0.0975069802616222,0.017447427580267433,0.29455031872802717,0.8057584395605305,0.44545933212101074,0,0,0.0,1.5914446649389902e-08,3.1859734150874175e-07,0.25658848881721497,0.009745798073709011,-0.07751528173685074,0.009745792485773563,-0.07751526683568954,-0.007701655849814415,0.13722474873065948,0.248886838555336,0.13722474873065948
371,front,left,0.0975069802616222,0.017447427580267433,0.29455031872802717,0.8057584395605305,0.44545933212101074,0,0,0.0,1.5914446649389902e-08,3.1859734150874175e-07,0.25658848881721497,0.009745798073709011,-0.07751528173685074,0.009745792485773563,-0.07751526683568954,-0.007701655849814415,0.13722474873065948,-0.2642901539802551,0.13722474873065948
371,front,forward,0.0975069802616222,0.017447427580267433,0.29455031872802717,0.8057584395605305,0.44545933212101074,0,0,0.0,1.5914446649389902e-08,3.1859734150874175e-07,0.25658851861953735,0.009745798073709011,-0.07751528173685074,0.009745792485773563,-0.07751526683568954,-0.007701655849814415,0.13722474873065948,-0.007701655849814415,0.39381325244903564
371,front,backward,0.0975069802616222,0.017447427580267433,0.29455031872802717,0.8057584395605305,0.44545933212101074,1,60,15.63396170660774,0.12092170864343643,0.0030500638042660344,0.24975769221782684,0.009745798073709011,-0.07751528173685074,0.009766201488673687,-0.19843699038028717,-0.007701655849814415,0.13722474873065948,-0.00771318981423974,-0.11253294348716736
372,left,stay,0.02069819155654505,-0.08576161773602164,0.2484831525530412,0.8060052412716237,0.5263741227329239,0,0,0.0,7.48774056091861e-08,4.25885188337638e-07,0.0,-0.050148848444223404,-0.0673447847366333,-0.05014884099364281,-0.06734485924243927,-0.20694909989833832,0.01841714233160019,-0.20694909989833832,0.01841714233160019
372,left,right,0.02069819155654505,-0.08576161773602164,0.2484831525530412,0.8060052412716237,0.5263741227329239,1,58,6.56992963434346,0.05001811683177948,0.15915953077256895,0.25254857540130615,-0.050148848444223404,-0.0673447847366333,-0.005852034315466881,-0.09057416021823883,-0.20694909989833832,0.01841714233160019,0.04559370130300522,0.020125625655055046
372,left,left,0.02069819155654505,-0.08576161773602164,0.2484831525530412,0.8060052412716237,0.5263741227329239,0,0,0.0,7.48774056091861e-08,4.25885188337638e-07,0.25658851861953735,-0.050148848444223404,-0.0673447847366333,-0.05014884099364281,-0.06734485924243927,-0.20694909989833832,0.01841714233160019,-0.4635376036167145,0.01841714233160019
372,left,forward,0.02069819155654505,-0.08576161773602164,0.2484831525530412,0.8060052412716237,0.5263741227329239,0,0,0.0,7.48774056091861e-08,4.25885188337638e-07,0.25658848881721497,-0.050148848444223404,-0.0673447847366333,-0.05014884099364281,-0.06734485924243927,-0.20694909989833832,0.01841714233160019,-0.20694909989833832,0.27500563859939575
372,left,backward,0.02069819155654505,-0.08576161773602164,0.2484831525530412,0.8060052412716237,0.5263741227329239,0,0,0.0,7.48774056091861e-08,4.25885188337638e-07,0.25658848881721497,-0.050148848444223404,-0.0673447847366333,-0.05014884099364281,-0.06734485924243927,-0.20694909989833832,0.01841714233160019,-0.20694909989833832,-0.23817135393619537
373,right,stay,0.027874472427272888,0.05787095056045263,0.24902284890935378,0.9308761093433658,-1.0565484195834167,0,0,0.0,3.416976710468589e-07,1.3485768552978785e-06,0.0,-0.056673429906368256,-0.023569637909531593,-0.056673768907785416,-0.023569680750370026,0.09219125658273697,0.03430143743753433,0.09219125658273697,0.03430143743753433
373,right,right,0.027874472427272888,0.05787095056045263,0.24902284890935378,0.9308761093433658,-1.0565484195834167,0,0,0.0,3.416976710468589e-07,1.3485768552978785e-06,0.25658848881721497,-0.056673429906368256,-0.023569637909531593,-0.056673768907785416,-0.023569680750370026,0.09219125658273697,0.03430143743753433,0.34877973794937134,0.03430143743753433
373,right,left,0.027874472427272888,0.05787095056045263,0.24902284890935378,0.9308761093433658,-1.0565484195834167,1,81,12.982101696407634,0.1623069792985916,0.03545922925933809,0.24819500744342804,-0.056673429906368256,-0.023569637909531593,-0.21897059679031372,-0.02535530924797058,0.09219125658273697,0.03430143743753433,-0.15600362420082092,0.034550298005342484
373,right,forward,0.027874472427272888,0.05787095056045263,0.24902284890935378,0.9308761093433658,-1.0565484195834167,0,0,0.0,3.416976710468589e-07,1.3485768552978785e-06,0.25658848881721497,-0.056673429906368256,-0.023569637909531593,-0.056673768907785416,-0.023569680750370026,0.09219125658273697,0.03430143743753433,0.09219125658273697,0.2908899188041687
373,right,backward,0.027874472427272888,0.05787095056045263,0.24902284890935378,0.9308761093433658,-1.0565484195834167,0,0,0.0,3.416976710468589e-07,1.3485768552978785e-06,0.25658848881721497,-0.056673429906368256,-0.023569637909531593,-0.056673768907785416,-0.023569680750370026,0.09219125658273697,0.03430143743753433,0.09219125658273697,-0.22228705883026123
374,back,stay,0.07380707029737736,0.0628510037135491,0.34962682758251384,0.8420769226179718,0.044049085433433444,0,0,0.0,4.6985940116428537e-07,1.5857820056738856e-06,0.0,-0.007877413183450699,-0.07534830272197723,-0.00787753239274025,-0.07534875720739365,0.05497364699840546,-0.2378544807434082,0.05497364699840546,-0.2378544807434082
374,back,right,0.07380707029737736,0.0628510037135491,0.34962682758251384,0.8420769226179718,0.044049085433433444,0,0,0.0,4.6985940116428537e-07,1.5857820056738856e-06,0.25658851861953735,-0.007877413183450699,-0.07534830272197723,-0.00787753239274025,-0.07534875720739365,0.05497364699840546,-0.2378544807434082,0.3115621507167816,-0.2378544807434082
374,back,left,0.07380707029737736,0.0628510037135491,0.34962682758251384,0.8420769226179718,0.044049085433433444,0,0,0.0,4.6985940116428537e-07,1.5857820056738856e-06,0.25658848881721497,-0.007877413183450699,-0.07534830272197723,-0.00787753239274025,-0.07534875720739365,0.05497364699840546,-0.2378544807434082,-0.2016148418188095,-0.2378544807434082
374,back,forward,0.07380707029737736,0.0628510037135491,0.34962682758251384,0.8420769226179718,0.044049085433433444,1,83,15.969482507491728,0.16290751099586487,0.040022142279839766,0.24567000567913055,-0.007877413183450699,-0.07534830272197723,-0.010483741760253906,0.08753836154937744,0.05497364699840546,-0.2378544807434082,0.0555756501853466,0.007814782671630383
374,back,backward,0.07380707029737736,0.0628510037135491,0.34962682758251384,0.8420769226179718,0.044049085433433444,0,0,0.0,4.6985940116428537e-07,1.5857820056738856e-06,0.25658848881721497,-0.007877413183450699,-0.07534830272197723,-0.00787753239274025,-0.07534875720739365,0.05497364699840546,-0.2378544807434082,0.05497364699840546,-0.49444296956062317
375,front,stay,0.09310534571396141,0.07112191578723648,0.29121706374912304,0.6967237927423472,-2.6744314698347633,0,0,0.0,4.470348358154297e-08,4.378749984823571e-07,0.0,0.04710919037461281,-0.07889577746391296,0.04710919037461281,-0.07889573276042938,-0.024012688547372818,0.13266757130622864,-0.024012688547372818,0.13266757130622864
375,front,right,0.09310534571396141,0.07112191578723648,0.29121706374912304,0.6967237927423472,-2.6744314698347633,0,0,0.0,4.470348358154297e-08,4.378749984823571e-07,0.25658848881721497,0.04710919037461281,-0.07889577746391296,0.04710919037461281,-0.07889573276042938,-0.024012688547372818,0.13266757130622864,0.23257580399513245,0.13266757130622864
375,front,left,0.09310534571396141,0.07112191578723648,0.29121706374912304,0.6967237927423472,-2.6744314698347633,0,0,0.0,4.470348358154297e-08,4.378749984823571e-07,0.25658848881721497,0.04710919037461281,-0.07889577746391296,0.04710919037461281,-0.07889573276042938,-0.024012688547372818,0.13266757130622864,-0.2806011736392975,0.13266757130622864
375,front,forward,0.09310534571396141,0.07112191578723648,0.29121706374912304,0.6967237927423472,-2.6744314698347633,0,0,0.0,4.470348358154297e-08,4.378749984823571e-07,0.25658848881721497,0.04710919037461281,-0.07889577746391296,0.04710919037461281,-0.07889573276042938,-0.024012688547372818,0.13266757130622864,-0.024012688547372818,0.3892560601234436
375,front,backward,0.09310534571396141,0.07112191578723648,0.29121706374912304,0.6967237927423472,-2.6744314698347633,1,49,13.314236893820222,0.09527710825204849,0.054452934791016094,0.251361608505249,0.04710919037461281,-0.07889577746391296,0.04974677041172981,-0.17413637042045593,-0.024012688547372818,0.13266757130622864,-0.024349527433514595,-0.11869381368160248
376,left,stay,0.04915797941026588,0.033865703592468765,0.30172596468177837,0.9635853267634424,-1.7997919806420482,0,0,0.0,2.1801701777235394e-08,1.1596879012643058e-10,0.0,-0.023963024839758873,0.07947813719511032,-0.023963045328855515,0.07947812974452972,-0.17624162137508392,0.045612528920173645,-0.17624162137508392,0.045612528920173645
376,left,right,0.04915797941026588,0.033865703592468765,0.30172596468177837,0.9635853267634424,-1.7997919806420482,1,93,21.138325601770916,0.18711765110492706,0.013960613769899988,0.24474705755710602,-0.023963024839758873,0.07947813719511032,0.1631520390510559,0.08046150207519531,-0.17624162137508392,0.045612528920173645,0.06850536167621613,0.045406680554151535
376,left,left,0.04915797941026588,0.033865703592468765,0.30172596468177837,0.9635853267634424,-1.7997919806420482,0,0,0.0,2.1801701777235394e-08,1.1596879012643058e-10,0.25658851861953735,-0.023963024839758873,0.07947813719511032,-0.023963045328855515,0.07947812974452972,-0.17624162137508392,0.045612528920173645,-0.4328301250934601,0.045612528920173645
376,left,forward,0.04915797941026588,0.033865703592468765,0.30172596468177837,0.9635853267634424,-1.7997919806420482,0,0,0.0,2.1801701777235394e-08,1.1596879012643058e-10,0.25658851861953735,-0.023963024839758873,0.07947813719511032,-0.023963045328855515,0.07947812974452972,-0.17624162137508392,0.045612528920173645,-0.17624162137508392,0.3022010326385498
376,left,backward,0.04915797941026588,0.033865703592468765,0.30172596468177837,0.9635853267634424,-1.7997919806420482,0,0,0.0,2.1801701777235394e-08,1.1596879012643058e-10,0.25658848881721497,-0.023963024839758873,0.07947813719511032,-0.023963045328855515,0.07947812974452972,-0.17624162137508392,0.045612528920173645,-0.17624162137508392,-0.21097595989704132
377,right,stay,0.06890979006420903,-0.12314306796602562,0.2724750026480574,0.9641921375980079,2.1134124700933397,0,0,0.0,3.5021815847358084e-07,1.2268317783892257e-06,0.0,-0.0360773503780365,0.003569461405277252,-0.03607700392603874,0.003569512628018856,0.15526024997234344,-0.11957374960184097,0.15526024997234344,-0.11957374960184097
377,right,right,0.06890979006420903,-0.12314306796602562,0.2724750026480574,0.9641921375980079,2.1134124700933397,0,0,0.0,3.5021815847358084e-07,1.2268317783892257e-06,0.25658851861953735,-0.0360773503780365,0.003569461405277252,-0.03607700392603874,0.003569512628018856,0.15526024997234344,-0.11957374960184097,0.4118487536907196,-0.11957374960184097
377,right,left,0.06890979006420903,-0.12314306796602562,0.2724750026480574,0.9641921375980079,2.1134124700933397,1,49,8.064559970136965,0.05186406522989273,0.3471978465347045,0.25218847393989563,-0.0360773503780365,0.003569461405277252,-0.08779071271419525,0.0075203352607786655,0.15526024997234344,-0.11957374960184097,-0.09691918641328812,-0.12170641869306564
377,right,forward,0.06890979006420903,-0.12314306796602562,0.2724750026480574,0.9641921375980079,2.1134124700933397,0,0,0.0,3.5021815847358084e-07,1.2268317783892257e-06,0.25658848881721497,-0.0360773503780365,0.003569461405277252,-0.03607700392603874,0.003569512628018856,0.15526024997234344,-0.11957374960184097,0.15526024997234344,0.1370147466659546
377,right,backward,0.06890979006420903,-0.12314306796602562,0.2724750026480574,0.9641921375980079,2.1134124700933397,0,0,0.0,3.5021815847358084e-07,1.2268317783892257e-06,0.25658848881721497,-0.0360773503780365,0.003569461405277252,-0.03607700392603874,0.003569512628018856,0.15526024997234344,-0.11957374960184097,0.15526024997234344,-0.37616223096847534
378,back,stay,0.022054455027201457,-0.14189887261875106,0.22361271803197055,0.8702692273985513,-0.24148676489290155,0,0,0.0,3.3733940085767244e-08,1.7053830569935258e-11,0.0,-0.024191608652472496,0.057277049869298935,-0.024191604927182198,0.05727701634168625,-0.16609060764312744,-0.06879961490631104,-0.16609060764312744,-0.06879961490631104
378,back,right,0.022054455027201457,-0.14189887261875106,0.22361271803197055,0.8702692273985513,-0.24148676489290155,0,0,0.0,3.3733940085767244e-08,1.7053830569935258e-11,0.25658848881721497,-0.024191608652472496,0.057277049869298935,-0.024191604927182198,0.05727701634168625,-0.16609060764312744,-0.06879961490631104,0.09049788862466812,-0.06879961490631104
378,back,left,0.022054455027201457,-0.14189887261875106,0.22361271803197055,0.8702692273985513,-0.24148676489290155,0,0,0.0,3.3733940085767244e-08,1.7053830569935258e-11,0.25658848881721497,-0.024191608652472496,0.057277049869298935,-0.024191604927182198,0.05727701634168625,-0.16609060764312744,-0.06879961490631104,-0.4226790964603424,-0.06879961490631104
378,back,forward,0.022054455027201457,-0.14189887261875106,0.22361271803197055,0.8702692273985513,-0.24148676489290155,0,0,0.0,3.3733940085767244e-08,1.7053830569935258e-11,0.25658848881721497,-0.024191608652472496,0.057277049869298935,-0.024191604927182198,0.05727701634168625,-0.16609060764312744,-0.06879961490631104,-0.16609060764312744,0.18778887391090393
378,back,backward,0.022054455027201457,-0.14189887261875106,0.22361271803197055,0.8702692273985513,-0.24148676489290155,0,0,0.0,3.3733940085767244e-08,1.7053830569935258e-11,0.25658848881721497,-0.024191608652472496,0.057277049869298935,-0.024191604927182198,0.05727701634168625,-0.16609060764312744,-0.06879961490631104,-0.16609060764312744,-0.325388103723526
379,front,stay,0.11458957982029963,0.06718264968441828,0.34792702101223366,0.9062965327970942,2.1975852159212987,0,0,0.0,3.463969164840819e-07,9.096371886840869e-07,0.0,-0.07039444148540497,0.01855343021452427,-0.07039409875869751,0.0185534805059433,-0.137577623128891,0.2683802545070648,-0.137577623128891,0.2683802545070648
379,front,right,0.11458957982029963,0.06718264968441828,0.34792702101223366,0.9062965327970942,2.1975852159212987,0,0,0.0,3.463969164840819e-07,9.096371886840869e-07,0.25658848881721497,-0.07039444148540497,0.01855343021452427,-0.07039409875869751,0.0185534805059433,-0.137577623128891,0.2683802545070648,0.11901087313890457,0.2683802545070648
379,front,left,0.11458957982029963,0.06718264968441828,0.34792702101223366,0.9062965327970942,2.1975852159212987,0,0,0.0,3.463969164840819e-07,9.096371886840869e-07,0.25658848881721497,-0.07039444148540497,0.01855343021452427,-0.07039409875869751,0.0185534805059433,-0.137577623128891,0.2683802545070648,-0.39416611194610596,0.2683802545070648
379,front,forward,0.11458957982029963,0.06718264968441828,0.34792702101223366,0.9062965327970942,2.1975852159212987,0,0,0.0,3.463969164840819e-07,9.096371886840869e-07,0.25658848881721497,-0.07039444148540497,0.01855343021452427,-0.07039409875869751,0.0185534805059433,-0.137577623128891,0.2683802545070648,-0.137577623128891,0.5249687433242798
379,front,backward,0.11458957982029963,0.06718264968441828,0.34792702101223366,0.9062965327970942,2.1975852159212987,1,53,15.251354664891515,0.09487316012382507,0.1495858430905721,0.24892403185367584,-0.07039444148540497,0.01855343021452427,-0.05720271170139313,-0.07539813220500946,-0.137577623128891,0.2683802545070648,-0.13899661600589752,0.019460277631878853
380,left,stay,0.11177242472966542,0.019403830916120468,0.2806649680450644,0.8521651152222735,0.5298588477736761,0,0,0.0,6.746788017153449e-08,4.1691824403944366e-07,0.0,0.03870178386569023,-0.06499936431646347,0.03870179131627083,-0.06499943137168884,-0.20915889739990234,-0.08440288156270981,-0.20915889739990234,-0.08440288156270981
380,left,right,0.11177242472966542,0.019403830916120468,0.2806649680450644,0.8521651152222735,0.5298588477736761,1,66,21.143932164111376,0.1339852511882782,0.003411098743633989,0.24908405542373657,0.03870178386569023,-0.06499936431646347,0.1726856827735901,-0.0643969252705574,-0.20915889739990234,-0.08440288156270981,0.03992515429854393,-0.08443093299865723
380,left,left,0.11177242472966542,0.019403830916120468,0.2806649680450644,0.8521651152222735,0.5298588477736761,0,0,0.0,6.746788017153449e-08,4.1691824403944366e-07,0.25658848881721497,0.03870178386569023,-0.06499936431646347,0.03870179131627083,-0.06499943137168884,-0.20915889739990234,-0.08440288156270981,-0.4657473862171173,-0.08440288156270981
380,left,forward,0.11177242472966542,0.019403830916120468,0.2806649680450644,0.8521651152222735,0.5298588477736761,0,0,0.0,6.746788017153449e-08,4.1691824403944366e-07,0.25658848881721497,0.03870178386569023,-0.06499936431646347,0.03870179131627083,-0.06499943137168884,-0.20915889739990234,-0.08440288156270981,-0.20915889739990234,0.17218561470508575
380,left,backward,0.11177242472966542,0.019403830916120468,0.2806649680450644,0.8521651152222735,0.5298588477736761,0,0,0.0,6.746788017153449e-08,4.1691824403944366e-07,0.25658848881721497,0.03870178386569023,-0.06499936431646347,0.03870179131627083,-0.06499943137168884,-0.20915889739990234,-0.08440288156270981,-0.20915889739990234,-0.34099137783050537
381,right,stay,0.03271172998745785,-0.02944786006535488,0.3400943790402644,0.6939148236393144,0.17227608651427895,0,0,0.0,4.7438979322578234e-07,4.994818975645465e-07,0.0,-0.013411085121333599,-0.07865683734416962,-0.013411221094429493,-0.07865729182958603,0.15075664222240448,-0.10810419172048569,0.15075664222240448,-0.10810419172048569
381,right,right,0.03271172998745785,-0.02944786006535488,0.3400943790402644,0.6939148236393144,0.17227608651427895,0,0,0.0,4.7438979322578234e-07,4.994818975645465e-07,0.25658851861953735,-0.013411085121333599,-0.07865683734416962,-0.013411221094429493,-0.07865729182958603,0.15075664222240448,-0.10810419172048569,0.40734514594078064,-0.10810419172048569
381,right,left,0.03271172998745785,-0.02944786006535488,0.3400943790402644,0.6939148236393144,0.17227608651427895,1,105,16.521861061269533,0.2124025672674179,0.00631163237774962,0.24547207355499268,-0.013411085121333599,-0.07865683734416962,-0.22581203281879425,-0.07782775163650513,0.15075664222240448,-0.10810419172048569,-0.0947154313325882,-0.1081371083855629
381,right,forward,0.03271172998745785,-0.02944786006535488,0.3400943790402644,0.6939148236393144,0.17227608651427895,0,0,0.0,4.7438979322578234e-07,4.994818975645465e-07,0.25658848881721497,-0.013411085121333599,-0.07865683734416962,-0.013411221094429493,-0.07865729182958603,0.15075664222240448,-0.10810419172048569,0.15075664222240448,0.14848430454730988
381,right,backward,0.03271172998745785,-0.02944786006535488,0.3400943790402644,0.6939148236393144,0.17227608651427895,0,0,0.0,4.7438979322578234e-07,4.994818975645465e-07,0.25658848881721497,-0.013411085121333599,-0.07865683734416962,-0.013411221094429493,-0.07865729182958603,0.15075664222240448,-0.10810419172048569,0.15075664222240448,-0.36469268798828125
382,back,stay,0.09537092148814233,-0.1014864085112529,0.2927885376988575,0.7741402159431447,0.9361383883679366,0,0,0.0,3.5075146342933294e-07,8.680096348356869e-07,0.0,-0.0654791072010994,0.043472860008478165,-0.06547928601503372,0.04347255825996399,-0.16696542501449585,-0.1870267242193222,-0.16696542501449585,-0.1870267242193222
382,back,right,0.09537092148814233,-0.1014864085112529,0.2927885376988575,0.7741402159431447,0.9361383883679366,0,0,0.0,3.5075146342933294e-07,8.680096348356869e-07,0.25658848881721497,-0.0654791072010994,0.043472860008478165,-0.06547928601503372,0.04347255825996399,-0.16696542501449585,-0.1870267242193222,0.08962307125329971,-0.1870267242193222
382,back,left,0.09537092148814233,-0.1014864085112529,0.2927885376988575,0.7741402159431447,0.9361383883679366,0,0,0.0,3.5075146342933294e-07,8.680096348356869e-07,0.25658848881721497,-0.0654791072010994,0.043472860008478165,-0.06547928601503372,0.04347255825996399,-0.16696542501449585,-0.1870267242193222,-0.4235539138317108,-0.1870267242193222
382,back,forward,0.09537092148814233,-0.1014864085112529,0.2927885376988575,0.7741402159431447,0.9361383883679366,1,50,12.733819701277945,0.07808103412389755,0.2775754081260865,0.25142213702201843,-0.0654791072010994,0.043472860008478165,-0.05367334187030792,0.12065622210502625,-0.16696542501449585,-0.1870267242193222,-0.16817793250083923,0.06439249962568283
382,back,backward,0.09537092148814233,-0.1014864085112529,0.2927885376988575,0.7741402159431447,0.9361383883679366,0,0,0.0,3.5075146342933294e-07,8.680096348356869e-07,0.25658851861953735,-0.0654791072010994,0.043472860008478165,-0.06547928601503372,0.04347255825996399,-0.16696542501449585,-0.1870267242193222,-0.16696542501449585,-0.44361522793769836
383,front,stay,0.10003503211788763,-0.08895093447941718,0.32776783317173863,0.9265280793161508,-2.0475014884256466,0,0,0.0,1.3033192658440385e-07,3.189665984670853e-07,0.0,-0.06992320716381073,-0.09041597694158554,-0.06992309540510178,-0.09041604399681091,0.019027605652809143,0.1457909643650055,0.019027605652809143,0.1457909643650055
383,front,right,0.10003503211788763,-0.08895093447941718,0.32776783317173863,0.9265280793161508,-2.0475014884256466,0,0,0.0,1.3033192658440385e-07,3.189665984670853e-07,0.25658851861953735,-0.06992320716381073,-0.09041597694158554,-0.06992309540510178,-0.09041604399681091,0.019027605652809143,0.1457909643650055,0.2756161093711853,0.1457909643650055
383,front,left,0.10003503211788763,-0.08895093447941718,0.32776783317173863,0.9265280793161508,-2.0475014884256466,0,0,0.0,1.3033192658440385e-07,3.189665984670853e-07,0.25658848881721497,-0.06992320716381073,-0.09041597694158554,-0.06992309540510178,-0.09041604399681091,0.019027605652809143,0.1457909643650055,-0.23756088316440582,0.1457909643650055
383,front,forward,0.10003503211788763,-0.08895093447941718,0.32776783317173863,0.9265280793161508,-2.0475014884256466,0,0,0.0,1.3033192658440385e-07,3.189665984670853e-07,0.25658848881721497,-0.06992320716381073,-0.09041597694158554,-0.06992309540510178,-0.09041604399681091,0.019027605652809143,0.1457909643650055,0.019027605652809143,0.40237945318222046
383,front,backward,0.10003503211788763,-0.08895093447941718,0.32776783317173863,0.9265280793161508,-2.0475014884256466,1,54,15.578451212616434,0.08968094736337662,0.19880285726916558,0.24917225539684296,-0.06992320716381073,-0.09041597694158554,-0.08543867617845535,-0.1787445843219757,0.019027605652809143,0.1457909643650055,0.020391393452882767,-0.10337754338979721
384,left,stay,0.03922717289040723,0.010990202472823035,0.26616982275639395,0.8048982703138456,-2.886349073510173,0,0,0.0,6.018390763529169e-07,5.668903377831214e-07,0.0,0.019440071657299995,-0.012031607329845428,0.019440295174717903,-0.01203104853630066,-0.15339498221874237,-0.023022355511784554,-0.15339498221874237,-0.023022355511784554
384,left,right,0.03922717289040723,0.010990202472823035,0.26616982275639395,0.8048982703138456,-2.886349073510173,1,98,21.01671912254413,0.20074962079524994,0.0008860618763995021,0.24731120467185974,0.019440071657299995,-0.012031607329845428,0.22018960118293762,-0.011836077086627483,-0.15339498221874237,-0.023022355511784554,0.09391622245311737,-0.023028327152132988
384,left,left,0.03922717289040723,0.010990202472823035,0.26616982275639395,0.8048982703138456,-2.886349073510173,0,0,0.0,6.018390763529169e-07,5.668903377831214e-07,0.25658851861953735,0.019440071657299995,-0.012031607329845428,0.019440295174717903,-0.01203104853630066,-0.15339498221874237,-0.023022355511784554,-0.40998348593711853,-0.023022355511784554
384,left,forward,0.03922717289040723,0.010990202472823035,0.26616982275639395,0.8048982703138456,-2.886349073510173,0,0,0.0,6.018390763529169e-07,5.668903377831214e-07,0.25658848881721497,0.019440071657299995,-0.012031607329845428,0.019440295174717903,-0.01203104853630066,-0.15339498221874237,-0.023022355511784554,-0.15339498221874237,0.23356613516807556
384,left,backward,0.03922717289040723,0.010990202472823035,0.26616982275639395,0.8048982703138456,-2.886349073510173,0,0,0.0,6.018390763529169e-07,5.668903377831214e-07,0.25658848881721497,0.019440071657299995,-0.012031607329845428,0.019440295174717903,-0.01203104853630066,-0.15339498221874237,-0.023022355511784554,-0.15339498221874237,-0.27961084246635437
385,right,stay,0.035158772419685604,-0.10226732785921258,0.2517535407542993,0.7758404190919159,0.014749515150914938,0,0,0.0,5.231886461842805e-07,1.9272058775672563e-06,0.0,0.06205518916249275,-0.01183040626347065,0.06205505505204201,-0.011830911971628666,0.2228684425354004,-0.11409765481948853,0.2228684425354004,-0.11409765481948853
385,right,right,0.035158772419685604,-0.10226732785921258,0.2517535407542993,0.7758404190919159,0.014749515150914938,0,0,0.0,5.231886461842805e-07,1.9272058775672563e-06,0.25658848881721497,0.06205518916249275,-0.01183040626347065,0.06205505505204201,-0.011830911971628666,0.2228684425354004,-0.11409765481948853,0.47945693135261536,-0.11409765481948853
385,right,left,0.035158772419685604,-0.10226732785921258,0.2517535407542993,0.7758404190919159,0.014749515150914938,0,0,0.0,5.231886461842805e-07,1.9272058775672563e-06,0.25658848881721497,0.06205518916249275,-0.01183040626347065,0.06205505505204201,-0.011830911971628666,0.2228684425354004,-0.11409765481948853,-0.03372005373239517,-0.11409765481948853
385,right,forward,0.035158772419685604,-0.10226732785921258,0.2517535407542993,0.7758404190919159,0.014749515150914938,0,0,0.0,5.231886461842805e-07,1.9272058775672563e-06,0.25658848881721497,0.06205518916249275,-0.01183040626347065,0.06205505505204201,-0.011830911971628666,0.2228684425354004,-0.11409765481948853,0.2228684425354004,0.14249083399772644
385,right,backward,0.035158772419685604,-0.10226732785921258,0.2517535407542993,0.7758404190919159,0.014749515150914938,0,0,0.0,5.231886461842805e-07,1.9272058775672563e-06,0.25658848881721497,0.06205518916249275,-0.01183040626347065,0.06205505505204201,-0.011830911971628666,0.2228684425354004,-0.11409765481948853,0.2228684425354004,-0.3706861436367035
386,back,stay,0.026983160059910163,-0.04353677278403985,0.37871935723250116,0.8609145397148739,1.2950414174914915,0,0,0.0,2.356080486265455e-08,2.9066010265310638e-08,0.0,-0.08078399300575256,0.02830861136317253,-0.08078397065401077,0.028308618813753128,-0.12432046234607697,-0.1327156126499176,-0.12432046234607697,-0.1327156126499176
386,back,right,0.026983160059910163,-0.04353677278403985,0.37871935723250116,0.8609145397148739,1.2950414174914915,0,0,0.0,2.356080486265455e-08,2.9066010265310638e-08,0.25658848881721497,-0.08078399300575256,0.02830861136317253,-0.08078397065401077,0.028308618813753128,-0.12432046234607697,-0.1327156126499176,0.132268026471138,-0.1327156126499176
386,back,left,0.026983160059910163,-0.04353677278403985,0.37871935723250116,0.8609145397148739,1.2950414174914915,0,0,0.0,2.356080486265455e-08,2.9066010265310638e-08,0.25658851861953735,-0.08078399300575256,0.02830861136317253,-0.08078397065401077,0.028308618813753128,-0.12432046234607697,-0.1327156126499176,-0.3809089660644531,-0.1327156126499176
386,back,forward,0.026983160059910163,-0.04353677278403985,0.37871935723250116,0.8609145397148739,1.2950414174914915,1,100,16.971090749547106,0.197634756565094,0.026743233381175013,0.2422170490026474,-0.08078399300575256,0.02830861136317253,-0.07798857986927032,0.2259235978126526,-0.12432046234607697,-0.1327156126499176,-0.12449264526367188,0.10950137674808502
386,back,backward,0.026983160059910163,-0.04353677278403985,0.37871935723250116,0.8609145397148739,1.2950414174914915,0,0,0.0,2.356080486265455e-08,2.9066010265310638e-08,0.25658848881721497,-0.08078399300575256,0.02830861136317253,-0.08078397065401077,0.028308618813753128,-0.12432046234607697,-0.1327156126499176,-0.12432046234607697,-0.38930410146713257
387,front,stay,0.03811728047211123,-0.03227417581069514,0.3002325767704751,0.8658761870299723,0.42291677744987366,0,0,0.0,8.507722526474026e-08,1.7119461781511802e-07,0.0,-0.08058200776576996,-0.009416548535227776,-0.08058201521635056,-0.009416463784873486,-0.04830785468220711,0.1446222960948944,-0.04830785468220711,0.1446222960948944
387,front,right,0.03811728047211123,-0.03227417581069514,0.3002325767704751,0.8658761870299723,0.42291677744987366,0,0,0.0,8.507722526474026e-08,1.7119461781511802e-07,0.25658848881721497,-0.08058200776576996,-0.009416548535227776,-0.08058201521635056,-0.009416463784873486,-0.04830785468220711,0.1446222960948944,0.20828063786029816,0.1446222960948944
387,front,left,0.03811728047211123,-0.03227417581069514,0.3002325767704751,0.8658761870299723,0.42291677744987366,0,0,0.0,8.507722526474026e-08,1.7119461781511802e-07,0.25658848881721497,-0.08058200776576996,-0.009416548535227776,-0.08058201521635056,-0.009416463784873486,-0.04830785468220711,0.1446222960948944,-0.30489635467529297,0.1446222960948944
387,front,forward,0.03811728047211123,-0.03227417581069514,0.3002325767704751,0.8658761870299723,0.42291677744987366,0,0,0.0,8.507722526474026e-08,1.7119461781511802e-07,0.25658848881721497,-0.08058200776576996,-0.009416548535227776,-0.08058201521635056,-0.009416463784873486,-0.04830785468220711,0.1446222960948944,-0.04830785468220711,0.4012107849121094
387,front,backward,0.03811728047211123,-0.03227417581069514,0.3002325767704751,0.8658761870299723,0.42291677744987366,1,99,15.251653475609004,0.19880501925945282,0.010736727788343227,0.24535945057868958,-0.08058200776576996,-0.009416548535227776,-0.08182799071073532,-0.20821766555309296,-0.04830785468220711,0.1446222960948944,-0.04814595356583595,-0.10073709487915039
388,left,stay,0.06024074099798854,-0.03474020331073541,0.32293809784033745,0.9407958358390455,-1.7181503383406593,0,0,0.0,3.730129947143723e-07,1.9537741691166843e-07,0.0,-0.021034644916653633,-0.057917702943086624,-0.021034276112914085,-0.0579177588224411,-0.1782679408788681,-0.023177381604909897,-0.1782679408788681,-0.023177381604909897
388,left,right,0.06024074099798854,-0.03474020331073541,0.32293809784033745,0.9407958358390455,-1.7181503383406593,1,84,23.888339603517533,0.16834521293640137,0.011864175748345307,0.24524268507957458,-0.021034644916653633,-0.057917702943086624,0.1473085880279541,-0.0587339773774147,-0.1782679408788681,-0.023177381604909897,0.06697465479373932,-0.022962043061852455
388,left,left,0.06024074099798854,-0.03474020331073541,0.32293809784033745,0.9407958358390455,-1.7181503383406593,0,0,0.0,3.730129947143723e-07,1.9537741691166843e-07,0.25658851861953735,-0.021034644916653633,-0.057917702943086624,-0.021034276112914085,-0.0579177588224411,-0.1782679408788681,-0.023177381604909897,-0.43485644459724426,-0.023177381604909897
388,left,forward,0.06024074099798854,-0.03474020331073541,0.32293809784033745,0.9407958358390455,-1.7181503383406593,0,0,0.0,3.730129947143723e-07,1.9537741691166843e-07,0.25658848881721497,-0.021034644916653633,-0.057917702943086624,-0.021034276112914085,-0.0579177588224411,-0.1782679408788681,-0.023177381604909897,-0.1782679408788681,0.23341111838817596
388,left,backward,0.06024074099798854,-0.03474020331073541,0.32293809784033745,0.9407958358390455,-1.7181503383406593,0,0,0.0,3.730129947143723e-07,1.9537741691166843e-07,0.25658848881721497,-0.021034644916653633,-0.057917702943086624,-0.021034276112914085,-0.0579177588224411,-0.1782679408788681,-0.023177381604909897,-0.1782679408788681,-0.27976587414741516
389,right,stay,0.04671981570954173,0.015087771192659888,0.28892522465647674,0.8048450431670334,2.724989052619059,0,0,0.0,7.778634625310588e-08,1.7385961070814915e-07,0.0,0.04196036979556084,0.08957286924123764,0.041960347443819046,0.08957294374704361,0.2246195375919342,0.10466104000806808,0.2246195375919342,0.10466104000806808
389,right,right,0.04671981570954173,0.015087771192659888,0.28892522465647674,0.8048450431670334,2.724989052619059,0,0,0.0,7.778634625310588e-08,1.7385961070814915e-07,0.25658848881721497,0.04196036979556084,0.08957286924123764,0.041960347443819046,0.08957294374704361,0.2246195375919342,0.10466104000806808,0.48120802640914917,0.10466104000806808
389,right,left,0.04671981570954173,0.015087771192659888,0.28892522465647674,0.8048450431670334,2.724989052619059,1,98,15.549434009159883,0.19827349483966827,0.0015982801543219516,0.246266171336174,0.04196036979556084,0.08957286924123764,-0.15631312131881714,0.0895693376660347,0.2246195375919342,0.10466104000806808,-0.021646633744239807,0.10466478019952774
389,right,forward,0.04671981570954173,0.015087771192659888,0.28892522465647674,0.8048450431670334,2.724989052619059,0,0,0.0,7.778634625310588e-08,1.7385961070814915e-07,0.25658848881721497,0.04196036979556084,0.08957286924123764,0.041960347443819046,0.08957294374704361,0.2246195375919342,0.10466104000806808,0.2246195375919342,0.36124953627586365
389,right,backward,0.04671981570954173,0.015087771192659888,0.28892522465647674,0.8048450431670334,2.724989052619059,0,0,0.0,7.778634625310588e-08,1.7385961070814915e-07,0.25658848881721497,0.04196036979556084,0.08957286924123764,0.041960347443819046,0.08957294374704361,0.2246195375919342,0.10466104000806808,0.2246195375919342,-0.15192745625972748
390,back,stay,0.043680713210142205,-0.03367195303749547,0.29103006091899936,0.7574958792856478,0.7495046891763404,0,0,0.0,1.22028140481234e-07,4.438494712877272e-07,0.0,0.04057014733552933,-0.06968186050653458,0.04057012125849724,-0.06968197971582413,0.006898164749145508,-0.24421203136444092,0.006898164749145508,-0.24421203136444092
390,back,right,0.043680713210142205,-0.03367195303749547,0.29103006091899936,0.7574958792856478,0.7495046891763404,0,0,0.0,1.22028140481234e-07,4.438494712877272e-07,0.25658848881721497,0.04057014733552933,-0.06968186050653458,0.04057012125849724,-0.06968197971582413,0.006898164749145508,-0.24421203136444092,0.2634866535663605,-0.24421203136444092
390,back,left,0.043680713210142205,-0.03367195303749547,0.29103006091899936,0.7574958792856478,0.7495046891763404,0,0,0.0,1.22028140481234e-07,4.438494712877272e-07,0.25658848881721497,0.04057014733552933,-0.06968186050653458,0.04057012125849724,-0.06968197971582413,0.006898164749145508,-0.24421203136444092,-0.24969032406806946,-0.24421203136444092
390,back,forward,0.043680713210142205,-0.03367195303749547,0.29103006091899936,0.7574958792856478,0.7495046891763404,1,100,17.989609630808513,0.2020883709192276,0.009249155107616036,0.24655987322330475,0.04057014733552933,-0.06968186050653458,0.04164758324623108,0.1324036419391632,0.006898164749145508,-0.24421203136444092,0.006828319747000933,0.00234783417545259
390,back,backward,0.043680713210142205,-0.03367195303749547,0.29103006091899936,0.7574958792856478,0.7495046891763404,0,0,0.0,1.22028140481234e-07,4.438494712877272e-07,0.25658851861953735,0.04057014733552933,-0.06968186050653458,0.04057012125849724,-0.06968197971582413,0.006898164749145508,-0.24421203136444092,0.006898164749145508,-0.5008005499839783
391,front,stay,0.07821250811746948,-0.06734113486345897,0.31911219627571685,0.8672870997031488,-1.5200703218245026,0,0,0.0,8.149791028699838e-07,3.044746355040928e-06,0.0,0.045239511877298355,-0.07998525351285934,0.04523872211575508,-0.07998505234718323,0.11258077621459961,0.12539958953857422,0.11258077621459961,0.12539958953857422
391,front,right,0.07821250811746948,-0.06734113486345897,0.31911219627571685,0.8672870997031488,-1.5200703218245026,0,0,0.0,8.149791028699838e-07,3.044746355040928e-06,0.25658848881721497,0.045239511877298355,-0.07998525351285934,0.04523872211575508,-0.07998505234718323,0.11258077621459961,0.12539958953857422,0.3691692650318146,0.12539958953857422
391,front,left,0.07821250811746948,-0.06734113486345897,0.31911219627571685,0.8672870997031488,-1.5200703218245026,0,0,0.0,8.149791028699838e-07,3.044746355040928e-06,0.25658848881721497,0.045239511877298355,-0.07998525351285934,0.04523872211575508,-0.07998505234718323,0.11258077621459961,0.12539958953857422,-0.14400771260261536,0.12539958953857422
391,front,forward,0.07821250811746948,-0.06734113486345897,0.31911219627571685,0.8672870997031488,-1.5200703218245026,0,0,0.0,8.149791028699838e-07,3.044746355040928e-06,0.25658848881721497,0.045239511877298355,-0.07998525351285934,0.04523872211575508,-0.07998505234718323,0.11258077621459961,0.12539958953857422,0.11258077621459961,0.3819880783557892
391,front,backward,0.07821250811746948,-0.06734113486345897,0.31911219627571685,0.8672870997031488,-1.5200703218245026,1,79,15.40342656777279,0.05529773607850075,0.03482684362080257,0.25111570954322815,0.045239511877298355,-0.07998525351285934,0.02974480390548706,-0.1330677717924118,0.11258077621459961,0.12539958953857422,0.1146283894777298,-0.12570777535438538
392,left,stay,0.07026827787718208,-0.11703105313523736,0.35020494412421294,0.9645452386163678,2.285326820601921,0,0,0.0,2.339010620744375e-07,8.397576394258977e-07,0.0,0.021988337859511375,0.08272696286439896,0.02198857069015503,0.08272694051265717,-0.1779707968235016,0.1997578889131546,-0.1779707968235016,0.1997578889131546
392,left,right,0.07026827787718208,-0.11703105313523736,0.35020494412421294,0.9645452386163678,2.285326820601921,1,53,10.455531867380978,0.06287658959627151,0.3818706941046768,0.2497791200876236,0.021988337859511375,0.08272696286439896,0.08432833105325699,0.07452994585037231,-0.1779707968235016,0.1997578889131546,0.07179390639066696,0.20244143903255463
392,left,left,0.07026827787718208,-0.11703105313523736,0.35020494412421294,0.9645452386163678,2.285326820601921,0,0,0.0,2.339010620744375e-07,8.397576394258977e-07,0.25658848881721497,0.021988337859511375,0.08272696286439896,0.02198857069015503,0.08272694051265717,-0.1779707968235016,0.1997578889131546,-0.43455928564071655,0.1997578889131546
392,left,forward,0.07026827787718208,-0.11703105313523736,0.35020494412421294,0.9645452386163678,2.285326820601921,0,0,0.0,2.339010620744375e-07,8.397576394258977e-07,0.25658851861953735,0.021988337859511375,0.08272696286439896,0.02198857069015503,0.08272694051265717,-0.1779707968235016,0.1997578889131546,-0.1779707968235016,0.45634639263153076
392,left,backward,0.07026827787718208,-0.11703105313523736,0.35020494412421294,0.9645452386163678,2.285326820601921,0,0,0.0,2.339010620744375e-07,8.397576394258977e-07,0.25658848881721497,0.021988337859511375,0.08272696286439896,0.02198857069015503,0.08272694051265717,-0.1779707968235016,0.1997578889131546,-0.1779707968235016,-0.05683060735464096
393,right,stay,0.07773548994128389,0.14017142467740665,0.321799614735062,0.9801287101664342,2.3930383824169086,0,0,0.0,1.7537573171466647e-07,9.477663347468024e-07,0.0,-0.01790436916053295,-0.07717209309339523,-0.017904218286275864,-0.0771721825003624,0.19273412227630615,0.06299930065870285,0.19273412227630615,0.06299930065870285
393,right,right,0.07773548994128389,0.14017142467740665,0.321799614735062,0.9801287101664342,2.3930383824169086,0,0,0.0,1.7537573171466647e-07,9.477663347468024e-07,0.25658848881721497,-0.01790436916053295,-0.07717209309339523,-0.017904218286275864,-0.0771721825003624,0.19273412227630615,0.06299930065870285,0.4493226110935211,0.06299930065870285
393,right,left,0.07773548994128389,0.14017142467740665,0.321799614735062,0.9801287101664342,2.3930383824169086,0,0,0.0,1.7537573171466647e-07,9.477663347468024e-07,0.25658848881721497,-0.01790436916053295,-0.07717209309339523,-0.017904218286275864,-0.0771721825003624,0.19273412227630615,0.06299930065870285,-0.06385437399148941,0.06299930065870285
393,right,forward,0.07773548994128389,0.14017142467740665,0.321799614735062,0.9801287101664342,2.3930383824169086,0,0,0.0,1.7537573171466647e-07,9.477663347468024e-07,0.25658848881721497,-0.01790436916053295,-0.07717209309339523,-0.017904218286275864,-0.0771721825003624,0.19273412227630615,0.06299930065870285,0.19273412227630615,0.3195877969264984
393,right,backward,0.07773548994128389,0.14017142467740665,0.321799614735062,0.9801287101664342,2.3930383824169086,0,0,0.0,1.7537573171466647e-07,9.477663347468024e-07,0.25658848881721497,-0.01790436916053295,-0.07717209309339523,-0.017904218286275864,-0.0771721825003624,0.19273412227630615,0.06299930065870285,0.19273412227630615,-0.1935891956090927
394,back,stay,0.06688232151042947,-0.11971979407117825,0.25510453029423563,1.0417221389267817,-0.3298655660717751,0,0,0.0,8.229434911299904e-08,4.2416958834223806e-11,0.0,0.04131785035133362,-0.07198213040828705,0.041317857801914215,-0.07198221236467361,-0.07840202003717422,-0.248971626162529,-0.07840202003717422,-0.248971626162529
394,back,right,0.06688232151042947,-0.11971979407117825,0.25510453029423563,1.0417221389267817,-0.3298655660717751,0,0,0.0,8.229434911299904e-08,4.2416958834223806e-11,0.25658848881721497,0.04131785035133362,-0.07198213040828705,0.041317857801914215,-0.07198221236467361,-0.07840202003717422,-0.248971626162529,0.17818647623062134,-0.248971626162529
394,back,left,0.06688232151042947,-0.11971979407117825,0.25510453029423563,1.0417221389267817,-0.3298655660717751,0,0,0.0,8.229434911299904e-08,4.2416958834223806e-11,0.25658848881721497,0.04131785035133362,-0.07198213040828705,0.041317857801914215,-0.07198221236467361,-0.07840202003717422,-0.248971626162529,-0.3349905014038086,-0.248971626162529
394,back,forward,0.06688232151042947,-0.11971979407117825,0.25510453029423563,1.0417221389267817,-0.3298655660717751,1,59,8.05048230595119,0.06281088292598724,0.47029292933784883,0.2510254383087158,0.04131785035133362,-0.07198213040828705,0.04725376516580582,-0.009452368132770061,-0.07840202003717422,-0.248971626162529,-0.07961199432611465,0.0020509189926087856
394,back,backward,0.06688232151042947,-0.11971979407117825,0.25510453029423563,1.0417221389267817,-0.3298655660717751,0,0,0.0,8.229434911299904e-08,4.2416958834223806e-11,0.2565884590148926,0.04131785035133362,-0.07198213040828705,0.041317857801914215,-0.07198221236467361,-0.07840202003717422,-0.248971626162529,-0.07840202003717422,-0.5055601000785828
395,front,stay,0.040232100258820985,-0.011394414103687966,0.25793924164798976,0.6869896204139456,-2.6950206856862424,0,0,0.0,1.614147926431997e-08,3.173143552359647e-07,0.0,0.09568656980991364,-0.0017622828017920256,0.09568657726049423,-0.0017622971208766103,0.10708101093769073,0.15576596558094025,0.10708101093769073,0.15576596558094025
395,front,right,0.040232100258820985,-0.011394414103687966,0.25793924164798976,0.6869896204139456,-2.6950206856862424,0,0,0.0,1.614147926431997e-08,3.173143552359647e-07,0.25658851861953735,0.09568656980991364,-0.0017622828017920256,0.09568657726049423,-0.0017622971208766103,0.10708101093769073,0.15576596558094025,0.3636695146560669,0.15576596558094025
395,front,left,0.040232100258820985,-0.011394414103687966,0.25793924164798976,0.6869896204139456,-2.6950206856862424,0,0,0.0,1.614147926431997e-08,3.173143552359647e-07,0.25658848881721497,0.09568656980991364,-0.0017622828017920256,0.09568657726049423,-0.0017622971208766103,0.10708101093769073,0.15576596558094025,-0.14950747787952423,0.15576596558094025
395,front,forward,0.040232100258820985,-0.011394414103687966,0.25793924164798976,0.6869896204139456,-2.6950206856862424,0,0,0.0,1.614147926431997e-08,3.173143552359647e-07,0.25658851861953735,0.09568656980991364,-0.0017622828017920256,0.09568657726049423,-0.0017622971208766103,0.10708101093769073,0.15576596558094025,0.10708101093769073,0.4123544692993164
395,front,backward,0.040232100258820985,-0.011394414103687966,0.25793924164798976,0.6869896204139456,-2.6950206856862424,1,93,17.669570466232674,0.19102343916893005,0.0004759242236636041,0.2488487809896469,0.09568656980991364,-0.0017622828017920256,0.09560269862413406,-0.19278571009635925,0.10708101093769073,0.15576596558094025,0.1070893406867981,-0.09308281540870667
396,left,stay,0.07636071438191142,0.05040586846554937,0.37202450519939156,0.6517841826543507,-0.6675263860726557,0,0,0.0,2.389418796155951e-07,8.317969935056624e-07,0.0,-0.05164579674601555,0.017323294654488564,-0.051646001636981964,0.017323417589068413,-0.2626185417175293,-0.03308260440826416,-0.2626185417175293,-0.03308260440826416
396,left,right,0.07636071438191142,0.05040586846554937,0.37202450519939156,0.6517841826543507,-0.6675263860726557,1,56,11.981361779265775,0.08210133016109467,0.009428666387621076,0.2504526972770691,-0.05164579674601555,0.017323294654488564,0.02651125378906727,0.042464952915906906,-0.2626185417175293,-0.03308260440826416,-0.012173636816442013,-0.03505415469408035
396,left,left,0.07636071438191142,0.05040586846554937,0.37202450519939156,0.6517841826543507,-0.6675263860726557,0,0,0.0,2.389418796155951e-07,8.317969935056624e-07,0.25658851861953735,-0.05164579674601555,0.017323294654488564,-0.051646001636981964,0.017323417589068413,-0.2626185417175293,-0.03308260440826416,-0.5192070603370667,-0.03308260440826416
396,left,forward,0.07636071438191142,0.05040586846554937,0.37202450519939156,0.6517841826543507,-0.6675263860726557,0,0,0.0,2.389418796155951e-07,8.317969935056624e-07,0.25658848881721497,-0.05164579674601555,0.017323294654488564,-0.051646001636981964,0.017323417589068413,-0.2626185417175293,-0.03308260440826416,-0.2626185417175293,0.2235058844089508
396,left,backward,0.07636071438191142,0.05040586846554937,0.37202450519939156,0.6517841826543507,-0.6675263860726557,0,0,0.0,2.389418796155951e-07,8.317969935056624e-07,0.25658848881721497,-0.05164579674601555,0.017323294654488564,-0.051646001636981964,0.017323417589068413,-0.2626185417175293,-0.03308260440826416,-0.2626185417175293,-0.2896710932254791
397,right,stay,0.0766218119316714,-0.049924723055362705,0.3552453803871122,0.691688666353568,-0.03752771742870609,0,0,0.0,7.908699899417115e-07,2.0805687517624905e-06,0.0,0.017132669687271118,-0.05738825723528862,0.017132828012108803,-0.05738748237490654,0.2203829288482666,-0.10731318593025208,0.2203829288482666,-0.10731318593025208
397,right,right,0.0766218119316714,-0.049924723055362705,0.3552453803871122,0.691688666353568,-0.03752771742870609,0,0,0.0,7.908699899417115e-07,2.0805687517624905e-06,0.25658848881721497,0.017132669687271118,-0.05738825723528862,0.017132828012108803,-0.05738748237490654,0.2203829288482666,-0.10731318593025208,0.47697141766548157,-0.10731318593025208
397,right,left,0.0766218119316714,-0.049924723055362705,0.3552453803871122,0.691688666353568,-0.03752771742870609,1,83,17.063738578221976,0.16545730829238892,0.030293507699121543,0.2470494508743286,0.017132669687271118,-0.05738825723528862,-0.14828722178936005,-0.0538698248565197,0.2203829288482666,-0.10731318593025208,-0.026666492223739624,-0.10744255036115646
397,right,forward,0.0766218119316714,-0.049924723055362705,0.3552453803871122,0.691688666353568,-0.03752771742870609,0,0,0.0,7.908699899417115e-07,2.0805687517624905e-06,0.25658848881721497,0.017132669687271118,-0.05738825723528862,0.017132828012108803,-0.05738748237490654,0.2203829288482666,-0.10731318593025208,0.2203829288482666,0.1492753028869629
397,right,backward,0.0766218119316714,-0.049924723055362705,0.3552453803871122,0.691688666353568,-0.03752771742870609,0,0,0.0,7.908699899417115e-07,2.0805687517624905e-06,0.25658848881721497,0.017132669687271118,-0.05738825723528862,0.017132828012108803,-0.05738748237490654,0.2203829288482666,-0.10731318593025208,0.2203829288482666,-0.36390167474746704
398,back,stay,0.091225230310914,-0.13912313280794414,0.3512423088802614,0.7193238890579469,-0.38028281661728824,0,0,0.0,3.434547934944021e-08,2.3388310399496956e-07,0.0,0.09555882215499878,-0.061610881239175797,0.09555884450674057,-0.061610907316207886,-0.0435643196105957,-0.26617228984832764,-0.0435643196105957,-0.26617228984832764
398,back,right,0.091225230310914,-0.13912313280794414,0.3512423088802614,0.7193238890579469,-0.38028281661728824,0,0,0.0,3.434547934944021e-08,2.3388310399496956e-07,0.25658848881721497,0.09555882215499878,-0.061610881239175797,0.09555884450674057,-0.061610907316207886,-0.0435643196105957,-0.26617228984832764,0.21302416920661926,-0.26617228984832764
398,back,left,0.091225230310914,-0.13912313280794414,0.3512423088802614,0.7193238890579469,-0.38028281661728824,0,0,0.0,3.434547934944021e-08,2.3388310399496956e-07,0.25658848881721497,0.09555882215499878,-0.061610881239175797,0.09555884450674057,-0.061610907316207886,-0.0435643196105957,-0.26617228984832764,-0.30015280842781067,-0.26617228984832764
398,back,forward,0.091225230310914,-0.13912313280794414,0.3512423088802614,0.7193238890579469,-0.38028281661728824,0,0,0.0,3.434547934944021e-08,2.3388310399496956e-07,0.25658848881721497,0.09555882215499878,-0.061610881239175797,0.09555884450674057,-0.061610907316207886,-0.0435643196105957,-0.26617228984832764,-0.0435643196105957,-0.009583794511854649
398,back,backward,0.091225230310914,-0.13912313280794414,0.3512423088802614,0.7193238890579469,-0.38028281661728824,0,0,0.0,3.434547934944021e-08,2.3388310399496956e-07,0.25658851861953735,0.09555882215499878,-0.061610881239175797,0.09555884450674057,-0.061610907316207886,-0.0435643196105957,-0.26617228984832764,-0.0435643196105957,-0.522760808467865
399,front,stay,0.10384811527351959,0.08568130124901516,0.23396314091173104,0.6545604682184281,-0.5428266233636361,0,0,0.0,2.37779261169635e-07,5.1741245843395234e-08,0.0,0.012190988287329674,0.08065538108348846,0.012190823443233967,0.0806555524468422,-0.07349009066820145,0.3069421648979187,-0.07349009066820145,0.3069421648979187
399,front,right,0.10384811527351959,0.08568130124901516,0.23396314091173104,0.6545604682184281,-0.5428266233636361,0,0,0.0,2.37779261169635e-07,5.1741245843395234e-08,0.25658848881721497,0.012190988287329674,0.08065538108348846,0.012190823443233967,0.0806555524468422,-0.07349009066820145,0.3069421648979187,0.18309840559959412,0.3069421648979187
399,front,left,0.10384811527351959,0.08568130124901516,0.23396314091173104,0.6545604682184281,-0.5428266233636361,0,0,0.0,2.37779261169635e-07,5.1741245843395234e-08,0.25658848881721497,0.012190988287329674,0.08065538108348846,0.012190823443233967,0.0806555524468422,-0.07349009066820145,0.3069421648979187,-0.3300785720348358,0.3069421648979187
399,front,forward,0.10384811527351959,0.08568130124901516,0.23396314091173104,0.6545604682184281,-0.5428266233636361,0,0,0.0,2.37779261169635e-07,5.1741245843395234e-08,0.25658851861953735,0.012190988287329674,0.08065538108348846,0.012190823443233967,0.0806555524468422,-0.07349009066820145,0.3069421648979187,-0.07349009066820145,0.563530683517456
399,front,backward,0.10384811527351959,0.08568130124901516,0.23396314091173104,0.6545604682184281,-0.5428266233636361,1,62,11.34668214027929,0.0831933543086052,0.01422537506156063,0.2528133988380432,0.012190988287329674,0.08065538108348846,0.03900903835892677,0.001903074444271624,-0.07349009066820145,0.3069421648979187,-0.07523141801357269,0.05413476750254631
400,left,stay,0.03415449460452477,0.10838793177854875,0.365998922896148,0.6502763731615994,-1.4798984968445776,0,0,0.0,1.0652831861079903e-06,3.6402519489886487e-06,0.0,-0.04561933875083923,0.02673630230128765,-0.045620374381542206,0.026736551895737648,-0.17230354249477386,-0.08165167272090912,-0.17230354249477386,-0.08165167272090912
400,left,right,0.03415449460452477,0.10838793177854875,0.365998922896148,0.6502763731615994,-1.4798984968445776,1,94,16.34590498949087,0.1655106544494629,0.2416044100924981,0.24704334139823914,-0.04561933875083923,0.02673630230128765,0.11953398585319519,0.03760629892349243,-0.17230354249477386,-0.08165167272090912,0.07473364472389221,-0.08339514583349228
400,left,left,0.03415449460452477,0.10838793177854875,0.365998922896148,0.6502763731615994,-1.4798984968445776,0,0,0.0,1.0652831861079903e-06,3.6402519489886487e-06,0.25658851861953735,-0.04561933875083923,0.02673630230128765,-0.045620374381542206,0.026736551895737648,-0.17230354249477386,-0.08165167272090912,-0.42889204621315,-0.08165167272090912
400,left,forward,0.03415449460452477,0.10838793177854875,0.365998922896148,0.6502763731615994,-1.4798984968445776,0,0,0.0,1.0652831861079903e-06,3.6402519489886487e-06,0.25658848881721497,-0.04561933875083923,0.02673630230128765,-0.045620374381542206,0.026736551895737648,-0.17230354249477386,-0.08165167272090912,-0.17230354249477386,0.17493681609630585
400,left,backward,0.03415449460452477,0.10838793177854875,0.365998922896148,0.6502763731615994,-1.4798984968445776,0,0,0.0,1.0652831861079903e-06,3.6402519489886487e-06,0.25658851861953735,-0.04561933875083923,0.02673630230128765,-0.045620374381542206,0.026736551895737648,-0.17230354249477386,-0.08165167272090912,-0.17230354249477386,-0.3382401764392853
401,right,stay,0.08316161795456829,-0.12082062255602438,0.30389851039168714,0.9451093792887333,-2.4893728743648253,0,0,0.0,7.078051567077637e-08,3.1727487792565507e-07,0.0,0.09693244844675064,0.050553400069475174,0.09693244844675064,0.050553470849990845,0.31495973467826843,-0.07026748359203339,0.31495973467826843,-0.07026748359203339
401,right,right,0.08316161795456829,-0.12082062255602438,0.30389851039168714,0.9451093792887333,-2.4893728743648253,0,0,0.0,7.078051567077637e-08,3.1727487792565507e-07,0.25658848881721497,0.09693244844675064,0.050553400069475174,0.09693244844675064,0.050553470849990845,0.31495973467826843,-0.07026748359203339,0.5715482234954834,-0.07026748359203339
401,right,left,0.08316161795456829,-0.12082062255602438,0.30389851039168714,0.9451093792887333,-2.4893728743648253,1,10,4.336607374692173,0.0049022287130355835,0.0547087644485984,0.25547656416893005,0.09693244844675064,0.050553400069475174,0.09234880656003952,0.052291810512542725,0.31495973467826843,-0.07026748359203339,0.05948341637849808,-0.07061406970024109
401,right,forward,0.08316161795456829,-0.12082062255602438,0.30389851039168714,0.9451093792887333,-2.4893728743648253,0,0,0.0,7.078051567077637e-08,3.1727487792565507e-07,0.25658848881721497,0.09693244844675064,0.050553400069475174,0.09693244844675064,0.050553470849990845,0.31495973467826843,-0.07026748359203339,0.31495973467826843,0.18632100522518158
401,right,backward,0.08316161795456829,-0.12082062255602438,0.30389851039168714,0.9451093792887333,-2.4893728743648253,0,0,0.0,7.078051567077637e-08,3.1727487792565507e-07,0.25658851861953735,0.09693244844675064,0.050553400069475174,0.09693244844675064,0.050553470849990845,0.31495973467826843,-0.07026748359203339,0.31495973467826843,-0.32685598731040955
402,back,stay,0.04280328393654537,-0.06632998414732816,0.26389260793406094,0.9407029444988211,0.16837835469599316,0,0,0.0,4.738592735975544e-07,5.235812410853136e-07,0.0,-0.06905567646026611,-0.09189274907112122,-0.06905581057071686,-0.09189320355653763,-0.13538554310798645,-0.2333037555217743,-0.13538554310798645,-0.2333037555217743
402,back,right,0.04280328393654537,-0.06632998414732816,0.26389260793406094,0.9407029444988211,0.16837835469599316,0,0,0.0,4.738592735975544e-07,5.235812410853136e-07,0.25658848881721497,-0.06905567646026611,-0.09189274907112122,-0.06905581057071686,-0.09189320355653763,-0.13538554310798645,-0.2333037555217743,0.12120295315980911,-0.2333037555217743
402,back,left,0.04280328393654537,-0.06632998414732816,0.26389260793406094,0.9407029444988211,0.16837835469599316,0,0,0.0,4.738592735975544e-07,5.235812410853136e-07,0.25658848881721497,-0.06905567646026611,-0.09189274907112122,-0.06905581057071686,-0.09189320355653763,-0.13538554310798645,-0.2333037555217743,-0.3919740319252014,-0.2333037555217743
402,back,forward,0.04280328393654537,-0.06632998414732816,0.26389260793406094,0.9407029444988211,0.16837835469599316,1,100,12.16821862602162,0.1997080147266388,0.033337172808654614,0.24585077166557312,-0.06905567646026611,-0.09189274907112122,-0.06610763818025589,0.10779350250959396,-0.13538554310798645,-0.2333037555217743,-0.13587388396263123,0.012546525336802006
402,back,backward,0.04280328393654537,-0.06632998414732816,0.26389260793406094,0.9407029444988211,0.16837835469599316,0,0,0.0,4.738592735975544e-07,5.235812410853136e-07,0.25658848881721497,-0.06905567646026611,-0.09189274907112122,-0.06905581057071686,-0.09189320355653763,-0.13538554310798645,-0.2333037555217743,-0.13538554310798645,-0.48989224433898926
403,front,stay,0.06115554649143934,-0.12108394396334597,0.3022015759726476,0.984548098029078,-2.146088695390401,0,0,0.0,4.883861492999131e-07,5.136354150891975e-07,0.0,0.016155939549207687,-0.043697576969861984,0.016156231984496117,-0.043697185814380646,0.13723976910114288,0.15325917303562164,0.13723976910114288,0.15325917303562164
403,front,right,0.06115554649143934,-0.12108394396334597,0.3022015759726476,0.984548098029078,-2.146088695390401,0,0,0.0,4.883861492999131e-07,5.136354150891975e-07,0.25658851861953735,0.016155939549207687,-0.043697576969861984,0.016156231984496117,-0.043697185814380646,0.13723976910114288,0.15325917303562164,0.39382827281951904,0.15325917303562164
403,front,left,0.06115554649143934,-0.12108394396334597,0.3022015759726476,0.984548098029078,-2.146088695390401,0,0,0.0,4.883861492999131e-07,5.136354150891975e-07,0.25658848881721497,0.016155939549207687,-0.043697576969861984,0.016156231984496117,-0.043697185814380646,0.13723976910114288,0.15325917303562164,-0.11934872716665268,0.15325917303562164
403,front,forward,0.06115554649143934,-0.12108394396334597,0.3022015759726476,0.984548098029078,-2.146088695390401,0,0,0.0,4.883861492999131e-07,5.136354150891975e-07,0.25658851861953735,0.016155939549207687,-0.043697576969861984,0.016156231984496117,-0.043697185814380646,0.13723976910114288,0.15325917303562164,0.13723976910114288,0.4098476767539978
403,front,backward,0.06115554649143934,-0.12108394396334597,0.3022015759726476,0.984548098029078,-2.146088695390401,1,20,8.718900636473427,0.0111992871388793,0.054364922900259405,0.25514864921569824,0.016155939549207687,-0.043697576969861984,0.011902499943971634,-0.05405770614743233,0.13723976910114288,0.15325917303562164,0.13801616430282593,-0.1018882766366005
404,left,stay,0.07200336019605984,-0.08135949984098369,0.2589050280185023,1.0191586752224797,-2.395199120835991,0,0,0.0,1.2867810994521278e-07,4.4266842058604544e-07,0.0,0.000572581251617521,0.08713270723819733,0.0005726039526052773,0.08713283389806747,-0.20438766479492188,0.16849198937416077,-0.20438766479492188,0.16849198937416077
404,left,right,0.07200336019605984,-0.08135949984098369,0.2589050280185023,1.0191586752224797,-2.395199120835991,1,42,8.615524418404105,0.06511005014181137,0.1378065267036952,0.2514331042766571,0.000572581251617521,0.08713270723819733,0.06506356596946716,0.07817550003528595,-0.20438766479492188,0.16849198937416077,0.04704442247748375,0.1692090481519699
404,left,left,0.07200336019605984,-0.08135949984098369,0.2589050280185023,1.0191586752224797,-2.395199120835991,0,0,0.0,1.2867810994521278e-07,4.4266842058604544e-07,0.25658848881721497,0.000572581251617521,0.08713270723819733,0.0005726039526052773,0.08713283389806747,-0.20438766479492188,0.16849198937416077,-0.46097615361213684,0.16849198937416077
404,left,forward,0.07200336019605984,-0.08135949984098369,0.2589050280185023,1.0191586752224797,-2.395199120835991,0,0,0.0,1.2867810994521278e-07,4.4266842058604544e-07,0.25658848881721497,0.000572581251617521,0.08713270723819733,0.0005726039526052773,0.08713283389806747,-0.20438766479492188,0.16849198937416077,-0.20438766479492188,0.42508047819137573
404,left,backward,0.07200336019605984,-0.08135949984098369,0.2589050280185023,1.0191586752224797,-2.395199120835991,0,0,0.0,1.2867810994521278e-07,4.4266842058604544e-07,0.25658848881721497,0.000572581251617521,0.08713270723819733,0.0005726039526052773,0.08713283389806747,-0.20438766479492188,0.16849198937416077,-0.20438766479492188,-0.0880965068936348
405,right,stay,0.021168545955889045,0.1042304931828954,0.3341291249099917,0.6894668919168869,0.20577088821697842,0,0,0.0,5.72532371734269e-07,5.801585032938483e-07,0.0,0.03787018358707428,0.07509692758321762,0.037870004773139954,0.07509638369083405,0.191440150141716,0.17932793498039246,0.191440150141716,0.17932793498039246
405,right,right,0.021168545955889045,0.1042304931828954,0.3341291249099917,0.6894668919168869,0.20577088821697842,0,0,0.0,5.72532371734269e-07,5.801585032938483e-07,0.25658851861953735,0.03787018358707428,0.07509692758321762,0.037870004773139954,0.07509638369083405,0.191440150141716,0.17932793498039246,0.44802865386009216,0.17932793498039246
405,right,left,0.021168545955889045,0.1042304931828954,0.3341291249099917,0.6894668919168869,0.20577088821697842,0,0,0.0,5.72532371734269e-07,5.801585032938483e-07,0.25658848881721497,0.03787018358707428,0.07509692758321762,0.037870004773139954,0.07509638369083405,0.191440150141716,0.17932793498039246,-0.06514834612607956,0.17932793498039246
405,right,forward,0.021168545955889045,0.1042304931828954,0.3341291249099917,0.6894668919168869,0.20577088821697842,0,0,0.0,5.72532371734269e-07,5.801585032938483e-07,0.25658848881721497,0.03787018358707428,0.07509692758321762,0.037870004773139954,0.07509638369083405,0.191440150141716,0.17932793498039246,0.191440150141716,0.4359164237976074
405,right,backward,0.021168545955889045,0.1042304931828954,0.3341291249099917,0.6894668919168869,0.20577088821697842,0,0,0.0,5.72532371734269e-07,5.801585032938483e-07,0.25658848881721497,0.03787018358707428,0.07509692758321762,0.037870004773139954,0.07509638369083405,0.191440150141716,0.17932793498039246,0.191440150141716,-0.0772605612874031
406,back,stay,0.05069180932602853,0.032153344752182234,0.32431480919462885,0.7789195447044069,2.8764611108863116,0,0,0.0,4.5320113883917656e-08,2.4126478592734202e-11,0.0,-0.06541717052459717,-0.0726151317358017,-0.06541717797517776,-0.07261508703231812,-0.033263713121414185,-0.22900713980197906,-0.033263713121414185,-0.22900713980197906
406,back,right,0.05069180932602853,0.032153344752182234,0.32431480919462885,0.7789195447044069,2.8764611108863116,0,0,0.0,4.5320113883917656e-08,2.4126478592734202e-11,0.25658848881721497,-0.06541717052459717,-0.0726151317358017,-0.06541717797517776,-0.07261508703231812,-0.033263713121414185,-0.22900713980197906,0.22332477569580078,-0.22900713980197906
406,back,left,0.05069180932602853,0.032153344752182234,0.32431480919462885,0.7789195447044069,2.8764611108863116,0,0,0.0,4.5320113883917656e-08,2.4126478592734202e-11,0.25658848881721497,-0.06541717052459717,-0.0726151317358017,-0.06541717797517776,-0.07261508703231812,-0.033263713121414185,-0.22900713980197906,-0.28985220193862915,-0.22900713980197906
406,back,forward,0.05069180932602853,0.032153344752182234,0.32431480919462885,0.7789195447044069,2.8764611108863116,1,92,21.334817098160535,0.18623366951942444,0.010584105616466388,0.2461826056241989,-0.06541717052459717,-0.0726151317358017,-0.06625889986753464,0.11361662298440933,-0.033263713121414185,-0.22900713980197906,-0.03311815485358238,0.01717541739344597
406,back,backward,0.05069180932602853,0.032153344752182234,0.32431480919462885,0.7789195447044069,2.8764611108863116,0,0,0.0,4.5320113883917656e-08,2.4126478592734202e-11,0.25658851861953735,-0.06541717052459717,-0.0726151317358017,-0.06541717797517776,-0.07261508703231812,-0.033263713121414185,-0.22900713980197906,-0.033263713121414185,-0.4855956435203552
407,front,stay,0.10805054287336116,-0.1261758644033488,0.23925588298855485,0.675454676737904,1.2140945273843755,0,0,0.0,4.3443975528134615e-08,1.6873044028642425e-07,0.0,0.05550742149353027,0.036440785974264145,0.05550739914178848,0.03644082322716713,0.18168354034423828,0.2798542082309723,0.18168354034423828,0.2798542082309723
407,front,right,0.10805054287336116,-0.1261758644033488,0.23925588298855485,0.675454676737904,1.2140945273843755,0,0,0.0,4.3443975528134615e-08,1.6873044028642425e-07,0.25658848881721497,0.05550742149353027,0.036440785974264145,0.05550739914178848,0.03644082322716713,0.18168354034423828,0.2798542082309723,0.43827202916145325,0.2798542082309723
407,front,left,0.10805054287336116,-0.1261758644033488,0.23925588298855485,0.675454676737904,1.2140945273843755,0,0,0.0,4.3443975528134615e-08,1.6873044028642425e-07,0.25658848881721497,0.05550742149353027,0.036440785974264145,0.05550739914178848,0.03644082322716713,0.18168354034423828,0.2798542082309723,-0.07490495592355728,0.2798542082309723
407,front,forward,0.10805054287336116,-0.1261758644033488,0.23925588298855485,0.675454676737904,1.2140945273843755,0,0,0.0,4.3443975528134615e-08,1.6873044028642425e-07,0.25658848881721497,0.05550742149353027,0.036440785974264145,0.05550739914178848,0.03644082322716713,0.18168354034423828,0.2798542082309723,0.18168354034423828,0.5364426970481873
407,front,backward,0.10805054287336116,-0.1261758644033488,0.23925588298855485,0.675454676737904,1.2140945273843755,0,0,0.0,4.3443975528134615e-08,1.6873044028642425e-07,0.25658848881721497,0.05550742149353027,0.036440785974264145,0.05550739914178848,0.03644082322716713,0.18168354034423828,0.2798542082309723,0.18168354034423828,0.023265711963176727
408,left,stay,0.07969868347774518,0.12322968435043855,0.3401466988907798,0.9459582680529546,-0.7636836578954127,0,0,0.0,1.7986826605920214e-07,9.47695158459716e-07,0.0,0.03902686387300491,0.017764583230018616,0.039026711136102676,0.017764678224921227,-0.17318779230117798,-0.10546505451202393,-0.17318779230117798,-0.10546505451202393
408,left,right,0.07969868347774518,0.12322968435043855,0.3401466988907798,0.9459582680529546,-0.7636836578954127,1,18,5.231772299578284,0.009342744946479797,0.10503007278810217,0.25475209951400757,0.03902686387300491,0.017764583230018616,0.047871265560388565,0.020775139331817627,-0.17318779230117798,-0.10546505451202393,0.08156365156173706,-0.10604216158390045
408,left,left,0.07969868347774518,0.12322968435043855,0.3401466988907798,0.9459582680529546,-0.7636836578954127,0,0,0.0,1.0837009511988072e-07,1.5290501126363763e-06,0.25658848881721497,0.03902706876397133,0.017764702439308167,0.03902711346745491,0.017764801159501076,-0.17318779230117798,-0.10546505451202393,-0.42977628111839294,-0.10546505451202393
408,left,forward,0.07969868347774518,0.12322968435043855,0.3401466988907798,0.9459582680529546,-0.7636836578954127,0,0,0.0,1.0837009511988072e-07,1.5290501126363763e-06,0.25658848881721497,0.03902706876397133,0.017764702439308167,0.03902711346745491,0.017764801159501076,-0.17318779230117798,-0.10546505451202393,-0.17318779230117798,0.15112343430519104
408,left,backward,0.07969868347774518,0.12322968435043855,0.3401466988907798,0.9459582680529546,-0.7636836578954127,0,0,0.0,1.0837009511988072e-07,1.5290501126363763e-06,0.25658848881721497,0.03902706876397133,0.017764702439308167,0.03902711346745491,0.017764801159501076,-0.17318779230117798,-0.10546505451202393,-0.17318779230117798,-0.3620535433292389
409,right,stay,0.092259222654432,-0.1361800998836216,0.3086496326582142,0.9979244419393295,0.8224378206891938,0,0,0.0,2.2054851456232427e-07,7.131235743029762e-07,0.0,-0.07146649807691574,0.048370324075222015,-0.07146655768156052,0.048370111733675,0.15160617232322693,-0.08780957758426666,0.15160617232322693,-0.08780957758426666
409,right,right,0.092259222654432,-0.1361800998836216,0.3086496326582142,0.9979244419393295,0.8224378206891938,0,0,0.0,2.2054851456232427e-07,7.131235743029762e-07,0.25658848881721497,-0.07146649807691574,0.048370324075222015,-0.07146655768156052,0.048370111733675,0.15160617232322693,-0.08780957758426666,0.4081946611404419,-0.08780957758426666
409,right,left,0.092259222654432,-0.1361800998836216,0.3086496326582142,0.9979244419393295,0.8224378206891938,0,0,0.0,2.2054851456232427e-07,7.131235743029762e-07,0.25658848881721497,-0.07146649807691574,0.048370324075222015,-0.07146655768156052,0.048370111733675,0.15160617232322693,-0.08780957758426666,-0.10498232394456863,-0.08780957758426666
409,right,forward,0.092259222654432,-0.1361800998836216,0.3086496326582142,0.9979244419393295,0.8224378206891938,0,0,0.0,2.2054851456232427e-07,7.131235743029762e-07,0.25658848881721497,-0.07146649807691574,0.048370324075222015,-0.07146655768156052,0.048370111733675,0.15160617232322693,-0.08780957758426666,0.15160617232322693,0.1687789112329483
409,right,backward,0.092259222654432,-0.1361800998836216,0.3086496326582142,0.9979244419393295,0.8224378206891938,0,0,0.0,2.2054851456232427e-07,7.131235743029762e-07,0.25658851861953735,-0.07146649807691574,0.048370324075222015,-0.07146655768156052,0.048370111733675,0.15160617232322693,-0.08780957758426666,0.15160617232322693,-0.3443980813026428
410,back,stay,0.09051751089060947,-0.12405089052876053,0.3470268897044916,0.7987642085101666,-1.8320426549905116,0,0,0.0,2.6143469611383807e-08,6.995737322768036e-12,0.0,-0.03451700508594513,-0.026228738948702812,-0.03451703116297722,-0.02622874081134796,-0.15856820344924927,-0.250484824180603,-0.15856820344924927,-0.250484824180603
410,back,right,0.09051751089060947,-0.12405089052876053,0.3470268897044916,0.7987642085101666,-1.8320426549905116,0,0,0.0,2.6143469611383807e-08,6.995737322768036e-12,0.25658848881721497,-0.03451700508594513,-0.026228738948702812,-0.03451703116297722,-0.02622874081134796,-0.15856820344924927,-0.250484824180603,0.0980202928185463,-0.250484824180603
410,back,left,0.09051751089060947,-0.12405089052876053,0.3470268897044916,0.7987642085101666,-1.8320426549905116,0,0,0.0,2.6143469611383807e-08,6.995737322768036e-12,0.25658848881721497,-0.03451700508594513,-0.026228738948702812,-0.03451703116297722,-0.02622874081134796,-0.15856820344924927,-0.250484824180603,-0.41515669226646423,-0.250484824180603
410,back,forward,0.09051751089060947,-0.12405089052876053,0.3470268897044916,0.7987642085101666,-1.8320426549905116,0,0,0.0,2.6143469611383807e-08,6.995737322768036e-12,0.25658848881721497,-0.03451700508594513,-0.026228738948702812,-0.03451703116297722,-0.02622874081134796,-0.15856820344924927,-0.250484824180603,-0.15856820344924927,0.006103671155869961
410,back,backward,0.09051751089060947,-0.12405089052876053,0.3470268897044916,0.7987642085101666,-1.8320426549905116,0,0,0.0,2.6143469611383807e-08,6.995737322768036e-12,0.25658851861953735,-0.03451700508594513,-0.026228738948702812,-0.03451703116297722,-0.02622874081134796,-0.15856820344924927,-0.250484824180603,-0.15856820344924927,-0.5070733428001404
411,front,stay,0.07513566350586877,-0.051524533524689234,0.290352971861307,0.8708545073066933,0.9406182991190226,0,0,0.0,3.673710580187617e-07,8.669004486483445e-07,0.0,0.06713263690471649,-0.0430305115878582,0.06713245064020157,-0.04303082823753357,0.11865726113319397,0.16729682683944702,0.11865726113319397,0.16729682683944702
411,front,right,0.07513566350586877,-0.051524533524689234,0.290352971861307,0.8708545073066933,0.9406182991190226,0,0,0.0,3.673710580187617e-07,8.669004486483445e-07,0.25658848881721497,0.06713263690471649,-0.0430305115878582,0.06713245064020157,-0.04303082823753357,0.11865726113319397,0.16729682683944702,0.37524574995040894,0.16729682683944702
411,front,left,0.07513566350586877,-0.051524533524689234,0.290352971861307,0.8708545073066933,0.9406182991190226,0,0,0.0,3.673710580187617e-07,8.669004486483445e-07,0.25658848881721497,0.06713263690471649,-0.0430305115878582,0.06713245064020157,-0.04303082823753357,0.11865726113319397,0.16729682683944702,-0.137931227684021,0.16729682683944702
411,front,forward,0.07513566350586877,-0.051524533524689234,0.290352971861307,0.8708545073066933,0.9406182991190226,0,0,0.0,3.673710580187617e-07,8.669004486483445e-07,0.25658848881721497,0.06713263690471649,-0.0430305115878582,0.06713245064020157,-0.04303082823753357,0.11865726113319397,0.16729682683944702,0.11865726113319397,0.423885315656662
411,front,backward,0.07513566350586877,-0.051524533524689234,0.290352971861307,0.8708545073066933,0.9406182991190226,1,77,14.955689235381262,0.15210753679275513,0.03007196777781518,0.24759909510612488,0.06713263690471649,-0.0430305115878582,0.06287074834108353,-0.19507832825183868,0.11865726113319397,0.16729682683944702,0.11885399371385574,-0.08030219376087189
412,left,stay,0.08130713621335668,0.11168454453184498,0.26434882110109015,1.0262411924633588,-2.462979826606424,0,0,0.0,1.0437462805157338e-07,3.4685787353438974e-07,0.0,-0.05391223356127739,0.0883672907948494,-0.05391223728656769,0.08836739510297775,-0.2696341872215271,-0.023317500948905945,-0.2696341872215271,-0.023317500948905945
412,left,right,0.08130713621335668,0.11168454453184498,0.26434882110109015,1.0262411924633588,-2.462979826606424,1,52,13.407776717698894,0.07031411677598953,0.34331577518445133,0.2509632110595703,-0.05391223356127739,0.0883672907948494,0.015341890044510365,0.10053042322397232,-0.2696341872215271,-0.023317500948905945,-0.01867787353694439,-0.025177156552672386
412,left,left,0.08130713621335668,0.11168454453184498,0.26434882110109015,1.0262411924633588,-2.462979826606424,0,0,0.0,1.0437462805157338e-07,3.4685787353438974e-07,0.25658851861953735,-0.05391223356127739,0.0883672907948494,-0.05391223728656769,0.08836739510297775,-0.2696341872215271,-0.023317500948905945,-0.5262227058410645,-0.023317500948905945
412,left,forward,0.08130713621335668,0.11168454453184498,0.26434882110109015,1.0262411924633588,-2.462979826606424,0,0,0.0,1.0437462805157338e-07,3.4685787353438974e-07,0.25658848881721497,-0.05391223356127739,0.0883672907948494,-0.05391223728656769,0.08836739510297775,-0.2696341872215271,-0.023317500948905945,-0.2696341872215271,0.23327098786830902
412,left,backward,0.08130713621335668,0.11168454453184498,0.26434882110109015,1.0262411924633588,-2.462979826606424,0,0,0.0,1.0437462805157338e-07,3.4685787353438974e-07,0.25658851861953735,-0.05391223356127739,0.0883672907948494,-0.05391223728656769,0.08836739510297775,-0.2696341872215271,-0.023317500948905945,-0.2696341872215271,-0.2799060046672821
413,right,stay,0.06105542793073444,-0.02503134052314021,0.2552428401988726,0.7509665565164838,-2.000618353709144,0,0,0.0,9.223385433188014e-08,2.65795197851304e-07,0.0,0.08749031275510788,0.04346206411719322,0.08749037981033325,0.04346200078725815,0.26487261056900024,0.018430719152092934,0.26487261056900024,0.018430719152092934
413,right,right,0.06105542793073444,-0.02503134052314021,0.2552428401988726,0.7509665565164838,-2.000618353709144,0,0,0.0,9.223385433188014e-08,2.65795197851304e-07,0.25658851861953735,0.08749031275510788,0.04346206411719322,0.08749037981033325,0.04346200078725815,0.26487261056900024,0.018430719152092934,0.5214611291885376,0.018430719152092934
413,right,left,0.06105542793073444,-0.02503134052314021,0.2552428401988726,0.7509665565164838,-2.000618353709144,1,76,14.955807160505087,0.15448914468288422,0.00665522313807676,0.2497957944869995,0.08749031275510788,0.04346206411719322,-0.06699882447719574,0.04351671785116196,0.26487261056900024,0.018430719152092934,0.015076815150678158,0.018420826643705368
413,right,forward,0.06105542793073444,-0.02503134052314021,0.2552428401988726,0.7509665565164838,-2.000618353709144,0,0,0.0,9.223385433188014e-08,2.65795197851304e-07,0.25658851861953735,0.08749031275510788,0.04346206411719322,0.08749037981033325,0.04346200078725815,0.26487261056900024,0.018430719152092934,0.26487261056900024,0.27501922845840454
413,right,backward,0.06105542793073444,-0.02503134052314021,0.2552428401988726,0.7509665565164838,-2.000618353709144,0,0,0.0,9.223385433188014e-08,2.65795197851304e-07,0.25658848881721497,0.08749031275510788,0.04346206411719322,0.08749037981033325,0.04346200078725815,0.26487261056900024,0.018430719152092934,0.26487261056900024,-0.23815777897834778
414,back,stay,0.07948087116217485,0.14431306714284567,0.2213888591083988,1.0357251027873295,1.656141736035714,0,0,0.0,1.0508026662137127e-06,3.6394670415162977e-06,0.0,-0.012075353413820267,-0.0410766676068306,-0.012074332684278488,-0.041076917201280594,0.1322375237941742,-0.2490839958190918,0.1322375237941742,-0.2490839958190918
414,back,right,0.07948087116217485,0.14431306714284567,0.2213888591083988,1.0357251027873295,1.656141736035714,0,0,0.0,1.0508026662137127e-06,3.6394670415162977e-06,0.25658848881721497,-0.012075353413820267,-0.0410766676068306,-0.012074332684278488,-0.041076917201280594,0.1322375237941742,-0.2490839958190918,0.38882601261138916,-0.2490839958190918
414,back,left,0.07948087116217485,0.14431306714284567,0.2213888591083988,1.0357251027873295,1.656141736035714,0,0,0.0,1.0508026662137127e-06,3.6394670415162977e-06,0.25658848881721497,-0.012075353413820267,-0.0410766676068306,-0.012074332684278488,-0.041076917201280594,0.1322375237941742,-0.2490839958190918,-0.12435097247362137,-0.2490839958190918
414,back,forward,0.07948087116217485,0.14431306714284567,0.2213888591083988,1.0357251027873295,1.656141736035714,0,0,0.0,1.0508026662137127e-06,3.6394670415162977e-06,0.25658848881721497,-0.012075353413820267,-0.0410766676068306,-0.012074332684278488,-0.041076917201280594,0.1322375237941742,-0.2490839958190918,0.1322375237941742,0.007504499517381191
414,back,backward,0.07948087116217485,0.14431306714284567,0.2213888591083988,1.0357251027873295,1.656141736035714,0,0,0.0,1.0508026662137127e-06,3.6394670415162977e-06,0.25658851861953735,-0.012075353413820267,-0.0410766676068306,-0.012074332684278488,-0.041076917201280594,0.1322375237941742,-0.2490839958190918,0.1322375237941742,-0.5056725144386292
415,front,stay,0.09535452176849096,0.06577182084696512,0.36134377892508734,0.7795939241916177,2.4580685322959885,0,0,0.0,2.089153952056222e-07,8.448923320969471e-07,0.0,-0.06490012258291245,0.059972133487463,-0.06489994376897812,0.05997202545404434,-0.13067220151424408,0.2838975191116333,-0.13067220151424408,0.2838975191116333
415,front,right,0.09535452176849096,0.06577182084696512,0.36134377892508734,0.7795939241916177,2.4580685322959885,0,0,0.0,2.089153952056222e-07,8.448923320969471e-07,0.25658848881721497,-0.06490012258291245,0.059972133487463,-0.06489994376897812,0.05997202545404434,-0.13067220151424408,0.2838975191116333,0.1259162873029709,0.2838975191116333
415,front,left,0.09535452176849096,0.06577182084696512,0.36134377892508734,0.7795939241916177,2.4580685322959885,0,0,0.0,2.089153952056222e-07,8.448923320969471e-07,0.25658851861953735,-0.06490012258291245,0.059972133487463,-0.06489994376897812,0.05997202545404434,-0.13067220151424408,0.2838975191116333,-0.38726070523262024,0.2838975191116333
415,front,forward,0.09535452176849096,0.06577182084696512,0.36134377892508734,0.7795939241916177,2.4580685322959885,0,0,0.0,2.089153952056222e-07,8.448923320969471e-07,0.25658851861953735,-0.06490012258291245,0.059972133487463,-0.06489994376897812,0.05997202545404434,-0.13067220151424408,0.2838975191116333,-0.13067220151424408,0.5404860377311707
415,front,backward,0.09535452176849096,0.06577182084696512,0.36134377892508734,0.7795939241916177,2.4580685322959885,1,70,17.8723315561599,0.11574599146842957,0.03892165937160109,0.24798434972763062,-0.06490012258291245,0.059972133487463,-0.04387374222278595,-0.053848009556531906,-0.13067220151424408,0.2838975191116333,-0.13275882601737976,0.03592194616794586
416,left,stay,0.018981022341073676,-0.10781621499353353,0.2969534515233101,0.7305017744977399,-1.436195013965181,0,0,0.0,1.4541309383275802e-06,4.382236672428874e-06,0.0,0.04465965926647186,-0.015366031788289547,0.04465824365615845,-0.01536569930613041,-0.07032069563865662,0.09245013445615768,-0.07032069563865662,0.09245013445615768
416,left,right,0.018981022341073676,-0.10781621499353353,0.2969534515233101,0.7305017744977399,-1.436195013965181,1,105,10.313145686561452,0.17609931528568268,0.41140125612856204,0.2475033849477768,0.04465965926647186,-0.015366031788289547,0.22007235884666443,-0.030901692807674408,-0.07032069563865662,0.09245013445615768,0.17716412246227264,0.09548165649175644
416,left,left,0.018981022341073676,-0.10781621499353353,0.2969534515233101,0.7305017744977399,-1.436195013965181,0,0,0.0,1.4541309383275802e-06,4.382236672428874e-06,0.25658848881721497,0.04465965926647186,-0.015366031788289547,0.04465824365615845,-0.01536569930613041,-0.07032069563865662,0.09245013445615768,-0.3269091844558716,0.09245013445615768
416,left,forward,0.018981022341073676,-0.10781621499353353,0.2969534515233101,0.7305017744977399,-1.436195013965181,0,0,0.0,1.4541309383275802e-06,4.382236672428874e-06,0.25658848881721497,0.04465965926647186,-0.015366031788289547,0.04465824365615845,-0.01536569930613041,-0.07032069563865662,0.09245013445615768,-0.07032069563865662,0.34903863072395325
416,left,backward,0.018981022341073676,-0.10781621499353353,0.2969534515233101,0.7305017744977399,-1.436195013965181,0,0,0.0,1.4541309383275802e-06,4.382236672428874e-06,0.25658848881721497,0.04465965926647186,-0.015366031788289547,0.04465824365615845,-0.01536569930613041,-0.07032069563865662,0.09245013445615768,-0.07032069563865662,-0.16413836181163788
417,right,stay,0.09276564707389726,0.056853665609017195,0.2985818481216615,0.736950651884757,2.398611254602221,0,0,0.0,1.7377590211253846e-07,9.459332686034828e-07,0.0,0.0907696858048439,0.07690044492483139,0.09076983481645584,0.07690035551786423,0.3165755569934845,0.13375408947467804,0.3165755569934845,0.13375408947467804
417,right,right,0.09276564707389726,0.056853665609017195,0.2985818481216615,0.736950651884757,2.398611254602221,0,0,0.0,1.7377590211253846e-07,9.459332686034828e-07,0.25658848881721497,0.0907696858048439,0.07690044492483139,0.09076983481645584,0.07690035551786423,0.3165755569934845,0.13375408947467804,0.5731640458106995,0.13375408947467804
417,right,left,0.09276564707389726,0.056853665609017195,0.2985818481216615,0.736950651884757,2.398611254602221,1,45,14.841004180873165,0.0733594298362732,0.02809293283089742,0.25170037150382996,0.0907696858048439,0.07690044492483139,0.018899133428931236,0.06219569593667984,0.3165755569934845,0.13375408947467804,0.06487748771905899,0.13482825458049774
417,right,forward,0.09276564707389726,0.056853665609017195,0.2985818481216615,0.736950651884757,2.398611254602221,0,0,0.0,1.7377590211253846e-07,9.459332686034828e-07,0.25658851861953735,0.0907696858048439,0.07690044492483139,0.09076983481645584,0.07690035551786423,0.3165755569934845,0.13375408947467804,0.3165755569934845,0.3903425931930542
417,right,backward,0.09276564707389726,0.056853665609017195,0.2985818481216615,0.736950651884757,2.398611254602221,0,0,0.0,1.7377590211253846e-07,9.459332686034828e-07,0.25658848881721497,0.0907696858048439,0.07690044492483139,0.09076983481645584,0.07690035551786423,0.3165755569934845,0.13375408947467804,0.3165755569934845,-0.12283440679311752
418,back,stay,0.07082271943332409,0.033666834420019665,0.2676923066741529,0.716733586413138,-1.8298918297774307,0,0,0.0,2.437504420527148e-08,6.758593684708103e-12,0.0,0.023180881515145302,0.009220422245562077,0.023180857300758362,0.009220419451594353,0.05684740096330643,-0.19529439508914948,0.05684740096330643,-0.19529439508914948
418,back,right,0.07082271943332409,0.033666834420019665,0.2676923066741529,0.716733586413138,-1.8298918297774307,0,0,0.0,2.437504420527148e-08,6.758593684708103e-12,0.25658848881721497,0.023180881515145302,0.009220422245562077,0.023180857300758362,0.009220419451594353,0.05684740096330643,-0.19529439508914948,0.3134358823299408,-0.19529439508914948
418,back,left,0.07082271943332409,0.033666834420019665,0.2676923066741529,0.716733586413138,-1.8298918297774307,0,0,0.0,2.437504420527148e-08,6.758593684708103e-12,0.25658848881721497,0.023180881515145302,0.009220422245562077,0.023180857300758362,0.009220419451594353,0.05684740096330643,-0.19529439508914948,-0.19974109530448914,-0.19529439508914948
418,back,forward,0.07082271943332409,0.033666834420019665,0.2676923066741529,0.716733586413138,-1.8298918297774307,1,86,17.061658132445388,0.1756906360387802,0.008652290885075242,0.24902057647705078,0.023180881515145302,0.009220422245562077,0.022139165550470352,0.1849079728126526,0.05684740096330643,-0.19529439508914948,0.05687654763460159,0.0537261888384819
418,back,backward,0.07082271943332409,0.033666834420019665,0.2676923066741529,0.716733586413138,-1.8298918297774307,0,0,0.0,2.437504420527148e-08,6.758593684708103e-12,0.25658851861953735,0.023180881515145302,0.009220422245562077,0.023180857300758362,0.009220419451594353,0.05684740096330643,-0.19529439508914948,0.05684740096330643,-0.45188289880752563
419,front,stay,0.1053072009026762,-0.11214382460484221,0.31340813713310933,0.8323679109734666,-0.66547027988707,0,0,0.0,2.2943071087411226e-07,8.234403583440297e-07,0.0,-0.07661550492048264,0.01692252606153488,-0.07661569863557816,0.01692264899611473,0.03552854061126709,0.25010937452316284,0.03552854061126709,0.25010937452316284
419,front,right,0.1053072009026762,-0.11214382460484221,0.31340813713310933,0.8323679109734666,-0.66547027988707,0,0,0.0,2.2943071087411226e-07,8.234403583440297e-07,0.25658848881721497,-0.07661550492048264,0.01692252606153488,-0.07661569863557816,0.01692264899611473,0.03552854061126709,0.25010937452316284,0.29211702942848206,0.25010937452316284
419,front,left,0.1053072009026762,-0.11214382460484221,0.31340813713310933,0.8323679109734666,-0.66547027988707,0,0,0.0,2.2943071087411226e-07,8.234403583440297e-07,0.25658848881721497,-0.07661550492048264,0.01692252606153488,-0.07661569863557816,0.01692264899611473,0.03552854061126709,0.25010937452316284,-0.22105994820594788,0.25010937452316284
419,front,forward,0.1053072009026762,-0.11214382460484221,0.31340813713310933,0.8323679109734666,-0.66547027988707,0,0,0.0,2.2943071087411226e-07,8.234403583440297e-07,0.25658851861953735,-0.07661550492048264,0.01692252606153488,-0.07661569863557816,0.01692264899611473,0.03552854061126709,0.25010937452316284,0.03552854061126709,0.5066978931427002
419,front,backward,0.1053072009026762,-0.11214382460484221,0.31340813713310933,0.8323679109734666,-0.66547027988707,1,21,8.213890187417238,0.0212447177618742,0.16564649390134512,0.25394919514656067,-0.07661550492048264,0.01692252606153488,-0.07897702604532242,-0.004190532024949789,0.03552854061126709,0.25010937452316284,0.03576313331723213,-0.003839717013761401
420,left,stay,0.10374793725789323,-0.0394838289538008,0.3563223126348781,0.8163668544592175,2.194850216679339,0,0,0.0,3.5588223568083777e-07,9.218307042146989e-07,0.0,0.014239370822906494,-0.08848822116851807,0.014239722862839699,-0.08848816901445389,-0.2156953662633896,-0.04900454729795456,-0.2156953662633896,-0.04900454729795456
420,left,right,0.10374793725789323,-0.0394838289538008,0.3563223126348781,0.8163668544592175,2.194850216679339,1,71,23.717127621327204,0.1420256644487381,0.018887342983723077,0.24704313278198242,0.014239370822906494,-0.08848822116851807,0.1562478244304657,-0.09069911390542984,-0.2156953662633896,-0.04900454729795456,0.03134770318865776,-0.04883740097284317
420,left,left,0.10374793725789323,-0.0394838289538008,0.3563223126348781,0.8163668544592175,2.194850216679339,0,0,0.0,3.5588223568083777e-07,9.218307042146989e-07,0.25658851861953735,0.014239370822906494,-0.08848822116851807,0.014239722862839699,-0.08848816901445389,-0.2156953662633896,-0.04900454729795456,-0.47228386998176575,-0.04900454729795456
420,left,forward,0.10374793725789323,-0.0394838289538008,0.3563223126348781,0.8163668544592175,2.194850216679339,0,0,0.0,3.5588223568083777e-07,9.218307042146989e-07,0.25658848881721497,0.014239370822906494,-0.08848822116851807,0.014239722862839699,-0.08848816901445389,-0.2156953662633896,-0.04900454729795456,-0.2156953662633896,0.207583948969841
420,left,backward,0.10374793725789323,-0.0394838289538008,0.3563223126348781,0.8163668544592175,2.194850216679339,0,0,0.0,3.5588223568083777e-07,9.218307042146989e-07,0.25658848881721497,0.014239370822906494,-0.08848822116851807,0.014239722862839699,-0.08848816901445389,-0.2156953662633896,-0.04900454729795456,-0.2156953662633896,-0.3055930435657501
421,right,stay,0.1142370809448682,-0.11436719835143892,0.34713131626842897,0.7364431007007096,-0.08033551148874674,0,0,0.0,9.292158438256592e-07,1.2536774338794965e-06,0.0,-0.010685804300010204,-0.06312020868062973,-0.010685650631785393,-0.06311929225921631,0.23188823461532593,-0.17748785018920898,0.23188823461532593,-0.17748785018920898
421,right,right,0.1142370809448682,-0.11436719835143892,0.34713131626842897,0.7364431007007096,-0.08033551148874674,0,0,0.0,9.292158438256592e-07,1.2536774338794965e-06,0.25658848881721497,-0.010685804300010204,-0.06312020868062973,-0.010685650631785393,-0.06311929225921631,0.23188823461532593,-0.17748785018920898,0.4884767234325409,-0.17748785018920898
421,right,left,0.1142370809448682,-0.11436719835143892,0.34713131626842897,0.7364431007007096,-0.08033551148874674,0,0,0.0,9.292158438256592e-07,1.2536774338794965e-06,0.25658848881721497,-0.010685804300010204,-0.06312020868062973,-0.010685650631785393,-0.06311929225921631,0.23188823461532593,-0.17748785018920898,-0.024700261652469635,-0.17748785018920898
421,right,forward,0.1142370809448682,-0.11436719835143892,0.34713131626842897,0.7364431007007096,-0.08033551148874674,0,0,0.0,9.292158438256592e-07,1.2536774338794965e-06,0.25658848881721497,-0.010685804300010204,-0.06312020868062973,-0.010685650631785393,-0.06311929225921631,0.23188823461532593,-0.17748785018920898,0.23188823461532593,0.07910064607858658
421,right,backward,0.1142370809448682,-0.11436719835143892,0.34713131626842897,0.7364431007007096,-0.08033551148874674,0,0,0.0,9.292158438256592e-07,1.2536774338794965e-06,0.25658848881721497,-0.010685804300010204,-0.06312020868062973,-0.010685650631785393,-0.06311929225921631,0.23188823461532593,-0.17748785018920898,0.23188823461532593,-0.43407633900642395
422,back,stay,0.10119806078988104,-0.05152394262820616,0.36678245891945543,0.8536216629159236,1.5571055352865786,0,0,0.0,4.989247486264503e-07,1.8067000289168076e-06,0.0,0.03935471549630165,-0.029913637787103653,0.03935423493385315,-0.02991350367665291,-0.012169186025857925,-0.25671982765197754,-0.012169186025857925,-0.25671982765197754
422,back,right,0.10119806078988104,-0.05152394262820616,0.36678245891945543,0.8536216629159236,1.5571055352865786,0,0,0.0,4.989247486264503e-07,1.8067000289168076e-06,0.25658848881721497,0.03935471549630165,-0.029913637787103653,0.03935423493385315,-0.02991350367665291,-0.012169186025857925,-0.25671982765197754,0.24441930651664734,-0.25671982765197754
422,back,left,0.10119806078988104,-0.05152394262820616,0.36678245891945543,0.8536216629159236,1.5571055352865786,0,0,0.0,4.989247486264503e-07,1.8067000289168076e-06,0.25658848881721497,0.03935471549630165,-0.029913637787103653,0.03935423493385315,-0.02991350367665291,-0.012169186025857925,-0.25671982765197754,-0.2687576711177826,-0.25671982765197754
422,back,forward,0.10119806078988104,-0.05152394262820616,0.36678245891945543,0.8536216629159236,1.5571055352865786,1,72,20.59112427067833,0.14055489003658295,0.0490804651526462,0.2460339516401291,0.03935471549630165,-0.029913637787103653,0.04507608339190483,0.11052475869655609,-0.012169186025857925,-0.25671982765197754,-0.012426658533513546,-0.010686011053621769
422,back,backward,0.10119806078988104,-0.05152394262820616,0.36678245891945543,0.8536216629159236,1.5571055352865786,0,0,0.0,4.989247486264503e-07,1.8067000289168076e-06,0.25658851861953735,0.03935471549630165,-0.029913637787103653,0.03935423493385315,-0.02991350367665291,-0.012169186025857925,-0.25671982765197754,-0.012169186025857925,-0.5133083462715149
423,front,stay,0.09722100361008937,0.09452173784939019,0.30897307183114586,1.0471417643856205,2.871341424490744,0,0,0.0,4.690020816155993e-08,2.5420998639447134e-11,0.0,-0.02530580572783947,-0.012277958914637566,-0.025305811315774918,-0.012277912348508835,-0.11982743442058563,0.1910029649734497,-0.11982743442058563,0.1910029649734497
423,front,right,0.09722100361008937,0.09452173784939019,0.30897307183114586,1.0471417643856205,2.871341424490744,0,0,0.0,4.690020816155993e-08,2.5420998639447134e-11,0.25658848881721497,-0.02530580572783947,-0.012277958914637566,-0.025305811315774918,-0.012277912348508835,-0.11982743442058563,0.1910029649734497,0.13676105439662933,0.1910029649734497
423,front,left,0.09722100361008937,0.09452173784939019,0.30897307183114586,1.0471417643856205,2.871341424490744,0,0,0.0,4.690020816155993e-08,2.5420998639447134e-11,0.25658851861953735,-0.02530580572783947,-0.012277958914637566,-0.025305811315774918,-0.012277912348508835,-0.11982743442058563,0.1910029649734497,-0.3764159381389618,0.1910029649734497
423,front,forward,0.09722100361008937,0.09452173784939019,0.30897307183114586,1.0471417643856205,2.871341424490744,0,0,0.0,4.690020816155993e-08,2.5420998639447134e-11,0.25658848881721497,-0.02530580572783947,-0.012277958914637566,-0.025305811315774918,-0.012277912348508835,-0.11982743442058563,0.1910029649734497,-0.11982743442058563,0.4475914537906647
423,front,backward,0.09722100361008937,0.09452173784939019,0.30897307183114586,1.0471417643856205,2.871341424490744,1,71,15.813536355019455,0.11911637336015701,0.2262202717226529,0.2473587989807129,-0.02530580572783947,-0.012277958914637566,-0.009981298819184303,-0.13040445744991302,-0.11982743442058563,0.1910029649734497,-0.12330454587936401,-0.056331388652324677
424,left,stay,0.1049819880897123,0.014340661023156592,0.2350723940841361,0.9529597750257766,1.7257309669619163,0,0,0.0,1.5145034240049426e-06,4.282651116183089e-06,0.0,0.09099536389112473,-0.09550952166318893,0.09099683910608292,-0.09550986438989639,-0.11156467348337173,-0.10985013842582703,-0.11156467348337173,-0.10985013842582703
424,left,right,0.1049819880897123,0.014340661023156592,0.2350723940841361,0.9529597750257766,1.7257309669619163,1,65,15.474211224093118,0.13107137382030487,0.0009254843023478454,0.24984097480773926,0.09099536389112473,-0.09550952166318893,0.222066730260849,-0.0955776497721672,-0.11156467348337173,-0.10985013842582703,0.13827629387378693,-0.1098407506942749
424,left,left,0.1049819880897123,0.014340661023156592,0.2350723940841361,0.9529597750257766,1.7257309669619163,0,0,0.0,1.5145034240049426e-06,4.282651116183089e-06,0.25658848881721497,0.09099536389112473,-0.09550952166318893,0.09099683910608292,-0.09550986438989639,-0.11156467348337173,-0.10985013842582703,-0.3681531548500061,-0.10985013842582703
424,left,forward,0.1049819880897123,0.014340661023156592,0.2350723940841361,0.9529597750257766,1.7257309669619163,0,0,0.0,1.5145034240049426e-06,4.282651116183089e-06,0.25658848881721497,0.09099536389112473,-0.09550952166318893,0.09099683910608292,-0.09550986438989639,-0.11156467348337173,-0.10985013842582703,-0.11156467348337173,0.14673835039138794
424,left,backward,0.1049819880897123,0.014340661023156592,0.2350723940841361,0.9529597750257766,1.7257309669619163,0,0,0.0,1.5145034240049426e-06,4.282651116183089e-06,0.25658848881721497,0.09099536389112473,-0.09550952166318893,0.09099683910608292,-0.09550986438989639,-0.11156467348337173,-0.10985013842582703,-0.11156467348337173,-0.366438627243042
425,right,stay,0.031330681946382305,-0.000997436795416723,0.2944117643900638,1.0452442672420115,2.7454766693707136,0,0,0.0,5.603435937473478e-08,2.0810808498694655e-07,0.0,-0.02718288265168667,-0.07868561148643494,-0.02718290314078331,-0.07868555933237076,0.1399286538362503,-0.07968264073133469,0.1399286538362503,-0.07968264073133469
425,right,right,0.031330681946382305,-0.000997436795416723,0.2944117643900638,1.0452442672420115,2.7454766693707136,0,0,0.0,5.603435937473478e-08,2.0810808498694655e-07,0.25658851861953735,-0.02718288265168667,-0.07868561148643494,-0.02718290314078331,-0.07868555933237076,0.1399286538362503,-0.07968264073133469,0.39651715755462646,-0.07968264073133469
425,right,left,0.031330681946382305,-0.000997436795416723,0.2944117643900638,1.0452442672420115,2.7454766693707136,1,105,16.23740932512282,0.21003854274749756,9.447567846132543e-05,0.2427006959915161,-0.02718288265168667,-0.07868561148643494,-0.2372213900089264,-0.0787920206785202,0.1399286538362503,-0.07968264073133469,-0.10277204215526581,-0.07967901974916458
425,right,forward,0.031330681946382305,-0.000997436795416723,0.2944117643900638,1.0452442672420115,2.7454766693707136,0,0,0.0,5.603435937473478e-08,2.0810808498694655e-07,0.25658848881721497,-0.02718288265168667,-0.07868561148643494,-0.02718290314078331,-0.07868555933237076,0.1399286538362503,-0.07968264073133469,0.1399286538362503,0.17690585553646088
425,right,backward,0.031330681946382305,-0.000997436795416723,0.2944117643900638,1.0452442672420115,2.7454766693707136,0,0,0.0,5.603435937473478e-08,2.0810808498694655e-07,0.25658848881721497,-0.02718288265168667,-0.07868561148643494,-0.02718290314078331,-0.07868555933237076,0.1399286538362503,-0.07968264073133469,0.1399286538362503,-0.33627113699913025
426,back,stay,0.02473053096864967,0.08409497007084746,0.3712440433465829,1.0030726996932762,-1.3460865930796546,0,0,0.0,1.5469086065422744e-06,3.6339591305001306e-06,0.0,-0.030629683285951614,0.0031578324269503355,-0.030631186440587044,0.0031581977382302284,0.05346556007862091,-0.1544627696275711,0.05346556007862091,-0.1544627696275711
426,back,right,0.02473053096864967,0.08409497007084746,0.3712440433465829,1.0030726996932762,-1.3460865930796546,0,0,0.0,1.5469086065422744e-06,3.6339591305001306e-06,0.25658851861953735,-0.030629683285951614,0.0031578324269503355,-0.030631186440587044,0.0031581977382302284,0.05346556007862091,-0.1544627696275711,0.31005406379699707,-0.1544627696275711
426,back,left,0.02473053096864967,0.08409497007084746,0.3712440433465829,1.0030726996932762,-1.3460865930796546,0,0,0.0,1.5469086065422744e-06,3.6339591305001306e-06,0.25658848881721497,-0.030629683285951614,0.0031578324269503355,-0.030631186440587044,0.0031581977382302284,0.05346556007862091,-0.1544627696275711,-0.20312292873859406,-0.1544627696275711
426,back,forward,0.02473053096864967,0.08409497007084746,0.3712440433465829,1.0030726996932762,-1.3460865930796546,1,96,21.112059704362746,0.14578472077846527,0.47525124205422364,0.24301423132419586,-0.030629683285951614,0.0031578324269503355,-0.06538117676973343,0.144740030169487,0.05346556007862091,-0.1544627696275711,0.05798223242163658,0.08850949257612228
426,back,backward,0.02473053096864967,0.08409497007084746,0.3712440433465829,1.0030726996932762,-1.3460865930796546,0,0,0.0,1.5469086065422744e-06,3.6339591305001306e-06,0.25658851861953735,-0.030629683285951614,0.0031578324269503355,-0.030631186440587044,0.0031581977382302284,0.05346556007862091,-0.1544627696275711,0.05346556007862091,-0.41105127334594727
427,front,stay,0.05543822983685667,0.07181386796977487,0.3660958754432967,0.9651133136442052,-2.7492991538571863,0,0,0.0,5.637387090473567e-08,1.8245598720767475e-07,0.0,0.04065374284982681,0.028097501024603844,0.04065375030040741,0.028097445145249367,-0.03116011619567871,0.19761314988136292,-0.03116011619567871,0.19761314988136292
427,front,right,0.05543822983685667,0.07181386796977487,0.3660958754432967,0.9651133136442052,-2.7492991538571863,0,0,0.0,5.637387090473567e-08,1.8245598720767475e-07,0.25658848881721497,0.04065374284982681,0.028097501024603844,0.04065375030040741,0.028097445145249367,-0.03116011619567871,0.19761314988136292,0.22542837262153625,0.19761314988136292
427,front,left,0.05543822983685667,0.07181386796977487,0.3660958754432967,0.9651133136442052,-2.7492991538571863,0,0,0.0,5.637387090473567e-08,1.8245598720767475e-07,0.25658848881721497,0.04065374284982681,0.028097501024603844,0.04065375030040741,0.028097445145249367,-0.03116011619567871,0.19761314988136292,-0.2877486050128937,0.19761314988136292
427,front,forward,0.05543822983685667,0.07181386796977487,0.3660958754432967,0.9651133136442052,-2.7492991538571863,0,0,0.0,5.637387090473567e-08,1.8245598720767475e-07,0.25658848881721497,0.04065374284982681,0.028097501024603844,0.04065375030040741,0.028097445145249367,-0.03116011619567871,0.19761314988136292,-0.03116011619567871,0.4542016386985779
427,front,backward,0.05543822983685667,0.07181386796977487,0.3660958754432967,0.9651133136442052,-2.7492991538571863,1,70,16.83595503921872,0.1250026673078537,0.1802090671345531,0.24581067264080048,0.04065374284982681,0.028097501024603844,0.04883332923054695,-0.09663726389408112,-0.03116011619567871,0.19761314988136292,-0.03288382664322853,-0.04819146916270256
428,left,stay,0.03262501727033717,0.04700044513150489,0.2887422137430283,0.6810050402621408,-2.3997140708769087,0,0,0.0,1.3493576034306898e-07,4.409831784180085e-07,0.0,-0.06745469570159912,0.08441256731748581,-0.06745468080043793,0.08441270142793655,-0.2331470549106598,0.03741191327571869,-0.2331470549106598,0.03741191327571869
428,left,right,0.03262501727033717,0.04700044513150489,0.2887422137430283,0.6810050402621408,-2.3997140708769087,1,102,15.650094438315524,0.18970607221126556,0.015700637506733006,0.2477160394191742,-0.06745469570159912,0.08441256731748581,0.12106525897979736,0.10559328645467758,-0.2331470549106598,0.03741191327571869,0.014566485770046711,0.03629624843597412
428,left,left,0.03262501727033717,0.04700044513150489,0.2887422137430283,0.6810050402621408,-2.3997140708769087,0,0,0.0,1.3493576034306898e-07,4.409831784180085e-07,0.25658848881721497,-0.06745469570159912,0.08441256731748581,-0.06745468080043793,0.08441270142793655,-0.2331470549106598,0.03741191327571869,-0.48973554372787476,0.03741191327571869
428,left,forward,0.03262501727033717,0.04700044513150489,0.2887422137430283,0.6810050402621408,-2.3997140708769087,0,0,0.0,1.3493576034306898e-07,4.409831784180085e-07,0.25658851861953735,-0.06745469570159912,0.08441256731748581,-0.06745468080043793,0.08441270142793655,-0.2331470549106598,0.03741191327571869,-0.2331470549106598,0.29400041699409485
428,left,backward,0.03262501727033717,0.04700044513150489,0.2887422137430283,0.6810050402621408,-2.3997140708769087,0,0,0.0,1.3493576034306898e-07,4.409831784180085e-07,0.25658848881721497,-0.06745469570159912,0.08441256731748581,-0.06745468080043793,0.08441270142793655,-0.2331470549106598,0.03741191327571869,-0.2331470549106598,-0.21917657554149628
429,right,stay,0.10936437042200794,-0.022386706588814004,0.2615409346272303,1.0431745051036476,-2.602001204264356,0,0,0.0,5.2452563181759615e-08,3.92483238798036e-07,0.0,-0.030830729752779007,0.08221068233251572,-0.030830735340714455,0.0822107344865799,0.21457713842391968,0.0598236620426178,0.21457713842391968,0.0598236620426178
429,right,right,0.10936437042200794,-0.022386706588814004,0.2615409346272303,1.0431745051036476,-2.602001204264356,0,0,0.0,5.2452563181759615e-08,3.92483238798036e-07,0.25658848881721497,-0.030830729752779007,0.08221068233251572,-0.030830735340714455,0.0822107344865799,0.21457713842391968,0.0598236620426178,0.47116562724113464,0.0598236620426178
429,right,left,0.10936437042200794,-0.022386706588814004,0.2615409346272303,1.0431745051036476,-2.602001204264356,1,64,11.897801536115352,0.12822124361991882,0.004344861254053534,0.2485479712486267,-0.030830729752779007,0.08221068233251572,-0.15905192494392395,0.08231974393129349,0.21457713842391968,0.0598236620426178,-0.03397084027528763,0.059807438403367996
429,right,forward,0.10936437042200794,-0.022386706588814004,0.2615409346272303,1.0431745051036476,-2.602001204264356,0,0,0.0,5.2452563181759615e-08,3.92483238798036e-07,0.25658848881721497,-0.030830729752779007,0.08221068233251572,-0.030830735340714455,0.0822107344865799,0.21457713842391968,0.0598236620426178,0.21457713842391968,0.31641215085983276
429,right,backward,0.10936437042200794,-0.022386706588814004,0.2615409346272303,1.0431745051036476,-2.602001204264356,0,0,0.0,5.2452563181759615e-08,3.92483238798036e-07,0.25658848881721497,-0.030830729752779007,0.08221068233251572,-0.030830735340714455,0.0822107344865799,0.21457713842391968,0.0598236620426178,0.21457713842391968,-0.19676482677459717
430,back,stay,0.06569899773777585,5.070698130563156e-05,0.2565385339291015,0.8705185906577815,-0.17046589751290142,0,0,0.0,1.343172506551582e-08,5.571280103922049e-10,0.0,0.03499901667237282,0.08492627739906311,0.03499902784824371,0.08492628484964371,0.03504951298236847,-0.07954081147909164,0.03504951298236847,-0.07954081147909164
430,back,right,0.06569899773777585,5.070698130563156e-05,0.2565385339291015,0.8705185906577815,-0.17046589751290142,0,0,0.0,1.343172506551582e-08,5.571280103922049e-10,0.25658851861953735,0.03499901667237282,0.08492627739906311,0.03499902784824371,0.08492628484964371,0.03504951298236847,-0.07954081147909164,0.29163801670074463,-0.07954081147909164
430,back,left,0.06569899773777585,5.070698130563156e-05,0.2565385339291015,0.8705185906577815,-0.17046589751290142,0,0,0.0,1.343172506551582e-08,5.571280103922049e-10,0.25658848881721497,0.03499901667237282,0.08492627739906311,0.03499902784824371,0.08492628484964371,0.03504951298236847,-0.07954081147909164,-0.2215389758348465,-0.07954081147909164
430,back,forward,0.06569899773777585,5.070698130563156e-05,0.2565385339291015,0.8705185906577815,-0.17046589751290142,1,84,16.380573651160653,0.16997024416923523,0.0001487386523449652,0.2481558918952942,0.03499901667237282,0.08492627739906311,0.03485140576958656,0.25489646196365356,0.03504951298236847,-0.07954081147909164,0.035085421055555344,0.16861508786678314
430,back,backward,0.06569899773777585,5.070698130563156e-05,0.2565385339291015,0.8705185906577815,-0.17046589751290142,0,0,0.0,1.343172506551582e-08,5.571280103922049e-10,0.25658848881721497,0.03499901667237282,0.08492627739906311,0.03499902784824371,0.08492628484964371,0.03504951298236847,-0.07954081147909164,0.03504951298236847,-0.3361293077468872
431,front,stay,0.02888735262758444,0.1182685678922997,0.3300773192040727,0.7443231453656496,1.2807417635529346,0,0,0.0,6.40923190076137e-08,1.888707146235902e-07,0.0,-0.06352414935827255,0.08587410300970078,-0.06352420151233673,0.08587414026260376,-0.1817924678325653,0.24908101558685303,-0.1817924678325653,0.24908101558685303
431,front,right,0.02888735262758444,0.1182685678922997,0.3300773192040727,0.7443231453656496,1.2807417635529346,0,0,0.0,6.40923190076137e-08,1.888707146235902e-07,0.25658848881721497,-0.06352414935827255,0.08587410300970078,-0.06352420151233673,0.08587414026260376,-0.1817924678325653,0.24908101558685303,0.07479602843523026,0.24908101558685303
431,front,left,0.02888735262758444,0.1182685678922997,0.3300773192040727,0.7443231453656496,1.2807417635529346,0,0,0.0,6.40923190076137e-08,1.888707146235902e-07,0.25658848881721497,-0.06352414935827255,0.08587410300970078,-0.06352420151233673,0.08587414026260376,-0.1817924678325653,0.24908101558685303,-0.4383809566497803,0.24908101558685303
431,front,forward,0.02888735262758444,0.1182685678922997,0.3300773192040727,0.7443231453656496,1.2807417635529346,0,0,0.0,6.40923190076137e-08,1.888707146235902e-07,0.25658851861953735,-0.06352414935827255,0.08587410300970078,-0.06352420151233673,0.08587414026260376,-0.1817924678325653,0.24908101558685303,-0.1817924678325653,0.5056695342063904
431,front,backward,0.02888735262758444,0.1182685678922997,0.3300773192040727,0.7443231453656496,1.2807417635529346,0,0,0.0,6.40923190076137e-08,1.888707146235902e-07,0.25658848881721497,-0.06352414935827255,0.08587410300970078,-0.06352420151233673,0.08587414026260376,-0.1817924678325653,0.24908101558685303,-0.1817924678325653,-0.007507479749619961
432,left,stay,0.11095749125821276,-0.004207914078218883,0.24651083354472275,0.8804914426820338,-1.1621415598423173,0,0,0.0,5.555181132876896e-07,2.170242334731398e-06,0.0,-0.0239275973290205,-0.08514900505542755,-0.02392815239727497,-0.08514902740716934,-0.2499561607837677,-0.08094103634357452,-0.2499561607837677,-0.08094103634357452
432,left,right,0.11095749125821276,-0.004207914078218883,0.24651083354472275,0.8804914426820338,-1.1621415598423173,1,59,13.910031386547125,0.11904089152812958,0.0009247214752372558,0.2504427134990692,-0.0239275973290205,-0.08514900505542755,0.09511291980743408,-0.08544828742742538,-0.2499561607837677,-0.08094103634357452,0.0004865522205363959,-0.08090459555387497
432,left,left,0.11095749125821276,-0.004207914078218883,0.24651083354472275,0.8804914426820338,-1.1621415598423173,0,0,0.0,5.555181132876896e-07,2.170242334731398e-06,0.25658848881721497,-0.0239275973290205,-0.08514900505542755,-0.02392815239727497,-0.08514902740716934,-0.2499561607837677,-0.08094103634357452,-0.5065446496009827,-0.08094103634357452
432,left,forward,0.11095749125821276,-0.004207914078218883,0.24651083354472275,0.8804914426820338,-1.1621415598423173,0,0,0.0,5.555181132876896e-07,2.170242334731398e-06,0.25658848881721497,-0.0239275973290205,-0.08514900505542755,-0.02392815239727497,-0.08514902740716934,-0.2499561607837677,-0.08094103634357452,-0.2499561607837677,0.17564745247364044
432,left,backward,0.11095749125821276,-0.004207914078218883,0.24651083354472275,0.8804914426820338,-1.1621415598423173,0,0,0.0,5.555181132876896e-07,2.170242334731398e-06,0.25658851861953735,-0.0239275973290205,-0.08514900505542755,-0.02392815239727497,-0.08514902740716934,-0.2499561607837677,-0.08094103634357452,-0.2499561607837677,-0.3375295400619507
433,right,stay,0.10670283206130125,0.00800343550157498,0.2310760257271849,0.7337088457303789,1.642286101016495,0,0,0.0,9.324320444648038e-07,3.337801353309189e-06,0.0,-0.015015448443591595,-0.05957086384296417,-0.015014543198049068,-0.05957108736038208,0.18264372646808624,-0.05156738683581352,0.18264372646808624,-0.05156738683581352
433,right,right,0.10670283206130125,0.00800343550157498,0.2310760257271849,0.7337088457303789,1.642286101016495,0,0,0.0,9.324320444648038e-07,3.337801353309189e-06,0.25658851861953735,-0.015015448443591595,-0.05957086384296417,-0.015014543198049068,-0.05957108736038208,0.18264372646808624,-0.05156738683581352,0.4392322301864624,-0.05156738683581352
433,right,left,0.10670283206130125,0.00800343550157498,0.2310760257271849,0.7337088457303789,1.642286101016495,1,67,20.000310537858816,0.13798533380031586,0.0001688644583739407,0.25101354718208313,-0.015015448443591595,-0.05957086384296417,-0.15300078690052032,-0.059599559754133224,0.18264372646808624,-0.05156738683581352,-0.06836982071399689,-0.05156422406435013
433,right,forward,0.10670283206130125,0.00800343550157498,0.2310760257271849,0.7337088457303789,1.642286101016495,0,0,0.0,9.324320444648038e-07,3.337801353309189e-06,0.25658848881721497,-0.015015448443591595,-0.05957086384296417,-0.015014543198049068,-0.05957108736038208,0.18264372646808624,-0.05156738683581352,0.18264372646808624,0.20502111315727234
433,right,backward,0.10670283206130125,0.00800343550157498,0.2310760257271849,0.7337088457303789,1.642286101016495,0,0,0.0,9.324320444648038e-07,3.337801353309189e-06,0.25658851861953735,-0.015015448443591595,-0.05957086384296417,-0.015014543198049068,-0.05957108736038208,0.18264372646808624,-0.05156738683581352,0.18264372646808624,-0.30815589427948
434,back,stay,0.1021653199408505,-0.013944216657555963,0.2675395798945227,0.9981454417840006,-0.7538083107020097,0,0,0.0,1.777240754563536e-07,9.483449459057879e-07,0.0,-0.0892636626958847,-0.09962144494056702,-0.08926381170749664,-0.09962134808301926,-0.10320751368999481,-0.3327713906764984,-0.10320751368999481,-0.3327713906764984
434,back,right,0.1021653199408505,-0.013944216657555963,0.2675395798945227,0.9981454417840006,-0.7538083107020097,0,0,0.0,1.777240754563536e-07,9.483449459057879e-07,0.25658848881721497,-0.0892636626958847,-0.09962144494056702,-0.08926381170749664,-0.09962134808301926,-0.10320751368999481,-0.3327713906764984,0.15338097512722015,-0.3327713906764984
434,back,left,0.1021653199408505,-0.013944216657555963,0.2675395798945227,0.9981454417840006,-0.7538083107020097,0,0,0.0,1.777240754563536e-07,9.483449459057879e-07,0.25658851861953735,-0.0892636626958847,-0.09962144494056702,-0.08926381170749664,-0.09962134808301926,-0.10320751368999481,-0.3327713906764984,-0.35979601740837097,-0.3327713906764984
434,back,forward,0.1021653199408505,-0.013944216657555963,0.2675395798945227,0.9981454417840006,-0.7538083107020097,1,60,13.269222839504542,0.11942385137081146,0.00014521206733231207,0.2490762323141098,-0.0892636626958847,-0.09962144494056702,-0.08926734328269958,0.019802410155534744,-0.10320751368999481,-0.3327713906764984,-0.10320601612329483,-0.08369515836238861
434,back,backward,0.1021653199408505,-0.013944216657555963,0.2675395798945227,0.9981454417840006,-0.7538083107020097,0,0,0.0,1.777240754563536e-07,9.483449459057879e-07,0.25658848881721497,-0.0892636626958847,-0.09962144494056702,-0.08926381170749664,-0.09962134808301926,-0.10320751368999481,-0.3327713906764984,-0.10320751368999481,-0.5893598794937134
435,front,stay,0.06300736275736292,-0.1308663368218708,0.30977372819318894,0.8915852633151122,1.4302642626325346,0,0,0.0,4.630911973890761e-07,2.8485572611813836e-07,0.0,0.03986284136772156,-0.07646328955888748,0.03986238315701485,-0.07646322250366211,0.17072956264019012,0.11700914055109024,0.17072956264019012,0.11700914055109024
435,front,right,0.06300736275736292,-0.1308663368218708,0.30977372819318894,0.8915852633151122,1.4302642626325346,0,0,0.0,4.630911973890761e-07,2.8485572611813836e-07,0.25658851861953735,0.03986284136772156,-0.07646328955888748,0.03986238315701485,-0.07646322250366211,0.17072956264019012,0.11700914055109024,0.4273180663585663,0.11700914055109024
435,front,left,0.06300736275736292,-0.1308663368218708,0.30977372819318894,0.8915852633151122,1.4302642626325346,0,0,0.0,4.630911973890761e-07,2.8485572611813836e-07,0.25658848881721497,0.03986284136772156,-0.07646328955888748,0.03986238315701485,-0.07646322250366211,0.17072956264019012,0.11700914055109024,-0.08585893362760544,0.11700914055109024
435,front,forward,0.06300736275736292,-0.1308663368218708,0.30977372819318894,0.8915852633151122,1.4302642626325346,0,0,0.0,4.630911973890761e-07,2.8485572611813836e-07,0.25658848881721497,0.03986284136772156,-0.07646328955888748,0.03986238315701485,-0.07646322250366211,0.17072956264019012,0.11700914055109024,0.17072956264019012,0.3735976219177246
435,front,backward,0.06300736275736292,-0.1308663368218708,0.30977372819318894,0.8915852633151122,1.4302642626325346,0,0,0.0,4.630911973890761e-07,2.8485572611813836e-07,0.25658848881721497,0.03986284136772156,-0.07646328955888748,0.03986238315701485,-0.07646322250366211,0.17072956264019012,0.11700914055109024,0.17072956264019012,-0.13957935571670532
436,left,stay,0.03503029608345572,-0.0684220967034019,0.25299815183441465,0.9700203230828677,-1.2655065617829453,0,0,0.0,8.229434911299904e-08,5.119202031167447e-07,0.0,-0.08811402320861816,0.08784109354019165,-0.08811410516500473,0.08784110099077225,-0.23161160945892334,0.15626318752765656,-0.23161160945892334,0.15626318752765656
436,left,right,0.03503029608345572,-0.0684220967034019,0.25299815183441465,0.9700203230828677,-1.2655065617829453,1,104,13.29739458631977,0.2041269987821579,0.08790728226395705,0.24571290612220764,-0.08811402320861816,0.08784109354019165,0.11585278064012527,0.07975532114505768,-0.23161160945892334,0.15626318752765656,0.014098763465881348,0.15737922489643097
436,left,left,0.03503029608345572,-0.0684220967034019,0.25299815183441465,0.9700203230828677,-1.2655065617829453,0,0,0.0,8.229434911299904e-08,5.119202031167447e-07,0.25658848881721497,-0.08811402320861816,0.08784109354019165,-0.08811410516500473,0.08784110099077225,-0.23161160945892334,0.15626318752765656,-0.4882000982761383,0.15626318752765656
436,left,forward,0.03503029608345572,-0.0684220967034019,0.25299815183441465,0.9700203230828677,-1.2655065617829453,0,0,0.0,8.229434911299904e-08,5.119202031167447e-07,0.25658851861953735,-0.08811402320861816,0.08784109354019165,-0.08811410516500473,0.08784110099077225,-0.23161160945892334,0.15626318752765656,-0.23161160945892334,0.4128516912460327
436,left,backward,0.03503029608345572,-0.0684220967034019,0.25299815183441465,0.9700203230828677,-1.2655065617829453,0,0,0.0,8.229434911299904e-08,5.119202031167447e-07,0.25658848881721497,-0.08811402320861816,0.08784109354019165,-0.08811410516500473,0.08784110099077225,-0.23161160945892334,0.15626318752765656,-0.23161160945892334,-0.10032530874013901
437,right,stay,0.027992265101325152,-0.037836605238133814,0.3225118439415527,0.9660639988976603,-3.082806200889419,0,0,0.0,4.497859720231645e-07,1.3924422406219605e-06,0.0,-0.001828093663789332,-0.05444713309407234,-0.001827982603572309,-0.05444669723510742,0.15366114675998688,-0.09228400886058807,0.15366114675998688,-0.09228400886058807
437,right,right,0.027992265101325152,-0.037836605238133814,0.3225118439415527,0.9660639988976603,-3.082806200889419,0,0,0.0,4.497859720231645e-07,1.3924422406219605e-06,0.25658851861953735,-0.001828093663789332,-0.05444713309407234,-0.001827982603572309,-0.05444669723510742,0.15366114675998688,-0.09228400886058807,0.41024965047836304,-0.09228400886058807
437,right,left,0.027992265101325152,-0.037836605238133814,0.3225118439415527,0.9660639988976603,-3.082806200889419,1,107,20.01278837802513,0.2134944349527359,0.014870482084838434,0.24213877320289612,-0.001828093663789332,-0.05444713309407234,-0.21531476080417633,-0.05262488126754761,0.15366114675998688,-0.09228400886058807,-0.08847761154174805,-0.09237178415060043
437,right,forward,0.027992265101325152,-0.037836605238133814,0.3225118439415527,0.9660639988976603,-3.082806200889419,0,0,0.0,4.497859720231645e-07,1.3924422406219605e-06,0.25658848881721497,-0.001828093663789332,-0.05444713309407234,-0.001827982603572309,-0.05444669723510742,0.15366114675998688,-0.09228400886058807,0.15366114675998688,0.1643044799566269
437,right,backward,0.027992265101325152,-0.037836605238133814,0.3225118439415527,0.9660639988976603,-3.082806200889419,0,0,0.0,4.497859720231645e-07,1.3924422406219605e-06,0.25658851861953735,-0.001828093663789332,-0.05444713309407234,-0.001827982603572309,-0.05444669723510742,0.15366114675998688,-0.09228400886058807,0.15366114675998688,-0.34887251257896423
438,back,stay,0.04163944639969268,0.07866866418469903,0.26393997646342504,1.001033698494063,-2.805829231658805,0,0,0.0,1.1922384146600962e-07,5.881517495254229e-11,0.0,-0.021866971626877785,0.08896563202142715,-0.021866969764232635,0.0889655128121376,0.05680165812373161,-0.06316815316677094,0.05680165812373161,-0.06316815316677094
438,back,right,0.04163944639969268,0.07866866418469903,0.26393997646342504,1.001033698494063,-2.805829231658805,0,0,0.0,1.1922384146600962e-07,5.881517495254229e-11,0.25658851861953735,-0.021866971626877785,0.08896563202142715,-0.021866969764232635,0.0889655128121376,0.05680165812373161,-0.06316815316677094,0.31339016556739807,-0.06316815316677094
438,back,left,0.04163944639969268,0.07866866418469903,0.26393997646342504,1.001033698494063,-2.805829231658805,0,0,0.0,1.1922384146600962e-07,5.881517495254229e-11,0.25658848881721497,-0.021866971626877785,0.08896563202142715,-0.021866969764232635,0.0889655128121376,0.05680165812373161,-0.06316815316677094,-0.19978684186935425,-0.06316815316677094
438,back,forward,0.04163944639969268,0.07866866418469903,0.26393997646342504,1.001033698494063,-2.805829231658805,1,78,16.29196591547423,0.1468326300382614,0.13727665402583436,0.24764853715896606,-0.021866971626877785,0.08896563202142715,-0.028661951422691345,0.23564094305038452,0.05680165812373161,-0.06316815316677094,0.05791753903031349,0.18447788059711456
438,back,backward,0.04163944639969268,0.07866866418469903,0.26393997646342504,1.001033698494063,-2.805829231658805,0,0,0.0,1.1922384146600962e-07,5.881517495254229e-11,0.25658851861953735,-0.021866971626877785,0.08896563202142715,-0.021866969764232635,0.0889655128121376,0.05680165812373161,-0.06316815316677094,0.05680165812373161,-0.3197566568851471
439,front,stay,0.09250266606625508,0.08026194805701323,0.36368931049908326,0.9587807920505019,3.0981389442650427,0,0,0.0,7.978037501743529e-07,1.957098049842898e-06,0.0,-0.09817469865083694,-0.0906667560338974,-0.09817485511302948,-0.09066753834486008,-0.17843657732009888,0.0904860869050026,-0.17843657732009888,0.0904860869050026
439,front,right,0.09250266606625508,0.08026194805701323,0.36368931049908326,0.9587807920505019,3.0981389442650427,0,0,0.0,7.978037501743529e-07,1.957098049842898e-06,0.25658848881721497,-0.09817469865083694,-0.0906667560338974,-0.09817485511302948,-0.09066753834486008,-0.17843657732009888,0.0904860869050026,0.07815191894769669,0.0904860869050026
439,front,left,0.09250266606625508,0.08026194805701323,0.36368931049908326,0.9587807920505019,3.0981389442650427,0,0,0.0,7.978037501743529e-07,1.957098049842898e-06,0.25658848881721497,-0.09817469865083694,-0.0906667560338974,-0.09817485511302948,-0.09066753834486008,-0.17843657732009888,0.0904860869050026,-0.43502506613731384,0.0904860869050026
439,front,forward,0.09250266606625508,0.08026194805701323,0.36368931049908326,0.9587807920505019,3.0981389442650427,0,0,0.0,7.978037501743529e-07,1.957098049842898e-06,0.25658848881721497,-0.09817469865083694,-0.0906667560338974,-0.09817485511302948,-0.09066753834486008,-0.17843657732009888,0.0904860869050026,-0.17843657732009888,0.34707456827163696
439,front,backward,0.09250266606625508,0.08026194805701323,0.36368931049908326,0.9587807920505019,3.0981389442650427,1,77,13.608148518411573,0.13749289512634277,0.17947276812196322,0.2453557699918747,-0.09817469865083694,-0.0906667560338974,-0.0869128406047821,-0.22769765555858612,-0.17843657732009888,0.0904860869050026,-0.18143081665039062,-0.15485140681266785
440,left,stay,0.021539844202386894,0.1104057730217686,0.3708738925784719,0.6801003703531139,2.2794738458638486,0,0,0.0,2.4632029749227513e-07,8.398077397941961e-07,0.0,-0.0831729993224144,-0.0461488738656044,-0.0831727534532547,-0.046148888766765594,-0.2341989278793335,-0.15655477344989777,-0.2341989278793335,-0.15655477344989777
440,left,right,0.021539844202386894,0.1104057730217686,0.3708738925784719,0.6801003703531139,2.2794738458638486,1,54,7.6337334870231075,0.03338232263922691,0.3204984304290855,0.25255945324897766,-0.0831729993224144,-0.0461488738656044,-0.05148226395249367,-0.0356571264564991,-0.2341989278793335,-0.15655477344989777,0.018357986584305763,-0.15769077837467194
440,left,left,0.021539844202386894,0.1104057730217686,0.3708738925784719,0.6801003703531139,2.2794738458638486,0,0,0.0,2.4632029749227513e-07,8.398077397941961e-07,0.25658848881721497,-0.0831729993224144,-0.0461488738656044,-0.0831727534532547,-0.046148888766765594,-0.2341989278793335,-0.15655477344989777,-0.49078741669654846,-0.15655477344989777
440,left,forward,0.021539844202386894,0.1104057730217686,0.3708738925784719,0.6801003703531139,2.2794738458638486,0,0,0.0,2.4632029749227513e-07,8.398077397941961e-07,0.25658848881721497,-0.0831729993224144,-0.0461488738656044,-0.0831727534532547,-0.046148888766765594,-0.2341989278793335,-0.15655477344989777,-0.2341989278793335,0.1000337228178978
440,left,backward,0.021539844202386894,0.1104057730217686,0.3708738925784719,0.6801003703531139,2.2794738458638486,0,0,0.0,2.4632029749227513e-07,8.398077397941961e-07,0.25658851861953735,-0.0831729993224144,-0.0461488738656044,-0.0831727534532547,-0.046148888766765594,-0.2341989278793335,-0.15655477344989777,-0.2341989278793335,-0.4131432771682739
441,right,stay,0.0793446082707437,-0.015121793760246666,0.36425313381634145,0.7598343293641042,-0.26153500797537843,0,0,0.0,4.165001143974223e-08,2.3153590156255177e-11,0.0,-0.0840151384472847,-0.03732231631875038,-0.0840151309967041,-0.037322357296943665,0.12907423079013824,-0.05244459956884384,0.12907423079013824,-0.05244459956884384
441,right,right,0.0793446082707437,-0.015121793760246666,0.36425313381634145,0.7598343293641042,-0.26153500797537843,0,0,0.0,4.165001143974223e-08,2.3153590156255177e-11,0.25658851861953735,-0.0840151384472847,-0.03732231631875038,-0.0840151309967041,-0.037322357296943665,0.12907423079013824,-0.05244459956884384,0.3856627345085144,-0.05244459956884384
441,right,left,0.0793446082707437,-0.015121793760246666,0.36425313381634145,0.7598343293641042,-0.26153500797537843,1,79,23.498807268790518,0.1587551236152649,0.001758622980816138,0.24652200937271118,-0.0840151384472847,-0.03732231631875038,-0.24277015030384064,-0.03713638707995415,0.12907423079013824,-0.05244459956884384,-0.11744777858257294,-0.05245312675833702
441,right,forward,0.0793446082707437,-0.015121793760246666,0.36425313381634145,0.7598343293641042,-0.26153500797537843,0,0,0.0,4.165001143974223e-08,2.3153590156255177e-11,0.25658848881721497,-0.0840151384472847,-0.03732231631875038,-0.0840151309967041,-0.037322357296943665,0.12907423079013824,-0.05244459956884384,0.12907423079013824,0.20414389669895172
441,right,backward,0.0793446082707437,-0.015121793760246666,0.36425313381634145,0.7598343293641042,-0.26153500797537843,0,0,0.0,4.165001143974223e-08,2.3153590156255177e-11,0.25658848881721497,-0.0840151384472847,-0.03732231631875038,-0.0840151309967041,-0.037322357296943665,0.12907423079013824,-0.05244459956884384,0.12907423079013824,-0.3090330958366394
442,back,stay,0.10825048186484457,0.007702009113111863,0.27510245114940896,0.7133329743726374,-1.9408566259850326,0,0,0.0,5.587935447692871e-08,1.920371639485552e-07,0.0,-0.048249226063489914,-0.06880447268486023,-0.04824919253587723,-0.06880451738834381,-0.0405474491417408,-0.3125761151313782,-0.0405474491417408,-0.3125761151313782
442,back,right,0.10825048186484457,0.007702009113111863,0.27510245114940896,0.7133329743726374,-1.9408566259850326,0,0,0.0,5.587935447692871e-08,1.920371639485552e-07,0.25658848881721497,-0.048249226063489914,-0.06880447268486023,-0.04824919253587723,-0.06880451738834381,-0.0405474491417408,-0.3125761151313782,0.21604104340076447,-0.3125761151313782
442,back,left,0.10825048186484457,0.007702009113111863,0.27510245114940896,0.7133329743726374,-1.9408566259850326,0,0,0.0,5.587935447692871e-08,1.920371639485552e-07,0.25658848881721497,-0.048249226063489914,-0.06880447268486023,-0.04824919253587723,-0.06880451738834381,-0.0405474491417408,-0.3125761151313782,-0.29713594913482666,-0.3125761151313782
442,back,forward,0.10825048186484457,0.007702009113111863,0.27510245114940896,0.7133329743726374,-1.9408566259850326,1,69,21.586361378760145,0.14143076539039612,3.551078490682258e-05,0.25009405612945557,-0.048249226063489914,-0.06880447268486023,-0.048229750245809555,0.07262630015611649,-0.0405474491417408,-0.3125761151313782,-0.04054773598909378,-0.062482066452503204
442,back,backward,0.10825048186484457,0.007702009113111863,0.27510245114940896,0.7133329743726374,-1.9408566259850326,0,0,0.0,5.587935447692871e-08,1.920371639485552e-07,0.25658851861953735,-0.048249226063489914,-0.06880447268486023,-0.04824919253587723,-0.06880451738834381,-0.0405474491417408,-0.3125761151313782,-0.0405474491417408,-0.5691646337509155
443,front,stay,0.06262087478144834,0.12481232947170132,0.2532656832614114,0.9746142411062702,1.6228277743009603,0,0,0.0,8.068414558692893e-07,3.0102064187964572e-06,0.0,0.03966517373919487,0.034424059092998505,0.03966595605015755,0.034423861652612686,-0.08514728397130966,0.224270299077034,-0.08514728397130966,0.224270299077034
443,front,right,0.06262087478144834,0.12481232947170132,0.2532656832614114,0.9746142411062702,1.6228277743009603,0,0,0.0,8.068414558692893e-07,3.0102064187964572e-06,0.25658848881721497,0.03966517373919487,0.034424059092998505,0.03966595605015755,0.034423861652612686,-0.08514728397130966,0.224270299077034,0.1714412122964859,0.224270299077034
443,front,left,0.06262087478144834,0.12481232947170132,0.2532656832614114,0.9746142411062702,1.6228277743009603,0,0,0.0,8.068414558692893e-07,3.0102064187964572e-06,0.25658848881721497,0.03966517373919487,0.034424059092998505,0.03966595605015755,0.034423861652612686,-0.08514728397130966,0.224270299077034,-0.3417357802391052,0.224270299077034
443,front,forward,0.06262087478144834,0.12481232947170132,0.2532656832614114,0.9746142411062702,1.6228277743009603,0,0,0.0,8.068414558692893e-07,3.0102064187964572e-06,0.25658851861953735,0.03966517373919487,0.034424059092998505,0.03966595605015755,0.034423861652612686,-0.08514728397130966,0.224270299077034,-0.08514728397130966,0.48085880279541016
443,front,backward,0.06262087478144834,0.12481232947170132,0.2532656832614114,0.9746142411062702,1.6228277743009603,0,0,0.0,8.068414558692893e-07,3.0102064187964572e-06,0.25658848881721497,0.03966517373919487,0.034424059092998505,0.03966595605015755,0.034423861652612686,-0.08514728397130966,0.224270299077034,-0.08514728397130966,-0.032318197190761566
444,left,stay,0.03221514109440204,-0.02421360248300254,0.2283826576339801,0.9571905999872344,-1.7732638247582115,0,0,0.0,7.450580596923828e-09,3.8492209419871415e-10,0.0,-0.06648718565702438,0.09267385303974152,-0.06648718565702438,0.09267384558916092,-0.19987595081329346,0.11688756942749023,-0.19987595081329346,0.11688756942749023
444,left,right,0.03221514109440204,-0.02421360248300254,0.2283826576339801,0.9571905999872344,-1.7732638247582115,1,96,17.351583384224824,0.1957101672887802,0.004050998889685298,0.2473960518836975,-0.06648718565702438,0.09267385303974152,0.12922285497188568,0.09244818240404129,-0.19987595081329346,0.11688756942749023,0.047520097345113754,0.11694397777318954
444,left,left,0.03221514109440204,-0.02421360248300254,0.2283826576339801,0.9571905999872344,-1.7732638247582115,0,0,0.0,7.450580596923828e-09,3.8492209419871415e-10,0.25658848881721497,-0.06648718565702438,0.09267385303974152,-0.06648718565702438,0.09267384558916092,-0.19987595081329346,0.11688756942749023,-0.4564644396305084,0.11688756942749023
444,left,forward,0.03221514109440204,-0.02421360248300254,0.2283826576339801,0.9571905999872344,-1.7732638247582115,0,0,0.0,7.450580596923828e-09,3.8492209419871415e-10,0.25658848881721497,-0.06648718565702438,0.09267385303974152,-0.06648718565702438,0.09267384558916092,-0.19987595081329346,0.11688756942749023,-0.19987595081329346,0.3734760582447052
444,left,backward,0.03221514109440204,-0.02421360248300254,0.2283826576339801,0.9571905999872344,-1.7732638247582115,0,0,0.0,7.450580596923828e-09,3.8492209419871415e-10,0.25658848881721497,-0.06648718565702438,0.09267385303974152,-0.06648718565702438,0.09267384558916092,-0.19987595081329346,0.11688756942749023,-0.19987595081329346,-0.13970091938972473
445,right,stay,0.09471483240830801,0.10779743333311223,0.357031829564048,0.7876162883873006,0.19168356490970329,0,0,0.0,4.930383283863193e-07,4.469400346207575e-07,0.0,0.023654749616980553,-0.035312265157699585,0.023654598742723465,-0.03531273454427719,0.25038594007492065,0.07248568534851074,0.25038594007492065,0.07248568534851074
445,right,right,0.09471483240830801,0.10779743333311223,0.357031829564048,0.7876162883873006,0.19168356490970329,0,0,0.0,4.930383283863193e-07,4.469400346207575e-07,0.25658851861953735,0.023654749616980553,-0.035312265157699585,0.023654598742723465,-0.03531273454427719,0.25038594007492065,0.07248568534851074,0.506974458694458,0.07248568534851074
445,right,left,0.09471483240830801,0.10779743333311223,0.357031829564048,0.7876162883873006,0.19168356490970329,0,0,0.0,4.930383283863193e-07,4.469400346207575e-07,0.25658848881721497,0.023654749616980553,-0.035312265157699585,0.023654598742723465,-0.03531273454427719,0.25038594007492065,0.07248568534851074,-0.006202555261552334,0.07248568534851074
445,right,forward,0.09471483240830801,0.10779743333311223,0.357031829564048,0.7876162883873006,0.19168356490970329,0,0,0.0,4.930383283863193e-07,4.469400346207575e-07,0.25658848881721497,0.023654749616980553,-0.035312265157699585,0.023654598742723465,-0.03531273454427719,0.25038594007492065,0.07248568534851074,0.25038594007492065,0.3290741741657257
445,right,backward,0.09471483240830801,0.10779743333311223,0.357031829564048,0.7876162883873006,0.19168356490970329,0,0,0.0,4.930383283863193e-07,4.469400346207575e-07,0.25658848881721497,0.023654749616980553,-0.035312265157699585,0.023654598742723465,-0.03531273454427719,0.25038594007492065,0.07248568534851074,0.25038594007492065,-0.18410280346870422
446,back,stay,0.10628973299421672,-0.10644773986050032,0.31597448174245024,0.9322336673426099,-0.16147962448108766,0,0,0.0,9.027706227016097e-08,2.6480584947030655e-07,0.0,-0.07166191190481186,-0.005044063553214073,-0.07166188210248947,-0.005043978337198496,-0.17810985445976257,-0.20941534638404846,-0.17810985445976257,-0.20941534638404846
446,back,right,0.10628973299421672,-0.10644773986050032,0.31597448174245024,0.9322336673426099,-0.16147962448108766,0,0,0.0,9.027706227016097e-08,2.6480584947030655e-07,0.25658848881721497,-0.07166191190481186,-0.005044063553214073,-0.07166188210248947,-0.005043978337198496,-0.17810985445976257,-0.20941534638404846,0.07847864180803299,-0.20941534638404846
446,back,left,0.10628973299421672,-0.10644773986050032,0.31597448174245024,0.9322336673426099,-0.16147962448108766,0,0,0.0,9.027706227016097e-08,2.6480584947030655e-07,0.25658848881721497,-0.07166191190481186,-0.005044063553214073,-0.07166188210248947,-0.005043978337198496,-0.17810985445976257,-0.20941534638404846,-0.43469834327697754,-0.20941534638404846
446,back,forward,0.10628973299421672,-0.10644773986050032,0.31597448174245024,0.9322336673426099,-0.16147962448108766,1,56,14.61800687393917,0.08808991312980652,0.22556844546918312,0.24979083240032196,-0.07166191190481186,-0.005044063553214073,-0.06183326989412308,0.08249581605195999,-0.17810985445976257,-0.20941534638404846,-0.18041643500328064,0.040364839136600494
446,back,backward,0.10628973299421672,-0.10644773986050032,0.31597448174245024,0.9322336673426099,-0.16147962448108766,0,0,0.0,9.027706227016097e-08,2.6480584947030655e-07,0.25658848881721497,-0.07166191190481186,-0.005044063553214073,-0.07166188210248947,-0.005043978337198496,-0.17810985445976257,-0.20941534638404846,-0.17810985445976257,-0.4660038352012634
447,front,stay,0.11478814569693767,0.04731958167939085,0.3129977860868905,0.8106154232030346,2.0628525305700904,0,0,0.0,3.97197879919986e-07,1.5328115545720777e-06,0.0,0.04745878279209137,-0.027285464107990265,0.04745917767286301,-0.027285421267151833,0.00013867393136024475,0.22367820143699646,0.00013867393136024475,0.22367820143699646
447,front,right,0.11478814569693767,0.04731958167939085,0.3129977860868905,0.8106154232030346,2.0628525305700904,0,0,0.0,3.97197879919986e-07,1.5328115545720777e-06,0.25658848881721497,0.04745878279209137,-0.027285464107990265,0.04745917767286301,-0.027285421267151833,0.00013867393136024475,0.22367820143699646,0.2567271590232849,0.22367820143699646
447,front,left,0.11478814569693767,0.04731958167939085,0.3129977860868905,0.8106154232030346,2.0628525305700904,0,0,0.0,3.97197879919986e-07,1.5328115545720777e-06,0.25658848881721497,0.04745878279209137,-0.027285464107990265,0.04745917767286301,-0.027285421267151833,0.00013867393136024475,0.22367820143699646,-0.256449818611145,0.22367820143699646
447,front,forward,0.11478814569693767,0.04731958167939085,0.3129977860868905,0.8106154232030346,2.0628525305700904,0,0,0.0,3.97197879919986e-07,1.5328115545720777e-06,0.25658848881721497,0.04745878279209137,-0.027285464107990265,0.04745917767286301,-0.027285421267151833,0.00013867393136024475,0.22367820143699646,0.00013867393136024475,0.4802666902542114
447,front,backward,0.11478814569693767,0.04731958167939085,0.3129977860868905,0.8106154232030346,2.0628525305700904,1,57,21.355286946735546,0.11349111795425415,0.03224597231766913,0.2495800256729126,0.04745878279209137,-0.027285464107990265,0.05105965584516525,-0.1407194435596466,0.00013867393136024475,0.22367820143699646,-6.600425695069134e-05,-0.025901751592755318
448,left,stay,0.03682767701895587,-0.08710106398576616,0.29768904165530913,1.0474817286010407,1.9577715829071964,0,0,0.0,1.143670189662771e-07,6.892912716160993e-07,0.0,0.016838444396853447,0.015427854843437672,0.01683855801820755,0.015427867881953716,-0.1337401121854782,0.102528877556324,-0.1337401121854782,0.102528877556324
448,left,right,0.03682767701895587,-0.08710106398576616,0.29768904165530913,1.0474817286010407,1.9577715829071964,1,99,15.872155350590988,0.1697441190481186,0.30078047416443465,0.24441580474376678,0.016838444396853447,0.015427854843437672,0.18512482941150665,-0.006770356558263302,-0.1337401121854782,0.102528877556324,0.11063885688781738,0.10677263140678406
448,left,left,0.03682767701895587,-0.08710106398576616,0.29768904165530913,1.0474817286010407,1.9577715829071964,0,0,0.0,1.143670189662771e-07,6.892912716160993e-07,0.25658851861953735,0.016838444396853447,0.015427854843437672,0.01683855801820755,0.015427867881953716,-0.1337401121854782,0.102528877556324,-0.39032861590385437,0.102528877556324
448,left,forward,0.03682767701895587,-0.08710106398576616,0.29768904165530913,1.0474817286010407,1.9577715829071964,0,0,0.0,1.143670189662771e-07,6.892912716160993e-07,0.25658848881721497,0.016838444396853447,0.015427854843437672,0.01683855801820755,0.015427867881953716,-0.1337401121854782,0.102528877556324,-0.1337401121854782,0.3591173589229584
448,left,backward,0.03682767701895587,-0.08710106398576616,0.29768904165530913,1.0474817286010407,1.9577715829071964,0,0,0.0,1.143670189662771e-07,6.892912716160993e-07,0.25658848881721497,0.016838444396853447,0.015427854843437672,0.01683855801820755,0.015427867881953716,-0.1337401121854782,0.102528877556324,-0.1337401121854782,-0.15405961871147156
449,right,stay,0.04197029185259149,0.024204242874061754,0.2992980905891049,0.9313753762369044,0.026798307221243434,0,0,0.0,5.014780981582589e-07,1.7883044190342148e-06,0.0,-0.05926915630698204,0.007087779697030783,-0.05926928296685219,0.007087294477969408,0.10887643694877625,0.031292159110307693,0.10887643694877625,0.031292159110307693
449,right,right,0.04197029185259149,0.024204242874061754,0.2992980905891049,0.9313753762369044,0.026798307221243434,0,0,0.0,5.014780981582589e-07,1.7883044190342148e-06,0.25658848881721497,-0.05926915630698204,0.007087779697030783,-0.05926928296685219,0.007087294477969408,0.10887643694877625,0.031292159110307693,0.3654649257659912,0.031292159110307693
449,right,left,0.04197029185259149,0.024204242874061754,0.2992980905891049,0.9313753762369044,0.026798307221243434,1,100,16.744328545582434,0.2005797028541565,0.0048423869484518385,0.24445636570453644,-0.05926915630698204,0.007087779697030783,-0.25984811782836914,0.00653853639960289,0.10887643694877625,0.031292159110307693,-0.1355799287557602,0.03132268786430359
449,right,forward,0.04197029185259149,0.024204242874061754,0.2992980905891049,0.9313753762369044,0.026798307221243434,0,0,0.0,5.014780981582589e-07,1.7883044190342148e-06,0.25658848881721497,-0.05926915630698204,0.007087779697030783,-0.05926928296685219,0.007087294477969408,0.10887643694877625,0.031292159110307693,0.10887643694877625,0.28788065910339355
449,right,backward,0.04197029185259149,0.024204242874061754,0.2992980905891049,0.9313753762369044,0.026798307221243434,0,0,0.0,5.014780981582589e-07,1.7883044190342148e-06,0.25658848881721497,-0.05926915630698204,0.007087779697030783,-0.05926928296685219,0.007087294477969408,0.10887643694877625,0.031292159110307693,0.10887643694877625,-0.22529633343219757
450,back,stay,0.033862978990123124,0.030674037163114648,0.2330819299527323,0.7603619257307761,-0.41917539725353814,0,0,0.0,4.71216097253091e-08,2.531785179282764e-07,0.0,0.09584902226924896,0.06949780881404877,0.09584903717041016,0.06949776411056519,0.12652309238910675,-0.08006532490253448,0.12652309238910675,-0.08006532490253448
450,back,right,0.033862978990123124,0.030674037163114648,0.2330819299527323,0.7603619257307761,-0.41917539725353814,0,0,0.0,4.71216097253091e-08,2.531785179282764e-07,0.25658851861953735,0.09584902226924896,0.06949780881404877,0.09584903717041016,0.06949776411056519,0.12652309238910675,-0.08006532490253448,0.3831115961074829,-0.08006532490253448
450,back,left,0.033862978990123124,0.030674037163114648,0.2330819299527323,0.7603619257307761,-0.41917539725353814,0,0,0.0,4.71216097253091e-08,2.531785179282764e-07,0.25658848881721497,0.09584902226924896,0.06949780881404877,0.09584903717041016,0.06949776411056519,0.12652309238910675,-0.08006532490253448,-0.13006539642810822,-0.08006532490253448
450,back,forward,0.033862978990123124,0.030674037163114648,0.2330819299527323,0.7603619257307761,-0.41917539725353814,1,100,15.613650886369468,0.20558708906173706,0.008386346314085857,0.24872630834579468,0.09584902226924896,0.06949780881404877,0.09509381651878357,0.2750835120677948,0.12652309238910675,-0.08006532490253448,0.12659341096878052,0.1686609834432602
450,back,backward,0.033862978990123124,0.030674037163114648,0.2330819299527323,0.7603619257307761,-0.41917539725353814,0,0,0.0,4.71216097253091e-08,2.531785179282764e-07,0.25658851861953735,0.09584902226924896,0.06949780881404877,0.09584903717041016,0.06949776411056519,0.12652309238910675,-0.08006532490253448,0.12652309238910675,-0.33665382862091064
451,front,stay,0.06718481029944247,-0.004533638831275277,0.33165069338559156,0.6536714032888664,-1.8142283387059999,0,0,0.0,1.862645149230957e-08,1.6934276203528498e-10,0.0,0.03192999213933945,0.08087581396102905,0.031929973512887955,0.08087581396102905,0.03646329045295715,0.2814011871814728,0.03646329045295715,0.2814011871814728
451,front,right,0.06718481029944247,-0.004533638831275277,0.33165069338559156,0.6536714032888664,-1.8142283387059999,0,0,0.0,1.862645149230957e-08,1.6934276203528498e-10,0.25658848881721497,0.03192999213933945,0.08087581396102905,0.031929973512887955,0.08087581396102905,0.03646329045295715,0.2814011871814728,0.2930517792701721,0.2814011871814728
451,front,left,0.06718481029944247,-0.004533638831275277,0.33165069338559156,0.6536714032888664,-1.8142283387059999,0,0,0.0,1.862645149230957e-08,1.6934276203528498e-10,0.25658848881721497,0.03192999213933945,0.08087581396102905,0.031929973512887955,0.08087581396102905,0.03646329045295715,0.2814011871814728,-0.2201251983642578,0.2814011871814728
451,front,forward,0.06718481029944247,-0.004533638831275277,0.33165069338559156,0.6536714032888664,-1.8142283387059999,0,0,0.0,1.862645149230957e-08,1.6934276203528498e-10,0.25658848881721497,0.03192999213933945,0.08087581396102905,0.031929973512887955,0.08087581396102905,0.03646329045295715,0.2814011871814728,0.03646329045295715,0.5379896759986877
451,front,backward,0.06718481029944247,-0.004533638831275277,0.33165069338559156,0.6536714032888664,-1.8142283387059999,1,86,21.166047914061615,0.1746368259191513,2.7298950263210386e-05,0.24749211966991425,0.03192999213933945,0.08087581396102905,0.03196779265999794,-0.09376099705696106,0.03646329045295715,0.2814011871814728,0.03646264225244522,0.033909063786268234
452,left,stay,0.040488001461064946,-0.05577334504202332,0.32752582800961283,0.9820265714360904,0.8775189972951223,0,0,0.0,2.7466910523799015e-07,8.790899189703438e-07,0.0,0.030602412298321724,0.06837603449821472,0.030602306127548218,0.06837578117847443,-0.13881778717041016,0.12414959073066711,-0.13881778717041016,0.12414959073066711
452,left,right,0.040488001461064946,-0.05577334504202332,0.32752582800961283,0.9820265714360904,0.8775189972951223,1,71,14.778638013340304,0.13758239150047302,0.05965782219433757,0.24624061584472656,0.030602412298321724,0.06837603449821472,0.16814367473125458,0.06501219421625137,-0.13881778717041016,0.12414959073066711,0.10742256790399551,0.12450878322124481
452,left,left,0.040488001461064946,-0.05577334504202332,0.32752582800961283,0.9820265714360904,0.8775189972951223,0,0,0.0,2.7466910523799015e-07,8.790899189703438e-07,0.25658848881721497,0.030602412298321724,0.06837603449821472,0.030602306127548218,0.06837578117847443,-0.13881778717041016,0.12414959073066711,-0.3954062759876251,0.12414959073066711
452,left,forward,0.040488001461064946,-0.05577334504202332,0.32752582800961283,0.9820265714360904,0.8775189972951223,0,0,0.0,2.7466910523799015e-07,8.790899189703438e-07,0.25658848881721497,0.030602412298321724,0.06837603449821472,0.030602306127548218,0.06837578117847443,-0.13881778717041016,0.12414959073066711,-0.13881778717041016,0.3807380795478821
452,left,backward,0.040488001461064946,-0.05577334504202332,0.32752582800961283,0.9820265714360904,0.8775189972951223,0,0,0.0,2.7466910523799015e-07,8.790899189703438e-07,0.25658848881721497,0.030602412298321724,0.06837603449821472,0.030602306127548218,0.06837578117847443,-0.13881778717041016,0.12414959073066711,-0.13881778717041016,-0.13243889808654785
453,right,stay,0.04079359176194383,0.03943902492032597,0.33829423644993256,0.735450154023397,-0.13287930124158187,0,0,0.0,3.412048670270451e-07,4.587372757491881e-07,0.0,-0.04318227618932724,-0.0710076317191124,-0.043182212859392166,-0.07100729644298553,0.12782379984855652,-0.03156929835677147,0.12782379984855652,-0.03156929835677147
453,right,right,0.04079359176194383,0.03943902492032597,0.33829423644993256,0.735450154023397,-0.13287930124158187,0,0,0.0,3.412048670270451e-07,4.587372757491881e-07,0.25658848881721497,-0.04318227618932724,-0.0710076317191124,-0.043182212859392166,-0.07100729644298553,0.12782379984855652,-0.03156929835677147,0.3844122886657715,-0.03156929835677147
453,right,left,0.04079359176194383,0.03943902492032597,0.33829423644993256,0.735450154023397,-0.13287930124158187,1,101,16.899712275703543,0.20330892503261566,0.014968328877364837,0.2454075813293457,-0.04318227618932724,-0.0710076317191124,-0.24648365378379822,-0.07276104390621185,0.12782379984855652,-0.03156929835677147,-0.11758377403020859,-0.031501930207014084
453,right,forward,0.04079359176194383,0.03943902492032597,0.33829423644993256,0.735450154023397,-0.13287930124158187,0,0,0.0,3.412048670270451e-07,4.587372757491881e-07,0.25658848881721497,-0.04318227618932724,-0.0710076317191124,-0.043182212859392166,-0.07100729644298553,0.12782379984855652,-0.03156929835677147,0.12782379984855652,0.2250192016363144
453,right,backward,0.04079359176194383,0.03943902492032597,0.33829423644993256,0.735450154023397,-0.13287930124158187,0,0,0.0,3.412048670270451e-07,4.587372757491881e-07,0.25658848881721497,-0.04318227618932724,-0.0710076317191124,-0.043182212859392166,-0.07100729644298553,0.12782379984855652,-0.03156929835677147,0.12782379984855652,-0.28815779089927673
454,back,stay,0.0620973400401582,0.11822751701036929,0.37479063765351983,0.6533388419262208,2.1654001190296546,0,0,0.0,3.660856009446434e-07,1.016997360103744e-06,0.0,0.06206938251852989,0.0033032468054443598,0.06206974387168884,0.0033033054787665606,0.18029633164405823,-0.19441387057304382,0.18029633164405823,-0.19441387057304382
454,back,right,0.0620973400401582,0.11822751701036929,0.37479063765351983,0.6533388419262208,2.1654001190296546,0,0,0.0,3.660856009446434e-07,1.016997360103744e-06,0.25658848881721497,0.06206938251852989,0.0033032468054443598,0.06206974387168884,0.0033033054787665606,0.18029633164405823,-0.19441387057304382,0.4368848204612732,-0.19441387057304382
454,back,left,0.0620973400401582,0.11822751701036929,0.37479063765351983,0.6533388419262208,2.1654001190296546,0,0,0.0,3.660856009446434e-07,1.016997360103744e-06,0.25658848881721497,0.06206938251852989,0.0033032468054443598,0.06206974387168884,0.0033033054787665606,0.18029633164405823,-0.19441387057304382,-0.07629216462373734,-0.19441387057304382
454,back,forward,0.0620973400401582,0.11822751701036929,0.37479063765351983,0.6533388419262208,2.1654001190296546,1,28,9.845058713404915,0.020687421783804893,0.06443474889883971,0.2546798884868622,0.06206938251852989,0.0033032468054443598,0.053867850452661514,0.02229546383023262,0.18029633164405823,-0.19441387057304382,0.1813409924507141,0.060263872146606445
454,back,backward,0.0620973400401582,0.11822751701036929,0.37479063765351983,0.6533388419262208,2.1654001190296546,0,0,0.0,3.660856009446434e-07,1.016997360103744e-06,0.25658848881721497,0.06206938251852989,0.0033032468054443598,0.06206974387168884,0.0033033054787665606,0.18029633164405823,-0.19441387057304382,0.18029633164405823,-0.4510023593902588
455,front,stay,0.029082607359654056,-0.09427226755562518,0.3595852031728856,0.6658466052559205,-2.8419715177381004,0,0,0.0,3.1889877050161886e-07,5.592366125739545e-09,0.0,-0.07637578994035721,0.03118298016488552,-0.07637559622526169,0.031183233484625816,0.017896421253681183,0.16834861040115356,0.017896421253681183,0.16834861040115356
455,front,right,0.029082607359654056,-0.09427226755562518,0.3595852031728856,0.6658466052559205,-2.8419715177381004,0,0,0.0,3.1889877050161886e-07,5.592366125739545e-09,0.25658848881721497,-0.07637578994035721,0.03118298016488552,-0.07637559622526169,0.031183233484625816,0.017896421253681183,0.16834861040115356,0.27448490262031555,0.16834861040115356
455,front,left,0.029082607359654056,-0.09427226755562518,0.3595852031728856,0.6658466052559205,-2.8419715177381004,0,0,0.0,3.1889877050161886e-07,5.592366125739545e-09,0.25658848881721497,-0.07637578994035721,0.03118298016488552,-0.07637559622526169,0.031183233484625816,0.017896421253681183,0.16834861040115356,-0.23869207501411438,0.16834861040115356
455,front,forward,0.029082607359654056,-0.09427226755562518,0.3595852031728856,0.6658466052559205,-2.8419715177381004,0,0,0.0,3.1889877050161886e-07,5.592366125739545e-09,0.25658848881721497,-0.07637578994035721,0.03118298016488552,-0.07637559622526169,0.031183233484625816,0.017896421253681183,0.16834861040115356,0.017896421253681183,0.42493709921836853
455,front,backward,0.029082607359654056,-0.09427226755562518,0.3595852031728856,0.6658466052559205,-2.8419715177381004,1,102,14.0824060821649,0.14114227890968323,0.08720740936723013,0.24787470698356628,-0.07637578994035721,0.03118298016488552,-0.10002095252275467,-0.10796460509300232,0.017896421253681183,0.16834861040115356,0.021703291684389114,-0.0794968530535698
456,left,stay,0.11047047195674864,-0.09971574319693824,0.25835574111137205,0.7371541048342591,1.8368193347279504,0,0,0.0,1.4846184512862237e-06,3.193306189475109e-06,0.0,-0.015395724214613438,0.06638156622648239,-0.015394289046525955,0.06638118624687195,-0.23162977397441864,0.16609732806682587,-0.23162977397441864,0.16609732806682587
456,left,right,0.11047047195674864,-0.09971574319693824,0.25835574111137205,0.7371541048342591,1.8368193347279504,1,62,14.371240773115977,0.07509740442037582,0.05413172775547182,0.2523626387119293,-0.015395724214613438,0.06638156622648239,0.057494960725307465,0.04831037297844887,-0.23162977397441864,0.16609732806682587,0.020723680034279823,0.1682494580745697
456,left,left,0.11047047195674864,-0.09971574319693824,0.25835574111137205,0.7371541048342591,1.8368193347279504,0,0,0.0,1.4846184512862237e-06,3.193306189475109e-06,0.25658851861953735,-0.015395724214613438,0.06638156622648239,-0.015394289046525955,0.06638118624687195,-0.23162977397441864,0.16609732806682587,-0.4882182776927948,0.16609732806682587
456,left,forward,0.11047047195674864,-0.09971574319693824,0.25835574111137205,0.7371541048342591,1.8368193347279504,0,0,0.0,1.4846184512862237e-06,3.193306189475109e-06,0.25658851861953735,-0.015395724214613438,0.06638156622648239,-0.015394289046525955,0.06638118624687195,-0.23162977397441864,0.16609732806682587,-0.23162977397441864,0.422685831785202
456,left,backward,0.11047047195674864,-0.09971574319693824,0.25835574111137205,0.7371541048342591,1.8368193347279504,0,0,0.0,1.4846184512862237e-06,3.193306189475109e-06,0.25658848881721497,-0.015395724214613438,0.06638156622648239,-0.015394289046525955,0.06638118624687195,-0.23162977397441864,0.16609732806682587,-0.23162977397441864,-0.0904911682009697
457,right,stay,0.10197592530983822,0.04976987699483584,0.31431596381766136,0.7125467770369959,2.0899710200448762,0,0,0.0,4.1040797782443406e-07,1.4177434297657499e-06,0.0,-0.048844292759895325,-0.09506839513778687,-0.04884388670325279,-0.09506833553314209,0.17437529563903809,-0.04529864341020584,0.17437529563903809,-0.04529864341020584
457,right,right,0.10197592530983822,0.04976987699483584,0.31431596381766136,0.7125467770369959,2.0899710200448762,0,0,0.0,4.1040797782443406e-07,1.4177434297657499e-06,0.25658848881721497,-0.048844292759895325,-0.09506839513778687,-0.04884388670325279,-0.09506833553314209,0.17437529563903809,-0.04529864341020584,0.43096378445625305,-0.04529864341020584
457,right,left,0.10197592530983822,0.04976987699483584,0.31431596381766136,0.7125467770369959,2.0899710200448762,1,48,20.111494298917854,0.09522075951099396,0.027797703960892317,0.2508697211742401,-0.048844292759895325,-0.09506839513778687,-0.14403317868709564,-0.09753190726041794,0.17437529563903809,-0.04529864341020584,-0.07649430632591248,-0.0450369231402874
457,right,forward,0.10197592530983822,0.04976987699483584,0.31431596381766136,0.7125467770369959,2.0899710200448762,0,0,0.0,4.1040797782443406e-07,1.4177434297657499e-06,0.25658848881721497,-0.048844292759895325,-0.09506839513778687,-0.04884388670325279,-0.09506833553314209,0.17437529563903809,-0.04529864341020584,0.17437529563903809,0.21128985285758972
457,right,backward,0.10197592530983822,0.04976987699483584,0.31431596381766136,0.7125467770369959,2.0899710200448762,0,0,0.0,4.1040797782443406e-07,1.4177434297657499e-06,0.25658848881721497,-0.048844292759895325,-0.09506839513778687,-0.04884388670325279,-0.09506833553314209,0.17437529563903809,-0.04529864341020584,0.17437529563903809,-0.3018871247768402
458,back,stay,0.07362310125817338,-0.12044207487872571,0.34691854212213136,1.0225024625877444,2.732254973219262,0,0,0.0,7.778634625310588e-08,1.8606286200650857e-07,0.0,0.04589339718222618,-0.06971167773008347,0.04589337483048439,-0.0697116032242775,-0.07454870641231537,-0.2584468126296997,-0.07454870641231537,-0.2584468126296997
458,back,right,0.07362310125817338,-0.12044207487872571,0.34691854212213136,1.0225024625877444,2.732254973219262,0,0,0.0,7.778634625310588e-08,1.8606286200650857e-07,0.25658848881721497,0.04589339718222618,-0.06971167773008347,0.04589337483048439,-0.0697116032242775,-0.07454870641231537,-0.2584468126296997,0.1820397824048996,-0.2584468126296997
458,back,left,0.07362310125817338,-0.12044207487872571,0.34691854212213136,1.0225024625877444,2.732254973219262,0,0,0.0,7.778634625310588e-08,1.8606286200650857e-07,0.25658851861953735,0.04589339718222618,-0.06971167773008347,0.04589337483048439,-0.0697116032242775,-0.07454870641231537,-0.2584468126296997,-0.33113721013069153,-0.2584468126296997
458,back,forward,0.07362310125817338,-0.12044207487872571,0.34691854212213136,1.0225024625877444,2.732254973219262,1,50,9.636614710508585,0.049158282577991486,0.3907757183989462,0.25021111965179443,0.04589339718222618,-0.06971167773008347,0.051220785826444626,-0.020842915400862694,-0.07454870641231537,-0.2584468126296997,-0.07616890966892242,-0.008240953087806702
458,back,backward,0.07362310125817338,-0.12044207487872571,0.34691854212213136,1.0225024625877444,2.732254973219262,0,0,0.0,7.778634625310588e-08,1.8606286200650857e-07,0.25658851861953735,0.04589339718222618,-0.06971167773008347,0.04589337483048439,-0.0697116032242775,-0.07454870641231537,-0.2584468126296997,-0.07454870641231537,-0.5150353312492371
459,front,stay,0.09906608181879793,0.07541263650810343,0.34854621197798574,0.8831974891342167,0.17137912016794754,0,0,0.0,4.705538856342173e-07,5.031998770999023e-07,0.0,0.00523486640304327,-0.05507783219218254,0.005234731361269951,-0.055078282952308655,-0.07017766684293747,0.14282554388046265,-0.07017766684293747,0.14282554388046265
459,front,right,0.09906608181879793,0.07541263650810343,0.34854621197798574,0.8831974891342167,0.17137912016794754,0,0,0.0,4.705538856342173e-07,5.031998770999023e-07,0.25658848881721497,0.00523486640304327,-0.05507783219218254,0.005234731361269951,-0.055078282952308655,-0.07017766684293747,0.14282554388046265,0.1864108294248581,0.14282554388046265
459,front,left,0.09906608181879793,0.07541263650810343,0.34854621197798574,0.8831974891342167,0.17137912016794754,0,0,0.0,4.705538856342173e-07,5.031998770999023e-07,0.25658848881721497,0.00523486640304327,-0.05507783219218254,0.005234731361269951,-0.055078282952308655,-0.07017766684293747,0.14282554388046265,-0.32676616311073303,0.14282554388046265
459,front,forward,0.09906608181879793,0.07541263650810343,0.34854621197798574,0.8831974891342167,0.17137912016794754,0,0,0.0,4.705538856342173e-07,5.031998770999023e-07,0.25658848881721497,0.00523486640304327,-0.05507783219218254,0.005234731361269951,-0.055078282952308655,-0.07017766684293747,0.14282554388046265,-0.07017766684293747,0.3994140326976776
459,front,backward,0.09906608181879793,0.07541263650810343,0.34854621197798574,0.8831974891342167,0.17137912016794754,1,62,13.40979586168691,0.11469072103500366,0.11031151405344149,0.24794401228427887,0.00523486640304327,-0.05507783219218254,0.011296975426375866,-0.1696082353591919,-0.07017766684293747,0.14282554388046265,-0.07157652080059052,-0.10511452704668045
460,left,stay,0.025642915906898798,0.0765943733190754,0.3554059771977901,0.8556272097410427,1.2305537053109203,0,0,0.0,7.946588453933146e-08,2.3369795187910825e-07,0.0,-0.0038087498396635056,-0.004434231203049421,-0.0038088145665824413,-0.004434185102581978,-0.14023761451244354,-0.08102865517139435,-0.14023761451244354,-0.08102865517139435
460,left,right,0.025642915906898798,0.0765943733190754,0.3554059771977901,0.8556272097410427,1.2305537053109203,1,107,21.57011828688605,0.19903306663036346,0.1961310477260676,0.2430979311466217,-0.0038087498396635056,-0.004434231203049421,0.1944963037967682,0.012573685497045517,-0.14023761451244354,-0.08102865517139435,0.10284499824047089,-0.08375696837902069
460,left,left,0.025642915906898798,0.0765943733190754,0.3554059771977901,0.8556272097410427,1.2305537053109203,0,0,0.0,7.946588453933146e-08,2.3369795187910825e-07,0.25658851861953735,-0.0038087498396635056,-0.004434231203049421,-0.0038088145665824413,-0.004434185102581978,-0.14023761451244354,-0.08102865517139435,-0.3968261182308197,-0.08102865517139435
460,left,forward,0.025642915906898798,0.0765943733190754,0.3554059771977901,0.8556272097410427,1.2305537053109203,0,0,0.0,7.946588453933146e-08,2.3369795187910825e-07,0.25658848881721497,-0.0038087498396635056,-0.004434231203049421,-0.0038088145665824413,-0.004434185102581978,-0.14023761451244354,-0.08102865517139435,-0.14023761451244354,0.17555983364582062
460,left,backward,0.025642915906898798,0.0765943733190754,0.3554059771977901,0.8556272097410427,1.2305537053109203,0,0,0.0,7.946588453933146e-08,2.3369795187910825e-07,0.25658851861953735,-0.0038087498396635056,-0.004434231203049421,-0.0038088145665824413,-0.004434185102581978,-0.14023761451244354,-0.08102865517139435,-0.14023761451244354,-0.3376171588897705
461,right,stay,0.06475176131139038,0.1315647603487504,0.2363983597784944,0.826635629431919,0.6075431442414825,0,0,0.0,5.2683560625155224e-08,3.2261283389178885e-07,0.0,0.06537248194217682,0.08779982477426529,0.06537248939275742,0.08779977262020111,0.2656020522117615,0.21936488151550293,0.2656020522117615,0.21936488151550293
461,right,right,0.06475176131139038,0.1315647603487504,0.2363983597784944,0.826635629431919,0.6075431442414825,0,0,0.0,5.2683560625155224e-08,3.2261283389178885e-07,0.25658851861953735,0.06537248194217682,0.08779982477426529,0.06537248939275742,0.08779977262020111,0.2656020522117615,0.21936488151550293,0.5221905708312988,0.21936488151550293
461,right,left,0.06475176131139038,0.1315647603487504,0.2363983597784944,0.826635629431919,0.6075431442414825,0,0,0.0,5.2683560625155224e-08,3.2261283389178885e-07,0.25658848881721497,0.06537248194217682,0.08779982477426529,0.06537248939275742,0.08779977262020111,0.2656020522117615,0.21936488151550293,0.009013556875288486,0.21936488151550293
461,right,forward,0.06475176131139038,0.1315647603487504,0.2363983597784944,0.826635629431919,0.6075431442414825,0,0,0.0,5.2683560625155224e-08,3.2261283389178885e-07,0.25658848881721497,0.06537248194217682,0.08779982477426529,0.06537248939275742,0.08779977262020111,0.2656020522117615,0.21936488151550293,0.2656020522117615,0.4759533703327179
461,right,backward,0.06475176131139038,0.1315647603487504,0.2363983597784944,0.826635629431919,0.6075431442414825,0,0,0.0,5.2683560625155224e-08,3.2261283389178885e-07,0.25658848881721497,0.06537248194217682,0.08779982477426529,0.06537248939275742,0.08779977262020111,0.2656020522117615,0.21936488151550293,0.2656020522117615,-0.03722361475229263
462,back,stay,0.05803615127217121,-0.0630822289001202,0.3693143951479423,0.7050610932168514,1.986344348626539,0,0,0.0,5.74129956021352e-07,2.212648177124521e-06,0.0,-0.04048188030719757,-0.0315241701900959,-0.04048130661249161,-0.03152414783835411,-0.10356445610523224,-0.22549259662628174,-0.10356445610523224,-0.22549259662628174
462,back,right,0.05803615127217121,-0.0630822289001202,0.3693143951479423,0.7050610932168514,1.986344348626539,0,0,0.0,5.74129956021352e-07,2.212648177124521e-06,0.25658848881721497,-0.04048188030719757,-0.0315241701900959,-0.04048130661249161,-0.03152414783835411,-0.10356445610523224,-0.22549259662628174,0.15302403271198273,-0.22549259662628174
462,back,left,0.05803615127217121,-0.0630822289001202,0.3693143951479423,0.7050610932168514,1.986344348626539,0,0,0.0,5.74129956021352e-07,2.212648177124521e-06,0.25658851861953735,-0.04048188030719757,-0.0315241701900959,-0.04048130661249161,-0.03152414783835411,-0.10356445610523224,-0.22549259662628174,-0.3601529598236084,-0.22549259662628174
462,back,forward,0.05803615127217121,-0.0630822289001202,0.3693143951479423,0.7050610932168514,1.986344348626539,1,62,9.765196758169644,0.05391828715801239,0.002277988857890545,0.2508426904678345,-0.04048188030719757,-0.0315241701900959,-0.007896777242422104,0.011433864943683147,-0.10356445610523224,-0.22549259662628174,-0.10679372400045395,0.025329289957880974
462,back,backward,0.05803615127217121,-0.0630822289001202,0.3693143951479423,0.7050610932168514,1.986344348626539,0,0,0.0,5.74129956021352e-07,2.212648177124521e-06,0.25658848881721497,-0.04048188030719757,-0.0315241701900959,-0.04048130661249161,-0.03152414783835411,-0.10356445610523224,-0.22549259662628174,-0.10356445610523224,-0.4820810854434967
463,front,stay,0.09935121292308854,-0.019008207900494956,0.2941081472738361,1.0325697793330066,1.4328866672013643,0,0,0.0,5.058719239059428e-07,3.159543693342926e-07,0.0,0.06591016799211502,0.056992288678884506,0.06590966880321503,0.05699237063527107,0.08491875231266022,0.28672266006469727,0.08491875231266022,0.28672266006469727
463,front,right,0.09935121292308854,-0.019008207900494956,0.2941081472738361,1.0325697793330066,1.4328866672013643,0,0,0.0,5.058719239059428e-07,3.159543693342926e-07,0.25658851861953735,0.06591016799211502,0.056992288678884506,0.06590966880321503,0.05699237063527107,0.08491875231266022,0.28672266006469727,0.3415072560310364,0.28672266006469727
463,front,left,0.09935121292308854,-0.019008207900494956,0.2941081472738361,1.0325697793330066,1.4328866672013643,0,0,0.0,5.058719239059428e-07,3.159543693342926e-07,0.25658848881721497,0.06591016799211502,0.056992288678884506,0.06590966880321503,0.05699237063527107,0.08491875231266022,0.28672266006469727,-0.17166973650455475,0.28672266006469727
463,front,forward,0.09935121292308854,-0.019008207900494956,0.2941081472738361,1.0325697793330066,1.4328866672013643,0,0,0.0,5.058719239059428e-07,3.159543693342926e-07,0.25658851861953735,0.06591016799211502,0.056992288678884506,0.06590966880321503,0.05699237063527107,0.08491875231266022,0.28672266006469727,0.08491875231266022,0.5433111786842346
463,front,backward,0.09935121292308854,-0.019008207900494956,0.2941081472738361,1.0325697793330066,1.4328866672013643,1,71,19.19709889499665,0.14058473706245422,0.0028089545707179475,0.24679100513458252,0.06591016799211502,0.056992288678884506,0.0657748356461525,-0.08359239250421524,0.08491875231266022,0.28672266006469727,0.0849323496222496,0.039931654930114746
464,left,stay,0.0977471071314894,-0.07955744493857793,0.31458160466658214,0.6881597100828043,-0.3341594328819739,0,0,0.0,8.629194780951366e-08,4.2129577604299584e-11,0.0,0.012704274617135525,0.02268347330391407,0.012704284861683846,0.022683387622237206,-0.22010011970996857,0.10224047303199768,-0.22010011970996857,0.10224047303199768
464,left,right,0.0977471071314894,-0.07955744493857793,0.31458160466658214,0.6881597100828043,-0.3341594328819739,1,60,19.30478790376542,0.11502649635076523,0.08754095686215012,0.25017258524894714,0.012704274617135525,0.02268347330391407,0.12741851806640625,0.014213670045137405,-0.22010011970996857,0.10224047303199768,0.03007223829627037,0.10257752984762192
464,left,left,0.0977471071314894,-0.07955744493857793,0.31458160466658214,0.6881597100828043,-0.3341594328819739,0,0,0.0,8.629194780951366e-08,4.2129577604299584e-11,0.25658851861953735,0.012704274617135525,0.02268347330391407,0.012704284861683846,0.022683387622237206,-0.22010011970996857,0.10224047303199768,-0.4766886234283447,0.10224047303199768
464,left,forward,0.0977471071314894,-0.07955744493857793,0.31458160466658214,0.6881597100828043,-0.3341594328819739,0,0,0.0,8.629194780951366e-08,4.2129577604299584e-11,0.25658848881721497,0.012704274617135525,0.02268347330391407,0.012704284861683846,0.022683387622237206,-0.22010011970996857,0.10224047303199768,-0.22010011970996857,0.35882896184921265
464,left,backward,0.0977471071314894,-0.07955744493857793,0.31458160466658214,0.6881597100828043,-0.3341594328819739,0,0,0.0,8.629194780951366e-08,4.2129577604299584e-11,0.25658848881721497,0.012704274617135525,0.02268347330391407,0.012704284861683846,0.022683387622237206,-0.22010011970996857,0.10224047303199768,-0.22010011970996857,-0.15434801578521729
465,right,stay,0.03996785271868464,-0.07860059822975357,0.31760200882429235,1.004873979185506,-2.555386932712014,0,0,0.0,7.994741224592872e-08,3.6491569499474963e-07,0.0,-0.02972898818552494,0.009672161191701889,-0.029728999361395836,0.009672240354120731,0.14594200253486633,-0.06892873346805573,0.14594200253486633,-0.06892873346805573
465,right,right,0.03996785271868464,-0.07860059822975357,0.31760200882429235,1.004873979185506,-2.555386932712014,0,0,0.0,7.994741224592872e-08,3.6491569499474963e-07,0.25658848881721497,-0.02972898818552494,0.009672161191701889,-0.029728999361395836,0.009672240354120731,0.14594200253486633,-0.06892873346805573,0.4025304913520813,-0.06892873346805573
465,right,left,0.03996785271868464,-0.07860059822975357,0.31760200882429235,1.004873979185506,-2.555386932712014,1,55,9.975147265000667,0.056834373623132706,0.2047036410452554,0.24980902671813965,-0.02972898818552494,0.009672161191701889,-0.08317457139492035,0.02900388464331627,0.14594200253486633,-0.06892873346805573,-0.10385944694280624,-0.07087336480617523
465,right,forward,0.03996785271868464,-0.07860059822975357,0.31760200882429235,1.004873979185506,-2.555386932712014,0,0,0.0,7.994741224592872e-08,3.6491569499474963e-07,0.25658848881721497,-0.02972898818552494,0.009672161191701889,-0.029728999361395836,0.009672240354120731,0.14594200253486633,-0.06892873346805573,0.14594200253486633,0.18765975534915924
465,right,backward,0.03996785271868464,-0.07860059822975357,0.31760200882429235,1.004873979185506,-2.555386932712014,0,0,0.0,7.994741224592872e-08,3.6491569499474963e-07,0.25658851861953735,-0.02972898818552494,0.009672161191701889,-0.029728999361395836,0.009672240354120731,0.14594200253486633,-0.06892873346805573,0.14594200253486633,-0.3255172371864319
466,back,stay,0.0763390014405115,-0.015591059150502573,0.2913388377813662,0.8616651893867253,0.4025083089558552,0,0,0.0,6.746788017153449e-08,1.7942842722717955e-07,0.0,0.026842758059501648,-0.04008029028773308,0.02684275060892105,-0.040080223232507706,0.011251688003540039,-0.23111939430236816,0.011251688003540039,-0.23111939430236816
466,back,right,0.0763390014405115,-0.015591059150502573,0.2913388377813662,0.8616651893867253,0.4025083089558552,0,0,0.0,6.746788017153449e-08,1.7942842722717955e-07,0.25658848881721497,0.026842758059501648,-0.04008029028773308,0.02684275060892105,-0.040080223232507706,0.011251688003540039,-0.23111939430236816,0.267840176820755,-0.23111939430236816
466,back,left,0.0763390014405115,-0.015591059150502573,0.2913388377813662,0.8616651893867253,0.4025083089558552,0,0,0.0,6.746788017153449e-08,1.7942842722717955e-07,0.25658848881721497,0.026842758059501648,-0.04008029028773308,0.02684275060892105,-0.040080223232507706,0.011251688003540039,-0.23111939430236816,-0.24533680081367493,-0.23111939430236816
466,back,forward,0.0763390014405115,-0.015591059150502573,0.2913388377813662,0.8616651893867253,0.4025083089558552,1,77,19.578088080592696,0.15565739572048187,0.00196487899722142,0.24770261347293854,0.026842758059501648,-0.04008029028773308,0.027039602398872375,0.11557697504758835,0.011251688003540039,-0.23111939430236816,0.01121982280164957,0.01658322475850582
466,back,backward,0.0763390014405115,-0.015591059150502573,0.2913388377813662,0.8616651893867253,0.4025083089558552,0,0,0.0,6.746788017153449e-08,1.7942842722717955e-07,0.25658848881721497,0.026842758059501648,-0.04008029028773308,0.02684275060892105,-0.040080223232507706,0.011251688003540039,-0.23111939430236816,0.011251688003540039,-0.48770788311958313
467,front,stay,0.03542464156351112,-0.06631183233988792,0.33825446325483155,0.7751067044757467,1.2618007649670693,0,0,0.0,6.40923190076137e-08,1.9239836390738674e-07,0.0,0.08397529274225235,0.03210708498954773,0.08397524058818817,0.032107122242450714,0.15028735995292664,0.20219062268733978,0.15028735995292664,0.20219062268733978
467,front,right,0.03542464156351112,-0.06631183233988792,0.33825446325483155,0.7751067044757467,1.2618007649670693,0,0,0.0,6.40923190076137e-08,1.9239836390738674e-07,0.25658848881721497,0.08397529274225235,0.03210708498954773,0.08397524058818817,0.032107122242450714,0.15028735995292664,0.20219062268733978,0.4068758487701416,0.20219062268733978
467,front,left,0.03542464156351112,-0.06631183233988792,0.33825446325483155,0.7751067044757467,1.2618007649670693,0,0,0.0,6.40923190076137e-08,1.9239836390738674e-07,0.25658848881721497,0.08397529274225235,0.03210708498954773,0.08397524058818817,0.032107122242450714,0.15028735995292664,0.20219062268733978,-0.10630113631486893,0.20219062268733978
467,front,forward,0.03542464156351112,-0.06631183233988792,0.33825446325483155,0.7751067044757467,1.2618007649670693,0,0,0.0,6.40923190076137e-08,1.9239836390738674e-07,0.25658851861953735,0.08397529274225235,0.03210708498954773,0.08397524058818817,0.032107122242450714,0.15028735995292664,0.20219062268733978,0.15028735995292664,0.45877912640571594
467,front,backward,0.03542464156351112,-0.06631183233988792,0.33825446325483155,0.7751067044757467,1.2618007649670693,1,92,19.694128426885815,0.17594680190086365,0.14176957762822995,0.24586603045463562,0.08397529274225235,0.03210708498954773,0.069769948720932,-0.14326533675193787,0.15028735995292664,0.20219062268733978,0.15090547502040863,-0.043674640357494354
468,left,stay,0.06293144192100937,0.07233069035440198,0.33665282618164355,0.7731358706771816,-2.0979450110134126,0,0,0.0,5.657046813212219e-07,1.1578582137516945e-07,0.0,0.07871018350124359,0.07456975430250168,0.07871054857969284,0.0745701864361763,-0.10587342828512192,0.0022388920187950134,-0.10587342828512192,0.0022388920187950134
468,left,right,0.06293144192100937,0.07233069035440198,0.33665282618164355,0.7731358706771816,-2.0979450110134126,1,88,16.650484996294136,0.16751566529273987,0.1298287775218856,0.24661117792129517,0.07871018350124359,0.07456975430250168,0.24577279388904572,0.08688167482614517,-0.10587342828512192,0.0022388920187950134,0.1407334804534912,0.0007889242260716856
468,left,left,0.06293144192100937,0.07233069035440198,0.33665282618164355,0.7731358706771816,-2.0979450110134126,0,0,0.0,5.657046813212219e-07,1.1578582137516945e-07,0.25658848881721497,0.07871018350124359,0.07456975430250168,0.07871054857969284,0.0745701864361763,-0.10587342828512192,0.0022388920187950134,-0.3624619245529175,0.0022388920187950134
468,left,forward,0.06293144192100937,0.07233069035440198,0.33665282618164355,0.7731358706771816,-2.0979450110134126,0,0,0.0,5.657046813212219e-07,1.1578582137516945e-07,0.25658848881721497,0.07871018350124359,0.07456975430250168,0.07871054857969284,0.0745701864361763,-0.10587342828512192,0.0022388920187950134,-0.10587342828512192,0.2588273882865906
468,left,backward,0.06293144192100937,0.07233069035440198,0.33665282618164355,0.7731358706771816,-2.0979450110134126,0,0,0.0,5.657046813212219e-07,1.1578582137516945e-07,0.25658848881721497,0.07871018350124359,0.07456975430250168,0.07871054857969284,0.0745701864361763,-0.10587342828512192,0.0022388920187950134,-0.10587342828512192,-0.25434958934783936
469,right,stay,0.0675416133134151,0.0936434413563127,0.2770185242790276,0.857335776555453,-2.7009010074547724,0,0,0.0,1.053671194739536e-08,3.240217765210218e-07,0.0,0.052174244076013565,0.0795678123831749,0.05217425152659416,0.0795678049325943,0.2557901442050934,0.17321094870567322,0.2557901442050934,0.17321094870567322
469,right,right,0.0675416133134151,0.0936434413563127,0.2770185242790276,0.857335776555453,-2.7009010074547724,0,0,0.0,1.053671194739536e-08,3.240217765210218e-07,0.25658848881721497,0.052174244076013565,0.0795678123831749,0.05217425152659416,0.0795678049325943,0.2557901442050934,0.17321094870567322,0.5123786330223083,0.17321094870567322
469,right,left,0.0675416133134151,0.0936434413563127,0.2770185242790276,0.857335776555453,-2.7009010074547724,1,69,12.11346175692223,0.1236453726887703,0.16692810411443482,0.24922987818717957,0.052174244076013565,0.0795678123831749,-0.07075744867324829,0.0663021057844162,0.2557901442050934,0.17321094870567322,0.006561639253050089,0.17403726279735565
469,right,forward,0.0675416133134151,0.0936434413563127,0.2770185242790276,0.857335776555453,-2.7009010074547724,0,0,0.0,1.053671194739536e-08,3.240217765210218e-07,0.25658848881721497,0.052174244076013565,0.0795678123831749,0.05217425152659416,0.0795678049325943,0.2557901442050934,0.17321094870567322,0.2557901442050934,0.4297994375228882
469,right,backward,0.0675416133134151,0.0936434413563127,0.2770185242790276,0.857335776555453,-2.7009010074547724,0,0,0.0,1.053671194739536e-08,3.240217765210218e-07,0.25658848881721497,0.052174244076013565,0.0795678123831749,0.05217425152659416,0.0795678049325943,0.2557901442050934,0.17321094870567322,0.2557901442050934,-0.08337754756212234
470,back,stay,0.09491648910335602,0.013884249713795538,0.23549532041037854,0.7797054068499647,-0.27891331167667444,0,0,0.0,5.2504212533222017e-08,2.735517368179785e-11,0.0,-0.005786144640296698,-0.07803353667259216,-0.005786138586699963,-0.07803358882665634,0.008098002523183823,-0.2796129286289215,0.008098002523183823,-0.2796129286289215
470,back,right,0.09491648910335602,0.013884249713795538,0.23549532041037854,0.7797054068499647,-0.27891331167667444,0,0,0.0,5.2504212533222017e-08,2.735517368179785e-11,0.25658848881721497,-0.005786144640296698,-0.07803353667259216,-0.005786138586699963,-0.07803358882665634,0.008098002523183823,-0.2796129286289215,0.2646864950656891,-0.2796129286289215
470,back,left,0.09491648910335602,0.013884249713795538,0.23549532041037854,0.7797054068499647,-0.27891331167667444,0,0,0.0,5.2504212533222017e-08,2.735517368179785e-11,0.25658848881721497,-0.005786144640296698,-0.07803353667259216,-0.005786138586699963,-0.07803358882665634,0.008098002523183823,-0.2796129286289215,-0.24849049746990204,-0.2796129286289215
470,back,forward,0.09491648910335602,0.013884249713795538,0.23549532041037854,0.7797054068499647,-0.27891331167667444,1,69,17.681561801013977,0.14138321578502655,0.0015110667440916823,0.2505943477153778,-0.005786144640296698,-0.07803353667259216,-0.005931656341999769,0.06334960460662842,0.008098002523183823,-0.2796129286289215,0.008118635974824429,-0.029018593952059746
470,back,backward,0.09491648910335602,0.013884249713795538,0.23549532041037854,0.7797054068499647,-0.27891331167667444,0,0,0.0,5.2504212533222017e-08,2.735517368179785e-11,0.25658848881721497,-0.005786144640296698,-0.07803353667259216,-0.005786138586699963,-0.07803358882665634,0.008098002523183823,-0.2796129286289215,0.008098002523183823,-0.5362014174461365
471,front,stay,0.03368191541669707,0.10947811062730586,0.3553168738776149,0.7333439578832636,2.7135583599070747,0,0,0.0,6.453063861044939e-08,2.3313930341828382e-07,0.0,0.07529590278863907,0.01167093776166439,0.07529588043689728,0.01167099829763174,-0.03418225795030594,0.1615755707025528,-0.03418225795030594,0.1615755707025528
471,front,right,0.03368191541669707,0.10947811062730586,0.3553168738776149,0.7333439578832636,2.7135583599070747,0,0,0.0,6.453063861044939e-08,2.3313930341828382e-07,0.25658848881721497,0.07529590278863907,0.01167093776166439,0.07529588043689728,0.01167099829763174,-0.03418225795030594,0.1615755707025528,0.22240623831748962,0.1615755707025528
471,front,left,0.03368191541669707,0.10947811062730586,0.3553168738776149,0.7333439578832636,2.7135583599070747,0,0,0.0,6.453063861044939e-08,2.3313930341828382e-07,0.25658848881721497,0.07529590278863907,0.01167093776166439,0.07529588043689728,0.01167099829763174,-0.03418225795030594,0.1615755707025528,-0.2907707393169403,0.1615755707025528
471,front,forward,0.03368191541669707,0.10947811062730586,0.3553168738776149,0.7333439578832636,2.7135583599070747,0,0,0.0,6.453063861044939e-08,2.3313930341828382e-07,0.25658851861953735,0.07529590278863907,0.01167093776166439,0.07529588043689728,0.01167099829763174,-0.03418225795030594,0.1615755707025528,-0.03418225795030594,0.41816407442092896
471,front,backward,0.03368191541669707,0.10947811062730586,0.3553168738776149,0.7333439578832636,2.7135583599070747,1,80,9.607320063744472,0.07525097578763962,0.2338532816095582,0.25018152594566345,0.07529590278863907,0.01167093776166439,0.09358851611614227,-0.06132282689213753,-0.03418225795030594,0.1615755707025528,-0.038353074342012405,-0.08857118338346481
472,left,stay,0.10798531443203423,-0.10987400603125294,0.2805259079347963,0.8791173488503792,1.4711501500216837,0,0,0.0,1.0405253760836786e-06,1.0587618846091829e-06,0.0,0.020250694826245308,-0.04739639163017273,0.02024966850876808,-0.047396220266819,-0.18096701800823212,0.06247752532362938,-0.18096701800823212,0.06247752532362938
472,left,right,0.10798531443203423,-0.10987400603125294,0.2805259079347963,0.8791173488503792,1.4711501500216837,1,59,9.836279017915443,0.09907731413841248,0.17967395005118325,0.2503286898136139,0.020250694826245308,-0.04739639163017273,0.11894039809703827,-0.05615172162652016,-0.18096701800823212,0.06247752532362938,0.06935597956180573,0.06416425853967667
472,left,left,0.10798531443203423,-0.10987400603125294,0.2805259079347963,0.8791173488503792,1.4711501500216837,0,0,0.0,1.0405253760836786e-06,1.0587618846091829e-06,0.25658851861953735,0.020250694826245308,-0.04739639163017273,0.02024966850876808,-0.047396220266819,-0.18096701800823212,0.06247752532362938,-0.4375555217266083,0.06247752532362938
472,left,forward,0.10798531443203423,-0.10987400603125294,0.2805259079347963,0.8791173488503792,1.4711501500216837,0,0,0.0,1.0405253760836786e-06,1.0587618846091829e-06,0.25658848881721497,0.020250694826245308,-0.04739639163017273,0.02024966850876808,-0.047396220266819,-0.18096701800823212,0.06247752532362938,-0.18096701800823212,0.31906601786613464
472,left,backward,0.10798531443203423,-0.10987400603125294,0.2805259079347963,0.8791173488503792,1.4711501500216837,0,0,0.0,1.0405253760836786e-06,1.0587618846091829e-06,0.25658848881721497,0.020250694826245308,-0.04739639163017273,0.02024966850876808,-0.047396220266819,-0.18096701800823212,0.06247752532362938,-0.18096701800823212,-0.19411097466945648
473,right,stay,0.04803407067048643,-0.0976702029829233,0.36583508351944605,1.0375574169623785,-2.966638920975064,0,0,0.0,4.7492702037743584e-07,4.955994228339478e-07,0.0,0.027248026803135872,0.05046858638525009,0.027248164638876915,0.050469040870666504,0.20681725442409515,-0.047202128916978836,0.20681725442409515,-0.047202128916978836
473,right,right,0.04803407067048643,-0.0976702029829233,0.36583508351944605,1.0375574169623785,-2.966638920975064,0,0,0.0,4.7492702037743584e-07,4.955994228339478e-07,0.25658851861953735,0.027248026803135872,0.05046858638525009,0.027248164638876915,0.050469040870666504,0.20681725442409515,-0.047202128916978836,0.4634057581424713,-0.047202128916978836
473,right,left,0.04803407067048643,-0.0976702029829233,0.36583508351944605,1.0375574169623785,-2.966638920975064,1,9,3.223105132328481,0.000627422530669719,0.006713670685144724,0.256024032831192,0.027248026803135872,0.05046858638525009,0.026800792664289474,0.05090863257646561,0.20681725442409515,-0.047202128916978836,-0.04920652136206627,-0.047575682401657104
473,right,forward,0.04803407067048643,-0.0976702029829233,0.36583508351944605,1.0375574169623785,-2.966638920975064,0,0,0.0,4.7492702037743584e-07,4.955994228339478e-07,0.25658848881721497,0.027248026803135872,0.05046858638525009,0.027248164638876915,0.050469040870666504,0.20681725442409515,-0.047202128916978836,0.20681725442409515,0.20938636362552643
473,right,backward,0.04803407067048643,-0.0976702029829233,0.36583508351944605,1.0375574169623785,-2.966638920975064,0,0,0.0,4.7492702037743584e-07,4.955994228339478e-07,0.25658848881721497,0.027248026803135872,0.05046858638525009,0.027248164638876915,0.050469040870666504,0.20681725442409515,-0.047202128916978836,0.20681725442409515,-0.3037906289100647
474,back,stay,0.061992732756230004,-0.02507289524862316,0.2584359557475471,0.6694700122872778,-3.13355557550284,0,0,0.0,4.916849434266624e-07,1.8197303202072133e-06,0.0,0.05264216288924217,0.001363209099508822,0.05264228954911232,0.0013636841904371977,0.027569256722927094,-0.14631125330924988,0.027569256722927094,-0.14631125330924988
474,back,right,0.061992732756230004,-0.02507289524862316,0.2584359557475471,0.6694700122872778,-3.13355557550284,0,0,0.0,4.916849434266624e-07,1.8197303202072133e-06,0.25658848881721497,0.05264216288924217,0.001363209099508822,0.05264228954911232,0.0013636841904371977,0.027569256722927094,-0.14631125330924988,0.28415775299072266,-0.14631125330924988
474,back,left,0.061992732756230004,-0.02507289524862316,0.2584359557475471,0.6694700122872778,-3.13355557550284,0,0,0.0,4.916849434266624e-07,1.8197303202072133e-06,0.25658848881721497,0.05264216288924217,0.001363209099508822,0.05264228954911232,0.0013636841904371977,0.027569256722927094,-0.14631125330924988,-0.22901923954486847,-0.14631125330924988
474,back,forward,0.061992732756230004,-0.02507289524862316,0.2584359557475471,0.6694700122872778,-3.13355557550284,1,91,16.075565053031315,0.18678468465805054,0.004956856366602036,0.24938972294330597,0.05264216288924217,0.001363209099508822,0.05301130563020706,0.18814752995967865,0.027569256722927094,-0.14631125330924988,0.027507832273840904,0.1030784621834755
474,back,backward,0.061992732756230004,-0.02507289524862316,0.2584359557475471,0.6694700122872778,-3.13355557550284,0,0,0.0,4.916849434266624e-07,1.8197303202072133e-06,0.25658848881721497,0.05264216288924217,0.001363209099508822,0.05264228954911232,0.0013636841904371977,0.027569256722927094,-0.14631125330924988,0.027569256722927094,-0.40289974212646484
475,front,stay,0.08019364758428442,-0.09824533311449249,0.33034852945680016,0.7157642420433269,1.1401036945206684,0,0,0.0,8.956205022059294e-08,2.5892844823793837e-07,0.0,0.03522925451397896,-0.03543343394994736,0.035229191184043884,-0.03543337062001228,0.13347476720809937,0.18078526854515076,0.13347476720809937,0.18078526854515076
475,front,right,0.08019364758428442,-0.09824533311449249,0.33034852945680016,0.7157642420433269,1.1401036945206684,0,0,0.0,8.956205022059294e-08,2.5892844823793837e-07,0.25658848881721497,0.03522925451397896,-0.03543343394994736,0.035229191184043884,-0.03543337062001228,0.13347476720809937,0.18078526854515076,0.39006325602531433,0.18078526854515076
475,front,left,0.08019364758428442,-0.09824533311449249,0.33034852945680016,0.7157642420433269,1.1401036945206684,0,0,0.0,8.956205022059294e-08,2.5892844823793837e-07,0.25658848881721497,0.03522925451397896,-0.03543343394994736,0.035229191184043884,-0.03543337062001228,0.13347476720809937,0.18078526854515076,-0.1231137290596962,0.18078526854515076
475,front,forward,0.08019364758428442,-0.09824533311449249,0.33034852945680016,0.7157642420433269,1.1401036945206684,0,0,0.0,8.956205022059294e-08,2.5892844823793837e-07,0.25658848881721497,0.03522925451397896,-0.03543343394994736,0.035229191184043884,-0.03543337062001228,0.13347476720809937,0.18078526854515076,0.13347476720809937,0.4373737573623657
475,front,backward,0.08019364758428442,-0.09824533311449249,0.33034852945680016,0.7157642420433269,1.1401036945206684,1,62,13.641218104486114,0.09319047629833221,0.37358211103288563,0.25019991397857666,0.03522925451397896,-0.03543343394994736,0.016248416155576706,-0.1266704499721527,0.13347476720809937,0.18078526854515076,0.13463160395622253,-0.0694119781255722
476,left,stay,0.059203583097198476,0.13111116705590628,0.2408079259463352,0.8551974528660202,-0.461236333604774,0,0,0.0,8.371548432251075e-08,5.057253724127797e-07,0.0,0.06477826833724976,0.04126511514186859,0.06477822363376617,0.04126518592238426,-0.1305704563856125,-0.08984633535146713,-0.1305704563856125,-0.08984633535146713
476,left,right,0.059203583097198476,0.13111116705590628,0.2408079259463352,0.8551974528660202,-0.461236333604774,0,0,0.0,8.371548432251075e-08,5.057253724127797e-07,0.25658848881721497,0.06477826833724976,0.04126511514186859,0.06477822363376617,0.04126518592238426,-0.1305704563856125,-0.08984633535146713,0.12601803243160248,-0.08984633535146713
476,left,left,0.059203583097198476,0.13111116705590628,0.2408079259463352,0.8551974528660202,-0.461236333604774,0,0,0.0,8.371548432251075e-08,5.057253724127797e-07,0.25658851861953735,0.06477826833724976,0.04126511514186859,0.06477822363376617,0.04126518592238426,-0.1305704563856125,-0.08984633535146713,-0.38715896010398865,-0.08984633535146713
476,left,forward,0.059203583097198476,0.13111116705590628,0.2408079259463352,0.8551974528660202,-0.461236333604774,0,0,0.0,8.371548432251075e-08,5.057253724127797e-07,0.25658848881721497,0.06477826833724976,0.04126511514186859,0.06477822363376617,0.04126518592238426,-0.1305704563856125,-0.08984633535146713,-0.1305704563856125,0.16674216091632843
476,left,backward,0.059203583097198476,0.13111116705590628,0.2408079259463352,0.8551974528660202,-0.461236333604774,0,0,0.0,8.371548432251075e-08,5.057253724127797e-07,0.25658848881721497,0.06477826833724976,0.04126511514186859,0.06477822363376617,0.04126518592238426,-0.1305704563856125,-0.08984633535146713,-0.1305704563856125,-0.3464348316192627
477,right,stay,0.03758385585229784,0.12013769188440601,0.23177732235645498,0.923476804019089,-1.7616415218280128,0,0,0.0,3.1828893298779803e-08,7.254724199157181e-08,0.0,-0.09071842581033707,0.04914988577365875,-0.09071839600801468,0.04914987459778786,0.047171615064144135,0.16928768157958984,0.047171615064144135,0.16928768157958984
477,right,right,0.03758385585229784,0.12013769188440601,0.23177732235645498,0.923476804019089,-1.7616415218280128,0,0,0.0,3.1828893298779803e-08,7.254724199157181e-08,0.25658848881721497,-0.09071842581033707,0.04914988577365875,-0.09071839600801468,0.04914987459778786,0.047171615064144135,0.16928768157958984,0.3037601113319397,0.16928768157958984
477,right,left,0.03758385585229784,0.12013769188440601,0.23177732235645498,0.923476804019089,-1.7616415218280128,1,56,4.649568387843627,0.024551229551434517,0.11234200606541145,0.25375768542289734,-0.09071842581033707,0.04914988577365875,-0.11454721540212631,0.04323788732290268,0.047171615064144135,0.16928768157958984,-0.20657677948474884,0.17145991325378418
477,right,forward,0.03758385585229784,0.12013769188440601,0.23177732235645498,0.923476804019089,-1.7616415218280128,0,0,0.0,3.1828893298779803e-08,7.254724199157181e-08,0.25658848881721497,-0.09071842581033707,0.04914988577365875,-0.09071839600801468,0.04914987459778786,0.047171615064144135,0.16928768157958984,0.047171615064144135,0.4258761703968048
477,right,backward,0.03758385585229784,0.12013769188440601,0.23177732235645498,0.923476804019089,-1.7616415218280128,0,0,0.0,3.1828893298779803e-08,7.254724199157181e-08,0.25658848881721497,-0.09071842581033707,0.04914988577365875,-0.09071839600801468,0.04914987459778786,0.047171615064144135,0.16928768157958984,0.047171615064144135,-0.08730081468820572
478,back,stay,0.04900375343535497,-0.06958914931169577,0.3632168528957648,0.9081861069468264,0.16600369475857546,0,0,0.0,4.6671806330778054e-07,5.226130920243932e-07,0.0,-0.041957154870033264,-0.007204730529338121,-0.04195728898048401,-0.007205177564173937,-0.11154620349407196,-0.15463495254516602,-0.11154620349407196,-0.15463495254516602
478,back,right,0.04900375343535497,-0.06958914931169577,0.3632168528957648,0.9081861069468264,0.16600369475857546,0,0,0.0,4.6671806330778054e-07,5.226130920243932e-07,0.25658848881721497,-0.041957154870033264,-0.007204730529338121,-0.04195728898048401,-0.007205177564173937,-0.11154620349407196,-0.15463495254516602,0.145042285323143,-0.15463495254516602
478,back,left,0.04900375343535497,-0.06958914931169577,0.3632168528957648,0.9081861069468264,0.16600369475857546,0,0,0.0,4.6671806330778054e-07,5.226130920243932e-07,0.25658851861953735,-0.041957154870033264,-0.007204730529338121,-0.04195728898048401,-0.007205177564173937,-0.11154620349407196,-0.15463495254516602,-0.3681347072124481,-0.15463495254516602
478,back,forward,0.04900375343535497,-0.06958914931169577,0.3632168528957648,0.9081861069468264,0.16600369475857546,1,97,16.059129592021623,0.18853196501731873,0.06439995886279137,0.24274598062038422,-0.041957154870033264,-0.007204730529338121,-0.0367254875600338,0.18125464022159576,-0.11154620349407196,-0.15463495254516602,-0.11263421177864075,0.08810858428478241
478,back,backward,0.04900375343535497,-0.06958914931169577,0.3632168528957648,0.9081861069468264,0.16600369475857546,0,0,0.0,4.6671806330778054e-07,5.226130920243932e-07,0.25658848881721497,-0.041957154870033264,-0.007204730529338121,-0.04195728898048401,-0.007205177564173937,-0.11154620349407196,-0.15463495254516602,-0.11154620349407196,-0.411223441362381
479,front,stay,0.020156370103320616,0.08403960168697575,0.3018667124636552,0.897592971778998,-1.483654810758953,0,0,0.0,1.046645593305584e-06,3.6141862229666093e-06,0.0,0.04468811675906181,-0.0005501147825270891,0.04468709975481033,-0.0005498674581758678,-0.039351288229227066,0.14820007979869843,-0.039351288229227066,0.14820007979869843
479,front,right,0.020156370103320616,0.08403960168697575,0.3018667124636552,0.897592971778998,-1.483654810758953,0,0,0.0,1.046645593305584e-06,3.6141862229666093e-06,0.25658848881721497,0.04468811675906181,-0.0005501147825270891,0.04468709975481033,-0.0005498674581758678,-0.039351288229227066,0.14820007979869843,0.2172372043132782,0.14820007979869843
479,front,left,0.020156370103320616,0.08403960168697575,0.3018667124636552,0.897592971778998,-1.483654810758953,0,0,0.0,1.046645593305584e-06,3.6141862229666093e-06,0.25658848881721497,0.04468811675906181,-0.0005501147825270891,0.04468709975481033,-0.0005498674581758678,-0.039351288229227066,0.14820007979869843,-0.29593977332115173,0.14820007979869843
479,front,forward,0.020156370103320616,0.08403960168697575,0.3018667124636552,0.897592971778998,-1.483654810758953,0,0,0.0,1.046645593305584e-06,3.6141862229666093e-06,0.25658851861953735,0.04468811675906181,-0.0005501147825270891,0.04468709975481033,-0.0005498674581758678,-0.039351288229227066,0.14820007979869843,-0.039351288229227066,0.4047885835170746
479,front,backward,0.020156370103320616,0.08403960168697575,0.3018667124636552,0.897592971778998,-1.483654810758953,1,31,14.471202088473845,0.024157220497727394,0.03345277267318436,0.25424274802207947,0.04468811675906181,-0.0005501147825270891,0.05465073138475418,-0.022557333111763,-0.039351288229227066,0.14820007979869843,-0.04016806557774544,-0.10604134947061539
480,left,stay,0.07970275981490599,-0.12535692901325365,0.22548334704433085,0.6746757001258,2.3693158733309865,0,0,0.0,1.7859066758774134e-07,9.444369903910399e-07,0.0,0.028251439332962036,-0.06866143643856049,0.028251593932509422,-0.06866152584552765,-0.1837387979030609,0.05669543892145157,-0.1837387979030609,0.05669543892145157
480,left,right,0.07970275981490599,-0.12535692901325365,0.22548334704433085,0.6746757001258,2.3693158733309865,1,29,6.279145153878637,0.019959311932325363,0.0940221388303395,0.255372554063797,0.028251439332962036,-0.06866143643856049,0.046634119004011154,-0.07643647491931915,-0.1837387979030609,0.05669543892145157,0.07163296639919281,0.05734408646821976
480,left,left,0.07970275981490599,-0.12535692901325365,0.22548334704433085,0.6746757001258,2.3693158733309865,0,0,0.0,1.7859066758774134e-07,9.444369903910399e-07,0.25658848881721497,0.028251439332962036,-0.06866143643856049,0.028251593932509422,-0.06866152584552765,-0.1837387979030609,0.05669543892145157,-0.4403272867202759,0.05669543892145157
480,left,forward,0.07970275981490599,-0.12535692901325365,0.22548334704433085,0.6746757001258,2.3693158733309865,0,0,0.0,1.7859066758774134e-07,9.444369903910399e-07,0.25658848881721497,0.028251439332962036,-0.06866143643856049,0.028251593932509422,-0.06866152584552765,-0.1837387979030609,0.05669543892145157,-0.1837387979030609,0.31328392028808594
480,left,backward,0.07970275981490599,-0.12535692901325365,0.22548334704433085,0.6746757001258,2.3693158733309865,0,0,0.0,1.7859066758774134e-07,9.444369903910399e-07,0.25658848881721497,0.028251439332962036,-0.06866143643856049,0.028251593932509422,-0.06866152584552765,-0.1837387979030609,0.05669543892145157,-0.1837387979030609,-0.199893057346344
481,right,stay,0.03452732646315408,-0.020923938407712978,0.3705401984805597,0.9672392905484963,0.8736958869458507,0,0,0.0,2.8952601383025467e-07,8.894683014570859e-07,0.0,0.030390474945306778,-0.011653476394712925,0.03039037063717842,-0.011653746478259563,0.19398941099643707,-0.03257720544934273,0.19398941099643707,-0.03257720544934273
481,right,right,0.03452732646315408,-0.020923938407712978,0.3705401984805597,0.9672392905484963,0.8736958869458507,0,0,0.0,2.8952601383025467e-07,8.894683014570859e-07,0.25658851861953735,0.030390474945306778,-0.011653476394712925,0.03039037063717842,-0.011653746478259563,0.19398941099643707,-0.03257720544934273,0.45057791471481323,-0.03257720544934273
481,right,left,0.03452732646315408,-0.020923938407712978,0.3705401984805597,0.9672392905484963,0.8736958869458507,1,87,21.089779121708425,0.1722639501094818,0.0036293722091013114,0.24278774857521057,0.030390474945306778,-0.011653476394712925,-0.14187277853488922,-0.01115921139717102,0.19398941099643707,-0.03257720544934273,-0.0487983301281929,-0.03263328596949577
481,right,forward,0.03452732646315408,-0.020923938407712978,0.3705401984805597,0.9672392905484963,0.8736958869458507,0,0,0.0,2.8952601383025467e-07,8.894683014570859e-07,0.25658848881721497,0.030390474945306778,-0.011653476394712925,0.03039037063717842,-0.011653746478259563,0.19398941099643707,-0.03257720544934273,0.19398941099643707,0.22401128709316254
481,right,backward,0.03452732646315408,-0.020923938407712978,0.3705401984805597,0.9672392905484963,0.8736958869458507,0,0,0.0,2.8952601383025467e-07,8.894683014570859e-07,0.25658848881721497,0.030390474945306778,-0.011653476394712925,0.03039037063717842,-0.011653746478259563,0.19398941099643707,-0.03257720544934273,0.19398941099643707,-0.2891657054424286
482,back,stay,0.05754302301925261,0.1401306800088384,0.31153422993942437,1.0302764110249225,0.38956880377775427,0,0,0.0,1.49197759924391e-07,1.511807345977445e-11,0.0,0.09675736725330353,0.07790394127368927,0.09675735980272293,0.07790409028530121,0.23688805103302002,-0.09354902803897858,0.23688805103302002,-0.09354902803897858
482,back,right,0.05754302301925261,0.1401306800088384,0.31153422993942437,1.0302764110249225,0.38956880377775427,0,0,0.0,1.49197759924391e-07,1.511807345977445e-11,0.25658848881721497,0.09675736725330353,0.07790394127368927,0.09675735980272293,0.07790409028530121,0.23688805103302002,-0.09354902803897858,0.493476539850235,-0.09354902803897858
482,back,left,0.05754302301925261,0.1401306800088384,0.31153422993942437,1.0302764110249225,0.38956880377775427,0,0,0.0,1.49197759924391e-07,1.511807345977445e-11,0.25658848881721497,0.09675736725330353,0.07790394127368927,0.09675735980272293,0.07790409028530121,0.23688805103302002,-0.09354902803897858,-0.019700445234775543,-0.09354902803897858
482,back,forward,0.05754302301925261,0.1401306800088384,0.31153422993942437,1.0302764110249225,0.38956880377775427,0,0,0.0,1.49197759924391e-07,1.511807345977445e-11,0.25658848881721497,0.09675736725330353,0.07790394127368927,0.09675735980272293,0.07790409028530121,0.23688805103302002,-0.09354902803897858,0.23688805103302002,0.1630394607782364
482,back,backward,0.05754302301925261,0.1401306800088384,0.31153422993942437,1.0302764110249225,0.38956880377775427,0,0,0.0,1.49197759924391e-07,1.511807345977445e-11,0.25658851861953735,0.09675736725330353,0.07790394127368927,0.09675735980272293,0.07790409028530121,0.23688805103302002,-0.09354902803897858,0.23688805103302002,-0.35013753175735474
483,front,stay,0.0828356176217007,0.03326550328008307,0.32729536811716664,0.7014662944389717,1.0459846782827311,0,0,0.0,6.129010330369056e-07,1.5813197462577477e-07,0.0,-0.07457983493804932,0.000626800989266485,-0.07458022236824036,0.000626326072961092,-0.1078452616930008,0.2195703685283661,-0.1078452616930008,0.2195703685283661
483,front,right,0.0828356176217007,0.03326550328008307,0.32729536811716664,0.7014662944389717,1.0459846782827311,0,0,0.0,6.129010330369056e-07,1.5813197462577477e-07,0.25658848881721497,-0.07457983493804932,0.000626800989266485,-0.07458022236824036,0.000626326072961092,-0.1078452616930008,0.2195703685283661,0.14874322712421417,0.2195703685283661
483,front,left,0.0828356176217007,0.03326550328008307,0.32729536811716664,0.7014662944389717,1.0459846782827311,0,0,0.0,6.129010330369056e-07,1.5813197462577477e-07,0.25658851861953735,-0.07457983493804932,0.000626800989266485,-0.07458022236824036,0.000626326072961092,-0.1078452616930008,0.2195703685283661,-0.36443376541137695,0.2195703685283661
483,front,forward,0.0828356176217007,0.03326550328008307,0.32729536811716664,0.7014662944389717,1.0459846782827311,0,0,0.0,6.129010330369056e-07,1.5813197462577477e-07,0.25658848881721497,-0.07457983493804932,0.000626800989266485,-0.07458022236824036,0.000626326072961092,-0.1078452616930008,0.2195703685283661,-0.1078452616930008,0.47615885734558105
483,front,backward,0.0828356176217007,0.03326550328008307,0.32729536811716664,0.7014662944389717,1.0459846782827311,1,71,11.153572791694447,0.07647242397069931,0.00216084342945444,0.2503325343132019,-0.07457983493804932,0.000626800989266485,-0.030180396512150764,-0.06163651868700981,-0.1078452616930008,0.2195703685283661,-0.11053536832332611,-0.030747702345252037
484,left,stay,0.0837364026505258,0.025580288244857557,0.373060605417764,0.8720348039088841,1.2325191390847952,0,0,0.0,7.302423910005018e-08,2.1750554002331057e-07,0.0,-0.018529297783970833,-0.09482031315565109,-0.01852935552597046,-0.09482026845216751,-0.21292352676391602,-0.12040064483880997,-0.21292352676391602,-0.12040064483880997
484,left,right,0.0837364026505258,0.025580288244857557,0.373060605417764,0.8720348039088841,1.2325191390847952,1,76,18.03109533495698,0.14996124804019928,0.008904594551749412,0.24535596370697021,-0.018529297783970833,-0.09482031315565109,0.13142834603786469,-0.09377876669168472,-0.21292352676391602,-0.12040064483880997,0.03243233263492584,-0.12063048034906387
484,left,left,0.0837364026505258,0.025580288244857557,0.373060605417764,0.8720348039088841,1.2325191390847952,0,0,0.0,7.302423910005018e-08,2.1750554002331057e-07,0.25658848881721497,-0.018529297783970833,-0.09482031315565109,-0.01852935552597046,-0.09482026845216751,-0.21292352676391602,-0.12040064483880997,-0.469512015581131,-0.12040064483880997
484,left,forward,0.0837364026505258,0.025580288244857557,0.373060605417764,0.8720348039088841,1.2325191390847952,0,0,0.0,7.302423910005018e-08,2.1750554002331057e-07,0.25658848881721497,-0.018529297783970833,-0.09482031315565109,-0.01852935552597046,-0.09482026845216751,-0.21292352676391602,-0.12040064483880997,-0.21292352676391602,0.1361878514289856
484,left,backward,0.0837364026505258,0.025580288244857557,0.373060605417764,0.8720348039088841,1.2325191390847952,0,0,0.0,7.302423910005018e-08,2.1750554002331057e-07,0.25658848881721497,-0.018529297783970833,-0.09482031315565109,-0.01852935552597046,-0.09482026845216751,-0.21292352676391602,-0.12040064483880997,-0.21292352676391602,-0.37698912620544434
485,right,stay,0.01929458557558458,-0.03716050097448574,0.36372757808990447,0.6892572737400194,0.3460539698901508,0,0,0.0,1.2108625924156513e-07,4.217620697133384e-11,0.0,0.029475636780261993,-0.030335333198308945,0.029475634917616844,-0.030335212126374245,0.18399478495121002,-0.06749536842107773,0.18399478495121002,-0.06749536842107773
485,right,right,0.01929458557558458,-0.03716050097448574,0.36372757808990447,0.6892572737400194,0.3460539698901508,0,0,0.0,1.2108625924156513e-07,4.217620697133384e-11,0.25658851861953735,0.029475636780261993,-0.030335333198308945,0.029475634917616844,-0.030335212126374245,0.18399478495121002,-0.06749536842107773,0.4405832886695862,-0.06749536842107773
485,right,left,0.01929458557558458,-0.03716050097448574,0.36372757808990447,0.6892572737400194,0.3460539698901508,1,107,21.639274352220074,0.10987496376037598,0.008037098137199827,0.24714139103889465,0.029475636780261993,-0.030335333198308945,-0.070020392537117,0.016280636191368103,0.18399478495121002,-0.06749536842107773,-0.06311605870723724,-0.07138056308031082
485,right,forward,0.01929458557558458,-0.03716050097448574,0.36372757808990447,0.6892572737400194,0.3460539698901508,0,0,0.0,1.2108625924156513e-07,4.217620697133384e-11,0.25658848881721497,0.029475636780261993,-0.030335333198308945,0.029475634917616844,-0.030335212126374245,0.18399478495121002,-0.06749536842107773,0.18399478495121002,0.18909312784671783
485,right,backward,0.01929458557558458,-0.03716050097448574,0.36372757808990447,0.6892572737400194,0.3460539698901508,0,0,0.0,1.2108625924156513e-07,4.217620697133384e-11,0.25658848881721497,0.029475636780261993,-0.030335333198308945,0.029475634917616844,-0.030335212126374245,0.18399478495121002,-0.06749536842107773,0.18399478495121002,-0.3240838646888733
486,back,stay,0.10203157468161317,0.03945385231765963,0.3775140409112898,0.8801776281591741,2.0360560967405217,0,0,0.0,4.4874286686535925e-07,1.7535122913692192e-06,0.0,-0.07229899615049362,-0.01516658440232277,-0.0722985491156578,-0.015166545286774635,-0.032845672219991684,-0.25335267186164856,-0.032845672219991684,-0.25335267186164856
486,back,right,0.10203157468161317,0.03945385231765963,0.3775140409112898,0.8801776281591741,2.0360560967405217,0,0,0.0,4.4874286686535925e-07,1.7535122913692192e-06,0.25658848881721497,-0.07229899615049362,-0.01516658440232277,-0.0722985491156578,-0.015166545286774635,-0.032845672219991684,-0.25335267186164856,0.22374282777309418,-0.25335267186164856
486,back,left,0.10203157468161317,0.03945385231765963,0.3775140409112898,0.8801776281591741,2.0360560967405217,0,0,0.0,4.4874286686535925e-07,1.7535122913692192e-06,0.25658848881721497,-0.07229899615049362,-0.01516658440232277,-0.0722985491156578,-0.015166545286774635,-0.032845672219991684,-0.25335267186164856,-0.28943416476249695,-0.25335267186164856
486,back,forward,0.10203157468161317,0.03945385231765963,0.3775140409112898,0.8801776281591741,2.0360560967405217,1,65,18.372065988582076,0.1274084597826004,0.026398665626169215,0.246514692902565,-0.07229899615049362,-0.01516658440232277,-0.07511130720376968,0.11221083253622055,-0.032845672219991684,-0.25335267186164856,-0.0326605960726738,-0.006838057190179825
486,back,backward,0.10203157468161317,0.03945385231765963,0.3775140409112898,0.8801776281591741,2.0360560967405217,0,0,0.0,4.4874286686535925e-07,1.7535122913692192e-06,0.25658848881721497,-0.07229899615049362,-0.01516658440232277,-0.0722985491156578,-0.015166545286774635,-0.032845672219991684,-0.25335267186164856,-0.032845672219991684,-0.5099411606788635
487,front,stay,0.08257193001702348,0.1000338381844777,0.24319645385640054,0.666000953641839,-1.6818929956475135,0,0,0.0,9.528158102511952e-07,8.062580121315222e-07,0.0,-0.0777144730091095,-0.012851890176534653,-0.07771353423595428,-0.01285205315798521,-0.17774862051010132,0.19918519258499146,-0.17774862051010132,0.19918519258499146
487,front,right,0.08257193001702348,0.1000338381844777,0.24319645385640054,0.666000953641839,-1.6818929956475135,0,0,0.0,9.528158102511952e-07,8.062580121315222e-07,0.25658848881721497,-0.0777144730091095,-0.012851890176534653,-0.07771353423595428,-0.01285205315798521,-0.17774862051010132,0.19918519258499146,0.07883987575769424,0.19918519258499146
487,front,left,0.08257193001702348,0.1000338381844777,0.24319645385640054,0.666000953641839,-1.6818929956475135,0,0,0.0,9.528158102511952e-07,8.062580121315222e-07,0.25658848881721497,-0.0777144730091095,-0.012851890176534653,-0.07771353423595428,-0.01285205315798521,-0.17774862051010132,0.19918519258499146,-0.4343371093273163,0.19918519258499146
487,front,forward,0.08257193001702348,0.1000338381844777,0.24319645385640054,0.666000953641839,-1.6818929956475135,0,0,0.0,9.528158102511952e-07,8.062580121315222e-07,0.25658848881721497,-0.0777144730091095,-0.012851890176534653,-0.07771353423595428,-0.01285205315798521,-0.17774862051010132,0.19918519258499146,-0.17774862051010132,0.4557736814022064
487,front,backward,0.08257193001702348,0.1000338381844777,0.24319645385640054,0.666000953641839,-1.6818929956475135,0,0,0.0,9.528158102511952e-07,8.062580121315222e-07,0.25658848881721497,-0.0777144730091095,-0.012851890176534653,-0.07771353423595428,-0.01285205315798521,-0.17774862051010132,0.19918519258499146,-0.17774862051010132,-0.05740330368280411
488,left,stay,0.030154282613298944,0.12157133631426123,0.22991065917567666,1.002324572970553,0.42794048726503187,0,0,0.0,8.97168703772877e-08,1.6876955671873972e-07,0.0,-0.09617296606302261,-0.04335032030940056,-0.09617297351360321,-0.043350230902433395,-0.2623370885848999,-0.16492126882076263,-0.2623370885848999,-0.16492126882076263
488,left,right,0.030154282613298944,0.12157133631426123,0.22991065917567666,1.002324572970553,0.42794048726503187,0,0,0.0,8.97168703772877e-08,1.6876955671873972e-07,0.25658848881721497,-0.09617296606302261,-0.04335032030940056,-0.09617297351360321,-0.043350230902433395,-0.2623370885848999,-0.16492126882076263,-0.005748593248426914,-0.16492126882076263
488,left,left,0.030154282613298944,0.12157133631426123,0.22991065917567666,1.002324572970553,0.42794048726503187,0,0,0.0,8.97168703772877e-08,1.6876955671873972e-07,0.25658851861953735,-0.09617296606302261,-0.04335032030940056,-0.09617297351360321,-0.043350230902433395,-0.2623370885848999,-0.16492126882076263,-0.5189256072044373,-0.16492126882076263
488,left,forward,0.030154282613298944,0.12157133631426123,0.22991065917567666,1.002324572970553,0.42794048726503187,0,0,0.0,8.97168703772877e-08,1.6876955671873972e-07,0.25658848881721497,-0.09617296606302261,-0.04335032030940056,-0.09617297351360321,-0.043350230902433395,-0.2623370885848999,-0.16492126882076263,-0.2623370885848999,0.09166722744703293
488,left,backward,0.030154282613298944,0.12157133631426123,0.22991065917567666,1.002324572970553,0.42794048726503187,0,0,0.0,8.97168703772877e-08,1.6876955671873972e-07,0.25658851861953735,-0.09617296606302261,-0.04335032030940056,-0.09617297351360321,-0.043350230902433395,-0.2623370885848999,-0.16492126882076263,-0.2623370885848999,-0.4215097725391388
489,right,stay,0.09540063755614303,0.04472046306844207,0.2528220094236037,0.9791827503593427,2.6176743857863123,0,0,0.0,1.9148137653246522e-07,9.029112257863403e-08,0.0,-0.02246466465294361,-0.037083473056554794,-0.02246454916894436,-0.03708362579345703,0.20904679596424103,0.0076371170580387115,0.20904679596424103,0.0076371170580387115
489,right,right,0.09540063755614303,0.04472046306844207,0.2528220094236037,0.9791827503593427,2.6176743857863123,0,0,0.0,1.9148137653246522e-07,9.029112257863403e-08,0.25658851861953735,-0.02246466465294361,-0.037083473056554794,-0.02246454916894436,-0.03708362579345703,0.20904679596424103,0.0076371170580387115,0.4656352996826172,0.0076371170580387115
489,right,left,0.09540063755614303,0.04472046306844207,0.2528220094236037,0.9791827503593427,2.6176743857863123,1,56,11.18546588069453,0.07190380245447159,0.0025234196916525953,0.2508465051651001,-0.02246466465294361,-0.037083473056554794,-0.09026143699884415,-0.06103665381669998,0.20904679596424103,0.0076371170580387115,-0.04179523512721062,0.009136958979070187
489,right,forward,0.09540063755614303,0.04472046306844207,0.2528220094236037,0.9791827503593427,2.6176743857863123,0,0,0.0,1.9148137653246522e-07,9.029112257863403e-08,0.25658848881721497,-0.02246466465294361,-0.037083473056554794,-0.02246454916894436,-0.03708362579345703,0.20904679596424103,0.0076371170580387115,0.20904679596424103,0.2642256021499634
489,right,backward,0.09540063755614303,0.04472046306844207,0.2528220094236037,0.9791827503593427,2.6176743857863123,0,0,0.0,1.9148137653246522e-07,9.029112257863403e-08,0.25658848881721497,-0.02246466465294361,-0.037083473056554794,-0.02246454916894436,-0.03708362579345703,0.20904679596424103,0.0076371170580387115,0.20904679596424103,-0.24895137548446655
490,back,stay,0.08488339662224308,0.05536290068235017,0.2290512044447714,0.9266105537222892,-2.6041526193734423,0,0,0.0,5.637387090473567e-08,3.9780317484527927e-07,0.0,0.06609359383583069,-0.05275190994143486,0.06609358638525009,-0.05275185406208038,0.12145654857158661,-0.25980639457702637,0.12145654857158661,-0.25980639457702637
490,back,right,0.08488339662224308,0.05536290068235017,0.2290512044447714,0.9266105537222892,-2.6041526193734423,0,0,0.0,5.637387090473567e-08,3.9780317484527927e-07,0.25658851861953735,0.06609359383583069,-0.05275190994143486,0.06609358638525009,-0.05275185406208038,0.12145654857158661,-0.25980639457702637,0.37804505228996277,-0.25980639457702637
490,back,left,0.08488339662224308,0.05536290068235017,0.2290512044447714,0.9266105537222892,-2.6041526193734423,0,0,0.0,5.637387090473567e-08,3.9780317484527927e-07,0.25658848881721497,0.06609359383583069,-0.05275190994143486,0.06609358638525009,-0.05275185406208038,0.12145654857158661,-0.25980639457702637,-0.13513194024562836,-0.25980639457702637
490,back,forward,0.08488339662224308,0.05536290068235017,0.2290512044447714,0.9266105537222892,-2.6041526193734423,1,54,16.640260910755064,0.10833191126585007,0.02939918018788834,0.25109145045280457,0.06609359383583069,-0.05275190994143486,0.06436809152364731,0.05556625872850418,0.12145654857158661,-0.25980639457702637,0.12165175378322601,-0.008715025149285793
490,back,backward,0.08488339662224308,0.05536290068235017,0.2290512044447714,0.9266105537222892,-2.6041526193734423,0,0,0.0,5.637387090473567e-08,3.9780317484527927e-07,0.25658851861953735,0.06609359383583069,-0.05275190994143486,0.06609358638525009,-0.05275185406208038,0.12145654857158661,-0.25980639457702637,0.12145654857158661,-0.5163949131965637
491,front,stay,0.08595631434261292,0.13425102333671782,0.24439213247001013,0.8327665542066073,0.38713175417357615,0,0,0.0,1.4547723026225867e-07,1.6194268148694846e-11,0.0,0.08503202348947525,0.05650453269481659,0.08503201603889465,0.05650467798113823,-0.04921901226043701,0.2562214732170105,-0.04921901226043701,0.2562214732170105
491,front,right,0.08595631434261292,0.13425102333671782,0.24439213247001013,0.8327665542066073,0.38713175417357615,0,0,0.0,1.4547723026225867e-07,1.6194268148694846e-11,0.25658848881721497,0.08503202348947525,0.05650453269481659,0.08503201603889465,0.05650467798113823,-0.04921901226043701,0.2562214732170105,0.20736947655677795,0.2562214732170105
491,front,left,0.08595631434261292,0.13425102333671782,0.24439213247001013,0.8327665542066073,0.38713175417357615,0,0,0.0,1.4547723026225867e-07,1.6194268148694846e-11,0.25658848881721497,0.08503202348947525,0.05650453269481659,0.08503201603889465,0.05650467798113823,-0.04921901226043701,0.2562214732170105,-0.305807501077652,0.2562214732170105
491,front,forward,0.08595631434261292,0.13425102333671782,0.24439213247001013,0.8327665542066073,0.38713175417357615,0,0,0.0,1.4547723026225867e-07,1.6194268148694846e-11,0.25658851861953735,0.08503202348947525,0.05650453269481659,0.08503201603889465,0.05650467798113823,-0.04921901226043701,0.2562214732170105,-0.04921901226043701,0.5128099918365479
491,front,backward,0.08595631434261292,0.13425102333671782,0.24439213247001013,0.8327665542066073,0.38713175417357615,1,13,3.7305030822036818,0.0023686408530920744,0.014102678972071849,0.2561276853084564,0.08503202348947525,0.05650453269481659,0.0860232263803482,0.0543532595038414,-0.04921901226043701,0.2562214732170105,-0.049553282558918,9.400827548233792e-05
492,left,stay,0.08304486193936701,-0.039324521048918884,0.35857315900244785,0.7800852609426998,1.2001188964599727,0,0,0.0,5.066942776466021e-08,1.907580382543017e-07,0.0,-0.07298532873392105,0.028584105893969536,-0.07298535853624344,0.02858414687216282,-0.2687646448612213,0.06790859997272491,-0.2687646448612213,0.06790859997272491
492,left,right,0.08304486193936701,-0.039324521048918884,0.35857315900244785,0.7800852609426998,1.2001188964599727,1,64,21.918886406747397,0.12746818363666534,0.018701751542781864,0.24807299673557281,-0.07298532873392105,0.028584105893969536,0.05447777360677719,0.027446385473012924,-0.2687646448612213,0.06790859997272491,-0.020691750571131706,0.06813862174749374
492,left,left,0.08304486193936701,-0.039324521048918884,0.35857315900244785,0.7800852609426998,1.2001188964599727,0,0,0.0,5.066942776466021e-08,1.907580382543017e-07,0.25658848881721497,-0.07298532873392105,0.028584105893969536,-0.07298535853624344,0.02858414687216282,-0.2687646448612213,0.06790859997272491,-0.5253531336784363,0.06790859997272491
492,left,forward,0.08304486193936701,-0.039324521048918884,0.35857315900244785,0.7800852609426998,1.2001188964599727,0,0,0.0,5.066942776466021e-08,1.907580382543017e-07,0.25658851861953735,-0.07298532873392105,0.028584105893969536,-0.07298535853624344,0.02858414687216282,-0.2687646448612213,0.06790859997272491,-0.2687646448612213,0.3244971036911011
492,left,backward,0.08304486193936701,-0.039324521048918884,0.35857315900244785,0.7800852609426998,1.2001188964599727,0,0,0.0,5.066942776466021e-08,1.907580382543017e-07,0.25658848881721497,-0.07298532873392105,0.028584105893969536,-0.07298535853624344,0.02858414687216282,-0.2687646448612213,0.06790859997272491,-0.2687646448612213,-0.18867988884449005
493,right,stay,0.08636260944349622,0.014913650472889506,0.3053283341463985,0.8022679230895013,2.6532417253925997,0,0,0.0,2.0050923410508403e-07,5.025918059509138e-07,0.0,-0.05717097222805023,0.045186083763837814,-0.05717085674405098,0.04518591985106468,0.16536830365657806,0.060099951922893524,0.16536830365657806,0.060099951922893524
493,right,right,0.08636260944349622,0.014913650472889506,0.3053283341463985,0.8022679230895013,2.6532417253925997,0,0,0.0,2.0050923410508403e-07,5.025918059509138e-07,0.25658851861953735,-0.05717097222805023,0.045186083763837814,-0.05717085674405098,0.04518591985106468,0.16536830365657806,0.060099951922893524,0.4219568073749542,0.060099951922893524
493,right,left,0.08636260944349622,0.014913650472889506,0.3053283341463985,0.8022679230895013,2.6532417253925997,1,78,21.39121821226681,0.15784424543380737,0.0010843306758827609,0.24762222170829773,-0.05717097222805023,0.045186083763837814,-0.21501514315605164,0.04503055661916733,0.16536830365657806,0.060099951922893524,-0.08225391060113907,0.06010495498776436
493,right,forward,0.08636260944349622,0.014913650472889506,0.3053283341463985,0.8022679230895013,2.6532417253925997,0,0,0.0,2.0050923410508403e-07,5.025918059509138e-07,0.25658848881721497,-0.05717097222805023,0.045186083763837814,-0.05717085674405098,0.04518591985106468,0.16536830365657806,0.060099951922893524,0.16536830365657806,0.3166884481906891
493,right,backward,0.08636260944349622,0.014913650472889506,0.3053283341463985,0.8022679230895013,2.6532417253925997,0,0,0.0,2.0050923410508403e-07,5.025918059509138e-07,0.25658848881721497,-0.05717097222805023,0.045186083763837814,-0.05717085674405098,0.04518591985106468,0.16536830365657806,0.060099951922893524,0.16536830365657806,-0.19648854434490204
494,back,stay,0.06628358030177635,0.13479557610662715,0.24188508186043112,0.7228071428095714,0.3703066644322819,0,0,0.0,1.2678307825808588e-07,2.3232138435247407e-11,0.0,0.02873138152062893,-0.0692521259188652,0.02873137593269348,-0.06925199925899506,0.1635269671678543,-0.24824663996696472,0.1635269671678543,-0.24824663996696472
494,back,right,0.06628358030177635,0.13479557610662715,0.24188508186043112,0.7228071428095714,0.3703066644322819,0,0,0.0,1.2678307825808588e-07,2.3232138435247407e-11,0.25658851861953735,0.02873138152062893,-0.0692521259188652,0.02873137593269348,-0.06925199925899506,0.1635269671678543,-0.24824663996696472,0.42011547088623047,-0.24824663996696472
494,back,left,0.06628358030177635,0.13479557610662715,0.24188508186043112,0.7228071428095714,0.3703066644322819,0,0,0.0,1.2678307825808588e-07,2.3232138435247407e-11,0.25658848881721497,0.02873138152062893,-0.0692521259188652,0.02873137593269348,-0.06925199925899506,0.1635269671678543,-0.24824663996696472,-0.09306152909994125,-0.24824663996696472
494,back,forward,0.06628358030177635,0.13479557610662715,0.24188508186043112,0.7228071428095714,0.3703066644322819,1,12,3.085452751077109,0.000561267719604075,0.0022831655093733527,0.25636470317840576,0.02873138152062893,-0.0692521259188652,0.028445465490221977,-0.06876914203166962,0.1635269671678543,-0.24824663996696472,0.1637437343597412,0.00811797846108675
494,back,backward,0.06628358030177635,0.13479557610662715,0.24188508186043112,0.7228071428095714,0.3703066644322819,0,0,0.0,1.2678307825808588e-07,2.3232138435247407e-11,0.25658848881721497,0.02873138152062893,-0.0692521259188652,0.02873137593269348,-0.06925199925899506,0.1635269671678543,-0.24824663996696472,0.1635269671678543,-0.5048351287841797
495,front,stay,0.07556832358077581,0.1130777784454988,0.3053538899273548,0.9753676664999782,-2.8247655886258687,0,0,0.0,1.1182078196725342e-07,8.255085504060844e-11,0.0,0.05151179060339928,-0.0774269625544548,0.05151178687810898,-0.07742707431316376,-0.06156603991985321,0.1073831170797348,-0.06156603991985321,0.1073831170797348
495,front,right,0.07556832358077581,0.1130777784454988,0.3053538899273548,0.9753676664999782,-2.8247655886258687,0,0,0.0,1.1182078196725342e-07,8.255085504060844e-11,0.25658848881721497,0.05151179060339928,-0.0774269625544548,0.05151178687810898,-0.07742707431316376,-0.06156603991985321,0.1073831170797348,0.19502244889736176,0.1073831170797348
495,front,left,0.07556832358077581,0.1130777784454988,0.3053538899273548,0.9753676664999782,-2.8247655886258687,0,0,0.0,1.1182078196725342e-07,8.255085504060844e-11,0.25658851861953735,0.05151179060339928,-0.0774269625544548,0.05151178687810898,-0.07742707431316376,-0.06156603991985321,0.1073831170797348,-0.31815454363822937,0.1073831170797348
495,front,forward,0.07556832358077581,0.1130777784454988,0.3053538899273548,0.9753676664999782,-2.8247655886258687,0,0,0.0,1.1182078196725342e-07,8.255085504060844e-11,0.25658851861953735,0.05151179060339928,-0.0774269625544548,0.05151178687810898,-0.07742707431316376,-0.06156603991985321,0.1073831170797348,-0.06156603991985321,0.36397162079811096
495,front,backward,0.07556832358077581,0.1130777784454988,0.3053538899273548,0.9753676664999782,-2.8247655886258687,1,58,9.05914956534706,0.07707016915082932,0.35892413995743366,0.24978892505168915,0.05151179060339928,-0.0774269625544548,0.05759098380804062,-0.15425699949264526,-0.06156603991985321,0.1073831170797348,-0.06333213299512863,-0.14239956438541412
496,left,stay,0.10122949157930404,-0.1398950579067779,0.32416637843143936,0.9898716358623149,1.843194238975495,0,0,0.0,1.4801174756939872e-06,3.1925842596258742e-06,0.0,-0.0937289297580719,-0.05754877254366875,-0.09372749924659729,-0.05754915252327919,-0.3011680841445923,0.08234630525112152,-0.3011680841445923,0.08234630525112152
496,left,right,0.10122949157930404,-0.1398950579067779,0.32416637843143936,0.9898716358623149,1.843194238975495,0,0,0.0,1.4801174756939872e-06,3.1925842596258742e-06,0.25658848881721497,-0.0937289297580719,-0.05754877254366875,-0.09372749924659729,-0.05754915252327919,-0.3011680841445923,0.08234630525112152,-0.04457958787679672,0.08234630525112152
496,left,left,0.10122949157930404,-0.1398950579067779,0.32416637843143936,0.9898716358623149,1.843194238975495,0,0,0.0,1.4801174756939872e-06,3.1925842596258742e-06,0.25658851861953735,-0.0937289297580719,-0.05754877254366875,-0.09372749924659729,-0.05754915252327919,-0.3011680841445923,0.08234630525112152,-0.5577566027641296,0.08234630525112152
496,left,forward,0.10122949157930404,-0.1398950579067779,0.32416637843143936,0.9898716358623149,1.843194238975495,0,0,0.0,1.4801174756939872e-06,3.1925842596258742e-06,0.25658851861953735,-0.0937289297580719,-0.05754877254366875,-0.09372749924659729,-0.05754915252327919,-0.3011680841445923,0.08234630525112152,-0.3011680841445923,0.3389348089694977
496,left,backward,0.10122949157930404,-0.1398950579067779,0.32416637843143936,0.9898716358623149,1.843194238975495,0,0,0.0,1.4801174756939872e-06,3.1925842596258742e-06,0.25658848881721497,-0.0937289297580719,-0.05754877254366875,-0.09372749924659729,-0.05754915252327919,-0.3011680841445923,0.08234630525112152,-0.3011680841445923,-0.17424218356609344
497,right,stay,0.019828656825250198,-0.04348097805636862,0.30648193523362977,0.8824671083220611,-0.6143371004313711,0,0,0.0,1.794337407545754e-07,5.258270097119322e-07,0.0,-0.08131172508001328,-0.022060735151171684,-0.08131185919046402,-0.022060615941882133,0.07391417771577835,-0.06554180383682251,0.07391417771577835,-0.06554180383682251
497,right,right,0.019828656825250198,-0.04348097805636862,0.30648193523362977,0.8824671083220611,-0.6143371004313711,0,0,0.0,1.794337407545754e-07,5.258270097119322e-07,0.25658848881721497,-0.08131172508001328,-0.022060735151171684,-0.08131185919046402,-0.022060615941882133,0.07391417771577835,-0.06554180383682251,0.3305026590824127,-0.06554180383682251
497,right,left,0.019828656825250198,-0.04348097805636862,0.30648193523362977,0.8824671083220611,-0.6143371004313711,1,105,13.872942548088274,0.20978838205337524,0.02103289056979829,0.24404339492321014,-0.08131172508001328,-0.022060735151171684,-0.2910793721675873,-0.019110115244984627,0.07391417771577835,-0.06554180383682251,-0.17012916505336761,-0.06568828225135803
497,right,forward,0.019828656825250198,-0.04348097805636862,0.30648193523362977,0.8824671083220611,-0.6143371004313711,0,0,0.0,1.794337407545754e-07,5.258270097119322e-07,0.25658848881721497,-0.08131172508001328,-0.022060735151171684,-0.08131185919046402,-0.022060615941882133,0.07391417771577835,-0.06554180383682251,0.07391417771577835,0.19104668498039246
497,right,backward,0.019828656825250198,-0.04348097805636862,0.30648193523362977,0.8824671083220611,-0.6143371004313711,0,0,0.0,1.794337407545754e-07,5.258270097119322e-07,0.25658848881721497,-0.08131172508001328,-0.022060735151171684,-0.08131185919046402,-0.022060615941882133,0.07391417771577835,-0.06554180383682251,0.07391417771577835,-0.3221302926540375
498,back,stay,0.050631525870162175,-0.036997038508570376,0.3151979657106965,0.7589797034293498,-2.7247372071332556,0,0,0.0,8.229434911299904e-08,1.739211401563523e-07,0.0,-0.057227279990911484,-0.08776199072599411,-0.05722727254033089,-0.08776207268238068,-0.09422430396080017,-0.25395581126213074,-0.09422430396080017,-0.25395581126213074
498,back,right,0.050631525870162175,-0.036997038508570376,0.3151979657106965,0.7589797034293498,-2.7247372071332556,0,0,0.0,8.229434911299904e-08,1.739211401563523e-07,0.25658848881721497,-0.057227279990911484,-0.08776199072599411,-0.05722727254033089,-0.08776207268238068,-0.09422430396080017,-0.25395581126213074,0.1623641848564148,-0.25395581126213074
498,back,left,0.050631525870162175,-0.036997038508570376,0.3151979657106965,0.7589797034293498,-2.7247372071332556,0,0,0.0,8.229434911299904e-08,1.739211401563523e-07,0.25658848881721497,-0.057227279990911484,-0.08776199072599411,-0.05722727254033089,-0.08776207268238068,-0.09422430396080017,-0.25395581126213074,-0.35081279277801514,-0.25395581126213074
498,back,forward,0.050631525870162175,-0.036997038508570376,0.3151979657106965,0.7589797034293498,-2.7247372071332556,1,94,14.646713257852465,0.18914581835269928,0.015017300930862287,0.24659276008605957,-0.057227279990911484,-0.08776199072599411,-0.05580337718129158,0.10137847810983658,-0.09422430396080017,-0.25395581126213074,-0.09438925236463547,-0.007363096810877323
498,back,backward,0.050631525870162175,-0.036997038508570376,0.3151979657106965,0.7589797034293498,-2.7247372071332556,0,0,0.0,8.229434911299904e-08,1.739211401563523e-07,0.25658848881721497,-0.057227279990911484,-0.08776199072599411,-0.05722727254033089,-0.08776207268238068,-0.09422430396080017,-0.25395581126213074,-0.09422430396080017,-0.5105443000793457
499,front,stay,0.028461296388780498,-0.11017863054664583,0.3339754241222588,0.9643677240441925,1.928522625353355,0,0,0.0,6.709246918035205e-07,2.6953394081097315e-06,0.0,-0.07618089765310287,-0.08972901105880737,-0.07618022710084915,-0.08972903341054916,0.03399737924337387,0.07410790771245956,0.03399737924337387,0.07410790771245956
499,front,right,0.028461296388780498,-0.11017863054664583,0.3339754241222588,0.9643677240441925,1.928522625353355,0,0,0.0,6.709246918035205e-07,2.6953394081097315e-06,0.25658848881721497,-0.07618089765310287,-0.08972901105880737,-0.07618022710084915,-0.08972903341054916,0.03399737924337387,0.07410790771245956,0.29058587551116943,0.07410790771245956
499,front,left,0.028461296388780498,-0.11017863054664583,0.3339754241222588,0.9643677240441925,1.928522625353355,0,0,0.0,6.709246918035205e-07,2.6953394081097315e-06,0.25658848881721497,-0.07618089765310287,-0.08972901105880737,-0.07618022710084915,-0.08972903341054916,0.03399737924337387,0.07410790771245956,-0.2225911170244217,0.07410790771245956
499,front,forward,0.028461296388780498,-0.11017863054664583,0.3339754241222588,0.9643677240441925,1.928522625353355,0,0,0.0,6.709246918035205e-07,2.6953394081097315e-06,0.25658848881721497,-0.07618089765310287,-0.08972901105880737,-0.07618022710084915,-0.08972903341054916,0.03399737924337387,0.07410790771245956,0.03399737924337387,0.3306964039802551
499,front,backward,0.028461296388780498,-0.11017863054664583,0.3339754241222588,0.9643677240441925,1.928522625353355,1,13,3.4405077082760283,0.0008589850040152669,0.01043202400756815,0.25610506534576416,-0.07618089765310287,-0.08972901105880737,-0.07670140266418457,-0.09041233360767365,0.03399737924337387,0.07410790771245956,0.03430243954062462,-0.18199697136878967
500,left,stay,0.09400989647791282,0.024699823892538025,0.3283784347345055,0.7656054209494625,-0.04216351035749977,0,0,0.0,7.981711291904503e-07,1.9874783474052586e-06,0.0,0.012642980553209782,-0.08515717089176178,0.012643138878047466,-0.0851563885807991,-0.2081882357597351,-0.1098572313785553,-0.2081882357597351,-0.1098572313785553
500,left,right,0.09400989647791282,0.024699823892538025,0.3283784347345055,0.7656054209494625,-0.04216351035749977,1,76,16.924784310238852,0.15260833501815796,0.005589897489625739,0.24743396043777466,0.012642980553209782,-0.08515717089176178,0.16524970531463623,-0.08445710688829422,-0.2081882357597351,-0.1098572313785553,0.03924573212862015,-0.1098853200674057
500,left,left,0.09400989647791282,0.024699823892538025,0.3283784347345055,0.7656054209494625,-0.04216351035749977,0,0,0.0,7.981711291904503e-07,1.9874783474052586e-06,0.25658848881721497,0.012642980553209782,-0.08515717089176178,0.012643138878047466,-0.0851563885807991,-0.2081882357597351,-0.1098572313785553,-0.4647767245769501,-0.1098572313785553
500,left,forward,0.09400989647791282,0.024699823892538025,0.3283784347345055,0.7656054209494625,-0.04216351035749977,0,0,0.0,7.981711291904503e-07,1.9874783474052586e-06,0.25658848881721497,0.012642980553209782,-0.08515717089176178,0.012643138878047466,-0.0851563885807991,-0.2081882357597351,-0.1098572313785553,-0.2081882357597351,0.14673125743865967
500,left,backward,0.09400989647791282,0.024699823892538025,0.3283784347345055,0.7656054209494625,-0.04216351035749977,0,0,0.0,7.981711291904503e-07,1.9874783474052586e-06,0.25658848881721497,0.012642980553209782,-0.08515717089176178,0.012643138878047466,-0.0851563885807991,-0.2081882357597351,-0.1098572313785553,-0.2081882357597351,-0.36644572019577026
501,right,stay,0.031207844852186438,0.027548162724752412,0.34184266334954033,0.980623569532446,0.43661761425489143,0,0,0.0,7.820649017276082e-09,3.285064646418867e-07,0.0,-0.000956439645960927,-0.029849346727132797,-0.0009564451174810529,-0.02984934113919735,0.1663067638874054,-0.0023008696734905243,0.1663067638874054,-0.0023008696734905243
501,right,right,0.031207844852186438,0.027548162724752412,0.34184266334954033,0.980623569532446,0.43661761425489143,0,0,0.0,7.820649017276082e-09,3.285064646418867e-07,0.25658848881721497,-0.000956439645960927,-0.029849346727132797,-0.0009564451174810529,-0.02984934113919735,0.1663067638874054,-0.0023008696734905243,0.42289525270462036,-0.0023008696734905243
501,right,left,0.031207844852186438,0.027548162724752412,0.34184266334954033,0.980623569532446,0.43661761425489143,1,100,23.601248957176555,0.19944219291210175,0.010670498411106177,0.2420305609703064,-0.000956439645960927,-0.029849346727132797,-0.20039336383342743,-0.03129979595541954,0.1663067638874054,-0.0023008696734905243,-0.07572376728057861,-0.0022033436689525843
501,right,forward,0.031207844852186438,0.027548162724752412,0.34184266334954033,0.980623569532446,0.43661761425489143,0,0,0.0,7.820649017276082e-09,3.285064646418867e-07,0.25658848881721497,-0.000956439645960927,-0.029849346727132797,-0.0009564451174810529,-0.02984934113919735,0.1663067638874054,-0.0023008696734905243,0.1663067638874054,0.25428763031959534
501,right,backward,0.031207844852186438,0.027548162724752412,0.34184266334954033,0.980623569532446,0.43661761425489143,0,0,0.0,7.820649017276082e-09,3.285064646418867e-07,0.25658851861953735,-0.000956439645960927,-0.029849346727132797,-0.0009564451174810529,-0.02984934113919735,0.1663067638874054,-0.0023008696734905243,0.1663067638874054,-0.258889377117157
502,back,stay,0.04754624826566632,-0.05356129512633015,0.30747432818509735,0.7721918679173847,-3.024306579916622,0,0,0.0,4.2284915480195195e-07,7.829335237907743e-07,0.0,-0.04093259200453758,-0.028261693194508553,-0.040932487696409225,-0.028261283412575722,-0.09449400007724762,-0.17044571042060852,-0.09449400007724762,-0.17044571042060852
502,back,right,0.04754624826566632,-0.05356129512633015,0.30747432818509735,0.7721918679173847,-3.024306579916622,0,0,0.0,4.2284915480195195e-07,7.829335237907743e-07,0.25658848881721497,-0.04093259200453758,-0.028261693194508553,-0.040932487696409225,-0.028261283412575722,-0.09449400007724762,-0.17044571042060852,0.16209448873996735,-0.17044571042060852
502,back,left,0.04754624826566632,-0.05356129512633015,0.30747432818509735,0.7721918679173847,-3.024306579916622,0,0,0.0,4.2284915480195195e-07,7.829335237907743e-07,0.25658851861953735,-0.04093259200453758,-0.028261693194508553,-0.040932487696409225,-0.028261283412575722,-0.09449400007724762,-0.17044571042060852,-0.3510825037956238,-0.17044571042060852
502,back,forward,0.04754624826566632,-0.05356129512633015,0.30747432818509735,0.7721918679173847,-3.024306579916622,1,97,14.560117617213637,0.1948844939470291,0.023918166580307876,0.24646557867527008,-0.04093259200453758,-0.028261693194508553,-0.03895380347967148,0.16661275923252106,-0.09449400007724762,-0.17044571042060852,-0.09482842683792114,0.07601963728666306
502,back,backward,0.04754624826566632,-0.05356129512633015,0.30747432818509735,0.7721918679173847,-3.024306579916622,0,0,0.0,4.2284915480195195e-07,7.829335237907743e-07,0.25658848881721497,-0.04093259200453758,-0.028261693194508553,-0.040932487696409225,-0.028261283412575722,-0.09449400007724762,-0.17044571042060852,-0.09449400007724762,-0.4270341992378235
503,front,stay,0.054830278787857456,0.06414897468563036,0.3018429550884487,0.7140291066872593,-1.9107513413329562,0,0,0.0,7.450580596923828e-08,2.1464878185994962e-07,0.0,-0.06962213665246964,0.08893808722496033,-0.06962207704782486,0.08893804252147675,-0.13377133011817932,0.2789088487625122,-0.13377133011817932,0.2789088487625122
503,front,right,0.054830278787857456,0.06414897468563036,0.3018429550884487,0.7140291066872593,-1.9107513413329562,0,0,0.0,7.450580596923828e-08,2.1464878185994962e-07,0.25658848881721497,-0.06962213665246964,0.08893808722496033,-0.06962207704782486,0.08893804252147675,-0.13377133011817932,0.2789088487625122,0.12281716614961624,0.2789088487625122
503,front,left,0.054830278787857456,0.06414897468563036,0.3018429550884487,0.7140291066872593,-1.9107513413329562,0,0,0.0,7.450580596923828e-08,2.1464878185994962e-07,0.25658848881721497,-0.06962213665246964,0.08893808722496033,-0.06962207704782486,0.08893804252147675,-0.13377133011817932,0.2789088487625122,-0.3903598189353943,0.2789088487625122
503,front,forward,0.054830278787857456,0.06414897468563036,0.3018429550884487,0.7140291066872593,-1.9107513413329562,0,0,0.0,7.450580596923828e-08,2.1464878185994962e-07,0.25658851861953735,-0.06962213665246964,0.08893808722496033,-0.06962207704782486,0.08893804252147675,-0.13377133011817932,0.2789088487625122,-0.13377133011817932,0.5354973673820496
503,front,backward,0.054830278787857456,0.06414897468563036,0.3018429550884487,0.7140291066872593,-1.9107513413329562,1,67,5.999900844559165,0.045298703014850616,0.006152663289551442,0.25190430879592896,-0.06962213665246964,0.08893808722496033,-0.03589809313416481,0.05869471654295921,-0.13377133011817932,0.2789088487625122,-0.13683858513832092,0.027023235335946083
504,left,stay,0.05658167819021559,-0.12965072834735947,0.26377264442496995,0.7111273974857142,-2.4847071987059968,0,0,0.0,6.333678470582527e-08,3.1268043443333227e-07,0.0,-0.003525047330185771,0.051016129553318024,-0.0035250482615083456,0.0510161928832531,-0.19489739835262299,0.18066659569740295,-0.19489739835262299,0.18066659569740295
504,left,right,0.05658167819021559,-0.12965072834735947,0.26377264442496995,0.7111273974857142,-2.4847071987059968,0,0,0.0,6.333678470582527e-08,3.1268043443333227e-07,0.25658848881721497,-0.003525047330185771,0.051016129553318024,-0.0035250482615083456,0.0510161928832531,-0.19489739835262299,0.18066659569740295,0.06169109791517258,0.18066659569740295
504,left,left,0.05658167819021559,-0.12965072834735947,0.26377264442496995,0.7111273974857142,-2.4847071987059968,0,0,0.0,6.333678470582527e-08,3.1268043443333227e-07,0.25658851861953735,-0.003525047330185771,0.051016129553318024,-0.0035250482615083456,0.0510161928832531,-0.19489739835262299,0.18066659569740295,-0.45148590207099915,0.18066659569740295
504,left,forward,0.05658167819021559,-0.12965072834735947,0.26377264442496995,0.7111273974857142,-2.4847071987059968,0,0,0.0,6.333678470582527e-08,3.1268043443333227e-07,0.25658848881721497,-0.003525047330185771,0.051016129553318024,-0.0035250482615083456,0.0510161928832531,-0.19489739835262299,0.18066659569740295,-0.19489739835262299,0.4372550845146179
504,left,backward,0.05658167819021559,-0.12965072834735947,0.26377264442496995,0.7111273974857142,-2.4847071987059968,0,0,0.0,6.333678470582527e-08,3.1268043443333227e-07,0.25658848881721497,-0.003525047330185771,0.051016129553318024,-0.0035250482615083456,0.0510161928832531,-0.19489739835262299,0.18066659569740295,-0.19489739835262299,-0.07592190057039261
505,right,stay,0.07254775671250586,-0.08063294282894502,0.3116975944971641,0.9222306951616417,-0.8333783463545683,0,0,0.0,2.363798756732649e-07,8.956203559895569e-07,0.0,0.014450294896960258,-0.030502352863550186,0.014450063928961754,-0.030502302572131157,0.2174600213766098,-0.11113518476486206,0.2174600213766098,-0.11113518476486206
505,right,right,0.07254775671250586,-0.08063294282894502,0.3116975944971641,0.9222306951616417,-0.8333783463545683,0,0,0.0,2.363798756732649e-07,8.956203559895569e-07,0.25658851861953735,0.014450294896960258,-0.030502352863550186,0.014450063928961754,-0.030502302572131157,0.2174600213766098,-0.11113518476486206,0.47404852509498596,-0.11113518476486206
505,right,left,0.07254775671250586,-0.08063294282894502,0.3116975944971641,0.9222306951616417,-0.8333783463545683,1,71,13.183623720795229,0.11701637506484985,0.16534074083603312,0.24783268570899963,0.014450294896960258,-0.030502352863550186,-0.10069435089826584,-0.00965668074786663,0.2174600213766098,-0.11113518476486206,-0.03036539815366268,-0.1130327507853508
505,right,forward,0.07254775671250586,-0.08063294282894502,0.3116975944971641,0.9222306951616417,-0.8333783463545683,0,0,0.0,2.363798756732649e-07,8.956203559895569e-07,0.25658848881721497,0.014450294896960258,-0.030502352863550186,0.014450063928961754,-0.030502302572131157,0.2174600213766098,-0.11113518476486206,0.2174600213766098,0.1454533040523529
505,right,backward,0.07254775671250586,-0.08063294282894502,0.3116975944971641,0.9222306951616417,-0.8333783463545683,0,0,0.0,2.363798756732649e-07,8.956203559895569e-07,0.25658848881721497,0.014450294896960258,-0.030502352863550186,0.014450063928961754,-0.030502302572131157,0.2174600213766098,-0.11113518476486206,0.2174600213766098,-0.367723673582077
506,back,stay,0.11463380805789904,-0.04837550828730659,0.25652408329810944,0.7485893917016468,-1.1106275652867623,0,0,0.0,5.477380113916297e-07,1.950556186347541e-06,0.0,-0.022328708320856094,0.016636013984680176,-0.02232925407588482,0.016635967418551445,-0.07070381939411163,-0.2341402769088745,-0.07070381939411163,-0.2341402769088745
506,back,right,0.11463380805789904,-0.04837550828730659,0.25652408329810944,0.7485893917016468,-1.1106275652867623,0,0,0.0,5.477380113916297e-07,1.950556186347541e-06,0.25658848881721497,-0.022328708320856094,0.016636013984680176,-0.02232925407588482,0.016635967418551445,-0.07070381939411163,-0.2341402769088745,0.18588466942310333,-0.2341402769088745
506,back,left,0.11463380805789904,-0.04837550828730659,0.25652408329810944,0.7485893917016468,-1.1106275652867623,0,0,0.0,5.477380113916297e-07,1.950556186347541e-06,0.25658851861953735,-0.022328708320856094,0.016636013984680176,-0.02232925407588482,0.016635967418551445,-0.07070381939411163,-0.2341402769088745,-0.3272923231124878,-0.2341402769088745
506,back,forward,0.11463380805789904,-0.04837550828730659,0.25652408329810944,0.7485893917016468,-1.1106275652867623,1,48,6.538569084682492,0.04652293771505356,0.00012975969116513217,0.25304973125457764,-0.022328708320856094,0.016636013984680176,0.004922832362353802,0.05434194579720497,-0.07070381939411163,-0.2341402769088745,-0.0723700299859047,0.01890397258102894
506,back,backward,0.11463380805789904,-0.04837550828730659,0.25652408329810944,0.7485893917016468,-1.1106275652867623,0,0,0.0,5.477380113916297e-07,1.950556186347541e-06,0.25658848881721497,-0.022328708320856094,0.016636013984680176,-0.02232925407588482,0.016635967418551445,-0.07070381939411163,-0.2341402769088745,-0.07070381939411163,-0.4907287657260895
507,front,stay,0.03546639933494947,0.05945746477293873,0.3506221806355392,0.7380949618569654,2.106325541870377,0,0,0.0,3.6878492437608656e-07,1.2827169273421646e-06,0.0,0.09373637288808823,-0.07356485724449158,0.09373673796653748,-0.0735648050904274,0.034278348088264465,0.09796462208032608,0.034278348088264465,0.09796462208032608
507,front,right,0.03546639933494947,0.05945746477293873,0.3506221806355392,0.7380949618569654,2.106325541870377,0,0,0.0,3.6878492437608656e-07,1.2827169273421646e-06,0.25658851861953735,0.09373637288808823,-0.07356485724449158,0.09373673796653748,-0.0735648050904274,0.034278348088264465,0.09796462208032608,0.2908668518066406,0.09796462208032608
507,front,left,0.03546639933494947,0.05945746477293873,0.3506221806355392,0.7380949618569654,2.106325541870377,0,0,0.0,3.6878492437608656e-07,1.2827169273421646e-06,0.25658848881721497,0.09373637288808823,-0.07356485724449158,0.09373673796653748,-0.0735648050904274,0.034278348088264465,0.09796462208032608,-0.2223101407289505,0.09796462208032608
507,front,forward,0.03546639933494947,0.05945746477293873,0.3506221806355392,0.7380949618569654,2.106325541870377,0,0,0.0,3.6878492437608656e-07,1.2827169273421646e-06,0.25658848881721497,0.09373637288808823,-0.07356485724449158,0.09373673796653748,-0.0735648050904274,0.034278348088264465,0.09796462208032608,0.034278348088264465,0.35455310344696045
507,front,backward,0.03546639933494947,0.05945746477293873,0.3506221806355392,0.7380949618569654,2.106325541870377,1,92,19.25475891783441,0.17997050285339355,0.07919032269688975,0.24598008394241333,0.09373637288808823,-0.07356485724449158,0.10123971849679947,-0.25337886810302734,0.034278348088264465,0.09796462208032608,0.03376545011997223,-0.14801491796970367
508,left,stay,0.04587820747748753,-0.001637094762553415,0.2826335942759466,0.8407974625583391,0.4006357224046253,0,0,0.0,6.746788017153449e-08,1.8004622276412974e-07,0.0,0.040899477899074554,-0.07094959914684296,0.04089947044849396,-0.07094953209161758,-0.14079803228378296,-0.06931212544441223,-0.14079803228378296,-0.06931212544441223
508,left,right,0.04587820747748753,-0.001637094762553415,0.2826335942759466,0.8407974625583391,0.4006357224046253,1,98,22.01394681092728,0.19945462048053741,5.104562741292674e-05,0.24612264335155487,0.040899477899074554,-0.07094959914684296,0.24035409092903137,-0.07089424133300781,-0.14079803228378296,-0.06931212544441223,0.10532461106777191,-0.06931370496749878
508,left,left,0.04587820747748753,-0.001637094762553415,0.2826335942759466,0.8407974625583391,0.4006357224046253,0,0,0.0,6.746788017153449e-08,1.8004622276412974e-07,0.25658848881721497,0.040899477899074554,-0.07094959914684296,0.04089947044849396,-0.07094953209161758,-0.14079803228378296,-0.06931212544441223,-0.3973865211009979,-0.06931212544441223
508,left,forward,0.04587820747748753,-0.001637094762553415,0.2826335942759466,0.8407974625583391,0.4006357224046253,0,0,0.0,6.746788017153449e-08,1.8004622276412974e-07,0.25658848881721497,0.040899477899074554,-0.07094959914684296,0.04089947044849396,-0.07094953209161758,-0.14079803228378296,-0.06931212544441223,-0.14079803228378296,0.18727636337280273
508,left,backward,0.04587820747748753,-0.001637094762553415,0.2826335942759466,0.8407974625583391,0.4006357224046253,0,0,0.0,6.746788017153449e-08,1.8004622276412974e-07,0.25658848881721497,0.040899477899074554,-0.07094959914684296,0.04089947044849396,-0.07094953209161758,-0.14079803228378296,-0.06931212544441223,-0.14079803228378296,-0.3259006142616272
509,right,stay,0.04723947239921568,0.04697274246324665,0.298723691483319,0.7930812992562005,1.6347667415725136,0,0,0.0,9.306224342253699e-07,3.4086998590421302e-06,0.0,-0.0105725834146142,0.05461593717336655,-0.010571680963039398,0.05461570993065834,0.12700846791267395,0.10158871859312057,0.12700846791267395,0.10158871859312057
509,right,right,0.04723947239921568,0.04697274246324665,0.298723691483319,0.7930812992562005,1.6347667415725136,0,0,0.0,9.306224342253699e-07,3.4086998590421302e-06,0.25658848881721497,-0.0105725834146142,0.05461593717336655,-0.010571680963039398,0.05461570993065834,0.12700846791267395,0.10158871859312057,0.3835969567298889,0.10158871859312057
509,right,left,0.04723947239921568,0.04697274246324665,0.298723691483319,0.7930812992562005,1.6347667415725136,1,94,20.714958005689507,0.19024448096752167,0.020286371859261187,0.246636301279068,-0.0105725834146142,0.05461593717336655,-0.20081181824207306,0.053202662616968155,0.12700846791267395,0.10158871859312057,-0.1196276992559433,0.1018490269780159
509,right,forward,0.04723947239921568,0.04697274246324665,0.298723691483319,0.7930812992562005,1.6347667415725136,0,0,0.0,9.306224342253699e-07,3.4086998590421302e-06,0.25658848881721497,-0.0105725834146142,0.05461593717336655,-0.010571680963039398,0.05461570993065834,0.12700846791267395,0.10158871859312057,0.12700846791267395,0.35817721486091614
509,right,backward,0.04723947239921568,0.04697274246324665,0.298723691483319,0.7930812992562005,1.6347667415725136,0,0,0.0,9.306224342253699e-07,3.4086998590421302e-06,0.25658848881721497,-0.0105725834146142,0.05461593717336655,-0.010571680963039398,0.05461570993065834,0.12700846791267395,0.10158871859312057,0.12700846791267395,-0.154999777674675
510,back,stay,0.07454726349637439,-0.0842484108047484,0.2508400722597017,0.9521436022095017,0.12669040984103752,0,0,0.0,4.3194094700993446e-07,7.156856248191623e-07,0.0,-0.05086088180541992,0.07381230592727661,-0.050860993564128876,0.07381188869476318,-0.13510918617248535,-0.09611374884843826,-0.13510918617248535,-0.09611374884843826
510,back,right,0.07454726349637439,-0.0842484108047484,0.2508400722597017,0.9521436022095017,0.12669040984103752,0,0,0.0,4.3194094700993446e-07,7.156856248191623e-07,0.25658848881721497,-0.05086088180541992,0.07381230592727661,-0.050860993564128876,0.07381188869476318,-0.13510918617248535,-0.09611374884843826,0.12147931009531021,-0.09611374884843826
510,back,left,0.07454726349637439,-0.0842484108047484,0.2508400722597017,0.9521436022095017,0.12669040984103752,0,0,0.0,4.3194094700993446e-07,7.156856248191623e-07,0.25658848881721497,-0.05086088180541992,0.07381230592727661,-0.050860993564128876,0.07381188869476318,-0.13510918617248535,-0.09611374884843826,-0.3916976749897003,-0.09611374884843826
510,back,forward,0.07454726349637439,-0.0842484108047484,0.2508400722597017,0.9521436022095017,0.12669040984103752,1,85,13.518803500139262,0.16219809651374817,0.11998358881618773,0.2478884607553482,-0.05086088180541992,0.07381230592727661,-0.04161347821354866,0.2357465773820877,-0.13510918617248535,-0.09611374884843826,-0.13657434284687042,0.15177036821842194
510,back,backward,0.07454726349637439,-0.0842484108047484,0.2508400722597017,0.9521436022095017,0.12669040984103752,0,0,0.0,4.3194094700993446e-07,7.156856248191623e-07,0.25658848881721497,-0.05086088180541992,0.07381230592727661,-0.050860993564128876,0.07381188869476318,-0.13510918617248535,-0.09611374884843826,-0.13510918617248535,-0.35270223021507263
511,front,stay,0.02929115578338062,-0.07348936400769224,0.23055296813423273,0.9842793313903314,-1.7034153265020004,0,0,0.0,5.971281211714086e-07,4.0287329206023514e-07,0.0,-0.044295746833086014,0.050410106778144836,-0.04429515823721886,0.05041000619530678,0.029193244874477386,0.20990535616874695,0.029193244874477386,0.20990535616874695
511,front,right,0.02929115578338062,-0.07348936400769224,0.23055296813423273,0.9842793313903314,-1.7034153265020004,0,0,0.0,5.971281211714086e-07,4.0287329206023514e-07,0.25658848881721497,-0.044295746833086014,0.050410106778144836,-0.04429515823721886,0.05041000619530678,0.029193244874477386,0.20990535616874695,0.28578174114227295,0.20990535616874695
511,front,left,0.02929115578338062,-0.07348936400769224,0.23055296813423273,0.9842793313903314,-1.7034153265020004,0,0,0.0,5.971281211714086e-07,4.0287329206023514e-07,0.25658848881721497,-0.044295746833086014,0.050410106778144836,-0.04429515823721886,0.05041000619530678,0.029193244874477386,0.20990535616874695,-0.22739525139331818,0.20990535616874695
511,front,forward,0.02929115578338062,-0.07348936400769224,0.23055296813423273,0.9842793313903314,-1.7034153265020004,0,0,0.0,5.971281211714086e-07,4.0287329206023514e-07,0.25658848881721497,-0.044295746833086014,0.050410106778144836,-0.04429515823721886,0.05041000619530678,0.029193244874477386,0.20990535616874695,0.029193244874477386,0.4664938449859619
511,front,backward,0.02929115578338062,-0.07348936400769224,0.23055296813423273,0.9842793313903314,-1.7034153265020004,1,99,11.658027923607435,0.19194871187210083,0.12344829545497871,0.24688509106636047,-0.044295746833086014,0.050410106778144836,-0.0569697804749012,-0.14111973345279694,0.029193244874477386,0.20990535616874695,0.029730763286352158,-0.03697913885116577
